word_key,bert_surprisal
arg_pisacowsmilk_page_1_0,9.850361824035645
arg_pisacowsmilk_page_9_0,10.029620170593262
arg_pisacowsmilk_page_8_0,3.3271217346191406
arg_pisacowsmilk_page_7_0,11.851354598999023
arg_pisacowsmilk_page_5_0,6.958758354187012
arg_pisacowsmilk_page_4_0,8.097905158996582
arg_pisacowsmilk_page_6_0,10.404638290405273
arg_pisacowsmilk_page_2_0,8.755517959594727
arg_pisacowsmilk_page_13_0,9.211467742919922
arg_pisacowsmilk_page_12_0,6.878735542297363
arg_pisacowsmilk_page_11_0,6.521289825439453
arg_pisacowsmilk_page_10_0,9.839523315429688
arg_pisacowsmilk_page_3_0,8.211198806762695
arg_pisacowsmilk_page_4_1,1.6769979000091553
arg_pisacowsmilk_page_9_1,3.79287052154541
arg_pisacowsmilk_page_8_1,12.955799102783203
arg_pisacowsmilk_page_7_1,10.277423858642578
arg_pisacowsmilk_page_5_1,10.308269500732422
arg_pisacowsmilk_page_3_1,11.015047073364258
arg_pisacowsmilk_page_6_1,6.548547267913818
arg_pisacowsmilk_page_13_1,6.564606666564941
arg_pisacowsmilk_page_12_1,6.596001625061035
arg_pisacowsmilk_page_11_1,8.40219783782959
arg_pisacowsmilk_page_10_1,9.163530349731445
arg_pisacowsmilk_page_1_1,2.6457736492156982
arg_pisacowsmilk_page_2_1,9.603267669677734
arg_pisacowsmilk_page_9_2,5.878601551055908
arg_pisacowsmilk_page_8_2,4.347332000732422
arg_pisacowsmilk_page_7_2,6.112468719482422
arg_pisacowsmilk_page_6_2,5.934712886810303
arg_pisacowsmilk_page_5_2,12.408751487731934
arg_pisacowsmilk_page_4_2,7.888964653015137
arg_pisacowsmilk_page_3_2,2.0147364139556885
arg_pisacowsmilk_page_13_2,11.776952743530273
arg_pisacowsmilk_page_12_2,7.141958236694336
arg_pisacowsmilk_page_11_2,10.555686950683594
arg_pisacowsmilk_page_10_2,8.524515151977539
arg_pisacowsmilk_page_1_2,7.343413352966309
arg_pisacowsmilk_page_2_2,8.878822326660156
arg_pisacowsmilk_page_4_3,10.780425071716309
arg_pisacowsmilk_page_9_3,9.420371055603027
arg_pisacowsmilk_page_8_3,14.518935203552246
arg_pisacowsmilk_page_7_3,12.364864349365234
arg_pisacowsmilk_page_5_3,13.583343505859375
arg_pisacowsmilk_page_3_3,3.176243543624878
arg_pisacowsmilk_page_6_3,11.421464920043945
arg_pisacowsmilk_page_13_3,13.237436294555664
arg_pisacowsmilk_page_1_3,9.398980140686035
arg_pisacowsmilk_page_10_3,10.788201332092285
arg_pisacowsmilk_page_2_3,4.800293922424316
arg_pisacowsmilk_page_12_3,13.61827278137207
arg_pisacowsmilk_page_11_3,9.258171081542969
arg_pisacowsmilk_page_5_4,10.532129287719727
arg_pisacowsmilk_page_9_4,4.497598648071289
arg_pisacowsmilk_page_8_4,8.473831176757812
arg_pisacowsmilk_page_7_4,10.085235595703125
arg_pisacowsmilk_page_6_4,10.22689151763916
arg_pisacowsmilk_page_4_4,3.697448492050171
arg_pisacowsmilk_page_3_4,8.782691955566406
arg_pisacowsmilk_page_2_4,4.301652908325195
arg_pisacowsmilk_page_13_4,7.632243633270264
arg_pisacowsmilk_page_12_4,14.089470863342285
arg_pisacowsmilk_page_11_4,10.484321594238281
arg_pisacowsmilk_page_10_4,9.46670150756836
arg_pisacowsmilk_page_1_4,11.435504913330078
arg_pisacowsmilk_page_8_5,5.206181526184082
arg_pisacowsmilk_page_7_5,7.542308330535889
arg_pisacowsmilk_page_6_5,9.258647918701172
arg_pisacowsmilk_page_5_5,4.17921257019043
arg_pisacowsmilk_page_4_5,6.017327308654785
arg_pisacowsmilk_page_9_5,5.773028373718262
arg_pisacowsmilk_page_3_5,7.5532708168029785
arg_pisacowsmilk_page_13_5,13.024930953979492
arg_pisacowsmilk_page_12_5,10.17758560180664
arg_pisacowsmilk_page_11_5,4.191503524780273
arg_pisacowsmilk_page_10_5,4.581410884857178
arg_pisacowsmilk_page_1_5,4.163058757781982
arg_pisacowsmilk_page_2_5,8.745235443115234
arg_pisacowsmilk_page_9_6,8.751588821411133
arg_pisacowsmilk_page_8_6,9.62684154510498
arg_pisacowsmilk_page_7_6,0.9048524498939514
arg_pisacowsmilk_page_6_6,11.273385047912598
arg_pisacowsmilk_page_5_6,5.388747215270996
arg_pisacowsmilk_page_4_6,11.29216194152832
arg_pisacowsmilk_page_3_6,5.977911472320557
arg_pisacowsmilk_page_13_6,3.175173044204712
arg_pisacowsmilk_page_12_6,5.17471981048584
arg_pisacowsmilk_page_11_6,11.062134742736816
arg_pisacowsmilk_page_10_6,12.456579208374023
arg_pisacowsmilk_page_1_6,8.489585876464844
arg_pisacowsmilk_page_2_6,8.502767562866211
arg_pisacowsmilk_page_5_7,2.3170247077941895
arg_pisacowsmilk_page_9_7,4.396910667419434
arg_pisacowsmilk_page_8_7,3.3113009929656982
arg_pisacowsmilk_page_7_7,4.161230564117432
arg_pisacowsmilk_page_6_7,5.723269939422607
arg_pisacowsmilk_page_4_7,10.562740325927734
arg_pisacowsmilk_page_2_7,11.346284866333008
arg_pisacowsmilk_page_3_7,8.951144218444824
arg_pisacowsmilk_page_13_7,9.666637420654297
arg_pisacowsmilk_page_12_7,8.994783401489258
arg_pisacowsmilk_page_11_7,9.063347816467285
arg_pisacowsmilk_page_10_7,1.3890951871871948
arg_pisacowsmilk_page_1_7,6.5967254638671875
arg_pisacowsmilk_page_9_8,7.604834079742432
arg_pisacowsmilk_page_8_8,7.624629974365234
arg_pisacowsmilk_page_7_8,4.227970123291016
arg_pisacowsmilk_page_6_8,10.7412691116333
arg_pisacowsmilk_page_5_8,4.291917324066162
arg_pisacowsmilk_page_4_8,3.9803366661071777
arg_pisacowsmilk_page_3_8,8.072343826293945
arg_pisacowsmilk_page_13_8,7.204417705535889
arg_pisacowsmilk_page_12_8,6.217041015625
arg_pisacowsmilk_page_11_8,9.193042755126953
arg_pisacowsmilk_page_10_8,10.863348007202148
arg_pisacowsmilk_page_1_8,9.89107894897461
arg_pisacowsmilk_page_9_9,13.310659408569336
arg_pisacowsmilk_page_8_9,4.414527416229248
arg_pisacowsmilk_page_7_9,6.437258720397949
arg_pisacowsmilk_page_6_9,10.875747680664062
arg_pisacowsmilk_page_5_9,12.294812202453613
arg_pisacowsmilk_page_4_9,7.112250328063965
arg_pisacowsmilk_page_3_9,11.951034545898438
arg_pisacowsmilk_page_13_9,8.23124885559082
arg_pisacowsmilk_page_12_9,2.946239709854126
arg_pisacowsmilk_page_11_9,11.109928131103516
arg_pisacowsmilk_page_10_9,4.898930549621582
arg_pisacowsmilk_page_1_9,10.519186019897461
arg_pisacowsmilk_page_9_10,10.560775756835938
arg_pisacowsmilk_page_8_10,10.063252449035645
arg_pisacowsmilk_page_7_10,5.787853240966797
arg_pisacowsmilk_page_6_10,8.454864501953125
arg_pisacowsmilk_page_5_10,4.644004821777344
arg_pisacowsmilk_page_4_10,9.30709457397461
arg_pisacowsmilk_page_13_10,7.762038230895996
arg_pisacowsmilk_page_12_10,7.270514488220215
arg_pisacowsmilk_page_11_10,7.141438961029053
arg_pisacowsmilk_page_10_10,10.4559965133667
arg_pisacowsmilk_page_1_10,9.219579696655273
arg_pisacowsmilk_page_3_10,12.797338485717773
arg_pisacowsmilk_page_5_11,8.320845603942871
arg_pisacowsmilk_page_9_11,7.593533992767334
arg_pisacowsmilk_page_8_11,7.999242782592773
arg_pisacowsmilk_page_7_11,13.126099586486816
arg_pisacowsmilk_page_6_11,10.087296485900879
arg_pisacowsmilk_page_3_11,8.078155517578125
arg_pisacowsmilk_page_12_11,4.496003150939941
arg_pisacowsmilk_page_13_11,7.460843563079834
arg_pisacowsmilk_page_4_11,11.368597984313965
arg_pisacowsmilk_page_11_11,3.626523971557617
arg_pisacowsmilk_page_10_11,5.102909564971924
arg_pisacowsmilk_page_1_11,3.1661784648895264
arg_pisacowsmilk_page_9_12,9.073078155517578
arg_pisacowsmilk_page_8_12,12.433792114257812
arg_pisacowsmilk_page_7_12,9.796415328979492
arg_pisacowsmilk_page_6_12,4.5255351066589355
arg_pisacowsmilk_page_5_12,11.125567436218262
arg_pisacowsmilk_page_4_12,3.574913501739502
arg_pisacowsmilk_page_13_12,7.059722900390625
arg_pisacowsmilk_page_12_12,10.694864273071289
arg_pisacowsmilk_page_11_12,9.229482650756836
arg_pisacowsmilk_page_10_12,8.36474323272705
arg_pisacowsmilk_page_1_12,8.37060832977295
arg_pisacowsmilk_page_3_12,13.306047439575195
arg_pisacowsmilk_page_5_13,7.427679061889648
arg_pisacowsmilk_page_8_13,14.706459999084473
arg_pisacowsmilk_page_7_13,3.6400938034057617
arg_pisacowsmilk_page_6_13,8.454304695129395
arg_pisacowsmilk_page_9_13,4.038441181182861
arg_pisacowsmilk_page_4_13,7.805332183837891
arg_pisacowsmilk_page_12_13,12.606613159179688
arg_pisacowsmilk_page_13_13,5.720367908477783
arg_pisacowsmilk_page_11_13,6.026588439941406
arg_pisacowsmilk_page_10_13,8.125160217285156
arg_pisacowsmilk_page_1_13,9.259222984313965
arg_pisacowsmilk_page_3_13,8.651644706726074
arg_pisacowsmilk_page_8_14,0.8351824879646301
arg_pisacowsmilk_page_7_14,6.482912063598633
arg_pisacowsmilk_page_6_14,8.550174713134766
arg_pisacowsmilk_page_5_14,13.358644485473633
arg_pisacowsmilk_page_4_14,3.3298263549804688
arg_pisacowsmilk_page_12_14,7.926689147949219
arg_pisacowsmilk_page_13_14,12.401632308959961
arg_pisacowsmilk_page_11_14,10.770879745483398
arg_pisacowsmilk_page_10_14,5.626675128936768
arg_pisacowsmilk_page_1_14,2.0917603969573975
arg_pisacowsmilk_page_9_14,7.352964878082275
arg_pisacowsmilk_page_3_14,8.584964752197266
arg_pisacowsmilk_page_7_15,5.3906660079956055
arg_pisacowsmilk_page_6_15,2.6764941215515137
arg_pisacowsmilk_page_9_15,3.2726595401763916
arg_pisacowsmilk_page_8_15,10.7462158203125
arg_pisacowsmilk_page_4_15,9.613243103027344
arg_pisacowsmilk_page_5_15,6.9709272384643555
arg_pisacowsmilk_page_13_15,11.188121795654297
arg_pisacowsmilk_page_1_15,8.3773193359375
arg_pisacowsmilk_page_10_15,7.523728847503662
arg_pisacowsmilk_page_3_15,7.050861358642578
arg_pisacowsmilk_page_12_15,4.1438093185424805
arg_pisacowsmilk_page_11_15,5.048386096954346
arg_pisacowsmilk_page_9_16,10.320755004882812
arg_pisacowsmilk_page_7_16,6.208895206451416
arg_pisacowsmilk_page_6_16,7.568845748901367
arg_pisacowsmilk_page_5_16,5.937290191650391
arg_pisacowsmilk_page_3_16,10.101539611816406
arg_pisacowsmilk_page_4_16,8.676063537597656
arg_pisacowsmilk_page_12_16,8.367145538330078
arg_pisacowsmilk_page_11_16,8.00918960571289
arg_pisacowsmilk_page_10_16,12.607582092285156
arg_pisacowsmilk_page_1_16,3.2732200622558594
arg_pisacowsmilk_page_13_16,7.788307189941406
arg_pisacowsmilk_page_5_17,11.520584106445312
arg_pisacowsmilk_page_9_17,7.169984817504883
arg_pisacowsmilk_page_7_17,10.321789741516113
arg_pisacowsmilk_page_6_17,4.285351753234863
arg_pisacowsmilk_page_3_17,8.238082885742188
arg_pisacowsmilk_page_4_17,9.969954490661621
arg_pisacowsmilk_page_12_17,11.0483980178833
arg_pisacowsmilk_page_11_17,4.249198913574219
arg_pisacowsmilk_page_10_17,8.386800765991211
arg_pisacowsmilk_page_1_17,7.215567588806152
arg_pisacowsmilk_page_13_17,5.8197736740112305
arg_pisacowsmilk_page_3_18,3.6528944969177246
arg_pisacowsmilk_page_7_18,9.01569938659668
arg_pisacowsmilk_page_6_18,4.961896896362305
arg_pisacowsmilk_page_5_18,4.463982582092285
arg_pisacowsmilk_page_4_18,11.833765029907227
arg_pisacowsmilk_page_12_18,9.045418739318848
arg_pisacowsmilk_page_9_18,8.076152801513672
arg_pisacowsmilk_page_11_18,11.736116409301758
arg_pisacowsmilk_page_10_18,8.990500450134277
arg_pisacowsmilk_page_1_18,15.263813972473145
arg_pisacowsmilk_page_13_18,6.817966461181641
arg_pisacowsmilk_page_5_19,7.905783653259277
arg_pisacowsmilk_page_4_19,10.954059600830078
arg_pisacowsmilk_page_7_19,8.196781158447266
arg_pisacowsmilk_page_6_19,10.848766326904297
arg_pisacowsmilk_page_3_19,6.520623207092285
arg_pisacowsmilk_page_9_19,6.252819061279297
arg_pisacowsmilk_page_12_19,10.83826732635498
arg_pisacowsmilk_page_11_19,12.51712417602539
arg_pisacowsmilk_page_10_19,5.552727699279785
arg_pisacowsmilk_page_1_19,9.736824035644531
arg_pisacowsmilk_page_13_19,4.299749374389648
arg_pisacowsmilk_page_9_20,4.985896110534668
arg_pisacowsmilk_page_7_20,9.014874458312988
arg_pisacowsmilk_page_6_20,9.08348560333252
arg_pisacowsmilk_page_5_20,11.283123970031738
arg_pisacowsmilk_page_4_20,8.861898422241211
arg_pisacowsmilk_page_10_20,10.686111450195312
arg_pisacowsmilk_page_13_20,7.0251784324646
arg_pisacowsmilk_page_12_20,7.697635650634766
arg_pisacowsmilk_page_11_20,5.569238662719727
arg_pisacowsmilk_page_3_20,14.013376235961914
arg_pisacowsmilk_page_1_20,4.866028308868408
arg_pisacowsmilk_page_7_21,5.845701217651367
arg_pisacowsmilk_page_6_21,3.552823543548584
arg_pisacowsmilk_page_5_21,6.754181861877441
arg_pisacowsmilk_page_4_21,16.335193634033203
arg_pisacowsmilk_page_3_21,7.731874465942383
arg_pisacowsmilk_page_9_21,3.824493408203125
arg_pisacowsmilk_page_12_21,7.7672529220581055
arg_pisacowsmilk_page_11_21,8.806731224060059
arg_pisacowsmilk_page_10_21,4.216499328613281
arg_pisacowsmilk_page_1_21,9.231401443481445
arg_pisacowsmilk_page_13_21,10.29279899597168
arg_pisacowsmilk_page_7_22,6.95687198638916
arg_pisacowsmilk_page_6_22,4.6391825675964355
arg_pisacowsmilk_page_5_22,10.136880874633789
arg_pisacowsmilk_page_4_22,9.573394775390625
arg_pisacowsmilk_page_9_22,8.060081481933594
arg_pisacowsmilk_page_3_22,10.613384246826172
arg_pisacowsmilk_page_12_22,6.534937858581543
arg_pisacowsmilk_page_11_22,10.273929595947266
arg_pisacowsmilk_page_10_22,7.87415885925293
arg_pisacowsmilk_page_1_22,8.992653846740723
arg_pisacowsmilk_page_13_22,5.641638278961182
arg_pisacowsmilk_page_9_23,8.79503059387207
arg_pisacowsmilk_page_7_23,2.123425006866455
arg_pisacowsmilk_page_6_23,6.645835876464844
arg_pisacowsmilk_page_5_23,6.988005638122559
arg_pisacowsmilk_page_4_23,10.132816314697266
arg_pisacowsmilk_page_13_23,12.749876976013184
arg_pisacowsmilk_page_12_23,6.244941234588623
arg_pisacowsmilk_page_11_23,12.633716583251953
arg_pisacowsmilk_page_10_23,10.57796573638916
arg_pisacowsmilk_page_1_23,10.795154571533203
arg_pisacowsmilk_page_3_23,12.12593936920166
arg_pisacowsmilk_page_4_24,12.848292350769043
arg_pisacowsmilk_page_7_24,5.895731449127197
arg_pisacowsmilk_page_6_24,5.003594398498535
arg_pisacowsmilk_page_5_24,6.247347831726074
arg_pisacowsmilk_page_9_24,3.525191068649292
arg_pisacowsmilk_page_13_24,2.4276912212371826
arg_pisacowsmilk_page_12_24,10.648109436035156
arg_pisacowsmilk_page_11_24,11.931628227233887
arg_pisacowsmilk_page_10_24,11.17103385925293
arg_pisacowsmilk_page_1_24,10.593133926391602
arg_pisacowsmilk_page_3_24,6.6376142501831055
arg_pisacowsmilk_page_9_25,8.168325424194336
arg_pisacowsmilk_page_7_25,4.363330841064453
arg_pisacowsmilk_page_6_25,2.3320868015289307
arg_pisacowsmilk_page_5_25,11.25521183013916
arg_pisacowsmilk_page_4_25,12.637986183166504
arg_pisacowsmilk_page_3_25,8.01935863494873
arg_pisacowsmilk_page_13_25,6.893770217895508
arg_pisacowsmilk_page_12_25,8.479045867919922
arg_pisacowsmilk_page_11_25,14.976058959960938
arg_pisacowsmilk_page_10_25,3.0595247745513916
arg_pisacowsmilk_page_1_25,5.663098335266113
arg_pisacowsmilk_page_9_26,13.665207862854004
arg_pisacowsmilk_page_7_26,10.638303756713867
arg_pisacowsmilk_page_6_26,9.684198379516602
arg_pisacowsmilk_page_5_26,9.549049377441406
arg_pisacowsmilk_page_4_26,7.3358283042907715
arg_pisacowsmilk_page_3_26,3.59383487701416
arg_pisacowsmilk_page_13_26,5.166419982910156
arg_pisacowsmilk_page_12_26,8.233925819396973
arg_pisacowsmilk_page_11_26,7.152385711669922
arg_pisacowsmilk_page_10_26,10.733892440795898
arg_pisacowsmilk_page_1_26,11.09595775604248
arg_pisacowsmilk_page_9_27,6.979496479034424
arg_pisacowsmilk_page_7_27,8.138070106506348
arg_pisacowsmilk_page_6_27,6.922287464141846
arg_pisacowsmilk_page_5_27,9.267520904541016
arg_pisacowsmilk_page_4_27,9.173872947692871
arg_pisacowsmilk_page_3_27,10.449957847595215
arg_pisacowsmilk_page_13_27,6.41142463684082
arg_pisacowsmilk_page_12_27,10.751352310180664
arg_pisacowsmilk_page_11_27,9.635416030883789
arg_pisacowsmilk_page_10_27,3.7935585975646973
arg_pisacowsmilk_page_1_27,7.437373638153076
arg_pisacowsmilk_page_7_28,5.991948127746582
arg_pisacowsmilk_page_6_28,0.8597002625465393
arg_pisacowsmilk_page_5_28,7.3448262214660645
arg_pisacowsmilk_page_4_28,4.832098960876465
arg_pisacowsmilk_page_3_28,9.021885871887207
arg_pisacowsmilk_page_9_28,8.445826530456543
arg_pisacowsmilk_page_12_28,10.840948104858398
arg_pisacowsmilk_page_11_28,3.0532710552215576
arg_pisacowsmilk_page_10_28,7.729055404663086
arg_pisacowsmilk_page_1_28,3.650010585784912
arg_pisacowsmilk_page_13_28,6.60694694519043
arg_pisacowsmilk_page_9_29,6.83893346786499
arg_pisacowsmilk_page_7_29,10.68014144897461
arg_pisacowsmilk_page_6_29,12.06453800201416
arg_pisacowsmilk_page_5_29,14.096353530883789
arg_pisacowsmilk_page_4_29,8.258566856384277
arg_pisacowsmilk_page_3_29,10.813802719116211
arg_pisacowsmilk_page_13_29,11.211065292358398
arg_pisacowsmilk_page_12_29,12.067329406738281
arg_pisacowsmilk_page_11_29,9.83541202545166
arg_pisacowsmilk_page_10_29,8.151751518249512
arg_pisacowsmilk_page_1_29,4.2039642333984375
arg_pisacowsmilk_page_7_30,5.561695098876953
arg_pisacowsmilk_page_6_30,5.4618072509765625
arg_pisacowsmilk_page_5_30,3.405998468399048
arg_pisacowsmilk_page_4_30,11.774682998657227
arg_pisacowsmilk_page_3_30,6.988084316253662
arg_pisacowsmilk_page_9_30,9.480745315551758
arg_pisacowsmilk_page_12_30,12.705246925354004
arg_pisacowsmilk_page_11_30,6.680511951446533
arg_pisacowsmilk_page_10_30,8.204139709472656
arg_pisacowsmilk_page_1_30,5.573240280151367
arg_pisacowsmilk_page_13_30,5.962813377380371
arg_pisacowsmilk_page_7_31,9.459600448608398
arg_pisacowsmilk_page_6_31,0.866495668888092
arg_pisacowsmilk_page_5_31,5.903646469116211
arg_pisacowsmilk_page_4_31,4.355873107910156
arg_pisacowsmilk_page_3_31,8.396942138671875
arg_pisacowsmilk_page_9_31,7.313130855560303
arg_pisacowsmilk_page_12_31,12.559645652770996
arg_pisacowsmilk_page_11_31,4.322040557861328
arg_pisacowsmilk_page_10_31,6.701773643493652
arg_pisacowsmilk_page_1_31,6.228119373321533
arg_pisacowsmilk_page_13_31,13.389446258544922
arg_pisacowsmilk_page_9_32,6.324746608734131
arg_pisacowsmilk_page_7_32,5.225020408630371
arg_pisacowsmilk_page_6_32,12.212241172790527
arg_pisacowsmilk_page_5_32,8.104753494262695
arg_pisacowsmilk_page_4_32,13.876764297485352
arg_pisacowsmilk_page_3_32,9.601786613464355
arg_pisacowsmilk_page_12_32,5.989322185516357
arg_pisacowsmilk_page_11_32,9.419699668884277
arg_pisacowsmilk_page_10_32,4.831271171569824
arg_pisacowsmilk_page_1_32,9.865126609802246
arg_pisacowsmilk_page_13_32,9.530473709106445
arg_pisacowsmilk_page_4_33,5.776053428649902
arg_pisacowsmilk_page_9_33,7.323025703430176
arg_pisacowsmilk_page_6_33,4.226617813110352
arg_pisacowsmilk_page_5_33,6.966467380523682
arg_pisacowsmilk_page_3_33,10.442461013793945
arg_pisacowsmilk_page_7_33,11.798652648925781
arg_pisacowsmilk_page_12_33,9.967187881469727
arg_pisacowsmilk_page_11_33,13.402514457702637
arg_pisacowsmilk_page_10_33,9.55568790435791
arg_pisacowsmilk_page_13_33,5.752847671508789
arg_pisacowsmilk_page_1_33,10.165071487426758
arg_pisacowsmilk_page_9_34,5.238758087158203
arg_pisacowsmilk_page_7_34,8.684399604797363
arg_pisacowsmilk_page_6_34,6.650845527648926
arg_pisacowsmilk_page_5_34,5.916836738586426
arg_pisacowsmilk_page_4_34,9.652078628540039
arg_pisacowsmilk_page_3_34,2.9963879585266113
arg_pisacowsmilk_page_13_34,9.385607719421387
arg_pisacowsmilk_page_12_34,9.22331428527832
arg_pisacowsmilk_page_11_34,6.310791969299316
arg_pisacowsmilk_page_10_34,9.88861083984375
arg_pisacowsmilk_page_1_34,5.810088157653809
arg_pisacowsmilk_page_9_35,7.046384334564209
arg_pisacowsmilk_page_7_35,8.817316055297852
arg_pisacowsmilk_page_6_35,10.985798835754395
arg_pisacowsmilk_page_5_35,8.83243179321289
arg_pisacowsmilk_page_4_35,5.105981826782227
arg_pisacowsmilk_page_3_35,3.7330503463745117
arg_pisacowsmilk_page_13_35,10.398184776306152
arg_pisacowsmilk_page_12_35,11.434024810791016
arg_pisacowsmilk_page_11_35,6.11790657043457
arg_pisacowsmilk_page_10_35,8.874157905578613
arg_pisacowsmilk_page_1_35,6.875293254852295
arg_pisacowsmilk_page_9_36,7.699700355529785
arg_pisacowsmilk_page_7_36,8.558401107788086
arg_pisacowsmilk_page_6_36,4.173544406890869
arg_pisacowsmilk_page_5_36,12.406591415405273
arg_pisacowsmilk_page_4_36,10.217496871948242
arg_pisacowsmilk_page_3_36,10.03003215789795
arg_pisacowsmilk_page_13_36,9.348655700683594
arg_pisacowsmilk_page_12_36,6.455309867858887
arg_pisacowsmilk_page_11_36,1.9713525772094727
arg_pisacowsmilk_page_10_36,9.336291313171387
arg_pisacowsmilk_page_1_36,3.6825942993164062
arg_pisacowsmilk_page_7_37,5.5774102210998535
arg_pisacowsmilk_page_6_37,9.993269920349121
arg_pisacowsmilk_page_5_37,3.6596245765686035
arg_pisacowsmilk_page_4_37,2.13944673538208
arg_pisacowsmilk_page_3_37,9.18286418914795
arg_pisacowsmilk_page_9_37,11.854936599731445
arg_pisacowsmilk_page_12_37,6.656991958618164
arg_pisacowsmilk_page_11_37,13.101520538330078
arg_pisacowsmilk_page_10_37,1.7345727682113647
arg_pisacowsmilk_page_1_37,3.3909096717834473
arg_pisacowsmilk_page_13_37,6.316224575042725
arg_pisacowsmilk_page_9_38,3.957590103149414
arg_pisacowsmilk_page_7_38,8.433463096618652
arg_pisacowsmilk_page_6_38,2.6840670108795166
arg_pisacowsmilk_page_5_38,10.161238670349121
arg_pisacowsmilk_page_4_38,12.155523300170898
arg_pisacowsmilk_page_3_38,9.045347213745117
arg_pisacowsmilk_page_13_38,6.757427215576172
arg_pisacowsmilk_page_12_38,3.12015962600708
arg_pisacowsmilk_page_11_38,0.29043784737586975
arg_pisacowsmilk_page_10_38,11.284034729003906
arg_pisacowsmilk_page_1_38,4.491847038269043
arg_pisacowsmilk_page_7_39,8.721019744873047
arg_pisacowsmilk_page_6_39,9.562921524047852
arg_pisacowsmilk_page_5_39,7.482983589172363
arg_pisacowsmilk_page_4_39,4.7183942794799805
arg_pisacowsmilk_page_3_39,12.959831237792969
arg_pisacowsmilk_page_9_39,6.667144775390625
arg_pisacowsmilk_page_12_39,10.890389442443848
arg_pisacowsmilk_page_11_39,8.07406997680664
arg_pisacowsmilk_page_10_39,4.124923229217529
arg_pisacowsmilk_page_1_39,8.612985610961914
arg_pisacowsmilk_page_13_39,12.385202407836914
arg_pisacowsmilk_page_7_40,4.972468852996826
arg_pisacowsmilk_page_6_40,13.336605072021484
arg_pisacowsmilk_page_5_40,8.988025665283203
arg_pisacowsmilk_page_4_40,12.697525978088379
arg_pisacowsmilk_page_3_40,3.120302200317383
arg_pisacowsmilk_page_9_40,7.277260780334473
arg_pisacowsmilk_page_12_40,12.71299934387207
arg_pisacowsmilk_page_11_40,2.244112014770508
arg_pisacowsmilk_page_10_40,8.578964233398438
arg_pisacowsmilk_page_1_40,6.403937339782715
arg_pisacowsmilk_page_13_40,5.485225200653076
arg_pisacowsmilk_page_9_41,9.365638732910156
arg_pisacowsmilk_page_7_41,8.461318969726562
arg_pisacowsmilk_page_6_41,11.31872272491455
arg_pisacowsmilk_page_5_41,8.456289291381836
arg_pisacowsmilk_page_4_41,7.085214138031006
arg_pisacowsmilk_page_3_41,6.04667329788208
arg_pisacowsmilk_page_12_41,0.656697690486908
arg_pisacowsmilk_page_11_41,14.878700256347656
arg_pisacowsmilk_page_10_41,2.969961166381836
arg_pisacowsmilk_page_1_41,11.677348136901855
arg_pisacowsmilk_page_13_41,10.77621078491211
arg_pisacowsmilk_page_9_42,8.349849700927734
arg_pisacowsmilk_page_7_42,5.393772125244141
arg_pisacowsmilk_page_6_42,7.962129592895508
arg_pisacowsmilk_page_5_42,6.85749626159668
arg_pisacowsmilk_page_3_42,0.8535099029541016
arg_pisacowsmilk_page_4_42,0.18310588598251343
arg_pisacowsmilk_page_12_42,10.765950202941895
arg_pisacowsmilk_page_11_42,6.022400856018066
arg_pisacowsmilk_page_10_42,5.530173301696777
arg_pisacowsmilk_page_1_42,5.0674333572387695
arg_pisacowsmilk_page_13_42,3.4569458961486816
arg_pisacowsmilk_page_9_43,4.058032035827637
arg_pisacowsmilk_page_7_43,6.138877868652344
arg_pisacowsmilk_page_6_43,9.909828186035156
arg_pisacowsmilk_page_5_43,2.1423206329345703
arg_pisacowsmilk_page_4_43,10.77951431274414
arg_pisacowsmilk_page_3_43,5.227497577667236
arg_pisacowsmilk_page_13_43,7.647299766540527
arg_pisacowsmilk_page_12_43,10.469547271728516
arg_pisacowsmilk_page_11_43,8.001789093017578
arg_pisacowsmilk_page_10_43,8.51095199584961
arg_pisacowsmilk_page_1_43,9.678905487060547
arg_pisacowsmilk_page_7_44,0.5631363987922668
arg_pisacowsmilk_page_6_44,10.65642261505127
arg_pisacowsmilk_page_5_44,10.87486457824707
arg_pisacowsmilk_page_4_44,7.435205936431885
arg_pisacowsmilk_page_3_44,6.695028305053711
arg_pisacowsmilk_page_9_44,4.120217323303223
arg_pisacowsmilk_page_12_44,8.685202598571777
arg_pisacowsmilk_page_11_44,6.719485282897949
arg_pisacowsmilk_page_10_44,9.430994987487793
arg_pisacowsmilk_page_1_44,10.417195320129395
arg_pisacowsmilk_page_13_44,6.745424270629883
arg_pisacowsmilk_page_7_45,9.474120140075684
arg_pisacowsmilk_page_6_45,4.764737129211426
arg_pisacowsmilk_page_5_45,0.12727154791355133
arg_pisacowsmilk_page_4_45,11.909826278686523
arg_pisacowsmilk_page_3_45,9.007946014404297
arg_pisacowsmilk_page_9_45,17.386547088623047
arg_pisacowsmilk_page_12_45,9.367324829101562
arg_pisacowsmilk_page_11_45,11.090042114257812
arg_pisacowsmilk_page_10_45,7.276320457458496
arg_pisacowsmilk_page_1_45,3.8123624324798584
arg_pisacowsmilk_page_13_45,6.343966960906982
arg_pisacowsmilk_page_9_46,9.540433883666992
arg_pisacowsmilk_page_7_46,5.018016815185547
arg_pisacowsmilk_page_6_46,7.578785419464111
arg_pisacowsmilk_page_5_46,9.679283142089844
arg_pisacowsmilk_page_3_46,10.16812515258789
arg_pisacowsmilk_page_13_46,7.366310119628906
arg_pisacowsmilk_page_11_46,4.812647819519043
arg_pisacowsmilk_page_10_46,1.813189148902893
arg_pisacowsmilk_page_1_46,7.453341960906982
arg_pisacowsmilk_page_12_46,11.421416282653809
arg_pisacowsmilk_page_5_47,12.320173263549805
arg_pisacowsmilk_page_7_47,8.448127746582031
arg_pisacowsmilk_page_9_47,12.695939064025879
arg_pisacowsmilk_page_6_47,3.2919769287109375
arg_pisacowsmilk_page_3_47,8.565620422363281
arg_pisacowsmilk_page_10_47,10.119346618652344
arg_pisacowsmilk_page_12_47,6.340461730957031
arg_pisacowsmilk_page_11_47,5.784231185913086
arg_pisacowsmilk_page_1_47,9.547178268432617
arg_pisacowsmilk_page_13_47,11.485541343688965
arg_pisacowsmilk_page_7_48,2.750234365463257
arg_pisacowsmilk_page_6_48,4.984093189239502
arg_pisacowsmilk_page_13_48,4.584371566772461
arg_pisacowsmilk_page_9_48,4.454697608947754
arg_pisacowsmilk_page_11_48,8.160506248474121
arg_pisacowsmilk_page_10_48,6.244153022766113
arg_pisacowsmilk_page_1_48,8.432748794555664
arg_pisacowsmilk_page_12_48,10.267202377319336
arg_pisacowsmilk_page_1_49,9.907718658447266
arg_pisacowsmilk_page_10_49,7.601606845855713
arg_pisacowsmilk_page_11_49,1.1849361658096313
arg_pisacowsmilk_page_12_49,10.18331241607666
arg_pisacowsmilk_page_13_49,11.365291595458984
arg_pisacowsmilk_page_6_49,4.221098899841309
arg_pisacowsmilk_page_7_49,7.074623107910156
arg_pisacowsmilk_page_9_49,8.28112506866455
arg_pisacowsmilk_page_9_50,6.815631866455078
arg_pisacowsmilk_page_7_50,9.787924766540527
arg_pisacowsmilk_page_6_50,5.380296230316162
arg_pisacowsmilk_page_13_50,4.926510334014893
arg_pisacowsmilk_page_11_50,8.741437911987305
arg_pisacowsmilk_page_10_50,7.863692283630371
arg_pisacowsmilk_page_1_50,5.992924213409424
arg_pisacowsmilk_page_12_50,9.1550874710083
arg_pisacowsmilk_page_7_51,11.327845573425293
arg_pisacowsmilk_page_6_51,13.705345153808594
arg_pisacowsmilk_page_13_51,6.335673809051514
arg_pisacowsmilk_page_9_51,5.336634635925293
arg_pisacowsmilk_page_11_51,5.953463077545166
arg_pisacowsmilk_page_10_51,11.303309440612793
arg_pisacowsmilk_page_1_51,10.213369369506836
arg_pisacowsmilk_page_12_51,8.700432777404785
arg_pisacowsmilk_page_1_52,9.663728713989258
arg_pisacowsmilk_page_10_52,2.0264134407043457
arg_pisacowsmilk_page_11_52,9.04149341583252
arg_pisacowsmilk_page_12_52,11.071578979492188
arg_pisacowsmilk_page_6_52,8.01655101776123
arg_pisacowsmilk_page_7_52,7.8512372970581055
arg_pisacowsmilk_page_9_52,2.900756597518921
arg_pisacowsmilk_page_9_53,2.951620578765869
arg_pisacowsmilk_page_7_53,11.77032470703125
arg_pisacowsmilk_page_12_53,11.436262130737305
arg_pisacowsmilk_page_6_53,8.466931343078613
arg_pisacowsmilk_page_10_53,8.469853401184082
arg_pisacowsmilk_page_1_53,1.1138792037963867
arg_pisacowsmilk_page_11_53,7.269546985626221
arg_pisacowsmilk_page_7_54,2.6378939151763916
arg_pisacowsmilk_page_6_54,11.695598602294922
arg_pisacowsmilk_page_12_54,14.008708000183105
arg_pisacowsmilk_page_9_54,7.1713056564331055
arg_pisacowsmilk_page_10_54,4.532081604003906
arg_pisacowsmilk_page_1_54,7.94126033782959
arg_pisacowsmilk_page_11_54,7.825796604156494
arg_pisacowsmilk_page_1_55,7.542304992675781
arg_pisacowsmilk_page_10_55,13.111588478088379
arg_pisacowsmilk_page_11_55,10.795164108276367
arg_pisacowsmilk_page_12_55,8.297000885009766
arg_pisacowsmilk_page_6_55,6.724812984466553
arg_pisacowsmilk_page_7_55,10.022319793701172
arg_pisacowsmilk_page_9_55,8.35473346710205
arg_pisacowsmilk_page_6_56,14.103144645690918
arg_pisacowsmilk_page_7_56,11.621983528137207
arg_pisacowsmilk_page_12_56,7.054052352905273
arg_pisacowsmilk_page_9_56,5.857916831970215
arg_pisacowsmilk_page_10_56,8.23763656616211
arg_pisacowsmilk_page_1_56,10.498210906982422
arg_pisacowsmilk_page_11_56,5.238691329956055
arg_pisacowsmilk_page_1_57,9.242637634277344
arg_pisacowsmilk_page_10_57,3.1208791732788086
arg_pisacowsmilk_page_11_57,12.191896438598633
arg_pisacowsmilk_page_12_57,8.856013298034668
arg_pisacowsmilk_page_6_57,3.6472277641296387
arg_pisacowsmilk_page_7_57,6.761794090270996
arg_pisacowsmilk_page_9_57,11.753957748413086
arg_pisacowsmilk_page_9_58,6.089110374450684
arg_pisacowsmilk_page_7_58,11.765483856201172
arg_pisacowsmilk_page_6_58,12.35744857788086
arg_pisacowsmilk_page_12_58,2.469770908355713
arg_pisacowsmilk_page_10_58,6.2230143547058105
arg_pisacowsmilk_page_1_58,6.109452247619629
arg_pisacowsmilk_page_11_58,5.0365400314331055
arg_pisacowsmilk_page_1_59,4.474374771118164
arg_pisacowsmilk_page_10_59,8.799460411071777
arg_pisacowsmilk_page_11_59,14.44792366027832
arg_pisacowsmilk_page_12_59,12.46900749206543
arg_pisacowsmilk_page_6_59,2.26143479347229
arg_pisacowsmilk_page_7_59,3.199587345123291
arg_pisacowsmilk_page_9_59,2.591550827026367
arg_pisacowsmilk_page_6_60,9.095479011535645
arg_pisacowsmilk_page_9_60,11.15744686126709
arg_pisacowsmilk_page_12_60,9.715545654296875
arg_pisacowsmilk_page_7_60,6.061540603637695
arg_pisacowsmilk_page_10_60,7.039764404296875
arg_pisacowsmilk_page_11_60,11.55592155456543
arg_pisacowsmilk_page_1_60,2.976038932800293
arg_pisacowsmilk_page_1_61,9.021682739257812
arg_pisacowsmilk_page_10_61,11.807342529296875
arg_pisacowsmilk_page_11_61,7.756128787994385
arg_pisacowsmilk_page_12_61,9.424674034118652
arg_pisacowsmilk_page_6_61,8.10725212097168
arg_pisacowsmilk_page_7_61,10.406270980834961
arg_pisacowsmilk_page_9_61,2.612072229385376
arg_pisacowsmilk_page_6_62,7.200584888458252
arg_pisacowsmilk_page_9_62,12.317740440368652
arg_pisacowsmilk_page_7_62,12.312044143676758
arg_pisacowsmilk_page_12_62,4.555884838104248
arg_pisacowsmilk_page_11_62,6.471412658691406
arg_pisacowsmilk_page_10_62,9.535283088684082
arg_pisacowsmilk_page_1_62,3.269008159637451
arg_pisacowsmilk_page_1_63,9.432149887084961
arg_pisacowsmilk_page_10_63,9.086435317993164
arg_pisacowsmilk_page_11_63,8.215846061706543
arg_pisacowsmilk_page_12_63,5.650418281555176
arg_pisacowsmilk_page_6_63,9.678241729736328
arg_pisacowsmilk_page_7_63,2.0191287994384766
arg_pisacowsmilk_page_9_63,5.131830215454102
arg_pisacowsmilk_page_7_64,12.461299896240234
arg_pisacowsmilk_page_6_64,8.817343711853027
arg_pisacowsmilk_page_9_64,4.218474864959717
arg_pisacowsmilk_page_11_64,13.242624282836914
arg_pisacowsmilk_page_10_64,9.753280639648438
arg_pisacowsmilk_page_1_64,9.866107940673828
arg_pisacowsmilk_page_12_64,10.245993614196777
arg_pisacowsmilk_page_1_65,8.96823501586914
arg_pisacowsmilk_page_10_65,8.151620864868164
arg_pisacowsmilk_page_11_65,5.413721084594727
arg_pisacowsmilk_page_12_65,4.263036727905273
arg_pisacowsmilk_page_6_65,9.650015830993652
arg_pisacowsmilk_page_7_65,11.227286338806152
arg_pisacowsmilk_page_9_65,6.282763481140137
arg_pisacowsmilk_page_9_66,8.147977828979492
arg_pisacowsmilk_page_7_66,2.737346649169922
arg_pisacowsmilk_page_6_66,10.7562255859375
arg_pisacowsmilk_page_11_66,9.89695930480957
arg_pisacowsmilk_page_10_66,10.146221160888672
arg_pisacowsmilk_page_1_66,5.08154296875
arg_pisacowsmilk_page_12_66,9.717414855957031
arg_pisacowsmilk_page_1_67,10.250307083129883
arg_pisacowsmilk_page_10_67,8.40848159790039
arg_pisacowsmilk_page_11_67,9.897120475769043
arg_pisacowsmilk_page_6_67,6.223938941955566
arg_pisacowsmilk_page_7_67,10.82625675201416
arg_pisacowsmilk_page_9_67,0.16128402948379517
arg_pisacowsmilk_page_9_68,7.091272830963135
arg_pisacowsmilk_page_7_68,6.386296272277832
arg_pisacowsmilk_page_1_68,9.478921890258789
arg_pisacowsmilk_page_11_68,7.711399078369141
arg_pisacowsmilk_page_6_68,15.513199806213379
arg_pisacowsmilk_page_1_69,3.260532855987549
arg_pisacowsmilk_page_11_69,4.011427879333496
arg_pisacowsmilk_page_6_69,9.203661918640137
arg_pisacowsmilk_page_7_69,10.395927429199219
arg_pisacowsmilk_page_9_69,10.826355934143066
arg_pisacowsmilk_page_7_70,9.108024597167969
arg_pisacowsmilk_page_6_70,9.988508224487305
arg_pisacowsmilk_page_9_70,7.992328643798828
arg_pisacowsmilk_page_1_70,3.744014263153076
arg_pisacowsmilk_page_11_70,9.120305061340332
arg_pisacowsmilk_page_1_71,10.952442169189453
arg_pisacowsmilk_page_11_71,6.822445392608643
arg_pisacowsmilk_page_6_71,11.291215896606445
arg_pisacowsmilk_page_7_71,3.183258056640625
arg_pisacowsmilk_page_9_71,9.429681777954102
arg_pisacowsmilk_page_1_72,4.770421028137207
arg_pisacowsmilk_page_11_72,11.673672676086426
arg_pisacowsmilk_page_6_72,9.163778305053711
arg_pisacowsmilk_page_7_72,13.82899284362793
arg_pisacowsmilk_page_7_73,2.735422372817993
arg_pisacowsmilk_page_6_73,3.3143224716186523
arg_pisacowsmilk_page_11_73,5.2740397453308105
arg_pisacowsmilk_page_1_73,2.7005116939544678
arg_pisacowsmilk_page_1_74,3.9498605728149414
arg_pisacowsmilk_page_11_74,9.201681137084961
arg_pisacowsmilk_page_6_74,13.674668312072754
arg_pisacowsmilk_page_7_74,13.061554908752441
arg_pisacowsmilk_page_1_75,5.71522331237793
arg_pisacowsmilk_page_11_75,10.185449600219727
arg_pisacowsmilk_page_6_75,7.504598140716553
arg_pisacowsmilk_page_7_75,9.877209663391113
arg_pisacowsmilk_page_7_76,7.253163814544678
arg_pisacowsmilk_page_6_76,7.326910972595215
arg_pisacowsmilk_page_11_76,11.550861358642578
arg_pisacowsmilk_page_1_76,11.742670059204102
arg_pisacowsmilk_page_1_77,10.967894554138184
arg_pisacowsmilk_page_11_77,8.52487564086914
arg_pisacowsmilk_page_6_77,7.547155380249023
arg_pisacowsmilk_page_7_77,11.810681343078613
arg_pisacowsmilk_page_1_78,7.374194145202637
arg_pisacowsmilk_page_11_78,3.5353763103485107
arg_pisacowsmilk_page_6_78,4.273757457733154
arg_pisacowsmilk_page_7_78,5.09541130065918
arg_pisacowsmilk_page_6_79,8.312047004699707
arg_pisacowsmilk_page_7_79,6.500264644622803
arg_pisacowsmilk_page_1_79,5.533329963684082
arg_pisacowsmilk_page_11_79,10.500359535217285
arg_pisacowsmilk_page_1_80,2.8773510456085205
arg_pisacowsmilk_page_11_80,4.630189418792725
arg_pisacowsmilk_page_6_80,10.656290054321289
arg_pisacowsmilk_page_1_81,11.898072242736816
arg_pisacowsmilk_page_11_81,15.363456726074219
arg_pisacowsmilk_page_6_81,9.046907424926758
arg_pisacowsmilk_page_1_82,3.713374137878418
arg_pisacowsmilk_page_11_82,10.821341514587402
arg_pisacowsmilk_page_6_82,8.08945369720459
arg_pisacowsmilk_page_6_83,8.889750480651855
arg_pisacowsmilk_page_1_83,11.404539108276367
arg_pisacowsmilk_page_11_83,7.154077053070068
arg_pisacowsmilk_page_1_84,3.0350542068481445
arg_pisacowsmilk_page_11_84,11.132943153381348
arg_pisacowsmilk_page_6_84,8.486513137817383
arg_pisacowsmilk_page_1_85,7.771036148071289
arg_pisacowsmilk_page_11_85,12.734664916992188
arg_pisacowsmilk_page_6_85,11.628244400024414
arg_pisacowsmilk_page_6_86,11.935684204101562
arg_pisacowsmilk_page_1_86,7.531506538391113
arg_pisacowsmilk_page_11_86,0.3930744230747223
arg_pisacowsmilk_page_11_87,5.34085750579834
arg_pisacowsmilk_page_6_87,18.382938385009766
arg_pisacowsmilk_page_1_87,8.478689193725586
arg_pisacowsmilk_page_1_88,13.311985969543457
arg_pisacowsmilk_page_11_88,4.794620037078857
arg_pisacowsmilk_page_6_88,10.26583480834961
arg_pisacowsmilk_page_1_89,7.280301094055176
arg_pisacowsmilk_page_11_89,10.99062728881836
arg_pisacowsmilk_page_6_89,13.630428314208984
arg_pisacowsmilk_page_1_90,8.680192947387695
arg_pisacowsmilk_page_11_90,3.2152390480041504
arg_pisacowsmilk_page_1_91,8.06435489654541
arg_pisacowsmilk_page_11_91,11.15444278717041
arg_pisacowsmilk_page_11_92,5.214151382446289
arg_pisacowsmilk_page_1_92,6.662497520446777
arg_pisacowsmilk_page_1_93,10.85644817352295
arg_pisacowsmilk_page_11_93,1.013543725013733
arg_pisacowsmilk_page_11_94,11.90821647644043
arg_pisacowsmilk_page_11_95,5.27195405960083
arg_pisacowsmilk_page_11_96,2.7503185272216797
arg_pisacowsmilk_page_11_97,9.46763801574707
arg_pisacowsmilk_page_11_98,0.45251521468162537
arg_pisacowsmilk_page_11_99,3.4818053245544434
arg_pisacowsmilk_page_11_100,0.8886885643005371
arg_pisacowsmilk_page_11_101,9.212470054626465
arg_pisacowsmilk_page_11_102,6.2153120040893555
arg_pisacowsmilk_page_11_103,1.9937101602554321
arg_pisacowsmilk_page_11_104,5.931940078735352
arg_pisarapanui_page_1_0,9.426626205444336
arg_pisarapanui_page_9_0,9.60508918762207
arg_pisarapanui_page_8_0,6.729729652404785
arg_pisarapanui_page_7_0,5.548293590545654
arg_pisarapanui_page_5_0,6.461099624633789
arg_pisarapanui_page_4_0,6.482698440551758
arg_pisarapanui_page_6_0,8.792594909667969
arg_pisarapanui_page_2_0,7.399354934692383
arg_pisarapanui_page_13_0,12.170493125915527
arg_pisarapanui_page_12_0,13.702330589294434
arg_pisarapanui_page_11_0,10.526880264282227
arg_pisarapanui_page_10_0,9.60750675201416
arg_pisarapanui_page_3_0,7.894984245300293
arg_pisarapanui_page_4_1,9.997099876403809
arg_pisarapanui_page_9_1,11.201889038085938
arg_pisarapanui_page_8_1,6.170543670654297
arg_pisarapanui_page_7_1,3.902223587036133
arg_pisarapanui_page_5_1,5.124300479888916
arg_pisarapanui_page_3_1,7.557982444763184
arg_pisarapanui_page_6_1,10.520453453063965
arg_pisarapanui_page_13_1,5.2830328941345215
arg_pisarapanui_page_12_1,5.811507225036621
arg_pisarapanui_page_11_1,7.458046913146973
arg_pisarapanui_page_10_1,6.36468505859375
arg_pisarapanui_page_1_1,6.837573051452637
arg_pisarapanui_page_2_1,6.4208526611328125
arg_pisarapanui_page_9_2,10.657943725585938
arg_pisarapanui_page_8_2,7.172200679779053
arg_pisarapanui_page_7_2,11.317601203918457
arg_pisarapanui_page_6_2,8.175363540649414
arg_pisarapanui_page_5_2,8.719505310058594
arg_pisarapanui_page_4_2,5.501100540161133
arg_pisarapanui_page_3_2,11.284014701843262
arg_pisarapanui_page_13_2,1.214180588722229
arg_pisarapanui_page_12_2,4.7987446784973145
arg_pisarapanui_page_11_2,13.58503246307373
arg_pisarapanui_page_10_2,9.202153205871582
arg_pisarapanui_page_1_2,11.271669387817383
arg_pisarapanui_page_2_2,16.228317260742188
arg_pisarapanui_page_5_3,10.100601196289062
arg_pisarapanui_page_9_3,13.705506324768066
arg_pisarapanui_page_8_3,5.982723712921143
arg_pisarapanui_page_7_3,7.378807067871094
arg_pisarapanui_page_6_3,15.048813819885254
arg_pisarapanui_page_4_3,10.468184471130371
arg_pisarapanui_page_10_3,5.798942565917969
arg_pisarapanui_page_2_3,9.044265747070312
arg_pisarapanui_page_13_3,7.431002140045166
arg_pisarapanui_page_12_3,8.260271072387695
arg_pisarapanui_page_11_3,4.426466941833496
arg_pisarapanui_page_3_3,12.655548095703125
arg_pisarapanui_page_1_3,10.91340446472168
arg_pisarapanui_page_7_4,6.987091064453125
arg_pisarapanui_page_6_4,9.30032730102539
arg_pisarapanui_page_5_4,7.0648064613342285
arg_pisarapanui_page_4_4,2.1621253490448
arg_pisarapanui_page_3_4,2.839418649673462
arg_pisarapanui_page_8_4,6.433590412139893
arg_pisarapanui_page_13_4,9.162291526794434
arg_pisarapanui_page_12_4,9.938539505004883
arg_pisarapanui_page_11_4,4.4345598220825195
arg_pisarapanui_page_10_4,4.671003818511963
arg_pisarapanui_page_1_4,8.404623985290527
arg_pisarapanui_page_2_4,9.910988807678223
arg_pisarapanui_page_8_5,9.363729476928711
arg_pisarapanui_page_7_5,6.945268630981445
arg_pisarapanui_page_6_5,10.53356647491455
arg_pisarapanui_page_5_5,8.316314697265625
arg_pisarapanui_page_4_5,7.101068496704102
arg_pisarapanui_page_3_5,8.679998397827148
arg_pisarapanui_page_2_5,12.198856353759766
arg_pisarapanui_page_12_5,11.01924991607666
arg_pisarapanui_page_11_5,9.173200607299805
arg_pisarapanui_page_10_5,10.136344909667969
arg_pisarapanui_page_1_5,6.057289123535156
arg_pisarapanui_page_13_5,8.471113204956055
arg_pisarapanui_page_4_6,4.281004905700684
arg_pisarapanui_page_8_6,5.268571853637695
arg_pisarapanui_page_7_6,6.429372310638428
arg_pisarapanui_page_5_6,7.625612735748291
arg_pisarapanui_page_3_6,6.184352397918701
arg_pisarapanui_page_6_6,9.738166809082031
arg_pisarapanui_page_13_6,10.124144554138184
arg_pisarapanui_page_1_6,9.533222198486328
arg_pisarapanui_page_10_6,8.253190040588379
arg_pisarapanui_page_2_6,8.83927059173584
arg_pisarapanui_page_11_6,5.91179084777832
arg_pisarapanui_page_12_6,6.490763187408447
arg_pisarapanui_page_8_7,5.303475379943848
arg_pisarapanui_page_7_7,7.875349521636963
arg_pisarapanui_page_6_7,6.869885444641113
arg_pisarapanui_page_5_7,8.535664558410645
arg_pisarapanui_page_3_7,8.417423248291016
arg_pisarapanui_page_4_7,9.173784255981445
arg_pisarapanui_page_13_7,7.351236343383789
arg_pisarapanui_page_12_7,2.9758918285369873
arg_pisarapanui_page_11_7,10.323406219482422
arg_pisarapanui_page_10_7,14.379956245422363
arg_pisarapanui_page_1_7,9.736490249633789
arg_pisarapanui_page_2_7,8.473703384399414
arg_pisarapanui_page_5_8,6.999918460845947
arg_pisarapanui_page_8_8,5.7765607833862305
arg_pisarapanui_page_7_8,5.897655963897705
arg_pisarapanui_page_6_8,13.59335708618164
arg_pisarapanui_page_2_8,3.5518901348114014
arg_pisarapanui_page_4_8,4.942321300506592
arg_pisarapanui_page_13_8,10.301589965820312
arg_pisarapanui_page_12_8,11.307900428771973
arg_pisarapanui_page_11_8,5.201530456542969
arg_pisarapanui_page_10_8,6.53138542175293
arg_pisarapanui_page_1_8,7.7366180419921875
arg_pisarapanui_page_8_9,6.006739616394043
arg_pisarapanui_page_7_9,11.284235000610352
arg_pisarapanui_page_6_9,11.210966110229492
arg_pisarapanui_page_5_9,9.030033111572266
arg_pisarapanui_page_4_9,4.476553916931152
arg_pisarapanui_page_2_9,7.264621734619141
arg_pisarapanui_page_13_9,5.22367525100708
arg_pisarapanui_page_12_9,7.469387054443359
arg_pisarapanui_page_11_9,2.7681679725646973
arg_pisarapanui_page_10_9,14.449365615844727
arg_pisarapanui_page_1_9,12.502095222473145
arg_pisarapanui_page_7_10,4.049505710601807
arg_pisarapanui_page_6_10,5.5453104972839355
arg_pisarapanui_page_5_10,2.1247611045837402
arg_pisarapanui_page_4_10,3.666652202606201
arg_pisarapanui_page_8_10,11.040081977844238
arg_pisarapanui_page_13_10,5.060913562774658
arg_pisarapanui_page_12_10,7.59672212600708
arg_pisarapanui_page_1_10,4.319252967834473
arg_pisarapanui_page_2_10,8.855401992797852
arg_pisarapanui_page_11_10,12.35619831085205
arg_pisarapanui_page_10_10,10.217873573303223
arg_pisarapanui_page_8_11,3.862267255783081
arg_pisarapanui_page_7_11,6.319910526275635
arg_pisarapanui_page_6_11,7.289323806762695
arg_pisarapanui_page_5_11,10.499451637268066
arg_pisarapanui_page_4_11,6.7226033210754395
arg_pisarapanui_page_12_11,5.949461460113525
arg_pisarapanui_page_11_11,3.0406954288482666
arg_pisarapanui_page_10_11,5.083364486694336
arg_pisarapanui_page_1_11,6.376546382904053
arg_pisarapanui_page_13_11,8.778474807739258
arg_pisarapanui_page_2_11,5.402373313903809
arg_pisarapanui_page_4_12,2.683133602142334
arg_pisarapanui_page_8_12,4.6752166748046875
arg_pisarapanui_page_7_12,6.3097615242004395
arg_pisarapanui_page_6_12,4.306771278381348
arg_pisarapanui_page_5_12,8.304852485656738
arg_pisarapanui_page_2_12,8.32707405090332
arg_pisarapanui_page_12_12,6.947724342346191
arg_pisarapanui_page_11_12,4.120466232299805
arg_pisarapanui_page_10_12,9.53625202178955
arg_pisarapanui_page_1_12,0.7701252698898315
arg_pisarapanui_page_13_12,2.7752230167388916
arg_pisarapanui_page_8_13,8.956367492675781
arg_pisarapanui_page_7_13,9.268360137939453
arg_pisarapanui_page_6_13,6.976396083831787
arg_pisarapanui_page_5_13,6.740978717803955
arg_pisarapanui_page_4_13,6.369634628295898
arg_pisarapanui_page_2_13,7.3849406242370605
arg_pisarapanui_page_12_13,10.66506576538086
arg_pisarapanui_page_11_13,10.648064613342285
arg_pisarapanui_page_10_13,2.5863447189331055
arg_pisarapanui_page_1_13,12.478448867797852
arg_pisarapanui_page_13_13,4.338493824005127
arg_pisarapanui_page_4_14,7.4363203048706055
arg_pisarapanui_page_8_14,12.94748306274414
arg_pisarapanui_page_7_14,9.38148307800293
arg_pisarapanui_page_6_14,14.112642288208008
arg_pisarapanui_page_2_14,6.196676731109619
arg_pisarapanui_page_5_14,12.952584266662598
arg_pisarapanui_page_12_14,9.47440242767334
arg_pisarapanui_page_1_14,10.827916145324707
arg_pisarapanui_page_10_14,8.438794136047363
arg_pisarapanui_page_13_14,11.042707443237305
arg_pisarapanui_page_11_14,9.719531059265137
arg_pisarapanui_page_5_15,6.396638870239258
arg_pisarapanui_page_1_15,4.131340980529785
arg_pisarapanui_page_10_15,2.639075517654419
arg_pisarapanui_page_11_15,4.858638286590576
arg_pisarapanui_page_12_15,4.360800266265869
arg_pisarapanui_page_13_15,6.71031379699707
arg_pisarapanui_page_2_15,9.100642204284668
arg_pisarapanui_page_4_15,6.400755882263184
arg_pisarapanui_page_6_15,6.106507301330566
arg_pisarapanui_page_7_15,4.293139934539795
arg_pisarapanui_page_8_15,9.207154273986816
arg_pisarapanui_page_6_16,5.828172206878662
arg_pisarapanui_page_5_16,8.20340347290039
arg_pisarapanui_page_8_16,6.360999584197998
arg_pisarapanui_page_7_16,7.099811553955078
arg_pisarapanui_page_4_16,3.99103045463562
arg_pisarapanui_page_2_16,6.394852638244629
arg_pisarapanui_page_13_16,8.7247896194458
arg_pisarapanui_page_12_16,8.13802433013916
arg_pisarapanui_page_11_16,12.2122802734375
arg_pisarapanui_page_10_16,9.021088600158691
arg_pisarapanui_page_1_16,8.322715759277344
arg_pisarapanui_page_7_17,5.131525993347168
arg_pisarapanui_page_6_17,6.536703109741211
arg_pisarapanui_page_5_17,3.7393572330474854
arg_pisarapanui_page_4_17,10.09199333190918
arg_pisarapanui_page_2_17,5.399207592010498
arg_pisarapanui_page_12_17,7.329824447631836
arg_pisarapanui_page_8_17,5.103560447692871
arg_pisarapanui_page_11_17,8.454300880432129
arg_pisarapanui_page_10_17,5.6110734939575195
arg_pisarapanui_page_1_17,10.472846031188965
arg_pisarapanui_page_13_17,8.023150444030762
arg_pisarapanui_page_6_18,9.278116226196289
arg_pisarapanui_page_5_18,7.331311225891113
arg_pisarapanui_page_8_18,12.624969482421875
arg_pisarapanui_page_7_18,8.892170906066895
arg_pisarapanui_page_4_18,6.262585639953613
arg_pisarapanui_page_2_18,10.13231086730957
arg_pisarapanui_page_13_18,6.97722053527832
arg_pisarapanui_page_12_18,5.089150428771973
arg_pisarapanui_page_11_18,6.186010360717773
arg_pisarapanui_page_10_18,9.925423622131348
arg_pisarapanui_page_1_18,10.685846328735352
arg_pisarapanui_page_8_19,1.1377406120300293
arg_pisarapanui_page_7_19,2.5550460815429688
arg_pisarapanui_page_6_19,7.679403781890869
arg_pisarapanui_page_5_19,9.512059211730957
arg_pisarapanui_page_4_19,4.7088751792907715
arg_pisarapanui_page_2_19,5.43730354309082
arg_pisarapanui_page_13_19,9.27428150177002
arg_pisarapanui_page_12_19,4.653411388397217
arg_pisarapanui_page_11_19,12.555728912353516
arg_pisarapanui_page_10_19,6.416856288909912
arg_pisarapanui_page_1_19,3.241931915283203
arg_pisarapanui_page_8_20,3.709873914718628
arg_pisarapanui_page_7_20,10.084433555603027
arg_pisarapanui_page_6_20,6.9155354499816895
arg_pisarapanui_page_5_20,6.185875415802002
arg_pisarapanui_page_4_20,5.259903430938721
arg_pisarapanui_page_2_20,8.701925277709961
arg_pisarapanui_page_13_20,11.551225662231445
arg_pisarapanui_page_12_20,11.15471363067627
arg_pisarapanui_page_11_20,4.33868408203125
arg_pisarapanui_page_10_20,3.79525089263916
arg_pisarapanui_page_1_20,12.556534767150879
arg_pisarapanui_page_8_21,6.091982364654541
arg_pisarapanui_page_7_21,7.372647762298584
arg_pisarapanui_page_6_21,8.896797180175781
arg_pisarapanui_page_5_21,7.613874912261963
arg_pisarapanui_page_4_21,5.347525596618652
arg_pisarapanui_page_2_21,8.368315696716309
arg_pisarapanui_page_13_21,9.85452651977539
arg_pisarapanui_page_12_21,7.541153907775879
arg_pisarapanui_page_11_21,3.1236305236816406
arg_pisarapanui_page_10_21,8.82341480255127
arg_pisarapanui_page_1_21,3.5940823554992676
arg_pisarapanui_page_7_22,6.598072052001953
arg_pisarapanui_page_6_22,6.527687072753906
arg_pisarapanui_page_5_22,8.772607803344727
arg_pisarapanui_page_4_22,7.214855670928955
arg_pisarapanui_page_8_22,6.430729389190674
arg_pisarapanui_page_2_22,9.542394638061523
arg_pisarapanui_page_12_22,6.508528709411621
arg_pisarapanui_page_1_22,1.9505387544631958
arg_pisarapanui_page_13_22,12.009870529174805
arg_pisarapanui_page_11_22,7.687585353851318
arg_pisarapanui_page_10_22,7.881009578704834
arg_pisarapanui_page_1_23,20.666025161743164
arg_pisarapanui_page_10_23,8.217207908630371
arg_pisarapanui_page_11_23,10.313594818115234
arg_pisarapanui_page_12_23,14.700282096862793
arg_pisarapanui_page_13_23,11.317794799804688
arg_pisarapanui_page_2_23,3.6929750442504883
arg_pisarapanui_page_5_23,9.68017578125
arg_pisarapanui_page_6_23,8.657827377319336
arg_pisarapanui_page_7_23,6.2632598876953125
arg_pisarapanui_page_8_23,9.775501251220703
arg_pisarapanui_page_4_23,5.672981262207031
arg_pisarapanui_page_5_24,9.6649751663208
arg_pisarapanui_page_7_24,11.960968971252441
arg_pisarapanui_page_6_24,6.874574661254883
arg_pisarapanui_page_8_24,9.607912063598633
arg_pisarapanui_page_4_24,10.240188598632812
arg_pisarapanui_page_2_24,7.547657012939453
arg_pisarapanui_page_12_24,15.348587989807129
arg_pisarapanui_page_11_24,1.6412338018417358
arg_pisarapanui_page_10_24,10.217580795288086
arg_pisarapanui_page_1_24,4.572741985321045
arg_pisarapanui_page_13_24,5.439336776733398
arg_pisarapanui_page_8_25,7.600360870361328
arg_pisarapanui_page_7_25,6.65736722946167
arg_pisarapanui_page_6_25,7.858546733856201
arg_pisarapanui_page_5_25,4.2050676345825195
arg_pisarapanui_page_4_25,9.661383628845215
arg_pisarapanui_page_13_25,9.726554870605469
arg_pisarapanui_page_12_25,4.941587448120117
arg_pisarapanui_page_11_25,6.402680397033691
arg_pisarapanui_page_10_25,5.715007781982422
arg_pisarapanui_page_1_25,9.429723739624023
arg_pisarapanui_page_2_25,5.005871295928955
arg_pisarapanui_page_8_26,9.304340362548828
arg_pisarapanui_page_7_26,6.399672985076904
arg_pisarapanui_page_6_26,8.07884407043457
arg_pisarapanui_page_5_26,9.117807388305664
arg_pisarapanui_page_4_26,7.916086673736572
arg_pisarapanui_page_2_26,12.553169250488281
arg_pisarapanui_page_12_26,6.314301490783691
arg_pisarapanui_page_1_26,4.821805000305176
arg_pisarapanui_page_13_26,6.219751358032227
arg_pisarapanui_page_11_26,6.330990314483643
arg_pisarapanui_page_10_26,4.6422529220581055
arg_pisarapanui_page_8_27,4.796354293823242
arg_pisarapanui_page_7_27,6.944266319274902
arg_pisarapanui_page_6_27,6.994095802307129
arg_pisarapanui_page_5_27,7.248411178588867
arg_pisarapanui_page_4_27,3.094785213470459
arg_pisarapanui_page_12_27,10.503898620605469
arg_pisarapanui_page_11_27,5.279876708984375
arg_pisarapanui_page_10_27,17.60801124572754
arg_pisarapanui_page_1_27,9.874582290649414
arg_pisarapanui_page_13_27,3.0436089038848877
arg_pisarapanui_page_2_27,10.951064109802246
arg_pisarapanui_page_4_28,8.837723731994629
arg_pisarapanui_page_8_28,10.826297760009766
arg_pisarapanui_page_7_28,2.6416969299316406
arg_pisarapanui_page_6_28,10.088892936706543
arg_pisarapanui_page_5_28,7.607687473297119
arg_pisarapanui_page_2_28,7.409645080566406
arg_pisarapanui_page_12_28,9.648421287536621
arg_pisarapanui_page_11_28,8.511642456054688
arg_pisarapanui_page_10_28,5.358028411865234
arg_pisarapanui_page_1_28,6.495433807373047
arg_pisarapanui_page_13_28,12.031578063964844
arg_pisarapanui_page_8_29,3.437077760696411
arg_pisarapanui_page_7_29,7.894151210784912
arg_pisarapanui_page_6_29,6.58289098739624
arg_pisarapanui_page_5_29,1.9849388599395752
arg_pisarapanui_page_4_29,8.838299751281738
arg_pisarapanui_page_2_29,5.649194717407227
arg_pisarapanui_page_12_29,4.264030456542969
arg_pisarapanui_page_11_29,9.616065979003906
arg_pisarapanui_page_10_29,10.3916654586792
arg_pisarapanui_page_1_29,12.908161163330078
arg_pisarapanui_page_13_29,8.644449234008789
arg_pisarapanui_page_5_30,9.712873458862305
arg_pisarapanui_page_8_30,9.164798736572266
arg_pisarapanui_page_7_30,2.475486993789673
arg_pisarapanui_page_6_30,7.51271915435791
arg_pisarapanui_page_4_30,14.629316329956055
arg_pisarapanui_page_13_30,9.49714469909668
arg_pisarapanui_page_2_30,11.249674797058105
arg_pisarapanui_page_12_30,3.741307497024536
arg_pisarapanui_page_11_30,8.414209365844727
arg_pisarapanui_page_10_30,2.8997387886047363
arg_pisarapanui_page_1_30,8.287466049194336
arg_pisarapanui_page_8_31,8.946745872497559
arg_pisarapanui_page_7_31,9.017550468444824
arg_pisarapanui_page_6_31,8.312019348144531
arg_pisarapanui_page_5_31,12.375426292419434
arg_pisarapanui_page_4_31,7.473379135131836
arg_pisarapanui_page_2_31,4.873712539672852
arg_pisarapanui_page_13_31,4.198390960693359
arg_pisarapanui_page_12_31,7.262784957885742
arg_pisarapanui_page_11_31,9.277599334716797
arg_pisarapanui_page_10_31,11.351696014404297
arg_pisarapanui_page_1_31,2.186154365539551
arg_pisarapanui_page_8_32,7.665701389312744
arg_pisarapanui_page_7_32,4.621604919433594
arg_pisarapanui_page_6_32,11.465277671813965
arg_pisarapanui_page_5_32,8.291191101074219
arg_pisarapanui_page_4_32,6.09648323059082
arg_pisarapanui_page_2_32,16.65007209777832
arg_pisarapanui_page_13_32,10.576547622680664
arg_pisarapanui_page_12_32,7.612013816833496
arg_pisarapanui_page_11_32,6.534838676452637
arg_pisarapanui_page_10_32,8.409503936767578
arg_pisarapanui_page_1_32,10.801177978515625
arg_pisarapanui_page_8_33,4.310217380523682
arg_pisarapanui_page_7_33,11.224170684814453
arg_pisarapanui_page_6_33,8.049022674560547
arg_pisarapanui_page_5_33,9.394977569580078
arg_pisarapanui_page_4_33,11.772716522216797
arg_pisarapanui_page_2_33,8.731986045837402
arg_pisarapanui_page_13_33,10.225683212280273
arg_pisarapanui_page_12_33,10.466257095336914
arg_pisarapanui_page_11_33,9.475071907043457
arg_pisarapanui_page_10_33,5.71773624420166
arg_pisarapanui_page_1_33,4.842803001403809
arg_pisarapanui_page_8_34,10.249855041503906
arg_pisarapanui_page_7_34,5.422425270080566
arg_pisarapanui_page_6_34,7.953878402709961
arg_pisarapanui_page_5_34,7.987267017364502
arg_pisarapanui_page_4_34,7.556684970855713
arg_pisarapanui_page_2_34,1.3900694847106934
arg_pisarapanui_page_13_34,8.99332332611084
arg_pisarapanui_page_12_34,4.405117988586426
arg_pisarapanui_page_11_34,11.282479286193848
arg_pisarapanui_page_10_34,6.04835319519043
arg_pisarapanui_page_1_34,11.895700454711914
arg_pisarapanui_page_8_35,12.268850326538086
arg_pisarapanui_page_7_35,5.385190963745117
arg_pisarapanui_page_6_35,5.284276962280273
arg_pisarapanui_page_5_35,5.841194152832031
arg_pisarapanui_page_4_35,11.207622528076172
arg_pisarapanui_page_2_35,14.015410423278809
arg_pisarapanui_page_13_35,10.113073348999023
arg_pisarapanui_page_12_35,10.38532829284668
arg_pisarapanui_page_11_35,11.915695190429688
arg_pisarapanui_page_10_35,5.83402681350708
arg_pisarapanui_page_1_35,4.74543571472168
arg_pisarapanui_page_8_36,10.39945125579834
arg_pisarapanui_page_7_36,9.556931495666504
arg_pisarapanui_page_6_36,12.731189727783203
arg_pisarapanui_page_5_36,4.086810111999512
arg_pisarapanui_page_4_36,8.45859146118164
arg_pisarapanui_page_2_36,4.854581832885742
arg_pisarapanui_page_13_36,7.0758209228515625
arg_pisarapanui_page_12_36,10.514789581298828
arg_pisarapanui_page_11_36,2.8122806549072266
arg_pisarapanui_page_10_36,8.828204154968262
arg_pisarapanui_page_1_36,5.91003942489624
arg_pisarapanui_page_8_37,7.619358539581299
arg_pisarapanui_page_7_37,6.142230033874512
arg_pisarapanui_page_6_37,10.433956146240234
arg_pisarapanui_page_5_37,9.2183198928833
arg_pisarapanui_page_4_37,7.491222381591797
arg_pisarapanui_page_2_37,7.47773551940918
arg_pisarapanui_page_13_37,7.640903949737549
arg_pisarapanui_page_12_37,6.818552017211914
arg_pisarapanui_page_11_37,6.955990791320801
arg_pisarapanui_page_10_37,5.039335250854492
arg_pisarapanui_page_1_37,9.212828636169434
arg_pisarapanui_page_8_38,5.269290447235107
arg_pisarapanui_page_7_38,6.922475814819336
arg_pisarapanui_page_6_38,4.6894426345825195
arg_pisarapanui_page_5_38,8.922261238098145
arg_pisarapanui_page_4_38,8.191356658935547
arg_pisarapanui_page_2_38,7.9346818923950195
arg_pisarapanui_page_13_38,12.35716438293457
arg_pisarapanui_page_1_38,3.8134167194366455
arg_pisarapanui_page_10_38,5.949976921081543
arg_pisarapanui_page_12_38,8.850455284118652
arg_pisarapanui_page_11_38,5.834412097930908
arg_pisarapanui_page_8_39,6.006834506988525
arg_pisarapanui_page_7_39,9.096724510192871
arg_pisarapanui_page_6_39,14.914793014526367
arg_pisarapanui_page_4_39,5.559864044189453
arg_pisarapanui_page_2_39,4.724798679351807
arg_pisarapanui_page_5_39,7.569089889526367
arg_pisarapanui_page_12_39,9.32361888885498
arg_pisarapanui_page_11_39,2.8230230808258057
arg_pisarapanui_page_10_39,9.50527572631836
arg_pisarapanui_page_1_39,8.933547973632812
arg_pisarapanui_page_13_39,5.836963653564453
arg_pisarapanui_page_5_40,8.791507720947266
arg_pisarapanui_page_8_40,6.210600852966309
arg_pisarapanui_page_7_40,6.888650417327881
arg_pisarapanui_page_6_40,8.929141998291016
arg_pisarapanui_page_4_40,9.963254928588867
arg_pisarapanui_page_13_40,4.655404090881348
arg_pisarapanui_page_12_40,3.9551210403442383
arg_pisarapanui_page_11_40,6.095632553100586
arg_pisarapanui_page_10_40,7.009346008300781
arg_pisarapanui_page_1_40,10.867849349975586
arg_pisarapanui_page_2_40,8.864319801330566
arg_pisarapanui_page_8_41,9.26761531829834
arg_pisarapanui_page_1_41,4.568602085113525
arg_pisarapanui_page_10_41,12.120315551757812
arg_pisarapanui_page_11_41,0.9010671377182007
arg_pisarapanui_page_12_41,8.76415729522705
arg_pisarapanui_page_13_41,8.55417251586914
arg_pisarapanui_page_4_41,2.6575517654418945
arg_pisarapanui_page_5_41,4.2907915115356445
arg_pisarapanui_page_6_41,6.684427261352539
arg_pisarapanui_page_7_41,13.01738166809082
arg_pisarapanui_page_6_42,6.465562343597412
arg_pisarapanui_page_5_42,5.160195350646973
arg_pisarapanui_page_8_42,9.207853317260742
arg_pisarapanui_page_7_42,5.234811782836914
arg_pisarapanui_page_4_42,2.9705162048339844
arg_pisarapanui_page_13_42,10.13318157196045
arg_pisarapanui_page_12_42,10.747848510742188
arg_pisarapanui_page_11_42,5.213513374328613
arg_pisarapanui_page_10_42,9.690949440002441
arg_pisarapanui_page_1_42,7.009953022003174
arg_pisarapanui_page_8_43,4.778803825378418
arg_pisarapanui_page_7_43,8.877232551574707
arg_pisarapanui_page_6_43,10.31867790222168
arg_pisarapanui_page_5_43,14.333674430847168
arg_pisarapanui_page_13_43,9.177528381347656
arg_pisarapanui_page_12_43,3.1786201000213623
arg_pisarapanui_page_11_43,7.488863468170166
arg_pisarapanui_page_10_43,9.259222030639648
arg_pisarapanui_page_1_43,15.652417182922363
arg_pisarapanui_page_8_44,0.6139189600944519
arg_pisarapanui_page_6_44,8.125066757202148
arg_pisarapanui_page_5_44,5.5907511711120605
arg_pisarapanui_page_13_44,9.697169303894043
arg_pisarapanui_page_7_44,5.352846622467041
arg_pisarapanui_page_11_44,5.607168197631836
arg_pisarapanui_page_10_44,7.450026988983154
arg_pisarapanui_page_1_44,8.202072143554688
arg_pisarapanui_page_12_44,1.8944358825683594
arg_pisarapanui_page_8_45,5.336819648742676
arg_pisarapanui_page_6_45,1.2501882314682007
arg_pisarapanui_page_5_45,12.469006538391113
arg_pisarapanui_page_13_45,8.202102661132812
arg_pisarapanui_page_7_45,9.65237808227539
arg_pisarapanui_page_11_45,2.4208993911743164
arg_pisarapanui_page_10_45,6.030027866363525
arg_pisarapanui_page_1_45,8.872379302978516
arg_pisarapanui_page_12_45,11.708866119384766
arg_pisarapanui_page_1_46,1.9636266231536865
arg_pisarapanui_page_10_46,6.399779796600342
arg_pisarapanui_page_11_46,3.6250526905059814
arg_pisarapanui_page_12_46,3.7427825927734375
arg_pisarapanui_page_13_46,4.442312717437744
arg_pisarapanui_page_5_46,6.458927154541016
arg_pisarapanui_page_6_46,9.512228965759277
arg_pisarapanui_page_7_46,8.837150573730469
arg_pisarapanui_page_8_46,8.97154712677002
arg_pisarapanui_page_7_47,4.6091132164001465
arg_pisarapanui_page_10_47,7.980481147766113
arg_pisarapanui_page_6_47,4.6735734939575195
arg_pisarapanui_page_8_47,5.9521284103393555
arg_pisarapanui_page_5_47,9.306683540344238
arg_pisarapanui_page_1_47,9.559751510620117
arg_pisarapanui_page_12_47,7.208369255065918
arg_pisarapanui_page_11_47,8.238248825073242
arg_pisarapanui_page_13_47,5.88836669921875
arg_pisarapanui_page_10_48,11.20707893371582
arg_pisarapanui_page_11_48,8.617424011230469
arg_pisarapanui_page_12_48,12.470795631408691
arg_pisarapanui_page_13_48,11.414162635803223
arg_pisarapanui_page_5_48,7.951558589935303
arg_pisarapanui_page_6_48,8.120874404907227
arg_pisarapanui_page_7_48,9.000221252441406
arg_pisarapanui_page_8_48,8.117439270019531
arg_pisarapanui_page_7_49,4.165350914001465
arg_pisarapanui_page_6_49,8.848601341247559
arg_pisarapanui_page_5_49,5.922170639038086
arg_pisarapanui_page_8_49,6.767644882202148
arg_pisarapanui_page_12_49,7.736889839172363
arg_pisarapanui_page_11_49,4.776844024658203
arg_pisarapanui_page_10_49,7.530878067016602
arg_pisarapanui_page_13_49,4.1984052658081055
arg_pisarapanui_page_7_50,10.062347412109375
arg_pisarapanui_page_6_50,2.9234538078308105
arg_pisarapanui_page_5_50,10.499313354492188
arg_pisarapanui_page_8_50,10.461910247802734
arg_pisarapanui_page_12_50,14.608352661132812
arg_pisarapanui_page_11_50,13.673972129821777
arg_pisarapanui_page_10_50,8.201750755310059
arg_pisarapanui_page_13_50,9.848526954650879
arg_pisarapanui_page_10_51,6.95881462097168
arg_pisarapanui_page_11_51,9.402029037475586
arg_pisarapanui_page_12_51,9.68714714050293
arg_pisarapanui_page_13_51,6.978756904602051
arg_pisarapanui_page_5_51,5.262001991271973
arg_pisarapanui_page_6_51,13.110584259033203
arg_pisarapanui_page_7_51,9.495854377746582
arg_pisarapanui_page_8_51,3.6792187690734863
arg_pisarapanui_page_6_52,7.512851238250732
arg_pisarapanui_page_7_52,12.955750465393066
arg_pisarapanui_page_5_52,6.122536659240723
arg_pisarapanui_page_8_52,10.28897476196289
arg_pisarapanui_page_12_52,8.977662086486816
arg_pisarapanui_page_10_52,10.460775375366211
arg_pisarapanui_page_13_52,9.65503978729248
arg_pisarapanui_page_11_52,9.329145431518555
arg_pisarapanui_page_8_53,12.077794075012207
arg_pisarapanui_page_6_53,5.5797247886657715
arg_pisarapanui_page_5_53,5.884731292724609
arg_pisarapanui_page_7_53,3.109821319580078
arg_pisarapanui_page_12_53,5.252544403076172
arg_pisarapanui_page_11_53,3.3694303035736084
arg_pisarapanui_page_10_53,12.015166282653809
arg_pisarapanui_page_13_53,13.130744934082031
arg_pisarapanui_page_11_54,9.20952033996582
arg_pisarapanui_page_12_54,9.376699447631836
arg_pisarapanui_page_13_54,1.1003549098968506
arg_pisarapanui_page_5_54,9.224605560302734
arg_pisarapanui_page_6_54,13.584077835083008
arg_pisarapanui_page_7_54,8.665831565856934
arg_pisarapanui_page_8_54,7.276585102081299
arg_pisarapanui_page_7_55,1.0604363679885864
arg_pisarapanui_page_8_55,5.16668701171875
arg_pisarapanui_page_6_55,9.888919830322266
arg_pisarapanui_page_12_55,10.234580039978027
arg_pisarapanui_page_11_55,4.4315080642700195
arg_pisarapanui_page_13_55,12.111756324768066
arg_pisarapanui_page_11_56,16.226943969726562
arg_pisarapanui_page_12_56,9.561943054199219
arg_pisarapanui_page_13_56,6.116621017456055
arg_pisarapanui_page_6_56,6.046702861785889
arg_pisarapanui_page_7_56,7.004741191864014
arg_pisarapanui_page_8_56,5.5133957862854
arg_pisarapanui_page_8_57,7.430195331573486
arg_pisarapanui_page_7_57,9.599967002868652
arg_pisarapanui_page_6_57,2.409606456756592
arg_pisarapanui_page_13_57,9.042826652526855
arg_pisarapanui_page_11_57,9.528020858764648
arg_pisarapanui_page_12_57,5.635076522827148
arg_pisarapanui_page_11_58,9.789892196655273
arg_pisarapanui_page_12_58,8.24563980102539
arg_pisarapanui_page_13_58,3.7285642623901367
arg_pisarapanui_page_6_58,5.455621719360352
arg_pisarapanui_page_7_58,5.540356159210205
arg_pisarapanui_page_8_58,8.85410213470459
arg_pisarapanui_page_7_59,12.241114616394043
arg_pisarapanui_page_8_59,9.142342567443848
arg_pisarapanui_page_6_59,7.643795490264893
arg_pisarapanui_page_11_59,8.649469375610352
arg_pisarapanui_page_12_59,2.403988838195801
arg_pisarapanui_page_13_59,11.5810546875
arg_pisarapanui_page_11_60,9.341524124145508
arg_pisarapanui_page_12_60,8.545064926147461
arg_pisarapanui_page_13_60,2.9219210147857666
arg_pisarapanui_page_6_60,11.4274263381958
arg_pisarapanui_page_7_60,9.516322135925293
arg_pisarapanui_page_8_60,5.691107749938965
arg_pisarapanui_page_11_61,5.914633750915527
arg_pisarapanui_page_12_61,14.155217170715332
arg_pisarapanui_page_13_61,11.725980758666992
arg_pisarapanui_page_6_61,2.940178871154785
arg_pisarapanui_page_7_61,5.476859092712402
arg_pisarapanui_page_8_61,8.69775676727295
arg_pisarapanui_page_7_62,3.037036895751953
arg_pisarapanui_page_6_62,4.614786624908447
arg_pisarapanui_page_8_62,11.136713981628418
arg_pisarapanui_page_11_62,9.141464233398438
arg_pisarapanui_page_12_62,3.3139922618865967
arg_pisarapanui_page_11_63,9.523517608642578
arg_pisarapanui_page_12_63,0.764519989490509
arg_pisarapanui_page_6_63,8.188316345214844
arg_pisarapanui_page_7_63,9.6273193359375
arg_pisarapanui_page_8_63,5.388683795928955
arg_pisarapanui_page_8_64,8.016682624816895
arg_pisarapanui_page_7_64,10.095881462097168
arg_pisarapanui_page_12_64,9.903059959411621
arg_pisarapanui_page_6_64,3.3836426734924316
arg_pisarapanui_page_12_65,11.626076698303223
arg_pisarapanui_page_6_65,9.23586654663086
arg_pisarapanui_page_7_65,5.563310623168945
arg_pisarapanui_page_8_65,5.923190116882324
arg_pisarapanui_page_8_66,4.606358051300049
arg_pisarapanui_page_12_66,3.3340187072753906
arg_pisarapanui_page_6_66,10.917661666870117
arg_pisarapanui_page_7_66,3.2173891067504883
arg_pisarapanui_page_7_67,6.674310684204102
arg_pisarapanui_page_8_67,8.91585636138916
arg_pisarapanui_page_12_67,3.80550217628479
arg_pisarapanui_page_6_67,9.941457748413086
arg_pisarapanui_page_12_68,10.190549850463867
arg_pisarapanui_page_6_68,7.765083312988281
arg_pisarapanui_page_7_68,1.0887190103530884
arg_pisarapanui_page_8_68,11.707913398742676
arg_pisarapanui_page_7_69,11.052465438842773
arg_pisarapanui_page_8_69,4.3203816413879395
arg_pisarapanui_page_12_69,4.4217329025268555
arg_pisarapanui_page_6_69,6.179254531860352
arg_pisarapanui_page_6_70,10.373096466064453
arg_pisarapanui_page_7_70,11.490257263183594
arg_pisarapanui_page_8_70,6.691000461578369
arg_pisarapanui_page_6_71,9.507308006286621
arg_pisarapanui_page_7_71,10.317386627197266
arg_pisarapanui_page_8_71,9.258196830749512
arg_pisarapanui_page_7_72,9.2766752243042
arg_pisarapanui_page_8_72,6.483966827392578
arg_pisarapanui_page_7_73,13.222433090209961
arg_pisarapanui_page_8_73,9.31409740447998
arg_pisarapanui_page_8_74,11.383270263671875
arg_pisarapanui_page_8_75,9.091378211975098
arg_pisarapanui_page_8_76,0.4848165214061737
arg_pisarapanui_page_8_77,5.9206743240356445
arg_pisarapanui_page_8_78,2.8622303009033203
arg_pisarapanui_page_8_79,5.394798278808594
arg_pisarapanui_page_8_80,0.7282779812812805
arg_pisarapanui_page_8_81,6.795574188232422
arg_pisarapanui_page_8_82,0.2619111239910126
arg_pisarapanui_page_8_83,2.3684234619140625
arg_pisarapanui_page_8_84,9.841306686401367
arg_pisarapanui_page_8_85,3.3880839347839355
arg_pisarapanui_page_8_86,9.523865699768066
arg_pisarapanui_page_8_87,11.785337448120117
arg_pisarapanui_page_8_88,3.7589385509490967
arg_pisarapanui_page_8_89,8.509195327758789
arg_pisarapanui_page_8_90,4.808509349822998
arg_pisarapanui_page_8_91,10.978532791137695
arg_pisarapanui_page_8_92,2.2657113075256348
arg_pisarapanui_page_8_93,0.036078937351703644
arg_pisarapanui_page_8_94,2.2098076343536377
arg_pisarapanui_page_8_95,0.009039312601089478
arg_pisarapanui_page_8_96,11.699458122253418
arg_pisarapanui_page_8_97,12.622882843017578
enc_wikimoon_page_1_0,6.28758430480957
enc_wikimoon_page_2_0,3.3645308017730713
enc_wikimoon_page_1_1,12.619385719299316
enc_wikimoon_page_2_1,9.22415828704834
enc_wikimoon_page_1_2,1.981307864189148
enc_wikimoon_page_2_2,9.244606018066406
enc_wikimoon_page_1_3,4.859704971313477
enc_wikimoon_page_2_3,6.398432731628418
enc_wikimoon_page_1_4,10.113851547241211
enc_wikimoon_page_2_4,10.710816383361816
enc_wikimoon_page_1_5,9.409599304199219
enc_wikimoon_page_2_5,11.359195709228516
enc_wikimoon_page_1_6,14.83828067779541
enc_wikimoon_page_2_6,2.674513578414917
enc_wikimoon_page_2_7,8.777464866638184
enc_wikimoon_page_1_7,0.6126822233200073
enc_wikimoon_page_1_8,7.352410316467285
enc_wikimoon_page_2_8,7.557087421417236
enc_wikimoon_page_1_9,7.739950656890869
enc_wikimoon_page_2_9,10.748456001281738
enc_wikimoon_page_1_10,3.83732008934021
enc_wikimoon_page_2_10,6.696704864501953
enc_wikimoon_page_1_11,10.457439422607422
enc_wikimoon_page_2_11,7.367617607116699
enc_wikimoon_page_1_12,7.600974082946777
enc_wikimoon_page_2_12,8.673818588256836
enc_wikimoon_page_1_13,9.699027061462402
enc_wikimoon_page_2_13,5.717810153961182
enc_wikimoon_page_2_14,3.604860782623291
enc_wikimoon_page_1_14,5.337734222412109
enc_wikimoon_page_1_15,10.976570129394531
enc_wikimoon_page_2_15,7.178365230560303
enc_wikimoon_page_1_16,4.79850959777832
enc_wikimoon_page_2_16,6.202775001525879
enc_wikimoon_page_1_17,10.560247421264648
enc_wikimoon_page_2_17,10.616856575012207
enc_wikimoon_page_1_18,7.61307430267334
enc_wikimoon_page_2_18,5.40346622467041
enc_wikimoon_page_1_19,3.875101327896118
enc_wikimoon_page_2_19,8.80062484741211
enc_wikimoon_page_1_20,5.265166759490967
enc_wikimoon_page_2_20,5.405606269836426
enc_wikimoon_page_2_21,2.4271318912506104
enc_wikimoon_page_1_21,10.130064964294434
enc_wikimoon_page_1_22,6.63701868057251
enc_wikimoon_page_2_22,11.426704406738281
enc_wikimoon_page_1_23,1.7779620885849
enc_wikimoon_page_2_23,5.974484443664551
enc_wikimoon_page_1_24,10.59770679473877
enc_wikimoon_page_2_24,12.682724952697754
enc_wikimoon_page_1_25,9.934276580810547
enc_wikimoon_page_2_25,11.058998107910156
enc_wikimoon_page_1_26,18.300094604492188
enc_wikimoon_page_2_26,5.255207061767578
enc_wikimoon_page_2_27,9.28237533569336
enc_wikimoon_page_1_27,9.938728332519531
enc_wikimoon_page_2_28,10.766684532165527
enc_wikimoon_page_1_28,4.124101161956787
enc_wikimoon_page_1_29,7.239713668823242
enc_wikimoon_page_2_29,3.608109712600708
enc_wikimoon_page_1_30,7.8948750495910645
enc_wikimoon_page_2_30,6.683038711547852
enc_wikimoon_page_1_31,5.684288024902344
enc_wikimoon_page_2_31,5.674184799194336
enc_wikimoon_page_1_32,7.902154445648193
enc_wikimoon_page_2_32,7.9158830642700195
enc_wikimoon_page_1_33,2.459791660308838
enc_wikimoon_page_2_33,4.965956687927246
enc_wikimoon_page_1_34,9.213238716125488
enc_wikimoon_page_2_34,0.37263014912605286
enc_wikimoon_page_2_35,12.11740779876709
enc_wikimoon_page_1_35,1.0337305068969727
enc_wikimoon_page_1_36,6.8579206466674805
enc_wikimoon_page_2_36,1.651170253753662
enc_wikimoon_page_1_37,9.138707160949707
enc_wikimoon_page_2_37,10.085041999816895
enc_wikimoon_page_1_38,9.414339065551758
enc_wikimoon_page_2_38,1.777582049369812
enc_wikimoon_page_2_39,5.309165000915527
enc_wikimoon_page_2_40,5.666506767272949
enc_wikimoon_page_2_41,3.5640687942504883
enc_wikimoon_page_2_42,1.6660789251327515
enc_wikimoon_page_2_43,8.84453010559082
enc_wikimoon_page_2_44,4.8587493896484375
enc_wikimoon_page_2_45,8.58999252319336
enc_wikimoon_page_2_46,10.197050094604492
enc_wikimoon_page_2_47,5.781520843505859
enc_wikimoon_page_2_48,3.779780864715576
enc_wikimoon_page_2_49,8.277544975280762
enc_wikimoon_page_2_50,9.216469764709473
enc_wikimoon_page_2_51,0.06294575333595276
enc_wikimoon_page_2_52,0.2846474051475525
enc_wikimoon_page_2_53,0.00784613098949194
enc_wikimoon_page_2_54,10.517513275146484
enc_wikimoon_page_2_55,0.0017379907658323646
enc_wikimoon_page_2_56,13.572715759277344
enc_wikimoon_page_2_57,0.14536787569522858
enc_wikimoon_page_2_58,0.03249384090304375
enc_wikimoon_page_2_59,11.399643898010254
enc_wikimoon_page_2_60,10.23088264465332
enc_wikimoon_page_2_61,8.282564163208008
enc_wikimoon_page_2_62,0.049919243901968
enc_wikimoon_page_2_63,7.1069841384887695
enc_wikimoon_page_2_64,0.005291622597724199
enc_wikimoon_page_2_65,8.7026948928833
enc_wikimoon_page_2_66,1.86320161819458
enc_wikimoon_page_2_67,9.009925842285156
enc_wikimoon_page_2_68,2.791563034057617
enc_wikimoon_page_2_69,4.755816459655762
enc_wikimoon_page_2_70,4.045937538146973
enc_wikimoon_page_2_71,0.18499873578548431
enc_wikimoon_page_2_72,10.872955322265625
enc_wikimoon_page_2_73,7.910558223724365
enc_wikimoon_page_2_74,7.927960395812988
ins_humanrights_page_1_0,8.985014915466309
ins_humanrights_page_2_0,8.840618133544922
ins_humanrights_page_3_0,7.045546054840088
ins_humanrights_page_4_0,7.935793876647949
ins_humanrights_page_5_0,7.686657428741455
ins_humanrights_page_6_0,8.390968322753906
ins_humanrights_page_7_0,10.954432487487793
ins_humanrights_page_8_0,11.131525039672852
ins_humanrights_page_8_1,5.594449996948242
ins_humanrights_page_7_1,2.2870941162109375
ins_humanrights_page_6_1,1.3807640075683594
ins_humanrights_page_5_1,3.5108981132507324
ins_humanrights_page_2_1,1.8054691553115845
ins_humanrights_page_3_1,3.1218347549438477
ins_humanrights_page_1_1,9.96406364440918
ins_humanrights_page_4_1,3.3194963932037354
ins_humanrights_page_6_2,10.382573127746582
ins_humanrights_page_8_2,9.509405136108398
ins_humanrights_page_7_2,6.776446342468262
ins_humanrights_page_5_2,5.121744155883789
ins_humanrights_page_2_2,13.794909477233887
ins_humanrights_page_3_2,5.9061689376831055
ins_humanrights_page_1_2,5.939006328582764
ins_humanrights_page_4_2,4.857698440551758
ins_humanrights_page_1_3,5.361604690551758
ins_humanrights_page_2_3,3.746828079223633
ins_humanrights_page_3_3,8.153324127197266
ins_humanrights_page_4_3,9.910507202148438
ins_humanrights_page_5_3,10.727849006652832
ins_humanrights_page_6_3,13.323213577270508
ins_humanrights_page_7_3,7.098798751831055
ins_humanrights_page_8_3,9.373165130615234
ins_humanrights_page_7_4,10.089824676513672
ins_humanrights_page_8_4,12.187583923339844
ins_humanrights_page_5_4,10.464933395385742
ins_humanrights_page_6_4,6.957069396972656
ins_humanrights_page_3_4,6.856301784515381
ins_humanrights_page_4_4,6.2793731689453125
ins_humanrights_page_2_4,10.75820541381836
ins_humanrights_page_1_4,6.025215148925781
ins_humanrights_page_1_5,9.990997314453125
ins_humanrights_page_2_5,4.140915870666504
ins_humanrights_page_3_5,5.930047035217285
ins_humanrights_page_4_5,7.003046035766602
ins_humanrights_page_5_5,12.00536823272705
ins_humanrights_page_6_5,10.240898132324219
ins_humanrights_page_7_5,11.357880592346191
ins_humanrights_page_8_5,10.146556854248047
ins_humanrights_page_7_6,9.46145248413086
ins_humanrights_page_6_6,7.422088623046875
ins_humanrights_page_5_6,9.09486198425293
ins_humanrights_page_8_6,4.1046624183654785
ins_humanrights_page_3_6,4.917104244232178
ins_humanrights_page_2_6,7.058823108673096
ins_humanrights_page_1_6,8.660201072692871
ins_humanrights_page_4_6,3.7668652534484863
ins_humanrights_page_7_7,8.477417945861816
ins_humanrights_page_6_7,9.299786567687988
ins_humanrights_page_5_7,11.220272064208984
ins_humanrights_page_8_7,4.130390167236328
ins_humanrights_page_3_7,5.873666286468506
ins_humanrights_page_2_7,4.794088363647461
ins_humanrights_page_1_7,10.82104206085205
ins_humanrights_page_4_7,10.207319259643555
ins_humanrights_page_1_8,5.939073085784912
ins_humanrights_page_2_8,10.202465057373047
ins_humanrights_page_3_8,7.763269901275635
ins_humanrights_page_4_8,7.362825393676758
ins_humanrights_page_5_8,5.957005500793457
ins_humanrights_page_6_8,5.484952449798584
ins_humanrights_page_7_8,5.152705192565918
ins_humanrights_page_8_8,7.318436622619629
ins_humanrights_page_7_9,6.348002910614014
ins_humanrights_page_8_9,4.9281206130981445
ins_humanrights_page_5_9,8.348630905151367
ins_humanrights_page_6_9,10.35079574584961
ins_humanrights_page_3_9,8.694424629211426
ins_humanrights_page_4_9,11.861196517944336
ins_humanrights_page_2_9,4.118342399597168
ins_humanrights_page_1_9,7.656512260437012
ins_humanrights_page_1_10,9.99138355255127
ins_humanrights_page_2_10,9.86843204498291
ins_humanrights_page_3_10,2.2285962104797363
ins_humanrights_page_4_10,7.266472816467285
ins_humanrights_page_5_10,7.614889144897461
ins_humanrights_page_6_10,5.659961700439453
ins_humanrights_page_7_10,7.248651027679443
ins_humanrights_page_8_10,12.191411018371582
ins_humanrights_page_8_11,11.265536308288574
ins_humanrights_page_6_11,11.051864624023438
ins_humanrights_page_5_11,10.758626937866211
ins_humanrights_page_7_11,6.650742053985596
ins_humanrights_page_3_11,8.319059371948242
ins_humanrights_page_2_11,1.6764185428619385
ins_humanrights_page_4_11,9.600975036621094
ins_humanrights_page_1_11,8.01125431060791
ins_humanrights_page_7_12,8.751099586486816
ins_humanrights_page_6_12,8.672298431396484
ins_humanrights_page_5_12,8.830968856811523
ins_humanrights_page_8_12,6.847096920013428
ins_humanrights_page_2_12,14.253942489624023
ins_humanrights_page_1_12,8.837309837341309
ins_humanrights_page_3_12,9.633565902709961
ins_humanrights_page_1_13,9.68857192993164
ins_humanrights_page_2_13,4.258219242095947
ins_humanrights_page_3_13,6.244609355926514
ins_humanrights_page_5_13,5.589423179626465
ins_humanrights_page_6_13,9.684441566467285
ins_humanrights_page_7_13,7.813163757324219
ins_humanrights_page_8_13,6.234733581542969
ins_humanrights_page_6_14,6.768083572387695
ins_humanrights_page_8_14,7.382688522338867
ins_humanrights_page_5_14,2.922670602798462
ins_humanrights_page_7_14,4.512141227722168
ins_humanrights_page_2_14,14.523839950561523
ins_humanrights_page_3_14,4.209283828735352
ins_humanrights_page_1_14,10.898590087890625
ins_humanrights_page_8_15,5.558384895324707
ins_humanrights_page_1_15,8.021650314331055
ins_humanrights_page_2_15,8.516525268554688
ins_humanrights_page_3_15,6.876184463500977
ins_humanrights_page_5_15,2.7786614894866943
ins_humanrights_page_6_15,10.618605613708496
ins_humanrights_page_7_15,12.904424667358398
ins_humanrights_page_8_16,10.601556777954102
ins_humanrights_page_7_16,4.710842132568359
ins_humanrights_page_6_16,3.911581516265869
ins_humanrights_page_1_16,2.395169734954834
ins_humanrights_page_3_16,5.901232719421387
ins_humanrights_page_2_16,7.632486820220947
ins_humanrights_page_5_16,8.716288566589355
ins_humanrights_page_6_17,11.103143692016602
ins_humanrights_page_7_17,12.438193321228027
ins_humanrights_page_8_17,5.803640365600586
ins_humanrights_page_5_17,7.706104278564453
ins_humanrights_page_2_17,2.647012710571289
ins_humanrights_page_1_17,4.489765644073486
ins_humanrights_page_3_17,4.0484771728515625
ins_humanrights_page_7_18,3.3346214294433594
ins_humanrights_page_6_18,4.6482625007629395
ins_humanrights_page_5_18,8.534564971923828
ins_humanrights_page_8_18,10.759525299072266
ins_humanrights_page_2_18,7.144084930419922
ins_humanrights_page_1_18,7.574248790740967
ins_humanrights_page_3_18,7.890411376953125
ins_humanrights_page_1_19,6.490662097930908
ins_humanrights_page_2_19,10.101238250732422
ins_humanrights_page_3_19,10.0391263961792
ins_humanrights_page_5_19,6.20620584487915
ins_humanrights_page_6_19,5.274035453796387
ins_humanrights_page_7_19,6.011402606964111
ins_humanrights_page_8_19,2.17457914352417
ins_humanrights_page_6_20,5.686565399169922
ins_humanrights_page_7_20,8.925699234008789
ins_humanrights_page_5_20,9.492222785949707
ins_humanrights_page_8_20,5.038193702697754
ins_humanrights_page_2_20,8.237178802490234
ins_humanrights_page_3_20,8.022954940795898
ins_humanrights_page_1_20,15.480331420898438
ins_humanrights_page_1_21,1.4681589603424072
ins_humanrights_page_2_21,7.922869682312012
ins_humanrights_page_3_21,8.583733558654785
ins_humanrights_page_5_21,4.619919776916504
ins_humanrights_page_6_21,8.457120895385742
ins_humanrights_page_7_21,12.51498794555664
ins_humanrights_page_8_21,11.144204139709473
ins_humanrights_page_5_22,5.076384544372559
ins_humanrights_page_1_22,11.503488540649414
ins_humanrights_page_2_22,3.7467143535614014
ins_humanrights_page_3_22,4.450294017791748
ins_humanrights_page_6_22,0.6184038519859314
ins_humanrights_page_8_22,4.176021099090576
ins_humanrights_page_8_23,3.8569886684417725
ins_humanrights_page_5_23,9.287920951843262
ins_humanrights_page_6_23,8.14163589477539
ins_humanrights_page_2_23,5.808576583862305
ins_humanrights_page_1_23,7.422601699829102
ins_humanrights_page_3_23,8.853140830993652
ins_humanrights_page_8_24,7.135305881500244
ins_humanrights_page_6_24,6.866321563720703
ins_humanrights_page_5_24,9.391666412353516
ins_humanrights_page_1_24,11.701245307922363
ins_humanrights_page_2_24,6.621162414550781
ins_humanrights_page_3_24,10.283686637878418
ins_humanrights_page_1_25,9.701401710510254
ins_humanrights_page_2_25,6.534943103790283
ins_humanrights_page_3_25,5.937947750091553
ins_humanrights_page_5_25,11.708564758300781
ins_humanrights_page_6_25,6.891468048095703
ins_humanrights_page_8_25,7.756242275238037
ins_humanrights_page_6_26,2.930096387863159
ins_humanrights_page_1_26,5.086111068725586
ins_humanrights_page_2_26,3.9234697818756104
ins_humanrights_page_3_26,16.618919372558594
ins_humanrights_page_5_26,7.431800842285156
ins_humanrights_page_8_26,1.5855525732040405
ins_humanrights_page_2_27,8.522632598876953
ins_humanrights_page_8_27,5.481719970703125
ins_humanrights_page_6_27,7.1183319091796875
ins_humanrights_page_1_27,2.082805633544922
ins_humanrights_page_3_27,7.816446304321289
ins_humanrights_page_5_27,6.275357246398926
ins_humanrights_page_1_28,8.041852951049805
ins_humanrights_page_2_28,8.831210136413574
ins_humanrights_page_3_28,14.243003845214844
ins_humanrights_page_5_28,4.388849258422852
ins_humanrights_page_6_28,9.249800682067871
ins_humanrights_page_8_28,10.881136894226074
ins_humanrights_page_1_29,5.819472312927246
ins_humanrights_page_2_29,7.7167558670043945
ins_humanrights_page_3_29,3.5090930461883545
ins_humanrights_page_5_29,10.188273429870605
ins_humanrights_page_6_29,6.88032341003418
ins_humanrights_page_8_29,9.762797355651855
ins_humanrights_page_8_30,6.9802703857421875
ins_humanrights_page_5_30,2.4058430194854736
ins_humanrights_page_6_30,2.0568108558654785
ins_humanrights_page_2_30,10.862017631530762
ins_humanrights_page_1_30,8.776927947998047
ins_humanrights_page_3_30,9.718680381774902
ins_humanrights_page_2_31,4.691720008850098
ins_humanrights_page_5_31,9.823813438415527
ins_humanrights_page_6_31,14.792491912841797
ins_humanrights_page_8_31,5.171918869018555
ins_humanrights_page_5_32,3.876315116882324
ins_humanrights_page_8_32,8.73859977722168
ins_humanrights_page_2_32,1.9603862762451172
ins_humanrights_page_2_33,4.709082126617432
ins_humanrights_page_5_33,2.8154592514038086
ins_humanrights_page_8_33,9.253766059875488
ins_humanrights_page_2_34,9.248669624328613
ins_humanrights_page_5_34,7.6899518966674805
ins_humanrights_page_8_34,7.124982833862305
ins_humanrights_page_8_35,10.237759590148926
ins_humanrights_page_2_35,1.6991134881973267
ins_humanrights_page_5_35,10.321993827819824
ins_humanrights_page_8_36,12.41598892211914
ins_humanrights_page_2_36,7.962383270263672
ins_humanrights_page_5_36,4.417430877685547
ins_humanrights_page_2_37,7.886938095092773
ins_humanrights_page_5_37,15.905961990356445
ins_humanrights_page_8_37,6.153865337371826
ins_humanrights_page_2_38,12.27054214477539
ins_humanrights_page_5_38,8.583552360534668
ins_humanrights_page_8_38,11.968957901000977
ins_humanrights_page_8_39,7.085970401763916
ins_humanrights_page_5_39,8.873044967651367
ins_humanrights_page_2_39,5.5090460777282715
ins_humanrights_page_2_40,12.247949600219727
ins_humanrights_page_5_40,2.472890853881836
ins_humanrights_page_8_40,7.214406490325928
ins_humanrights_page_2_41,3.6759257316589355
ins_humanrights_page_5_41,7.216257572174072
ins_humanrights_page_8_41,2.727544069290161
ins_humanrights_page_5_42,9.546302795410156
ins_humanrights_page_8_42,6.839900493621826
ins_humanrights_page_2_42,17.734521865844727
ins_humanrights_page_2_43,6.689352512359619
ins_humanrights_page_5_43,3.1797473430633545
ins_humanrights_page_8_43,11.688946723937988
ins_humanrights_page_2_44,8.85842514038086
ins_humanrights_page_5_44,9.743999481201172
ins_humanrights_page_8_44,1.9949525594711304
ins_humanrights_page_8_45,12.10766887664795
ins_humanrights_page_5_45,4.715819358825684
ins_humanrights_page_2_45,8.037480354309082
ins_humanrights_page_2_46,8.221379280090332
ins_humanrights_page_5_46,14.234999656677246
ins_humanrights_page_8_46,8.304474830627441
ins_humanrights_page_2_47,7.719048500061035
ins_humanrights_page_5_47,8.814929008483887
ins_humanrights_page_8_47,5.805559158325195
ins_humanrights_page_5_48,9.631945610046387
ins_humanrights_page_8_48,7.593421459197998
ins_humanrights_page_2_48,5.984735488891602
ins_humanrights_page_8_49,10.160456657409668
ins_humanrights_page_5_49,5.34122896194458
ins_humanrights_page_2_49,3.6641879081726074
ins_humanrights_page_2_50,13.955384254455566
ins_humanrights_page_5_50,9.323528289794922
ins_humanrights_page_8_50,2.3720483779907227
ins_humanrights_page_2_51,4.729321002960205
ins_humanrights_page_8_51,6.450460910797119
ins_humanrights_page_2_52,7.620211601257324
ins_humanrights_page_8_52,1.8905946016311646
ins_humanrights_page_8_53,2.42431378364563
ins_humanrights_page_8_54,11.2114839553833
ins_humanrights_page_8_55,3.0510849952697754
ins_humanrights_page_8_56,8.20528793334961
ins_humanrights_page_8_57,10.65305233001709
ins_humanrights_page_8_58,1.0622165203094482
ins_humanrights_page_8_59,10.240021705627441
ins_humanrights_page_8_60,1.3116650581359863
ins_humanrights_page_8_61,0.4849938750267029
ins_humanrights_page_8_62,8.200830459594727
ins_humanrights_page_8_63,8.531630516052246
ins_humanrights_page_8_64,0.0553976409137249
ins_humanrights_page_8_65,13.310882568359375
ins_humanrights_page_8_66,3.2695095539093018
ins_humanrights_page_8_67,5.213492393493652
ins_humanrights_page_8_68,0.2129012644290924
ins_humanrights_page_8_69,13.2861967086792
ins_humanrights_page_8_70,0.10906736552715302
ins_humanrights_page_8_71,0.5466070175170898
ins_humanrights_page_8_72,12.588295936584473
ins_humanrights_page_8_73,10.16769027709961
ins_humanrights_page_8_74,6.687371253967285
ins_humanrights_page_8_75,2.8961727619171143
ins_humanrights_page_8_76,2.2796084880828857
ins_humanrights_page_8_77,0.006520898547023535
ins_humanrights_page_8_78,1.7083178758621216
ins_humanrights_page_8_79,1.8515311479568481
ins_humanrights_page_8_80,1.9301527738571167
ins_humanrights_page_8_81,7.589513778686523
ins_humanrights_page_8_82,5.32288932800293
ins_humanrights_page_8_83,0.510132372379303
ins_humanrights_page_8_84,8.684374809265137
ins_humanrights_page_8_85,4.475731372833252
ins_learningmobility_page_1_0,5.53867244720459
ins_learningmobility_page_2_0,10.988073348999023
ins_learningmobility_page_3_0,9.628951072692871
ins_learningmobility_page_4_0,11.903707504272461
ins_learningmobility_page_5_0,6.771359920501709
ins_learningmobility_page_6_0,9.021137237548828
ins_learningmobility_page_7_0,10.163558006286621
ins_learningmobility_page_8_0,8.801018714904785
ins_learningmobility_page_9_0,9.109199523925781
ins_learningmobility_page_9_1,1.3320624828338623
ins_learningmobility_page_8_1,2.856329917907715
ins_learningmobility_page_7_1,7.998517990112305
ins_learningmobility_page_6_1,3.625217914581299
ins_learningmobility_page_2_1,10.948601722717285
ins_learningmobility_page_4_1,7.440792083740234
ins_learningmobility_page_3_1,7.045512676239014
ins_learningmobility_page_1_1,3.83525013923645
ins_learningmobility_page_5_1,5.730539321899414
ins_learningmobility_page_7_2,4.952648639678955
ins_learningmobility_page_9_2,6.960610866546631
ins_learningmobility_page_8_2,8.884166717529297
ins_learningmobility_page_6_2,7.681150436401367
ins_learningmobility_page_2_2,6.24980354309082
ins_learningmobility_page_4_2,8.483491897583008
ins_learningmobility_page_3_2,5.1060791015625
ins_learningmobility_page_1_2,7.685357093811035
ins_learningmobility_page_5_2,9.639406204223633
ins_learningmobility_page_9_3,7.3523454666137695
ins_learningmobility_page_8_3,9.483797073364258
ins_learningmobility_page_7_3,11.778644561767578
ins_learningmobility_page_6_3,5.796999454498291
ins_learningmobility_page_5_3,10.882532119750977
ins_learningmobility_page_3_3,8.940547943115234
ins_learningmobility_page_2_3,10.187568664550781
ins_learningmobility_page_1_3,9.000265121459961
ins_learningmobility_page_4_3,4.860434532165527
ins_learningmobility_page_6_4,10.731306076049805
ins_learningmobility_page_9_4,8.65499496459961
ins_learningmobility_page_8_4,8.040727615356445
ins_learningmobility_page_5_4,5.513642311096191
ins_learningmobility_page_7_4,5.648959636688232
ins_learningmobility_page_3_4,8.505139350891113
ins_learningmobility_page_4_4,11.008052825927734
ins_learningmobility_page_2_4,9.807382583618164
ins_learningmobility_page_1_4,7.874122619628906
ins_learningmobility_page_9_5,9.365263938903809
ins_learningmobility_page_8_5,9.04637336730957
ins_learningmobility_page_7_5,7.532409191131592
ins_learningmobility_page_6_5,6.149500846862793
ins_learningmobility_page_5_5,7.326845645904541
ins_learningmobility_page_4_5,3.7763774394989014
ins_learningmobility_page_3_5,3.642430543899536
ins_learningmobility_page_2_5,6.074771881103516
ins_learningmobility_page_1_5,2.593484878540039
ins_learningmobility_page_8_6,10.922245025634766
ins_learningmobility_page_7_6,3.820563793182373
ins_learningmobility_page_6_6,3.1806955337524414
ins_learningmobility_page_5_6,8.727019309997559
ins_learningmobility_page_9_6,6.3956618309021
ins_learningmobility_page_3_6,7.694445610046387
ins_learningmobility_page_2_6,8.856266021728516
ins_learningmobility_page_1_6,7.755309104919434
ins_learningmobility_page_4_6,12.742305755615234
ins_learningmobility_page_8_7,6.868048667907715
ins_learningmobility_page_7_7,5.186736106872559
ins_learningmobility_page_6_7,9.950766563415527
ins_learningmobility_page_5_7,8.727906227111816
ins_learningmobility_page_9_7,4.520281791687012
ins_learningmobility_page_3_7,3.4752368927001953
ins_learningmobility_page_2_7,8.46892261505127
ins_learningmobility_page_1_7,9.263113021850586
ins_learningmobility_page_4_7,0.6440022587776184
ins_learningmobility_page_9_8,10.437202453613281
ins_learningmobility_page_8_8,10.706703186035156
ins_learningmobility_page_7_8,9.660782814025879
ins_learningmobility_page_6_8,8.43065357208252
ins_learningmobility_page_5_8,3.467864513397217
ins_learningmobility_page_3_8,10.340401649475098
ins_learningmobility_page_2_8,6.9090375900268555
ins_learningmobility_page_1_8,2.2332773208618164
ins_learningmobility_page_4_8,8.998177528381348
ins_learningmobility_page_7_9,2.4574596881866455
ins_learningmobility_page_9_9,4.658073425292969
ins_learningmobility_page_8_9,6.122714996337891
ins_learningmobility_page_6_9,8.358771324157715
ins_learningmobility_page_2_9,7.52382230758667
ins_learningmobility_page_4_9,14.160882949829102
ins_learningmobility_page_3_9,4.516869068145752
ins_learningmobility_page_5_9,11.803321838378906
ins_learningmobility_page_1_9,3.3066868782043457
ins_learningmobility_page_9_10,7.0619330406188965
ins_learningmobility_page_8_10,10.270339012145996
ins_learningmobility_page_7_10,8.426048278808594
ins_learningmobility_page_6_10,12.15986442565918
ins_learningmobility_page_5_10,4.524033069610596
ins_learningmobility_page_4_10,5.840829372406006
ins_learningmobility_page_3_10,12.522128105163574
ins_learningmobility_page_2_10,9.062504768371582
ins_learningmobility_page_1_10,10.274516105651855
ins_learningmobility_page_9_11,13.336238861083984
ins_learningmobility_page_8_11,3.160536766052246
ins_learningmobility_page_7_11,9.71617317199707
ins_learningmobility_page_6_11,4.963255882263184
ins_learningmobility_page_5_11,6.689024925231934
ins_learningmobility_page_4_11,9.597160339355469
ins_learningmobility_page_3_11,3.9090652465820312
ins_learningmobility_page_2_11,10.899348258972168
ins_learningmobility_page_1_11,5.07533597946167
ins_learningmobility_page_9_12,9.622608184814453
ins_learningmobility_page_8_12,3.5364832878112793
ins_learningmobility_page_7_12,7.53933048248291
ins_learningmobility_page_6_12,5.986612319946289
ins_learningmobility_page_5_12,12.477766990661621
ins_learningmobility_page_4_12,16.065616607666016
ins_learningmobility_page_3_12,6.183341026306152
ins_learningmobility_page_2_12,0.15997301042079926
ins_learningmobility_page_1_12,10.634716033935547
ins_learningmobility_page_8_13,7.095469951629639
ins_learningmobility_page_7_13,5.311488151550293
ins_learningmobility_page_6_13,11.178709030151367
ins_learningmobility_page_5_13,2.750973701477051
ins_learningmobility_page_9_13,7.947906017303467
ins_learningmobility_page_3_13,11.508018493652344
ins_learningmobility_page_2_13,5.005045413970947
ins_learningmobility_page_1_13,3.2923593521118164
ins_learningmobility_page_4_13,5.272563934326172
ins_learningmobility_page_9_14,12.295331954956055
ins_learningmobility_page_8_14,2.498079299926758
ins_learningmobility_page_7_14,11.246376037597656
ins_learningmobility_page_6_14,2.6335666179656982
ins_learningmobility_page_5_14,7.487220764160156
ins_learningmobility_page_4_14,10.516551971435547
ins_learningmobility_page_3_14,11.197412490844727
ins_learningmobility_page_2_14,9.603642463684082
ins_learningmobility_page_1_14,9.778243064880371
ins_learningmobility_page_8_15,5.676523208618164
ins_learningmobility_page_7_15,2.979548692703247
ins_learningmobility_page_6_15,9.674723625183105
ins_learningmobility_page_5_15,7.360499382019043
ins_learningmobility_page_9_15,9.390636444091797
ins_learningmobility_page_3_15,7.1982927322387695
ins_learningmobility_page_2_15,10.965738296508789
ins_learningmobility_page_1_15,4.474367141723633
ins_learningmobility_page_4_15,7.301737308502197
ins_learningmobility_page_8_16,8.834568977355957
ins_learningmobility_page_7_16,10.166406631469727
ins_learningmobility_page_6_16,3.7178380489349365
ins_learningmobility_page_5_16,10.071327209472656
ins_learningmobility_page_9_16,4.363530158996582
ins_learningmobility_page_3_16,7.274372577667236
ins_learningmobility_page_2_16,12.781499862670898
ins_learningmobility_page_1_16,7.8306121826171875
ins_learningmobility_page_4_16,3.7850518226623535
ins_learningmobility_page_9_17,5.219730854034424
ins_learningmobility_page_8_17,10.625795364379883
ins_learningmobility_page_7_17,10.09018325805664
ins_learningmobility_page_6_17,5.933962821960449
ins_learningmobility_page_5_17,8.95956039428711
ins_learningmobility_page_3_17,7.9564619064331055
ins_learningmobility_page_2_17,12.197443008422852
ins_learningmobility_page_1_17,3.119955539703369
ins_learningmobility_page_4_17,8.073079109191895
ins_learningmobility_page_7_18,3.415303945541382
ins_learningmobility_page_9_18,4.647706985473633
ins_learningmobility_page_8_18,8.852712631225586
ins_learningmobility_page_6_18,5.999282360076904
ins_learningmobility_page_2_18,6.202327728271484
ins_learningmobility_page_4_18,9.812435150146484
ins_learningmobility_page_1_18,5.483230113983154
ins_learningmobility_page_5_18,0.11715224385261536
ins_learningmobility_page_3_18,9.185094833374023
ins_learningmobility_page_1_19,9.664643287658691
ins_learningmobility_page_2_19,2.123723030090332
ins_learningmobility_page_3_19,6.758052349090576
ins_learningmobility_page_4_19,9.042747497558594
ins_learningmobility_page_5_19,15.115612030029297
ins_learningmobility_page_6_19,10.6389741897583
ins_learningmobility_page_7_19,9.250843048095703
ins_learningmobility_page_8_19,4.325222969055176
ins_learningmobility_page_9_19,5.894742965698242
ins_learningmobility_page_9_20,4.566300868988037
ins_learningmobility_page_8_20,9.341772079467773
ins_learningmobility_page_7_20,7.499744892120361
ins_learningmobility_page_5_20,6.216485500335693
ins_learningmobility_page_6_20,7.211143493652344
ins_learningmobility_page_3_20,8.493961334228516
ins_learningmobility_page_2_20,4.858889579772949
ins_learningmobility_page_1_20,7.556149005889893
ins_learningmobility_page_4_20,12.082764625549316
ins_learningmobility_page_5_21,10.256416320800781
ins_learningmobility_page_1_21,12.427471160888672
ins_learningmobility_page_2_21,12.666891098022461
ins_learningmobility_page_3_21,8.292243957519531
ins_learningmobility_page_4_21,6.373432159423828
ins_learningmobility_page_6_21,6.583127498626709
ins_learningmobility_page_7_21,4.3249921798706055
ins_learningmobility_page_8_21,4.322841644287109
ins_learningmobility_page_9_21,8.306885719299316
ins_learningmobility_page_7_22,8.725510597229004
ins_learningmobility_page_6_22,10.644129753112793
ins_learningmobility_page_8_22,5.0608062744140625
ins_learningmobility_page_5_22,3.7691800594329834
ins_learningmobility_page_9_22,8.389101028442383
ins_learningmobility_page_3_22,5.888826847076416
ins_learningmobility_page_2_22,7.68200159072876
ins_learningmobility_page_1_22,9.528799057006836
ins_learningmobility_page_4_22,3.7460947036743164
ins_learningmobility_page_9_23,3.758047580718994
ins_learningmobility_page_8_23,6.551831245422363
ins_learningmobility_page_7_23,3.8492655754089355
ins_learningmobility_page_6_23,10.994621276855469
ins_learningmobility_page_2_23,7.343594551086426
ins_learningmobility_page_4_23,8.448080062866211
ins_learningmobility_page_3_23,4.329942226409912
ins_learningmobility_page_5_23,6.942331314086914
ins_learningmobility_page_1_23,12.781615257263184
ins_learningmobility_page_8_24,7.984650611877441
ins_learningmobility_page_7_24,4.745511054992676
ins_learningmobility_page_6_24,6.37942361831665
ins_learningmobility_page_5_24,12.907851219177246
ins_learningmobility_page_9_24,6.4474873542785645
ins_learningmobility_page_3_24,8.071484565734863
ins_learningmobility_page_2_24,2.685150384902954
ins_learningmobility_page_1_24,4.3346099853515625
ins_learningmobility_page_4_24,4.346956253051758
ins_learningmobility_page_8_25,3.518730878829956
ins_learningmobility_page_7_25,10.109305381774902
ins_learningmobility_page_6_25,4.772164344787598
ins_learningmobility_page_9_25,13.661595344543457
ins_learningmobility_page_5_25,7.965855598449707
ins_learningmobility_page_3_25,8.443807601928711
ins_learningmobility_page_2_25,11.099678993225098
ins_learningmobility_page_1_25,7.42642879486084
ins_learningmobility_page_4_25,6.386651992797852
ins_learningmobility_page_9_26,12.325796127319336
ins_learningmobility_page_8_26,4.89721155166626
ins_learningmobility_page_7_26,4.756251811981201
ins_learningmobility_page_6_26,7.618441581726074
ins_learningmobility_page_4_26,8.973873138427734
ins_learningmobility_page_3_26,13.097334861755371
ins_learningmobility_page_2_26,4.143648624420166
ins_learningmobility_page_1_26,9.796316146850586
ins_learningmobility_page_5_26,5.89518928527832
ins_learningmobility_page_6_27,4.982961654663086
ins_learningmobility_page_8_27,4.747894287109375
ins_learningmobility_page_7_27,11.463708877563477
ins_learningmobility_page_9_27,9.218698501586914
ins_learningmobility_page_5_27,4.854284763336182
ins_learningmobility_page_3_27,5.2593994140625
ins_learningmobility_page_2_27,10.404211044311523
ins_learningmobility_page_1_27,7.43477725982666
ins_learningmobility_page_4_27,10.390839576721191
ins_learningmobility_page_1_28,5.4135260581970215
ins_learningmobility_page_2_28,5.3815388679504395
ins_learningmobility_page_3_28,7.476715087890625
ins_learningmobility_page_4_28,4.321751594543457
ins_learningmobility_page_5_28,10.96388053894043
ins_learningmobility_page_6_28,10.605710983276367
ins_learningmobility_page_7_28,9.724786758422852
ins_learningmobility_page_8_28,9.60976791381836
ins_learningmobility_page_9_28,5.143254280090332
ins_learningmobility_page_8_29,5.60682487487793
ins_learningmobility_page_7_29,6.258007049560547
ins_learningmobility_page_6_29,5.92030668258667
ins_learningmobility_page_9_29,5.181428909301758
ins_learningmobility_page_3_29,8.175626754760742
ins_learningmobility_page_2_29,13.508798599243164
ins_learningmobility_page_1_29,12.931407928466797
ins_learningmobility_page_4_29,11.92455768585205
ins_learningmobility_page_8_30,12.572500228881836
ins_learningmobility_page_7_30,10.03816032409668
ins_learningmobility_page_6_30,11.430233001708984
ins_learningmobility_page_9_30,9.165660858154297
ins_learningmobility_page_3_30,3.755497455596924
ins_learningmobility_page_2_30,1.6867462396621704
ins_learningmobility_page_1_30,15.61762809753418
ins_learningmobility_page_4_30,9.843084335327148
ins_learningmobility_page_1_31,9.606237411499023
ins_learningmobility_page_2_31,9.09969711303711
ins_learningmobility_page_3_31,5.707815170288086
ins_learningmobility_page_4_31,4.585618019104004
ins_learningmobility_page_6_31,7.813972473144531
ins_learningmobility_page_7_31,6.118005752563477
ins_learningmobility_page_8_31,6.531298637390137
ins_learningmobility_page_9_31,0.5862401723861694
ins_learningmobility_page_9_32,7.28941535949707
ins_learningmobility_page_8_32,8.111191749572754
ins_learningmobility_page_7_32,8.202408790588379
ins_learningmobility_page_6_32,2.2032885551452637
ins_learningmobility_page_3_32,6.38140869140625
ins_learningmobility_page_2_32,8.012882232666016
ins_learningmobility_page_1_32,4.747192859649658
ins_learningmobility_page_4_32,10.067763328552246
ins_learningmobility_page_1_33,10.742881774902344
ins_learningmobility_page_2_33,12.626381874084473
ins_learningmobility_page_3_33,7.168796062469482
ins_learningmobility_page_4_33,3.155979871749878
ins_learningmobility_page_6_33,6.501564025878906
ins_learningmobility_page_7_33,12.782950401306152
ins_learningmobility_page_8_33,10.076037406921387
ins_learningmobility_page_9_33,9.40485954284668
ins_learningmobility_page_8_34,4.371157646179199
ins_learningmobility_page_7_34,4.359369277954102
ins_learningmobility_page_6_34,9.89044189453125
ins_learningmobility_page_9_34,3.6812071800231934
ins_learningmobility_page_3_34,11.323906898498535
ins_learningmobility_page_2_34,3.824387550354004
ins_learningmobility_page_1_34,9.702771186828613
ins_learningmobility_page_4_34,10.979606628417969
ins_learningmobility_page_8_35,11.756659507751465
ins_learningmobility_page_7_35,7.252285957336426
ins_learningmobility_page_6_35,10.027944564819336
ins_learningmobility_page_9_35,7.442923545837402
ins_learningmobility_page_3_35,10.01609992980957
ins_learningmobility_page_2_35,11.19437313079834
ins_learningmobility_page_1_35,10.258034706115723
ins_learningmobility_page_4_35,4.42026424407959
ins_learningmobility_page_1_36,6.035466194152832
ins_learningmobility_page_2_36,7.8064117431640625
ins_learningmobility_page_3_36,2.9119181632995605
ins_learningmobility_page_4_36,7.918184280395508
ins_learningmobility_page_6_36,4.400372505187988
ins_learningmobility_page_7_36,9.750823020935059
ins_learningmobility_page_8_36,0.9231109619140625
ins_learningmobility_page_9_36,10.532063484191895
ins_learningmobility_page_8_37,13.137142181396484
ins_learningmobility_page_9_37,10.633255004882812
ins_learningmobility_page_7_37,1.8770791292190552
ins_learningmobility_page_6_37,9.466322898864746
ins_learningmobility_page_4_37,10.92497730255127
ins_learningmobility_page_3_37,12.574651718139648
ins_learningmobility_page_2_37,9.665230751037598
ins_learningmobility_page_1_37,7.245552062988281
ins_learningmobility_page_1_38,6.009494781494141
ins_learningmobility_page_2_38,3.718411445617676
ins_learningmobility_page_3_38,8.701716423034668
ins_learningmobility_page_4_38,9.046700477600098
ins_learningmobility_page_6_38,4.238696098327637
ins_learningmobility_page_7_38,9.505108833312988
ins_learningmobility_page_8_38,2.8543715476989746
ins_learningmobility_page_9_38,10.116671562194824
ins_learningmobility_page_8_39,8.28300952911377
ins_learningmobility_page_7_39,7.387894153594971
ins_learningmobility_page_6_39,2.7261433601379395
ins_learningmobility_page_9_39,6.593748092651367
ins_learningmobility_page_3_39,12.002041816711426
ins_learningmobility_page_2_39,10.908241271972656
ins_learningmobility_page_1_39,10.370145797729492
ins_learningmobility_page_4_39,4.13363790512085
ins_learningmobility_page_8_40,9.976180076599121
ins_learningmobility_page_7_40,4.971922874450684
ins_learningmobility_page_6_40,10.232198715209961
ins_learningmobility_page_9_40,5.527480125427246
ins_learningmobility_page_3_40,5.31121301651001
ins_learningmobility_page_2_40,6.848672866821289
ins_learningmobility_page_1_40,9.340619087219238
ins_learningmobility_page_4_40,12.155564308166504
ins_learningmobility_page_1_41,11.674016952514648
ins_learningmobility_page_2_41,7.609881401062012
ins_learningmobility_page_3_41,6.716841697692871
ins_learningmobility_page_4_41,9.962236404418945
ins_learningmobility_page_6_41,9.606776237487793
ins_learningmobility_page_7_41,9.4703950881958
ins_learningmobility_page_8_41,9.231308937072754
ins_learningmobility_page_9_41,9.790717124938965
ins_learningmobility_page_7_42,10.581937789916992
ins_learningmobility_page_9_42,5.319136142730713
ins_learningmobility_page_8_42,13.134427070617676
ins_learningmobility_page_4_42,10.333622932434082
ins_learningmobility_page_2_42,8.620075225830078
ins_learningmobility_page_3_42,7.365198135375977
ins_learningmobility_page_1_42,14.960755348205566
ins_learningmobility_page_6_42,9.577727317810059
ins_learningmobility_page_1_43,0.6945147514343262
ins_learningmobility_page_2_43,3.370950698852539
ins_learningmobility_page_3_43,7.539056301116943
ins_learningmobility_page_4_43,4.855487823486328
ins_learningmobility_page_6_43,6.3441267013549805
ins_learningmobility_page_7_43,5.331430435180664
ins_learningmobility_page_8_43,7.298198699951172
ins_learningmobility_page_9_43,8.113337516784668
ins_learningmobility_page_9_44,10.173120498657227
ins_learningmobility_page_7_44,7.382225513458252
ins_learningmobility_page_6_44,8.292903900146484
ins_learningmobility_page_8_44,11.508264541625977
ins_learningmobility_page_3_44,8.087817192077637
ins_learningmobility_page_2_44,14.572983741760254
ins_learningmobility_page_1_44,8.120552062988281
ins_learningmobility_page_4_44,10.762369155883789
ins_learningmobility_page_9_45,2.9687817096710205
ins_learningmobility_page_8_45,6.610287666320801
ins_learningmobility_page_6_45,10.22630500793457
ins_learningmobility_page_7_45,11.292040824890137
ins_learningmobility_page_3_45,11.900924682617188
ins_learningmobility_page_2_45,9.951135635375977
ins_learningmobility_page_1_45,8.690988540649414
ins_learningmobility_page_4_45,4.640839099884033
ins_learningmobility_page_8_46,5.331668853759766
ins_learningmobility_page_1_46,4.150425910949707
ins_learningmobility_page_2_46,14.237805366516113
ins_learningmobility_page_3_46,10.226451873779297
ins_learningmobility_page_4_46,7.641674041748047
ins_learningmobility_page_6_46,3.60886549949646
ins_learningmobility_page_7_46,5.8415632247924805
ins_learningmobility_page_9_46,6.989623069763184
ins_learningmobility_page_9_47,9.354706764221191
ins_learningmobility_page_8_47,10.73843002319336
ins_learningmobility_page_6_47,7.894697666168213
ins_learningmobility_page_7_47,11.11306381225586
ins_learningmobility_page_3_47,16.267032623291016
ins_learningmobility_page_4_47,7.71484899520874
ins_learningmobility_page_2_47,9.624137878417969
ins_learningmobility_page_1_47,9.665197372436523
ins_learningmobility_page_1_48,10.836090087890625
ins_learningmobility_page_2_48,2.34002685546875
ins_learningmobility_page_3_48,5.869688987731934
ins_learningmobility_page_4_48,7.40242338180542
ins_learningmobility_page_6_48,8.605003356933594
ins_learningmobility_page_7_48,10.129242897033691
ins_learningmobility_page_8_48,3.779573917388916
ins_learningmobility_page_9_48,5.791130065917969
ins_learningmobility_page_8_49,3.090181827545166
ins_learningmobility_page_7_49,12.445611953735352
ins_learningmobility_page_6_49,3.299095869064331
ins_learningmobility_page_9_49,11.143720626831055
ins_learningmobility_page_3_49,8.837522506713867
ins_learningmobility_page_2_49,12.523740768432617
ins_learningmobility_page_1_49,10.263398170471191
ins_learningmobility_page_4_49,8.336248397827148
ins_learningmobility_page_8_50,9.785931587219238
ins_learningmobility_page_7_50,13.796794891357422
ins_learningmobility_page_6_50,14.876609802246094
ins_learningmobility_page_9_50,9.818375587463379
ins_learningmobility_page_3_50,11.74748706817627
ins_learningmobility_page_2_50,8.864768981933594
ins_learningmobility_page_1_50,6.32360315322876
ins_learningmobility_page_4_50,2.9054770469665527
ins_learningmobility_page_1_51,7.534497261047363
ins_learningmobility_page_2_51,5.2649335861206055
ins_learningmobility_page_3_51,11.873411178588867
ins_learningmobility_page_4_51,11.578195571899414
ins_learningmobility_page_6_51,6.272918701171875
ins_learningmobility_page_7_51,10.344400405883789
ins_learningmobility_page_8_51,6.112722873687744
ins_learningmobility_page_9_51,12.026744842529297
ins_learningmobility_page_9_52,9.46860122680664
ins_learningmobility_page_8_52,5.409239768981934
ins_learningmobility_page_6_52,4.229351043701172
ins_learningmobility_page_7_52,11.280550956726074
ins_learningmobility_page_3_52,9.811548233032227
ins_learningmobility_page_2_52,9.595252990722656
ins_learningmobility_page_1_52,3.260995864868164
ins_learningmobility_page_4_52,8.042743682861328
ins_learningmobility_page_8_53,9.141140937805176
ins_learningmobility_page_7_53,11.983888626098633
ins_learningmobility_page_6_53,12.621472358703613
ins_learningmobility_page_9_53,5.222343921661377
ins_learningmobility_page_3_53,7.124101638793945
ins_learningmobility_page_2_53,4.478139877319336
ins_learningmobility_page_1_53,6.789648056030273
ins_learningmobility_page_4_53,12.673208236694336
ins_learningmobility_page_1_54,11.099773406982422
ins_learningmobility_page_2_54,7.260100364685059
ins_learningmobility_page_3_54,9.085878372192383
ins_learningmobility_page_4_54,10.191757202148438
ins_learningmobility_page_6_54,8.98258113861084
ins_learningmobility_page_7_54,3.755361557006836
ins_learningmobility_page_8_54,8.957080841064453
ins_learningmobility_page_9_54,9.182354927062988
ins_learningmobility_page_7_55,8.441386222839355
ins_learningmobility_page_8_55,2.0552287101745605
ins_learningmobility_page_9_55,10.3966646194458
ins_learningmobility_page_6_55,12.194293022155762
ins_learningmobility_page_2_55,9.485428810119629
ins_learningmobility_page_3_55,7.427403450012207
ins_learningmobility_page_1_55,10.38375473022461
ins_learningmobility_page_4_55,7.360471725463867
ins_learningmobility_page_9_56,2.605663776397705
ins_learningmobility_page_7_56,7.865456581115723
ins_learningmobility_page_6_56,13.795587539672852
ins_learningmobility_page_8_56,9.121718406677246
ins_learningmobility_page_3_56,8.300582885742188
ins_learningmobility_page_2_56,5.164474964141846
ins_learningmobility_page_1_56,9.50779914855957
ins_learningmobility_page_4_56,6.786728382110596
ins_learningmobility_page_8_57,13.731876373291016
ins_learningmobility_page_1_57,7.714593887329102
ins_learningmobility_page_2_57,8.443342208862305
ins_learningmobility_page_3_57,11.996196746826172
ins_learningmobility_page_4_57,8.817756652832031
ins_learningmobility_page_6_57,9.163049697875977
ins_learningmobility_page_7_57,6.1762166023254395
ins_learningmobility_page_9_57,8.127596855163574
ins_learningmobility_page_2_58,7.179600715637207
ins_learningmobility_page_8_58,12.39981460571289
ins_learningmobility_page_9_58,3.7669591903686523
ins_learningmobility_page_7_58,13.126852989196777
ins_learningmobility_page_1_58,6.086944103240967
ins_learningmobility_page_4_58,4.720858573913574
ins_learningmobility_page_6_58,11.124041557312012
ins_learningmobility_page_3_58,4.313283443450928
ins_learningmobility_page_1_59,7.799703598022461
ins_learningmobility_page_2_59,11.176742553710938
ins_learningmobility_page_3_59,12.352132797241211
ins_learningmobility_page_4_59,10.990111351013184
ins_learningmobility_page_6_59,3.8891429901123047
ins_learningmobility_page_7_59,4.566442966461182
ins_learningmobility_page_9_59,8.261487007141113
ins_learningmobility_page_9_60,3.8237709999084473
ins_learningmobility_page_7_60,12.217636108398438
ins_learningmobility_page_6_60,9.4930419921875
ins_learningmobility_page_1_60,9.222295761108398
ins_learningmobility_page_3_60,9.773650169372559
ins_learningmobility_page_2_60,6.5400800704956055
ins_learningmobility_page_4_60,4.4608893394470215
ins_learningmobility_page_7_61,11.005790710449219
ins_learningmobility_page_9_61,6.4875006675720215
ins_learningmobility_page_4_61,10.234614372253418
ins_learningmobility_page_3_61,9.2291898727417
ins_learningmobility_page_1_61,8.509787559509277
ins_learningmobility_page_6_61,10.576767921447754
ins_learningmobility_page_1_62,7.3000030517578125
ins_learningmobility_page_3_62,8.32603645324707
ins_learningmobility_page_4_62,4.540460586547852
ins_learningmobility_page_6_62,5.410367965698242
ins_learningmobility_page_7_62,7.6293182373046875
ins_learningmobility_page_9_62,12.278085708618164
ins_learningmobility_page_7_63,5.336963176727295
ins_learningmobility_page_1_63,6.9528279304504395
ins_learningmobility_page_3_63,5.303933143615723
ins_learningmobility_page_4_63,8.147420883178711
ins_learningmobility_page_6_63,11.330060958862305
ins_learningmobility_page_9_63,1.1794707775115967
ins_learningmobility_page_9_64,12.973657608032227
ins_learningmobility_page_6_64,7.906904220581055
ins_learningmobility_page_7_64,10.791816711425781
ins_learningmobility_page_3_64,11.123244285583496
ins_learningmobility_page_1_64,10.914571762084961
ins_learningmobility_page_4_64,4.175811767578125
ins_learningmobility_page_1_65,9.185945510864258
ins_learningmobility_page_3_65,3.809119701385498
ins_learningmobility_page_4_65,9.191859245300293
ins_learningmobility_page_6_65,13.474177360534668
ins_learningmobility_page_7_65,7.287569046020508
ins_learningmobility_page_9_65,9.360932350158691
ins_learningmobility_page_9_66,11.044682502746582
ins_learningmobility_page_7_66,7.042069911956787
ins_learningmobility_page_6_66,9.686559677124023
ins_learningmobility_page_3_66,4.007214546203613
ins_learningmobility_page_4_66,8.265242576599121
ins_learningmobility_page_3_67,9.489026069641113
ins_learningmobility_page_4_67,5.433868885040283
ins_learningmobility_page_6_67,8.857898712158203
ins_learningmobility_page_7_67,10.556718826293945
ins_learningmobility_page_9_67,5.1791462898254395
ins_learningmobility_page_7_68,8.309436798095703
ins_learningmobility_page_9_68,6.784747123718262
ins_learningmobility_page_4_68,8.376371383666992
ins_learningmobility_page_3_68,8.127262115478516
ins_learningmobility_page_6_68,10.69511604309082
ins_learningmobility_page_3_69,6.052217483520508
ins_learningmobility_page_4_69,4.266567707061768
ins_learningmobility_page_6_69,10.497252464294434
ins_learningmobility_page_7_69,6.066441059112549
ins_learningmobility_page_9_69,10.447783470153809
ins_learningmobility_page_9_70,3.924368381500244
ins_learningmobility_page_7_70,5.731756687164307
ins_learningmobility_page_6_70,5.927131175994873
ins_learningmobility_page_3_70,15.73935604095459
ins_learningmobility_page_4_70,12.195061683654785
ins_learningmobility_page_3_71,9.104284286499023
ins_learningmobility_page_4_71,9.152568817138672
ins_learningmobility_page_6_71,3.981581687927246
ins_learningmobility_page_7_71,5.624110698699951
ins_learningmobility_page_9_71,10.284821510314941
ins_learningmobility_page_7_72,7.6788330078125
ins_learningmobility_page_9_72,5.3144025802612305
ins_learningmobility_page_6_72,6.848861217498779
ins_learningmobility_page_3_72,8.86497974395752
ins_learningmobility_page_4_72,8.641220092773438
ins_learningmobility_page_3_73,2.9072139263153076
ins_learningmobility_page_4_73,12.810576438903809
ins_learningmobility_page_6_73,5.779938220977783
ins_learningmobility_page_7_73,9.329801559448242
ins_learningmobility_page_9_73,8.621033668518066
ins_learningmobility_page_3_74,5.590599536895752
ins_learningmobility_page_4_74,10.840473175048828
ins_learningmobility_page_6_74,13.119068145751953
ins_learningmobility_page_9_74,10.506621360778809
ins_learningmobility_page_3_75,11.154577255249023
ins_learningmobility_page_4_75,2.815932273864746
ins_learningmobility_page_6_75,4.559703350067139
ins_learningmobility_page_9_75,4.7233805656433105
ins_learningmobility_page_6_76,7.316162109375
ins_learningmobility_page_9_76,9.565454483032227
ins_learningmobility_page_3_76,6.18360710144043
ins_learningmobility_page_4_76,10.039073944091797
ins_learningmobility_page_3_77,10.560399055480957
ins_learningmobility_page_4_77,10.166062355041504
ins_learningmobility_page_6_77,8.894389152526855
ins_learningmobility_page_9_77,4.989855766296387
ins_learningmobility_page_3_78,6.092258453369141
ins_learningmobility_page_4_78,4.456686973571777
ins_learningmobility_page_6_78,5.947734832763672
ins_learningmobility_page_9_78,13.44105339050293
ins_learningmobility_page_9_79,2.8645009994506836
ins_learningmobility_page_6_79,11.108716011047363
ins_learningmobility_page_3_79,10.467794418334961
ins_learningmobility_page_4_79,9.76858139038086
ins_learningmobility_page_3_80,4.188516616821289
ins_learningmobility_page_4_80,7.449304103851318
ins_learningmobility_page_9_80,12.558923721313477
ins_learningmobility_page_9_81,11.584010124206543
ins_learningmobility_page_3_81,10.08407974243164
ins_learningmobility_page_4_81,13.17814826965332
ins_learningmobility_page_4_82,0.6839467883110046
ins_learningmobility_page_9_82,6.669436454772949
ins_learningmobility_page_3_82,13.720640182495117
ins_learningmobility_page_3_83,12.558837890625
ins_learningmobility_page_4_83,8.375971794128418
ins_learningmobility_page_9_83,8.586764335632324
ins_learningmobility_page_3_84,8.381138801574707
ins_learningmobility_page_4_84,11.908964157104492
ins_learningmobility_page_9_84,12.263238906860352
ins_learningmobility_page_3_85,6.804745674133301
ins_learningmobility_page_4_85,1.4247117042541504
ins_learningmobility_page_9_85,7.658510208129883
ins_learningmobility_page_9_86,0.9303601980209351
ins_learningmobility_page_3_86,6.548089504241943
ins_learningmobility_page_4_86,2.907073736190796
ins_learningmobility_page_3_87,5.326258659362793
ins_learningmobility_page_4_87,9.38175106048584
ins_learningmobility_page_9_87,9.050040245056152
ins_learningmobility_page_3_88,10.355536460876465
ins_learningmobility_page_4_88,5.124417304992676
ins_learningmobility_page_9_88,6.084883213043213
ins_learningmobility_page_9_89,9.511343002319336
ins_learningmobility_page_4_89,6.892900466918945
ins_learningmobility_page_3_89,2.697211742401123
ins_learningmobility_page_3_90,9.419591903686523
ins_learningmobility_page_4_90,12.166754722595215
ins_learningmobility_page_9_90,8.741643905639648
ins_learningmobility_page_3_91,12.71706485748291
ins_learningmobility_page_4_91,12.832845687866211
ins_learningmobility_page_9_91,14.286335945129395
ins_learningmobility_page_4_92,12.627274513244629
ins_learningmobility_page_9_92,11.08823013305664
ins_learningmobility_page_3_92,8.589056968688965
ins_learningmobility_page_3_93,5.571898460388184
ins_learningmobility_page_9_93,5.272063255310059
ins_learningmobility_page_3_94,9.627035140991211
ins_learningmobility_page_9_94,11.921760559082031
ins_learningmobility_page_9_95,3.6067709922790527
ins_learningmobility_page_9_96,9.135438919067383
ins_learningmobility_page_9_97,0.7844829559326172
ins_learningmobility_page_9_98,10.339125633239746
ins_learningmobility_page_9_99,2.501145601272583
ins_learningmobility_page_9_100,3.7081363201141357
ins_learningmobility_page_9_101,0.2278042435646057
ins_learningmobility_page_9_102,5.639270782470703
lit_alchemist_page_1_0,8.492372512817383
lit_alchemist_page_2_0,2.979651927947998
lit_alchemist_page_3_0,6.677944183349609
lit_alchemist_page_4_0,8.978479385375977
lit_alchemist_page_5_0,10.07797908782959
lit_alchemist_page_1_1,4.464350700378418
lit_alchemist_page_2_1,5.007981300354004
lit_alchemist_page_3_1,4.9594502449035645
lit_alchemist_page_4_1,10.143716812133789
lit_alchemist_page_5_1,10.619413375854492
lit_alchemist_page_5_2,13.352376937866211
lit_alchemist_page_3_2,3.66058349609375
lit_alchemist_page_4_2,8.939828872680664
lit_alchemist_page_1_2,11.667339324951172
lit_alchemist_page_2_2,8.307178497314453
lit_alchemist_page_1_3,5.086578369140625
lit_alchemist_page_2_3,2.683429479598999
lit_alchemist_page_3_3,3.1456336975097656
lit_alchemist_page_4_3,4.8633222579956055
lit_alchemist_page_5_3,8.62983512878418
lit_alchemist_page_1_4,9.394189834594727
lit_alchemist_page_2_4,8.46132755279541
lit_alchemist_page_3_4,5.069880485534668
lit_alchemist_page_4_4,8.491575241088867
lit_alchemist_page_5_4,1.7650208473205566
lit_alchemist_page_5_5,4.307822227478027
lit_alchemist_page_4_5,4.692754745483398
lit_alchemist_page_1_5,4.486049652099609
lit_alchemist_page_2_5,4.643723011016846
lit_alchemist_page_3_5,8.206153869628906
lit_alchemist_page_1_6,7.38433837890625
lit_alchemist_page_2_6,9.667266845703125
lit_alchemist_page_3_6,10.540799140930176
lit_alchemist_page_4_6,14.257353782653809
lit_alchemist_page_5_6,7.1242756843566895
lit_alchemist_page_4_7,7.27093505859375
lit_alchemist_page_3_7,4.4856767654418945
lit_alchemist_page_5_7,11.058982849121094
lit_alchemist_page_1_7,13.632280349731445
lit_alchemist_page_2_7,6.751238822937012
lit_alchemist_page_1_8,3.352907180786133
lit_alchemist_page_2_8,5.811980724334717
lit_alchemist_page_3_8,8.36998462677002
lit_alchemist_page_4_8,7.774317264556885
lit_alchemist_page_5_8,9.630085945129395
lit_alchemist_page_1_9,5.6349263191223145
lit_alchemist_page_2_9,11.818251609802246
lit_alchemist_page_3_9,4.370818614959717
lit_alchemist_page_4_9,7.15995979309082
lit_alchemist_page_5_9,9.985286712646484
lit_alchemist_page_5_10,3.850869655609131
lit_alchemist_page_3_10,8.569278717041016
lit_alchemist_page_4_10,6.495904445648193
lit_alchemist_page_1_10,6.688730716705322
lit_alchemist_page_2_10,4.8930559158325195
lit_alchemist_page_1_11,6.847082614898682
lit_alchemist_page_2_11,9.341812133789062
lit_alchemist_page_3_11,13.242670059204102
lit_alchemist_page_4_11,8.576889038085938
lit_alchemist_page_5_11,7.577177047729492
lit_alchemist_page_5_12,6.010496616363525
lit_alchemist_page_3_12,7.015302658081055
lit_alchemist_page_4_12,7.1899614334106445
lit_alchemist_page_1_12,9.552007675170898
lit_alchemist_page_2_12,7.334839820861816
lit_alchemist_page_1_13,5.736586570739746
lit_alchemist_page_2_13,5.272649765014648
lit_alchemist_page_3_13,8.03745174407959
lit_alchemist_page_4_13,10.139965057373047
lit_alchemist_page_5_13,6.537650108337402
lit_alchemist_page_4_14,6.360195159912109
lit_alchemist_page_1_14,8.06649398803711
lit_alchemist_page_2_14,4.506844520568848
lit_alchemist_page_3_14,9.708623886108398
lit_alchemist_page_5_14,3.8427865505218506
lit_alchemist_page_5_15,8.478607177734375
lit_alchemist_page_3_15,8.631032943725586
lit_alchemist_page_4_15,12.678359985351562
lit_alchemist_page_1_15,5.889898300170898
lit_alchemist_page_2_15,8.319058418273926
lit_alchemist_page_1_16,5.134420394897461
lit_alchemist_page_2_16,6.0972819328308105
lit_alchemist_page_3_16,7.63302755355835
lit_alchemist_page_4_16,4.471224784851074
lit_alchemist_page_5_16,6.916131019592285
lit_alchemist_page_5_17,1.2418078184127808
lit_alchemist_page_1_17,5.998682498931885
lit_alchemist_page_2_17,12.253357887268066
lit_alchemist_page_3_17,7.364143371582031
lit_alchemist_page_4_17,7.880659103393555
lit_alchemist_page_5_18,10.275728225708008
lit_alchemist_page_4_18,8.029899597167969
lit_alchemist_page_2_18,10.526313781738281
lit_alchemist_page_1_18,9.305757522583008
lit_alchemist_page_3_18,10.373927116394043
lit_alchemist_page_5_19,7.272350311279297
lit_alchemist_page_1_19,8.027774810791016
lit_alchemist_page_2_19,6.3084306716918945
lit_alchemist_page_3_19,5.773554801940918
lit_alchemist_page_4_19,5.50256872177124
lit_alchemist_page_3_20,5.756841659545898
lit_alchemist_page_4_20,8.134163856506348
lit_alchemist_page_1_20,9.38361930847168
lit_alchemist_page_2_20,7.23557186126709
lit_alchemist_page_5_20,5.995301723480225
lit_alchemist_page_5_21,10.85648250579834
lit_alchemist_page_3_21,8.139069557189941
lit_alchemist_page_4_21,7.0084686279296875
lit_alchemist_page_2_21,6.623632907867432
lit_alchemist_page_1_21,8.273551940917969
lit_alchemist_page_1_22,9.911344528198242
lit_alchemist_page_2_22,4.355348587036133
lit_alchemist_page_3_22,6.98471736907959
lit_alchemist_page_4_22,7.382865905761719
lit_alchemist_page_5_22,5.134838104248047
lit_alchemist_page_1_23,4.731832981109619
lit_alchemist_page_2_23,8.558477401733398
lit_alchemist_page_3_23,6.565915107727051
lit_alchemist_page_4_23,6.219338417053223
lit_alchemist_page_5_23,7.5866241455078125
lit_alchemist_page_5_24,9.570958137512207
lit_alchemist_page_4_24,8.864705085754395
lit_alchemist_page_3_24,8.555234909057617
lit_alchemist_page_2_24,9.576346397399902
lit_alchemist_page_1_24,8.813188552856445
lit_alchemist_page_1_25,3.0125889778137207
lit_alchemist_page_2_25,9.987996101379395
lit_alchemist_page_3_25,5.538388252258301
lit_alchemist_page_4_25,3.2457900047302246
lit_alchemist_page_5_25,8.348217010498047
lit_alchemist_page_1_26,6.5226545333862305
lit_alchemist_page_2_26,8.566174507141113
lit_alchemist_page_3_26,9.476367950439453
lit_alchemist_page_4_26,7.190941333770752
lit_alchemist_page_5_26,9.51565170288086
lit_alchemist_page_5_27,4.130002498626709
lit_alchemist_page_4_27,6.316552639007568
lit_alchemist_page_1_27,4.394446849822998
lit_alchemist_page_2_27,3.878621816635132
lit_alchemist_page_3_27,8.148628234863281
lit_alchemist_page_1_28,4.795679092407227
lit_alchemist_page_2_28,9.557591438293457
lit_alchemist_page_3_28,8.771299362182617
lit_alchemist_page_4_28,8.239494323730469
lit_alchemist_page_5_28,4.233087539672852
lit_alchemist_page_1_29,10.565786361694336
lit_alchemist_page_2_29,4.333054542541504
lit_alchemist_page_3_29,8.310640335083008
lit_alchemist_page_4_29,12.519966125488281
lit_alchemist_page_5_29,2.7574234008789062
lit_alchemist_page_5_30,6.763957977294922
lit_alchemist_page_4_30,10.04391098022461
lit_alchemist_page_1_30,10.394427299499512
lit_alchemist_page_2_30,8.84698486328125
lit_alchemist_page_3_30,3.823261260986328
lit_alchemist_page_1_31,4.030120849609375
lit_alchemist_page_2_31,6.014038562774658
lit_alchemist_page_3_31,7.202179908752441
lit_alchemist_page_4_31,5.851452350616455
lit_alchemist_page_5_31,7.29311466217041
lit_alchemist_page_4_32,7.120894432067871
lit_alchemist_page_5_32,4.294538497924805
lit_alchemist_page_3_32,8.18289852142334
lit_alchemist_page_2_32,6.329866409301758
lit_alchemist_page_1_32,8.669076919555664
lit_alchemist_page_1_33,1.9173357486724854
lit_alchemist_page_2_33,5.5096611976623535
lit_alchemist_page_3_33,3.9453158378601074
lit_alchemist_page_4_33,13.856378555297852
lit_alchemist_page_5_33,5.859217166900635
lit_alchemist_page_1_34,10.55339241027832
lit_alchemist_page_2_34,8.378183364868164
lit_alchemist_page_3_34,5.801675796508789
lit_alchemist_page_4_34,5.621212482452393
lit_alchemist_page_5_34,9.704638481140137
lit_alchemist_page_5_35,7.932293891906738
lit_alchemist_page_4_35,10.183306694030762
lit_alchemist_page_1_35,11.872313499450684
lit_alchemist_page_2_35,11.36467456817627
lit_alchemist_page_3_35,2.7082009315490723
lit_alchemist_page_1_36,9.125885009765625
lit_alchemist_page_2_36,4.535208702087402
lit_alchemist_page_3_36,6.384984016418457
lit_alchemist_page_4_36,3.8128068447113037
lit_alchemist_page_5_36,6.927934646606445
lit_alchemist_page_4_37,9.208020210266113
lit_alchemist_page_3_37,6.958108901977539
lit_alchemist_page_5_37,6.1488118171691895
lit_alchemist_page_1_37,9.411534309387207
lit_alchemist_page_2_37,6.100183963775635
lit_alchemist_page_1_38,6.348092555999756
lit_alchemist_page_2_38,6.23300838470459
lit_alchemist_page_3_38,5.423423767089844
lit_alchemist_page_4_38,3.11747670173645
lit_alchemist_page_5_38,6.867824077606201
lit_alchemist_page_1_39,11.874881744384766
lit_alchemist_page_2_39,10.649102210998535
lit_alchemist_page_3_39,5.512299537658691
lit_alchemist_page_4_39,4.959141731262207
lit_alchemist_page_5_39,9.175466537475586
lit_alchemist_page_5_40,7.066211700439453
lit_alchemist_page_4_40,5.462055206298828
lit_alchemist_page_2_40,2.9507713317871094
lit_alchemist_page_1_40,9.628216743469238
lit_alchemist_page_3_40,4.227336883544922
lit_alchemist_page_1_41,8.243509292602539
lit_alchemist_page_2_41,15.413747787475586
lit_alchemist_page_3_41,10.2653169631958
lit_alchemist_page_4_41,8.619165420532227
lit_alchemist_page_5_41,6.19286584854126
lit_alchemist_page_4_42,6.088152885437012
lit_alchemist_page_1_42,6.618413925170898
lit_alchemist_page_2_42,8.72757339477539
lit_alchemist_page_3_42,4.497903347015381
lit_alchemist_page_5_42,8.246172904968262
lit_alchemist_page_5_43,4.728141784667969
lit_alchemist_page_4_43,4.360476493835449
lit_alchemist_page_1_43,10.710284233093262
lit_alchemist_page_2_43,8.873878479003906
lit_alchemist_page_3_43,9.888397216796875
lit_alchemist_page_1_44,7.765406608581543
lit_alchemist_page_2_44,9.315545082092285
lit_alchemist_page_3_44,6.740504264831543
lit_alchemist_page_4_44,8.757380485534668
lit_alchemist_page_5_44,7.977290630340576
lit_alchemist_page_4_45,6.647435188293457
lit_alchemist_page_3_45,4.593916893005371
lit_alchemist_page_5_45,11.018797874450684
lit_alchemist_page_1_45,8.91212272644043
lit_alchemist_page_2_45,11.196324348449707
lit_alchemist_page_1_46,8.472375869750977
lit_alchemist_page_2_46,4.372820854187012
lit_alchemist_page_3_46,1.9300615787506104
lit_alchemist_page_4_46,11.326828956604004
lit_alchemist_page_5_46,10.138215065002441
lit_alchemist_page_1_47,8.902961730957031
lit_alchemist_page_2_47,1.5936461687088013
lit_alchemist_page_3_47,7.606980323791504
lit_alchemist_page_4_47,3.3579390048980713
lit_alchemist_page_5_47,7.810497760772705
lit_alchemist_page_5_48,7.841362476348877
lit_alchemist_page_4_48,9.363899230957031
lit_alchemist_page_3_48,7.401877403259277
lit_alchemist_page_2_48,4.99672794342041
lit_alchemist_page_1_48,3.9289402961730957
lit_alchemist_page_1_49,12.497678756713867
lit_alchemist_page_2_49,10.711885452270508
lit_alchemist_page_3_49,10.459233283996582
lit_alchemist_page_4_49,5.565751075744629
lit_alchemist_page_5_49,4.251957416534424
lit_alchemist_page_4_50,11.46194076538086
lit_alchemist_page_3_50,8.454092025756836
lit_alchemist_page_5_50,8.619019508361816
lit_alchemist_page_1_50,8.947037696838379
lit_alchemist_page_2_50,5.539517402648926
lit_alchemist_page_1_51,8.091654777526855
lit_alchemist_page_2_51,7.757214546203613
lit_alchemist_page_3_51,13.117086410522461
lit_alchemist_page_4_51,9.057361602783203
lit_alchemist_page_5_51,3.233180522918701
lit_alchemist_page_1_52,8.911689758300781
lit_alchemist_page_2_52,9.087207794189453
lit_alchemist_page_3_52,2.6853437423706055
lit_alchemist_page_4_52,2.935194492340088
lit_alchemist_page_5_52,14.464213371276855
lit_alchemist_page_4_53,7.402222633361816
lit_alchemist_page_3_53,5.084070205688477
lit_alchemist_page_5_53,5.220504283905029
lit_alchemist_page_1_53,3.9509952068328857
lit_alchemist_page_2_53,5.795066833496094
lit_alchemist_page_1_54,7.528546333312988
lit_alchemist_page_2_54,5.225775718688965
lit_alchemist_page_3_54,3.9482009410858154
lit_alchemist_page_4_54,3.0872223377227783
lit_alchemist_page_5_54,11.505404472351074
lit_alchemist_page_4_55,8.225173950195312
lit_alchemist_page_3_55,10.073232650756836
lit_alchemist_page_5_55,2.5954601764678955
lit_alchemist_page_1_55,10.64431381225586
lit_alchemist_page_2_55,4.51423454284668
lit_alchemist_page_1_56,8.927619934082031
lit_alchemist_page_2_56,8.755594253540039
lit_alchemist_page_3_56,16.166013717651367
lit_alchemist_page_4_56,5.737816333770752
lit_alchemist_page_5_56,7.713621139526367
lit_alchemist_page_1_57,6.209364891052246
lit_alchemist_page_2_57,9.0468168258667
lit_alchemist_page_3_57,5.505825042724609
lit_alchemist_page_4_57,9.218559265136719
lit_alchemist_page_5_57,10.071252822875977
lit_alchemist_page_4_58,7.011991500854492
lit_alchemist_page_3_58,7.391462326049805
lit_alchemist_page_5_58,6.9648613929748535
lit_alchemist_page_1_58,4.521732330322266
lit_alchemist_page_2_58,3.540217399597168
lit_alchemist_page_1_59,6.884928226470947
lit_alchemist_page_2_59,4.927849292755127
lit_alchemist_page_3_59,4.585850238800049
lit_alchemist_page_4_59,12.623650550842285
lit_alchemist_page_5_59,4.818944931030273
lit_alchemist_page_1_60,6.784613609313965
lit_alchemist_page_2_60,11.506063461303711
lit_alchemist_page_3_60,10.247578620910645
lit_alchemist_page_4_60,9.754365921020508
lit_alchemist_page_5_60,9.933619499206543
lit_alchemist_page_5_61,4.3167643547058105
lit_alchemist_page_4_61,6.216485023498535
lit_alchemist_page_3_61,11.589561462402344
lit_alchemist_page_1_61,2.4115707874298096
lit_alchemist_page_2_61,8.965044975280762
lit_alchemist_page_1_62,3.4347400665283203
lit_alchemist_page_2_62,7.867599010467529
lit_alchemist_page_3_62,6.556574821472168
lit_alchemist_page_4_62,10.338522911071777
lit_alchemist_page_5_62,11.84339714050293
lit_alchemist_page_1_63,8.52949047088623
lit_alchemist_page_2_63,5.113141059875488
lit_alchemist_page_3_63,11.546184539794922
lit_alchemist_page_4_63,5.534329414367676
lit_alchemist_page_5_63,6.85653018951416
lit_alchemist_page_4_64,3.4765312671661377
lit_alchemist_page_3_64,6.261318206787109
lit_alchemist_page_5_64,8.343948364257812
lit_alchemist_page_1_64,4.224299430847168
lit_alchemist_page_2_64,6.284879684448242
lit_alchemist_page_1_65,7.280202865600586
lit_alchemist_page_2_65,5.499524116516113
lit_alchemist_page_3_65,10.135176658630371
lit_alchemist_page_4_65,6.005170822143555
lit_alchemist_page_5_65,5.239418983459473
lit_alchemist_page_1_66,8.576152801513672
lit_alchemist_page_2_66,3.7522010803222656
lit_alchemist_page_3_66,8.138912200927734
lit_alchemist_page_4_66,7.17429780960083
lit_alchemist_page_5_66,14.251004219055176
lit_alchemist_page_5_67,9.90080738067627
lit_alchemist_page_4_67,7.397637367248535
lit_alchemist_page_2_67,8.0701322555542
lit_alchemist_page_3_67,6.107784271240234
lit_alchemist_page_2_68,2.871243953704834
lit_alchemist_page_3_68,6.165216445922852
lit_alchemist_page_4_68,3.090791940689087
lit_alchemist_page_5_68,7.82220983505249
lit_alchemist_page_2_69,5.467068672180176
lit_alchemist_page_3_69,5.1878275871276855
lit_alchemist_page_4_69,8.582965850830078
lit_alchemist_page_5_69,3.965815782546997
lit_alchemist_page_5_70,2.405780553817749
lit_alchemist_page_4_70,8.963582992553711
lit_alchemist_page_3_70,10.167231559753418
lit_alchemist_page_2_70,11.015605926513672
lit_alchemist_page_2_71,4.324396133422852
lit_alchemist_page_3_71,7.416707992553711
lit_alchemist_page_4_71,6.7691121101379395
lit_alchemist_page_5_71,12.163993835449219
lit_alchemist_page_2_72,8.512475967407227
lit_alchemist_page_3_72,5.929668426513672
lit_alchemist_page_4_72,6.422408103942871
lit_alchemist_page_5_72,6.287624359130859
lit_alchemist_page_4_73,6.702463626861572
lit_alchemist_page_5_73,9.264413833618164
lit_alchemist_page_2_73,4.905713081359863
lit_alchemist_page_3_73,14.838574409484863
lit_alchemist_page_2_74,8.604081153869629
lit_alchemist_page_3_74,4.263390064239502
lit_alchemist_page_4_74,11.90362548828125
lit_alchemist_page_5_74,8.838293075561523
lit_alchemist_page_2_75,7.567495346069336
lit_alchemist_page_3_75,2.5428507328033447
lit_alchemist_page_4_75,8.80214786529541
lit_alchemist_page_5_75,8.883288383483887
lit_alchemist_page_5_76,5.814947128295898
lit_alchemist_page_3_76,4.6826019287109375
lit_alchemist_page_4_76,3.553133964538574
lit_alchemist_page_4_77,5.694746017456055
lit_alchemist_page_5_77,9.779146194458008
lit_alchemist_page_3_77,10.062301635742188
lit_alchemist_page_3_78,7.800376892089844
lit_alchemist_page_4_78,6.389357566833496
lit_alchemist_page_5_78,6.503550052642822
lit_alchemist_page_3_79,3.615244150161743
lit_alchemist_page_4_79,6.371050834655762
lit_alchemist_page_5_79,8.817377090454102
lit_alchemist_page_3_80,7.408946514129639
lit_alchemist_page_4_80,9.353659629821777
lit_alchemist_page_5_80,8.202564239501953
lit_alchemist_page_4_81,5.315524578094482
lit_alchemist_page_5_81,4.1728949546813965
lit_alchemist_page_3_81,1.768528699874878
lit_alchemist_page_3_82,2.3587779998779297
lit_alchemist_page_4_82,5.571328163146973
lit_alchemist_page_5_82,6.5080180168151855
lit_alchemist_page_3_83,12.048933029174805
lit_alchemist_page_4_83,9.69606876373291
lit_alchemist_page_5_83,10.646732330322266
lit_alchemist_page_3_84,3.8772544860839844
lit_alchemist_page_4_84,7.403924465179443
lit_alchemist_page_5_84,9.319337844848633
lit_alchemist_page_5_85,13.473506927490234
lit_alchemist_page_3_85,12.464330673217773
lit_alchemist_page_4_85,9.602737426757812
lit_alchemist_page_5_86,10.426209449768066
lit_alchemist_page_4_86,4.333624362945557
lit_alchemist_page_3_86,13.03781795501709
lit_alchemist_page_3_87,5.292435169219971
lit_alchemist_page_4_87,9.68816089630127
lit_alchemist_page_3_88,6.171330451965332
lit_alchemist_page_4_88,8.01918888092041
lit_alchemist_page_3_89,9.97643756866455
lit_alchemist_page_4_89,7.909038543701172
lit_alchemist_page_3_90,5.9024882316589355
lit_alchemist_page_4_90,3.327956438064575
lit_alchemist_page_3_91,5.067246913909912
lit_alchemist_page_4_91,10.361587524414062
lit_alchemist_page_3_92,6.0024800300598145
lit_alchemist_page_3_93,0.4170590043067932
lit_alchemist_page_3_94,13.877765655517578
lit_alchemist_page_3_95,6.237224578857422
lit_alchemist_page_3_96,0.01947706751525402
lit_alchemist_page_3_97,8.74949836730957
lit_alchemist_page_3_98,11.138808250427246
lit_alchemist_page_3_99,1.121959924697876
lit_alchemist_page_3_100,4.283967971801758
lit_alchemist_page_3_101,1.014121651649475
lit_alchemist_page_3_102,5.555301666259766
lit_alchemist_page_3_103,1.6927651166915894
lit_alchemist_page_3_104,8.786985397338867
lit_alchemist_page_3_105,0.15214623510837555
lit_alchemist_page_3_106,8.293228149414062
lit_alchemist_page_3_107,0.48889100551605225
lit_alchemist_page_3_108,3.4966869354248047
lit_brokenapril_page_1_0,9.762001037597656
lit_brokenapril_page_10_0,7.631490707397461
lit_brokenapril_page_2_0,11.972405433654785
lit_brokenapril_page_3_0,4.386699676513672
lit_brokenapril_page_4_0,5.207990646362305
lit_brokenapril_page_5_0,5.3449530601501465
lit_brokenapril_page_6_0,6.227691173553467
lit_brokenapril_page_7_0,5.509559631347656
lit_brokenapril_page_8_0,4.73820686340332
lit_brokenapril_page_9_0,6.940805912017822
lit_brokenapril_page_9_1,5.297887802124023
lit_brokenapril_page_8_1,8.280614852905273
lit_brokenapril_page_6_1,5.044010162353516
lit_brokenapril_page_5_1,9.83814525604248
lit_brokenapril_page_7_1,7.897556304931641
lit_brokenapril_page_3_1,4.5070695877075195
lit_brokenapril_page_2_1,12.324590682983398
lit_brokenapril_page_10_1,4.3278703689575195
lit_brokenapril_page_1_1,8.497869491577148
lit_brokenapril_page_4_1,4.98716926574707
lit_brokenapril_page_9_2,7.448273658752441
lit_brokenapril_page_8_2,6.392443656921387
lit_brokenapril_page_7_2,4.558974742889404
lit_brokenapril_page_6_2,11.144439697265625
lit_brokenapril_page_5_2,7.418885231018066
lit_brokenapril_page_4_2,8.771468162536621
lit_brokenapril_page_2_2,4.311861038208008
lit_brokenapril_page_10_2,5.324700355529785
lit_brokenapril_page_1_2,9.156685829162598
lit_brokenapril_page_3_2,3.1695234775543213
lit_brokenapril_page_6_3,5.023648262023926
lit_brokenapril_page_9_3,9.571746826171875
lit_brokenapril_page_8_3,10.863632202148438
lit_brokenapril_page_7_3,6.794442653656006
lit_brokenapril_page_5_3,6.5170369148254395
lit_brokenapril_page_10_3,10.158048629760742
lit_brokenapril_page_3_3,9.611973762512207
lit_brokenapril_page_2_3,9.352081298828125
lit_brokenapril_page_4_3,5.577539443969727
lit_brokenapril_page_1_3,7.612959861755371
lit_brokenapril_page_8_4,11.190667152404785
lit_brokenapril_page_7_4,4.895443916320801
lit_brokenapril_page_6_4,9.586430549621582
lit_brokenapril_page_5_4,10.786954879760742
lit_brokenapril_page_9_4,3.081026554107666
lit_brokenapril_page_3_4,11.484922409057617
lit_brokenapril_page_2_4,7.393282890319824
lit_brokenapril_page_10_4,8.528913497924805
lit_brokenapril_page_1_4,8.864274024963379
lit_brokenapril_page_4_4,8.491930961608887
lit_brokenapril_page_9_5,9.30128288269043
lit_brokenapril_page_8_5,5.424309730529785
lit_brokenapril_page_7_5,11.938044548034668
lit_brokenapril_page_6_5,8.278674125671387
lit_brokenapril_page_5_5,11.206802368164062
lit_brokenapril_page_4_5,6.410646438598633
lit_brokenapril_page_2_5,7.54943323135376
lit_brokenapril_page_10_5,7.98397970199585
lit_brokenapril_page_1_5,6.1407999992370605
lit_brokenapril_page_3_5,3.770961284637451
lit_brokenapril_page_7_6,10.701899528503418
lit_brokenapril_page_9_6,6.305552005767822
lit_brokenapril_page_8_6,8.137015342712402
lit_brokenapril_page_5_6,9.761181831359863
lit_brokenapril_page_6_6,4.832664489746094
lit_brokenapril_page_3_6,8.442081451416016
lit_brokenapril_page_4_6,11.139751434326172
lit_brokenapril_page_2_6,1.497124433517456
lit_brokenapril_page_10_6,8.749685287475586
lit_brokenapril_page_1_6,12.740554809570312
lit_brokenapril_page_8_7,11.624810218811035
lit_brokenapril_page_7_7,9.063859939575195
lit_brokenapril_page_6_7,7.487532615661621
lit_brokenapril_page_5_7,7.3090009689331055
lit_brokenapril_page_9_7,12.547174453735352
lit_brokenapril_page_3_7,11.615283966064453
lit_brokenapril_page_2_7,9.875065803527832
lit_brokenapril_page_10_7,6.10476016998291
lit_brokenapril_page_1_7,8.297266006469727
lit_brokenapril_page_4_7,6.71768856048584
lit_brokenapril_page_9_8,10.643823623657227
lit_brokenapril_page_8_8,7.250548362731934
lit_brokenapril_page_7_8,3.7903952598571777
lit_brokenapril_page_6_8,5.636213302612305
lit_brokenapril_page_5_8,4.940034866333008
lit_brokenapril_page_4_8,6.203458309173584
lit_brokenapril_page_2_8,10.310924530029297
lit_brokenapril_page_10_8,5.029195785522461
lit_brokenapril_page_1_8,10.234729766845703
lit_brokenapril_page_3_8,12.44682502746582
lit_brokenapril_page_6_9,6.7914018630981445
lit_brokenapril_page_8_9,4.9309916496276855
lit_brokenapril_page_7_9,6.527423858642578
lit_brokenapril_page_5_9,5.605702877044678
lit_brokenapril_page_9_9,9.711706161499023
lit_brokenapril_page_3_9,8.421331405639648
lit_brokenapril_page_1_9,10.49699878692627
lit_brokenapril_page_4_9,4.922977924346924
lit_brokenapril_page_2_9,10.7158203125
lit_brokenapril_page_10_9,4.846429824829102
lit_brokenapril_page_9_10,8.35578441619873
lit_brokenapril_page_8_10,6.200379371643066
lit_brokenapril_page_7_10,9.381117820739746
lit_brokenapril_page_5_10,7.362327575683594
lit_brokenapril_page_6_10,11.446983337402344
lit_brokenapril_page_3_10,8.986572265625
lit_brokenapril_page_2_10,8.866205215454102
lit_brokenapril_page_10_10,6.687138557434082
lit_brokenapril_page_1_10,7.160005569458008
lit_brokenapril_page_4_10,7.087202072143555
lit_brokenapril_page_9_11,9.294301986694336
lit_brokenapril_page_8_11,14.71918773651123
lit_brokenapril_page_7_11,4.445435523986816
lit_brokenapril_page_6_11,9.710384368896484
lit_brokenapril_page_5_11,4.673537731170654
lit_brokenapril_page_4_11,7.747968673706055
lit_brokenapril_page_2_11,4.214766502380371
lit_brokenapril_page_10_11,11.547309875488281
lit_brokenapril_page_1_11,9.919864654541016
lit_brokenapril_page_3_11,12.188207626342773
lit_brokenapril_page_9_12,6.83003568649292
lit_brokenapril_page_8_12,3.3852698802948
lit_brokenapril_page_7_12,12.1304349899292
lit_brokenapril_page_6_12,6.38011360168457
lit_brokenapril_page_5_12,10.141886711120605
lit_brokenapril_page_4_12,8.800019264221191
lit_brokenapril_page_2_12,5.976848125457764
lit_brokenapril_page_10_12,8.42221450805664
lit_brokenapril_page_1_12,7.758392333984375
lit_brokenapril_page_3_12,10.358951568603516
lit_brokenapril_page_6_13,7.645241737365723
lit_brokenapril_page_9_13,11.77669620513916
lit_brokenapril_page_8_13,11.38870620727539
lit_brokenapril_page_5_13,9.685972213745117
lit_brokenapril_page_7_13,2.1666839122772217
lit_brokenapril_page_3_13,6.395028114318848
lit_brokenapril_page_1_13,3.09035325050354
lit_brokenapril_page_10_13,9.037755966186523
lit_brokenapril_page_4_13,10.031190872192383
lit_brokenapril_page_2_13,8.036847114562988
lit_brokenapril_page_1_14,9.860655784606934
lit_brokenapril_page_10_14,9.117988586425781
lit_brokenapril_page_2_14,5.801063060760498
lit_brokenapril_page_3_14,5.50457763671875
lit_brokenapril_page_4_14,5.032452583312988
lit_brokenapril_page_5_14,12.938812255859375
lit_brokenapril_page_6_14,8.863456726074219
lit_brokenapril_page_7_14,5.702866077423096
lit_brokenapril_page_8_14,8.721453666687012
lit_brokenapril_page_9_14,12.308451652526855
lit_brokenapril_page_9_15,3.791367530822754
lit_brokenapril_page_8_15,14.248092651367188
lit_brokenapril_page_7_15,5.791691303253174
lit_brokenapril_page_6_15,3.457890510559082
lit_brokenapril_page_5_15,11.820404052734375
lit_brokenapril_page_10_15,10.034017562866211
lit_brokenapril_page_3_15,6.846238136291504
lit_brokenapril_page_2_15,6.373809337615967
lit_brokenapril_page_1_15,6.988130569458008
lit_brokenapril_page_4_15,7.563590049743652
lit_brokenapril_page_6_16,4.649166107177734
lit_brokenapril_page_8_16,4.83397102355957
lit_brokenapril_page_7_16,8.593201637268066
lit_brokenapril_page_5_16,7.337834358215332
lit_brokenapril_page_9_16,7.432365417480469
lit_brokenapril_page_3_16,6.43282413482666
lit_brokenapril_page_2_16,9.274418830871582
lit_brokenapril_page_10_16,9.095706939697266
lit_brokenapril_page_1_16,2.6428351402282715
lit_brokenapril_page_4_16,6.523646354675293
lit_brokenapril_page_9_17,5.98531436920166
lit_brokenapril_page_8_17,4.686435222625732
lit_brokenapril_page_7_17,5.994202136993408
lit_brokenapril_page_6_17,8.833477973937988
lit_brokenapril_page_5_17,7.236466884613037
lit_brokenapril_page_10_17,10.151239395141602
lit_brokenapril_page_3_17,7.122417449951172
lit_brokenapril_page_2_17,9.015170097351074
lit_brokenapril_page_4_17,7.252291202545166
lit_brokenapril_page_1_17,9.464049339294434
lit_brokenapril_page_9_18,9.58578872680664
lit_brokenapril_page_8_18,6.784079074859619
lit_brokenapril_page_7_18,7.077258586883545
lit_brokenapril_page_6_18,7.900463104248047
lit_brokenapril_page_5_18,8.319415092468262
lit_brokenapril_page_4_18,6.081026077270508
lit_brokenapril_page_3_18,8.131586074829102
lit_brokenapril_page_2_18,11.737207412719727
lit_brokenapril_page_10_18,5.055666923522949
lit_brokenapril_page_1_18,5.633344650268555
lit_brokenapril_page_9_19,6.015636444091797
lit_brokenapril_page_8_19,6.748376369476318
lit_brokenapril_page_7_19,3.9167935848236084
lit_brokenapril_page_6_19,9.029154777526855
lit_brokenapril_page_5_19,4.585672378540039
lit_brokenapril_page_3_19,8.1756591796875
lit_brokenapril_page_2_19,13.626848220825195
lit_brokenapril_page_10_19,12.945024490356445
lit_brokenapril_page_4_19,8.72089672088623
lit_brokenapril_page_1_19,4.497958660125732
lit_brokenapril_page_5_20,8.413643836975098
lit_brokenapril_page_9_20,3.1059160232543945
lit_brokenapril_page_8_20,8.154475212097168
lit_brokenapril_page_7_20,7.1814775466918945
lit_brokenapril_page_6_20,11.0504150390625
lit_brokenapril_page_4_20,9.152636528015137
lit_brokenapril_page_2_20,13.787049293518066
lit_brokenapril_page_10_20,8.154302597045898
lit_brokenapril_page_1_20,6.683895587921143
lit_brokenapril_page_3_20,9.682464599609375
lit_brokenapril_page_9_21,7.328272819519043
lit_brokenapril_page_8_21,9.059825897216797
lit_brokenapril_page_7_21,8.06353759765625
lit_brokenapril_page_6_21,5.267543792724609
lit_brokenapril_page_5_21,6.030144691467285
lit_brokenapril_page_4_21,6.755000114440918
lit_brokenapril_page_3_21,9.585865020751953
lit_brokenapril_page_2_21,11.486581802368164
lit_brokenapril_page_10_21,9.54255485534668
lit_brokenapril_page_1_21,7.039381980895996
lit_brokenapril_page_9_22,7.620683670043945
lit_brokenapril_page_8_22,5.842043399810791
lit_brokenapril_page_7_22,6.821080207824707
lit_brokenapril_page_6_22,9.782976150512695
lit_brokenapril_page_5_22,4.430454254150391
lit_brokenapril_page_3_22,5.33566951751709
lit_brokenapril_page_2_22,6.962135314941406
lit_brokenapril_page_10_22,10.637224197387695
lit_brokenapril_page_1_22,7.589370250701904
lit_brokenapril_page_4_22,10.133564949035645
lit_brokenapril_page_4_23,7.023675918579102
lit_brokenapril_page_1_23,3.1447348594665527
lit_brokenapril_page_10_23,5.459909915924072
lit_brokenapril_page_2_23,8.390840530395508
lit_brokenapril_page_3_23,6.889479160308838
lit_brokenapril_page_5_23,11.11240005493164
lit_brokenapril_page_6_23,9.679367065429688
lit_brokenapril_page_7_23,4.957496643066406
lit_brokenapril_page_8_23,8.389063835144043
lit_brokenapril_page_9_23,10.527372360229492
lit_brokenapril_page_7_24,7.518780708312988
lit_brokenapril_page_6_24,10.914079666137695
lit_brokenapril_page_9_24,3.8081307411193848
lit_brokenapril_page_8_24,5.3931121826171875
lit_brokenapril_page_5_24,8.331907272338867
lit_brokenapril_page_1_24,14.722500801086426
lit_brokenapril_page_3_24,7.0229082107543945
lit_brokenapril_page_2_24,3.8169190883636475
lit_brokenapril_page_10_24,3.6464970111846924
lit_brokenapril_page_4_24,3.7235093116760254
lit_brokenapril_page_9_25,8.343230247497559
lit_brokenapril_page_8_25,5.080312728881836
lit_brokenapril_page_7_25,10.323637962341309
lit_brokenapril_page_6_25,7.406042098999023
lit_brokenapril_page_5_25,5.704653263092041
lit_brokenapril_page_3_25,11.101296424865723
lit_brokenapril_page_2_25,7.357583999633789
lit_brokenapril_page_10_25,10.354555130004883
lit_brokenapril_page_1_25,9.822419166564941
lit_brokenapril_page_4_25,5.542591094970703
lit_brokenapril_page_6_26,6.724828243255615
lit_brokenapril_page_9_26,5.963604927062988
lit_brokenapril_page_8_26,8.998221397399902
lit_brokenapril_page_7_26,10.717178344726562
lit_brokenapril_page_5_26,12.126677513122559
lit_brokenapril_page_1_26,5.144735336303711
lit_brokenapril_page_3_26,2.539670705795288
lit_brokenapril_page_2_26,11.477059364318848
lit_brokenapril_page_10_26,6.73679256439209
lit_brokenapril_page_4_26,3.8357789516448975
lit_brokenapril_page_6_27,10.075002670288086
lit_brokenapril_page_9_27,4.368349075317383
lit_brokenapril_page_8_27,5.392193794250488
lit_brokenapril_page_7_27,5.188975811004639
lit_brokenapril_page_5_27,11.769126892089844
lit_brokenapril_page_10_27,4.572845458984375
lit_brokenapril_page_3_27,5.984794616699219
lit_brokenapril_page_2_27,9.07318115234375
lit_brokenapril_page_4_27,9.086641311645508
lit_brokenapril_page_1_27,8.359066009521484
lit_brokenapril_page_8_28,12.285300254821777
lit_brokenapril_page_7_28,9.321582794189453
lit_brokenapril_page_6_28,6.5735087394714355
lit_brokenapril_page_5_28,10.62747573852539
lit_brokenapril_page_9_28,11.041708946228027
lit_brokenapril_page_3_28,11.575204849243164
lit_brokenapril_page_2_28,8.37366008758545
lit_brokenapril_page_10_28,9.05557632446289
lit_brokenapril_page_1_28,6.275486469268799
lit_brokenapril_page_4_28,11.408140182495117
lit_brokenapril_page_9_29,11.290224075317383
lit_brokenapril_page_8_29,13.68453598022461
lit_brokenapril_page_7_29,4.701113700866699
lit_brokenapril_page_6_29,7.051819324493408
lit_brokenapril_page_5_29,4.417858123779297
lit_brokenapril_page_4_29,5.6659417152404785
lit_brokenapril_page_2_29,5.388687610626221
lit_brokenapril_page_10_29,4.555636405944824
lit_brokenapril_page_1_29,3.693147659301758
lit_brokenapril_page_3_29,8.142098426818848
lit_brokenapril_page_6_30,11.0932035446167
lit_brokenapril_page_8_30,7.4172139167785645
lit_brokenapril_page_7_30,10.331913948059082
lit_brokenapril_page_5_30,7.837349891662598
lit_brokenapril_page_9_30,8.815919876098633
lit_brokenapril_page_3_30,7.235055923461914
lit_brokenapril_page_1_30,8.601279258728027
lit_brokenapril_page_4_30,5.293172836303711
lit_brokenapril_page_2_30,6.988199234008789
lit_brokenapril_page_10_30,10.653027534484863
lit_brokenapril_page_9_31,6.978573799133301
lit_brokenapril_page_8_31,9.103490829467773
lit_brokenapril_page_7_31,12.176705360412598
lit_brokenapril_page_5_31,7.359023571014404
lit_brokenapril_page_6_31,9.039400100708008
lit_brokenapril_page_3_31,5.68485164642334
lit_brokenapril_page_2_31,9.076787948608398
lit_brokenapril_page_10_31,14.001623153686523
lit_brokenapril_page_1_31,4.119766712188721
lit_brokenapril_page_4_31,8.423423767089844
lit_brokenapril_page_9_32,4.270942211151123
lit_brokenapril_page_8_32,12.547203063964844
lit_brokenapril_page_7_32,7.913153648376465
lit_brokenapril_page_6_32,6.424238204956055
lit_brokenapril_page_5_32,3.01277232170105
lit_brokenapril_page_4_32,7.513678550720215
lit_brokenapril_page_2_32,7.098523139953613
lit_brokenapril_page_10_32,4.056570529937744
lit_brokenapril_page_1_32,10.63645076751709
lit_brokenapril_page_3_32,6.167551040649414
lit_brokenapril_page_9_33,4.597352027893066
lit_brokenapril_page_8_33,6.278291702270508
lit_brokenapril_page_7_33,5.539237022399902
lit_brokenapril_page_6_33,8.962569236755371
lit_brokenapril_page_5_33,7.456186294555664
lit_brokenapril_page_4_33,7.964543342590332
lit_brokenapril_page_2_33,7.7826032638549805
lit_brokenapril_page_10_33,9.291211128234863
lit_brokenapril_page_1_33,6.258898735046387
lit_brokenapril_page_3_33,10.49632453918457
lit_brokenapril_page_7_34,4.911999702453613
lit_brokenapril_page_8_34,7.823061943054199
lit_brokenapril_page_9_34,8.361957550048828
lit_brokenapril_page_5_34,12.161233901977539
lit_brokenapril_page_2_34,6.4809370040893555
lit_brokenapril_page_3_34,8.246820449829102
lit_brokenapril_page_4_34,6.748003005981445
lit_brokenapril_page_1_34,8.584510803222656
lit_brokenapril_page_1_35,8.226519584655762
lit_brokenapril_page_2_35,3.691471576690674
lit_brokenapril_page_3_35,12.22622299194336
lit_brokenapril_page_4_35,8.91067123413086
lit_brokenapril_page_5_35,8.82810115814209
lit_brokenapril_page_7_35,4.581247806549072
lit_brokenapril_page_8_35,7.53924036026001
lit_brokenapril_page_9_35,4.663118362426758
lit_brokenapril_page_7_36,6.948612689971924
lit_brokenapril_page_9_36,12.275660514831543
lit_brokenapril_page_8_36,13.215700149536133
lit_brokenapril_page_5_36,7.14396333694458
lit_brokenapril_page_3_36,4.763465881347656
lit_brokenapril_page_2_36,3.3750569820404053
lit_brokenapril_page_1_36,8.83928394317627
lit_brokenapril_page_4_36,11.95445442199707
lit_brokenapril_page_1_37,8.443020820617676
lit_brokenapril_page_2_37,10.612207412719727
lit_brokenapril_page_3_37,13.568496704101562
lit_brokenapril_page_4_37,7.904067516326904
lit_brokenapril_page_5_37,8.512262344360352
lit_brokenapril_page_7_37,10.399319648742676
lit_brokenapril_page_8_37,6.68735933303833
lit_brokenapril_page_9_37,10.489557266235352
lit_brokenapril_page_5_38,15.834803581237793
lit_brokenapril_page_8_38,10.921425819396973
lit_brokenapril_page_7_38,3.6176252365112305
lit_brokenapril_page_9_38,11.107269287109375
lit_brokenapril_page_4_38,6.382847785949707
lit_brokenapril_page_2_38,1.3412188291549683
lit_brokenapril_page_1_38,9.048774719238281
lit_brokenapril_page_3_38,10.262176513671875
lit_brokenapril_page_1_39,11.06934642791748
lit_brokenapril_page_2_39,13.20889949798584
lit_brokenapril_page_3_39,3.313753128051758
lit_brokenapril_page_4_39,4.507453918457031
lit_brokenapril_page_5_39,4.848641872406006
lit_brokenapril_page_7_39,5.241234302520752
lit_brokenapril_page_8_39,10.652791023254395
lit_brokenapril_page_9_39,9.34112548828125
lit_brokenapril_page_9_40,2.2288596630096436
lit_brokenapril_page_8_40,4.163522720336914
lit_brokenapril_page_7_40,3.231569290161133
lit_brokenapril_page_5_40,4.440381050109863
lit_brokenapril_page_4_40,6.624432563781738
lit_brokenapril_page_2_40,8.402185440063477
lit_brokenapril_page_1_40,10.687024116516113
lit_brokenapril_page_3_40,8.886247634887695
lit_brokenapril_page_1_41,4.860836029052734
lit_brokenapril_page_2_41,5.005520820617676
lit_brokenapril_page_3_41,5.5780229568481445
lit_brokenapril_page_4_41,3.932300567626953
lit_brokenapril_page_5_41,7.515960216522217
lit_brokenapril_page_7_41,12.6644287109375
lit_brokenapril_page_8_41,6.040140151977539
lit_brokenapril_page_9_41,6.113870620727539
lit_brokenapril_page_9_42,4.69490385055542
lit_brokenapril_page_8_42,7.578381538391113
lit_brokenapril_page_5_42,5.889059066772461
lit_brokenapril_page_7_42,5.787259101867676
lit_brokenapril_page_3_42,9.178465843200684
lit_brokenapril_page_1_42,10.179203033447266
lit_brokenapril_page_4_42,8.587264060974121
lit_brokenapril_page_2_42,7.956124305725098
lit_brokenapril_page_1_43,9.987120628356934
lit_brokenapril_page_2_43,11.042598724365234
lit_brokenapril_page_3_43,2.7282307147979736
lit_brokenapril_page_4_43,10.258513450622559
lit_brokenapril_page_5_43,7.039213180541992
lit_brokenapril_page_7_43,7.468721866607666
lit_brokenapril_page_8_43,9.602400779724121
lit_brokenapril_page_9_43,8.650633811950684
lit_brokenapril_page_8_44,8.523761749267578
lit_brokenapril_page_7_44,7.297872066497803
lit_brokenapril_page_9_44,7.912856101989746
lit_brokenapril_page_4_44,4.324611663818359
lit_brokenapril_page_1_44,5.484687805175781
lit_brokenapril_page_5_44,6.380950927734375
lit_brokenapril_page_8_45,3.654752492904663
lit_brokenapril_page_7_45,13.076033592224121
lit_brokenapril_page_9_45,6.063915729522705
lit_brokenapril_page_4_45,6.6811323165893555
lit_brokenapril_page_1_45,9.825051307678223
lit_brokenapril_page_5_45,5.464103698730469
lit_brokenapril_page_1_46,4.059928894042969
lit_brokenapril_page_4_46,8.664139747619629
lit_brokenapril_page_5_46,8.958207130432129
lit_brokenapril_page_7_46,4.255519866943359
lit_brokenapril_page_8_46,7.866681098937988
lit_brokenapril_page_9_46,7.596735954284668
lit_brokenapril_page_9_47,4.711548805236816
lit_brokenapril_page_8_47,7.263731479644775
lit_brokenapril_page_7_47,9.978221893310547
lit_brokenapril_page_4_47,11.279247283935547
lit_brokenapril_page_1_47,9.712789535522461
lit_brokenapril_page_5_47,5.904403209686279
lit_brokenapril_page_9_48,6.566583156585693
lit_brokenapril_page_1_48,5.847352504730225
lit_brokenapril_page_4_48,8.003440856933594
lit_brokenapril_page_5_48,5.076988697052002
lit_brokenapril_page_7_48,5.822269916534424
lit_brokenapril_page_8_48,7.744586944580078
lit_brokenapril_page_1_49,10.241613388061523
lit_brokenapril_page_4_49,7.813858985900879
lit_brokenapril_page_5_49,3.7883920669555664
lit_brokenapril_page_7_49,11.637836456298828
lit_brokenapril_page_8_49,4.324981212615967
lit_brokenapril_page_9_49,4.675004005432129
lit_brokenapril_page_4_50,7.168473243713379
lit_brokenapril_page_9_50,8.46339225769043
lit_brokenapril_page_8_50,9.500528335571289
lit_brokenapril_page_1_50,10.941239356994629
lit_brokenapril_page_5_50,8.132780075073242
lit_brokenapril_page_7_50,6.210106372833252
lit_brokenapril_page_1_51,7.764034271240234
lit_brokenapril_page_4_51,5.704031944274902
lit_brokenapril_page_5_51,6.243758201599121
lit_brokenapril_page_7_51,8.667987823486328
lit_brokenapril_page_8_51,5.700262069702148
lit_brokenapril_page_9_51,4.0718793869018555
lit_brokenapril_page_7_52,7.5786027908325195
lit_brokenapril_page_1_52,9.775373458862305
lit_brokenapril_page_4_52,11.929094314575195
lit_brokenapril_page_5_52,8.493600845336914
lit_brokenapril_page_9_52,8.506518363952637
lit_brokenapril_page_7_53,10.968395233154297
lit_brokenapril_page_9_53,7.3692626953125
lit_brokenapril_page_5_53,4.393335342407227
lit_brokenapril_page_1_53,4.671781063079834
lit_brokenapril_page_4_53,8.938661575317383
lit_brokenapril_page_1_54,9.410033226013184
lit_brokenapril_page_4_54,6.805505275726318
lit_brokenapril_page_5_54,8.34676742553711
lit_brokenapril_page_7_54,9.938923835754395
lit_brokenapril_page_9_54,3.3137145042419434
lit_brokenapril_page_1_55,9.4286527633667
lit_brokenapril_page_4_55,4.326714515686035
lit_brokenapril_page_5_55,10.811610221862793
lit_brokenapril_page_9_55,6.086655616760254
lit_brokenapril_page_1_56,10.20107650756836
lit_brokenapril_page_4_56,9.655096054077148
lit_brokenapril_page_5_56,10.111818313598633
lit_brokenapril_page_9_56,1.283349871635437
lit_brokenapril_page_9_57,12.010391235351562
lit_brokenapril_page_5_57,7.621745586395264
lit_brokenapril_page_1_57,11.96224594116211
lit_brokenapril_page_1_58,14.408289909362793
lit_brokenapril_page_5_58,10.96496868133545
lit_brokenapril_page_9_58,0.8335996270179749
lit_brokenapril_page_1_59,9.722965240478516
lit_brokenapril_page_5_59,9.785090446472168
lit_brokenapril_page_9_59,5.650219917297363
lit_brokenapril_page_9_60,11.627523422241211
lit_brokenapril_page_1_60,14.783822059631348
lit_brokenapril_page_5_60,6.674014568328857
lit_brokenapril_page_1_61,10.25419807434082
lit_brokenapril_page_5_61,7.904169082641602
lit_brokenapril_page_9_61,7.055523872375488
lit_brokenapril_page_1_62,7.279519081115723
lit_brokenapril_page_5_62,5.933914661407471
lit_brokenapril_page_9_62,7.907940864562988
lit_brokenapril_page_9_63,8.113540649414062
lit_brokenapril_page_1_63,9.861832618713379
lit_brokenapril_page_5_63,12.290422439575195
lit_brokenapril_page_5_64,5.985915660858154
lit_brokenapril_page_9_64,3.9122276306152344
lit_brokenapril_page_5_65,7.325685501098633
lit_brokenapril_page_9_65,11.547477722167969
lit_brokenapril_page_5_66,10.595273971557617
lit_brokenapril_page_9_66,11.029237747192383
lit_brokenapril_page_5_67,8.044158935546875
lit_brokenapril_page_9_67,11.255489349365234
lit_brokenapril_page_5_68,5.197106838226318
lit_brokenapril_page_9_68,4.503720283508301
lit_brokenapril_page_5_69,6.812483787536621
lit_brokenapril_page_9_69,15.11410140991211
lit_brokenapril_page_5_70,4.815834045410156
lit_brokenapril_page_9_70,12.211555480957031
lit_brokenapril_page_9_71,10.041340827941895
lit_brokenapril_page_5_71,9.925646781921387
lit_brokenapril_page_5_72,14.142890930175781
lit_brokenapril_page_9_72,11.323951721191406
lit_brokenapril_page_5_73,5.138938903808594
lit_brokenapril_page_9_73,8.687602043151855
lit_brokenapril_page_5_74,9.683430671691895
lit_brokenapril_page_9_74,11.001855850219727
lit_brokenapril_page_5_75,4.273805618286133
lit_brokenapril_page_5_76,7.405069351196289
lit_brokenapril_page_5_77,5.46468448638916
lit_brokenapril_page_5_78,0.2955012023448944
lit_brokenapril_page_5_79,7.049422264099121
lit_brokenapril_page_5_80,0.7932665348052979
lit_brokenapril_page_5_81,8.518457412719727
lit_brokenapril_page_5_82,9.169561386108398
lit_brokenapril_page_5_83,1.6511211395263672
lit_brokenapril_page_5_84,6.109168529510498
lit_magicmountain_page_1_0,10.64671516418457
lit_magicmountain_page_2_0,8.005474090576172
lit_magicmountain_page_3_0,6.632089614868164
lit_magicmountain_page_4_0,5.529843330383301
lit_magicmountain_page_5_0,2.6532623767852783
lit_magicmountain_page_6_0,8.575480461120605
lit_magicmountain_page_1_1,8.726423263549805
lit_magicmountain_page_2_1,14.470973014831543
lit_magicmountain_page_3_1,5.4379119873046875
lit_magicmountain_page_4_1,6.284672737121582
lit_magicmountain_page_5_1,9.144104957580566
lit_magicmountain_page_6_1,12.00349235534668
lit_magicmountain_page_6_2,10.371479988098145
lit_magicmountain_page_5_2,8.672417640686035
lit_magicmountain_page_4_2,4.20421028137207
lit_magicmountain_page_2_2,7.577536106109619
lit_magicmountain_page_1_2,11.188671112060547
lit_magicmountain_page_3_2,5.322041034698486
lit_magicmountain_page_6_3,6.988218784332275
lit_magicmountain_page_1_3,8.995108604431152
lit_magicmountain_page_2_3,4.996394157409668
lit_magicmountain_page_3_3,6.990516662597656
lit_magicmountain_page_4_3,6.244725227355957
lit_magicmountain_page_5_3,8.929765701293945
lit_magicmountain_page_1_4,7.702193260192871
lit_magicmountain_page_2_4,3.925417184829712
lit_magicmountain_page_3_4,5.566459655761719
lit_magicmountain_page_4_4,4.956003189086914
lit_magicmountain_page_5_4,8.372917175292969
lit_magicmountain_page_6_4,6.159115791320801
lit_magicmountain_page_6_5,11.061915397644043
lit_magicmountain_page_4_5,5.939803600311279
lit_magicmountain_page_5_5,8.845340728759766
lit_magicmountain_page_2_5,6.32473087310791
lit_magicmountain_page_1_5,7.146413803100586
lit_magicmountain_page_3_5,6.558145046234131
lit_magicmountain_page_1_6,5.401891231536865
lit_magicmountain_page_2_6,8.663286209106445
lit_magicmountain_page_3_6,3.734905958175659
lit_magicmountain_page_4_6,6.364606857299805
lit_magicmountain_page_5_6,6.631904602050781
lit_magicmountain_page_6_6,10.91996955871582
lit_magicmountain_page_1_7,12.914216041564941
lit_magicmountain_page_2_7,6.353090286254883
lit_magicmountain_page_3_7,4.6345367431640625
lit_magicmountain_page_4_7,5.0511980056762695
lit_magicmountain_page_5_7,6.522562026977539
lit_magicmountain_page_6_7,12.67375373840332
lit_magicmountain_page_4_8,9.90700626373291
lit_magicmountain_page_5_8,4.487289905548096
lit_magicmountain_page_6_8,10.6653413772583
lit_magicmountain_page_3_8,9.435188293457031
lit_magicmountain_page_1_8,10.715888977050781
lit_magicmountain_page_2_8,8.863380432128906
lit_magicmountain_page_1_9,5.46994686126709
lit_magicmountain_page_2_9,6.963604927062988
lit_magicmountain_page_3_9,4.3177361488342285
lit_magicmountain_page_4_9,7.755334377288818
lit_magicmountain_page_5_9,6.337319374084473
lit_magicmountain_page_6_9,4.235612392425537
lit_magicmountain_page_6_10,12.516153335571289
lit_magicmountain_page_5_10,6.761445999145508
lit_magicmountain_page_4_10,6.0856733322143555
lit_magicmountain_page_1_10,3.9050443172454834
lit_magicmountain_page_2_10,8.61851692199707
lit_magicmountain_page_3_10,8.440093040466309
lit_magicmountain_page_5_11,11.441075325012207
lit_magicmountain_page_6_11,8.038135528564453
lit_magicmountain_page_4_11,7.916858673095703
lit_magicmountain_page_2_11,7.707119941711426
lit_magicmountain_page_1_11,12.232259750366211
lit_magicmountain_page_3_11,2.8454506397247314
lit_magicmountain_page_1_12,12.064387321472168
lit_magicmountain_page_2_12,8.69495677947998
lit_magicmountain_page_3_12,5.511081695556641
lit_magicmountain_page_4_12,9.413056373596191
lit_magicmountain_page_5_12,7.722048282623291
lit_magicmountain_page_6_12,6.540143013000488
lit_magicmountain_page_6_13,12.56862735748291
lit_magicmountain_page_1_13,5.6157660484313965
lit_magicmountain_page_2_13,6.887289524078369
lit_magicmountain_page_3_13,9.359956741333008
lit_magicmountain_page_4_13,7.423089504241943
lit_magicmountain_page_5_13,9.15449333190918
lit_magicmountain_page_6_14,4.5770769119262695
lit_magicmountain_page_5_14,3.873434543609619
lit_magicmountain_page_4_14,5.037619113922119
lit_magicmountain_page_2_14,3.575927972793579
lit_magicmountain_page_1_14,11.00876522064209
lit_magicmountain_page_3_14,9.060110092163086
lit_magicmountain_page_1_15,6.922329425811768
lit_magicmountain_page_2_15,4.685320854187012
lit_magicmountain_page_3_15,2.73158860206604
lit_magicmountain_page_4_15,7.0894455909729
lit_magicmountain_page_5_15,4.770438194274902
lit_magicmountain_page_6_15,4.448373794555664
lit_magicmountain_page_6_16,8.421576499938965
lit_magicmountain_page_4_16,7.502398490905762
lit_magicmountain_page_5_16,11.57088565826416
lit_magicmountain_page_2_16,6.613282680511475
lit_magicmountain_page_1_16,4.116098403930664
lit_magicmountain_page_3_16,6.168967247009277
lit_magicmountain_page_6_17,14.206499099731445
lit_magicmountain_page_5_17,2.959174633026123
lit_magicmountain_page_4_17,10.556853294372559
lit_magicmountain_page_1_17,10.261189460754395
lit_magicmountain_page_2_17,13.072818756103516
lit_magicmountain_page_3_17,7.534486770629883
lit_magicmountain_page_1_18,5.234445571899414
lit_magicmountain_page_2_18,5.308597564697266
lit_magicmountain_page_3_18,7.638101100921631
lit_magicmountain_page_4_18,8.596311569213867
lit_magicmountain_page_5_18,6.797358512878418
lit_magicmountain_page_6_18,9.099139213562012
lit_magicmountain_page_6_19,9.259065628051758
lit_magicmountain_page_4_19,5.471944808959961
lit_magicmountain_page_5_19,3.099602699279785
lit_magicmountain_page_2_19,6.476211071014404
lit_magicmountain_page_1_19,7.407337188720703
lit_magicmountain_page_3_19,3.724649429321289
lit_magicmountain_page_1_20,11.196626663208008
lit_magicmountain_page_2_20,7.485751152038574
lit_magicmountain_page_3_20,7.475046634674072
lit_magicmountain_page_4_20,8.071638107299805
lit_magicmountain_page_5_20,9.033167839050293
lit_magicmountain_page_6_20,7.1695475578308105
lit_magicmountain_page_5_21,5.777839660644531
lit_magicmountain_page_1_21,6.488964557647705
lit_magicmountain_page_2_21,7.679203033447266
lit_magicmountain_page_3_21,4.193890571594238
lit_magicmountain_page_4_21,6.64400577545166
lit_magicmountain_page_6_21,6.703879356384277
lit_magicmountain_page_5_22,10.341957092285156
lit_magicmountain_page_6_22,8.309597969055176
lit_magicmountain_page_4_22,11.177876472473145
lit_magicmountain_page_1_22,4.858585357666016
lit_magicmountain_page_2_22,9.045995712280273
lit_magicmountain_page_3_22,10.468256950378418
lit_magicmountain_page_1_23,6.100884914398193
lit_magicmountain_page_2_23,6.5900678634643555
lit_magicmountain_page_3_23,9.660370826721191
lit_magicmountain_page_4_23,4.093868732452393
lit_magicmountain_page_5_23,3.7589027881622314
lit_magicmountain_page_6_23,4.934451103210449
lit_magicmountain_page_1_24,8.408560752868652
lit_magicmountain_page_2_24,8.746707916259766
lit_magicmountain_page_3_24,9.924219131469727
lit_magicmountain_page_4_24,6.477786540985107
lit_magicmountain_page_5_24,10.695075988769531
lit_magicmountain_page_6_24,3.2080235481262207
lit_magicmountain_page_6_25,7.980545997619629
lit_magicmountain_page_4_25,5.879032611846924
lit_magicmountain_page_5_25,6.104701519012451
lit_magicmountain_page_2_25,7.267660140991211
lit_magicmountain_page_3_25,5.342682838439941
lit_magicmountain_page_1_25,6.952771186828613
lit_magicmountain_page_5_26,10.80754566192627
lit_magicmountain_page_4_26,5.091176986694336
lit_magicmountain_page_6_26,7.036999702453613
lit_magicmountain_page_2_26,10.157405853271484
lit_magicmountain_page_1_26,2.835324764251709
lit_magicmountain_page_3_26,8.090752601623535
lit_magicmountain_page_1_27,6.587103843688965
lit_magicmountain_page_2_27,5.2751359939575195
lit_magicmountain_page_3_27,3.6622140407562256
lit_magicmountain_page_4_27,7.158945560455322
lit_magicmountain_page_5_27,5.716124057769775
lit_magicmountain_page_6_27,10.407308578491211
lit_magicmountain_page_5_28,9.514720916748047
lit_magicmountain_page_6_28,8.20492172241211
lit_magicmountain_page_4_28,7.52800178527832
lit_magicmountain_page_2_28,6.088249206542969
lit_magicmountain_page_1_28,8.585919380187988
lit_magicmountain_page_3_28,4.849491119384766
lit_magicmountain_page_1_29,13.45734977722168
lit_magicmountain_page_2_29,8.901172637939453
lit_magicmountain_page_3_29,6.457635879516602
lit_magicmountain_page_4_29,8.432591438293457
lit_magicmountain_page_5_29,6.386187553405762
lit_magicmountain_page_6_29,4.888466835021973
lit_magicmountain_page_6_30,7.571608543395996
lit_magicmountain_page_5_30,8.695584297180176
lit_magicmountain_page_4_30,7.580927848815918
lit_magicmountain_page_1_30,4.65320348739624
lit_magicmountain_page_2_30,4.559368133544922
lit_magicmountain_page_3_30,5.956218242645264
lit_magicmountain_page_5_31,9.291522026062012
lit_magicmountain_page_6_31,4.75955057144165
lit_magicmountain_page_4_31,10.390225410461426
lit_magicmountain_page_1_31,8.70206069946289
lit_magicmountain_page_2_31,6.731990814208984
lit_magicmountain_page_3_31,5.9627580642700195
lit_magicmountain_page_1_32,6.363742351531982
lit_magicmountain_page_2_32,6.538943290710449
lit_magicmountain_page_3_32,5.559029579162598
lit_magicmountain_page_4_32,2.78974986076355
lit_magicmountain_page_5_32,5.122840404510498
lit_magicmountain_page_6_32,7.504157543182373
lit_magicmountain_page_4_33,4.463047504425049
lit_magicmountain_page_5_33,8.840616226196289
lit_magicmountain_page_6_33,3.921980142593384
lit_magicmountain_page_3_33,7.613182067871094
lit_magicmountain_page_1_33,9.605252265930176
lit_magicmountain_page_2_33,11.469098091125488
lit_magicmountain_page_1_34,6.39699125289917
lit_magicmountain_page_2_34,8.75201416015625
lit_magicmountain_page_3_34,6.610206127166748
lit_magicmountain_page_4_34,13.748409271240234
lit_magicmountain_page_5_34,4.387251853942871
lit_magicmountain_page_6_34,3.550407886505127
lit_magicmountain_page_5_35,7.387516498565674
lit_magicmountain_page_4_35,7.075073719024658
lit_magicmountain_page_6_35,9.921319961547852
lit_magicmountain_page_2_35,7.434496879577637
lit_magicmountain_page_1_35,3.668750047683716
lit_magicmountain_page_3_35,5.681595802307129
lit_magicmountain_page_5_36,4.416506767272949
lit_magicmountain_page_4_36,9.80150318145752
lit_magicmountain_page_6_36,10.877689361572266
lit_magicmountain_page_2_36,7.501922607421875
lit_magicmountain_page_1_36,7.643170356750488
lit_magicmountain_page_3_36,5.052160739898682
lit_magicmountain_page_1_37,8.706986427307129
lit_magicmountain_page_2_37,6.000594139099121
lit_magicmountain_page_3_37,7.974534034729004
lit_magicmountain_page_4_37,7.066428184509277
lit_magicmountain_page_5_37,6.710395812988281
lit_magicmountain_page_6_37,8.621868133544922
lit_magicmountain_page_5_38,8.82530403137207
lit_magicmountain_page_4_38,5.42962646484375
lit_magicmountain_page_6_38,3.2460083961486816
lit_magicmountain_page_2_38,5.985597610473633
lit_magicmountain_page_3_38,8.025379180908203
lit_magicmountain_page_1_38,3.9566307067871094
lit_magicmountain_page_1_39,4.0939764976501465
lit_magicmountain_page_2_39,7.440969944000244
lit_magicmountain_page_3_39,5.389204978942871
lit_magicmountain_page_4_39,7.768916130065918
lit_magicmountain_page_5_39,3.4105582237243652
lit_magicmountain_page_6_39,6.516091346740723
lit_magicmountain_page_1_40,7.418584823608398
lit_magicmountain_page_2_40,7.623722553253174
lit_magicmountain_page_3_40,6.765873432159424
lit_magicmountain_page_4_40,9.28451156616211
lit_magicmountain_page_5_40,7.1894330978393555
lit_magicmountain_page_6_40,5.181611061096191
lit_magicmountain_page_6_41,5.132262229919434
lit_magicmountain_page_4_41,5.73309326171875
lit_magicmountain_page_5_41,6.156076431274414
lit_magicmountain_page_3_41,7.0994062423706055
lit_magicmountain_page_1_41,9.914255142211914
lit_magicmountain_page_2_41,4.519031524658203
lit_magicmountain_page_1_42,3.888429641723633
lit_magicmountain_page_2_42,7.435401916503906
lit_magicmountain_page_3_42,11.966805458068848
lit_magicmountain_page_4_42,2.5692672729492188
lit_magicmountain_page_5_42,8.767481803894043
lit_magicmountain_page_6_42,4.189167499542236
lit_magicmountain_page_1_43,10.266522407531738
lit_magicmountain_page_2_43,13.016884803771973
lit_magicmountain_page_3_43,3.9038302898406982
lit_magicmountain_page_4_43,8.276984214782715
lit_magicmountain_page_5_43,6.286931037902832
lit_magicmountain_page_6_43,8.12040901184082
lit_magicmountain_page_5_44,10.980428695678711
lit_magicmountain_page_4_44,5.722158432006836
lit_magicmountain_page_6_44,2.5323047637939453
lit_magicmountain_page_2_44,8.980140686035156
lit_magicmountain_page_1_44,11.170635223388672
lit_magicmountain_page_3_44,12.42686939239502
lit_magicmountain_page_1_45,5.119327068328857
lit_magicmountain_page_2_45,5.644225597381592
lit_magicmountain_page_3_45,12.38375186920166
lit_magicmountain_page_4_45,5.750153541564941
lit_magicmountain_page_5_45,1.1546651124954224
lit_magicmountain_page_6_45,8.677515983581543
lit_magicmountain_page_5_46,6.1912031173706055
lit_magicmountain_page_4_46,7.86691427230835
lit_magicmountain_page_6_46,7.059857368469238
lit_magicmountain_page_2_46,8.686205863952637
lit_magicmountain_page_1_46,7.98080587387085
lit_magicmountain_page_3_46,5.960330963134766
lit_magicmountain_page_5_47,6.919431686401367
lit_magicmountain_page_4_47,5.702700614929199
lit_magicmountain_page_6_47,8.207076072692871
lit_magicmountain_page_2_47,9.223085403442383
lit_magicmountain_page_1_47,5.175205707550049
lit_magicmountain_page_3_47,5.6359429359436035
lit_magicmountain_page_1_48,5.216731548309326
lit_magicmountain_page_2_48,5.694826126098633
lit_magicmountain_page_3_48,8.112969398498535
lit_magicmountain_page_4_48,11.027166366577148
lit_magicmountain_page_5_48,6.012404918670654
lit_magicmountain_page_6_48,9.679152488708496
lit_magicmountain_page_5_49,7.110517501831055
lit_magicmountain_page_4_49,5.422824859619141
lit_magicmountain_page_6_49,8.143562316894531
lit_magicmountain_page_2_49,4.655416011810303
lit_magicmountain_page_3_49,8.047985076904297
lit_magicmountain_page_1_49,9.490070343017578
lit_magicmountain_page_1_50,4.198366641998291
lit_magicmountain_page_2_50,7.174098014831543
lit_magicmountain_page_3_50,3.1369693279266357
lit_magicmountain_page_4_50,3.847808361053467
lit_magicmountain_page_5_50,10.306333541870117
lit_magicmountain_page_6_50,8.704527854919434
lit_magicmountain_page_1_51,5.555063724517822
lit_magicmountain_page_2_51,3.295058250427246
lit_magicmountain_page_3_51,9.662172317504883
lit_magicmountain_page_4_51,13.109443664550781
lit_magicmountain_page_5_51,9.24721908569336
lit_magicmountain_page_6_51,9.871638298034668
lit_magicmountain_page_6_52,4.260644912719727
lit_magicmountain_page_4_52,5.503129959106445
lit_magicmountain_page_5_52,9.275705337524414
lit_magicmountain_page_3_52,5.865306377410889
lit_magicmountain_page_1_52,5.7101335525512695
lit_magicmountain_page_2_52,14.377119064331055
lit_magicmountain_page_1_53,8.311789512634277
lit_magicmountain_page_2_53,5.026200294494629
lit_magicmountain_page_3_53,6.975218296051025
lit_magicmountain_page_4_53,7.242277145385742
lit_magicmountain_page_5_53,4.204148292541504
lit_magicmountain_page_6_53,6.985016345977783
lit_magicmountain_page_1_54,4.4859490394592285
lit_magicmountain_page_2_54,9.335363388061523
lit_magicmountain_page_3_54,4.448935508728027
lit_magicmountain_page_4_54,8.852933883666992
lit_magicmountain_page_5_54,7.126255989074707
lit_magicmountain_page_6_54,6.02333927154541
lit_magicmountain_page_6_55,2.8878278732299805
lit_magicmountain_page_5_55,3.377851963043213
lit_magicmountain_page_4_55,7.382314682006836
lit_magicmountain_page_3_55,10.999042510986328
lit_magicmountain_page_2_55,7.780744552612305
lit_magicmountain_page_1_55,3.3264732360839844
lit_magicmountain_page_5_56,4.3892693519592285
lit_magicmountain_page_4_56,8.394389152526855
lit_magicmountain_page_6_56,14.382867813110352
lit_magicmountain_page_2_56,5.102106094360352
lit_magicmountain_page_1_56,11.314702033996582
lit_magicmountain_page_3_56,3.2405412197113037
lit_magicmountain_page_1_57,2.9235880374908447
lit_magicmountain_page_2_57,9.887019157409668
lit_magicmountain_page_3_57,7.629902362823486
lit_magicmountain_page_4_57,4.766763210296631
lit_magicmountain_page_5_57,5.237870693206787
lit_magicmountain_page_6_57,9.370484352111816
lit_magicmountain_page_4_58,9.660978317260742
lit_magicmountain_page_6_58,8.501646041870117
lit_magicmountain_page_5_58,5.206783771514893
lit_magicmountain_page_3_58,4.276731491088867
lit_magicmountain_page_1_58,5.308901309967041
lit_magicmountain_page_2_58,5.962008476257324
lit_magicmountain_page_1_59,5.273016929626465
lit_magicmountain_page_2_59,7.202432155609131
lit_magicmountain_page_3_59,10.643221855163574
lit_magicmountain_page_4_59,11.029692649841309
lit_magicmountain_page_5_59,6.390361785888672
lit_magicmountain_page_6_59,5.001828193664551
lit_magicmountain_page_6_60,4.756688594818115
lit_magicmountain_page_4_60,7.153494834899902
lit_magicmountain_page_5_60,4.495584487915039
lit_magicmountain_page_2_60,8.223980903625488
lit_magicmountain_page_1_60,6.4318461418151855
lit_magicmountain_page_3_60,4.154792785644531
lit_magicmountain_page_6_61,9.042450904846191
lit_magicmountain_page_5_61,9.597211837768555
lit_magicmountain_page_4_61,9.839507102966309
lit_magicmountain_page_1_61,10.69293212890625
lit_magicmountain_page_2_61,10.488125801086426
lit_magicmountain_page_3_61,5.914313793182373
lit_magicmountain_page_1_62,7.393054008483887
lit_magicmountain_page_2_62,12.294087409973145
lit_magicmountain_page_3_62,9.225275039672852
lit_magicmountain_page_4_62,9.082079887390137
lit_magicmountain_page_5_62,11.176148414611816
lit_magicmountain_page_6_62,8.084888458251953
lit_magicmountain_page_5_63,4.709780216217041
lit_magicmountain_page_4_63,7.5031890869140625
lit_magicmountain_page_6_63,8.80066204071045
lit_magicmountain_page_1_63,7.553469181060791
lit_magicmountain_page_3_63,6.222294330596924
lit_magicmountain_page_1_64,4.461019992828369
lit_magicmountain_page_3_64,4.397389888763428
lit_magicmountain_page_4_64,7.84580135345459
lit_magicmountain_page_5_64,9.056501388549805
lit_magicmountain_page_1_65,5.693331241607666
lit_magicmountain_page_3_65,12.737884521484375
lit_magicmountain_page_4_65,8.789626121520996
lit_magicmountain_page_5_65,5.696664333343506
lit_magicmountain_page_5_66,10.989531517028809
lit_magicmountain_page_1_66,13.520036697387695
lit_magicmountain_page_3_66,10.532646179199219
lit_magicmountain_page_4_66,6.678792476654053
lit_magicmountain_page_4_67,4.304762363433838
lit_magicmountain_page_5_67,5.80007266998291
lit_magicmountain_page_1_67,8.6936616897583
lit_magicmountain_page_3_67,3.6506283283233643
lit_magicmountain_page_4_68,8.22515869140625
lit_magicmountain_page_5_68,9.621699333190918
lit_magicmountain_page_1_68,3.2729885578155518
lit_magicmountain_page_3_68,4.295066833496094
lit_magicmountain_page_1_69,5.63715124130249
lit_magicmountain_page_3_69,9.733893394470215
lit_magicmountain_page_4_69,9.417754173278809
lit_magicmountain_page_5_69,11.20613956451416
lit_magicmountain_page_1_70,5.808843612670898
lit_magicmountain_page_3_70,4.606759548187256
lit_magicmountain_page_4_70,6.1819257736206055
lit_magicmountain_page_5_70,5.927450180053711
lit_magicmountain_page_1_71,8.300761222839355
lit_magicmountain_page_3_71,14.103567123413086
lit_magicmountain_page_4_71,8.574079513549805
lit_magicmountain_page_5_71,10.336957931518555
lit_magicmountain_page_5_72,6.983883857727051
lit_magicmountain_page_4_72,8.624322891235352
lit_magicmountain_page_1_72,11.235937118530273
lit_magicmountain_page_3_72,8.863998413085938
lit_magicmountain_page_1_73,6.716932773590088
lit_magicmountain_page_3_73,11.95795726776123
lit_magicmountain_page_4_73,12.289422035217285
lit_magicmountain_page_5_73,7.739445686340332
lit_magicmountain_page_1_74,6.197024345397949
lit_magicmountain_page_4_74,5.130532264709473
lit_magicmountain_page_5_74,8.483551025390625
lit_magicmountain_page_1_75,4.812516212463379
lit_magicmountain_page_4_75,11.889801025390625
lit_magicmountain_page_5_75,5.195639610290527
lit_magicmountain_page_5_76,8.871659278869629
lit_magicmountain_page_1_76,8.221728324890137
lit_magicmountain_page_4_76,5.9839606285095215
lit_magicmountain_page_4_77,8.0861177444458
lit_magicmountain_page_5_77,9.910896301269531
lit_magicmountain_page_1_77,5.181327819824219
lit_magicmountain_page_5_78,2.587007761001587
lit_magicmountain_page_1_78,6.594958305358887
lit_magicmountain_page_4_78,2.3378615379333496
lit_magicmountain_page_1_79,9.480520248413086
lit_magicmountain_page_4_79,8.946358680725098
lit_magicmountain_page_5_79,11.111083984375
lit_magicmountain_page_1_80,8.022228240966797
lit_magicmountain_page_5_80,4.507648944854736
lit_magicmountain_page_4_80,6.523476600646973
lit_magicmountain_page_1_81,10.250935554504395
lit_magicmountain_page_4_81,4.079022407531738
lit_magicmountain_page_5_81,2.256777286529541
lit_magicmountain_page_5_82,6.431303977966309
lit_magicmountain_page_1_82,3.957371473312378
lit_magicmountain_page_4_82,5.694019317626953
lit_magicmountain_page_5_83,5.394355773925781
lit_magicmountain_page_4_83,8.67293930053711
lit_magicmountain_page_1_83,7.792262554168701
lit_magicmountain_page_1_84,1.3002040386199951
lit_magicmountain_page_4_84,3.156167507171631
lit_magicmountain_page_5_84,7.347922325134277
lit_magicmountain_page_1_85,4.63131856918335
lit_magicmountain_page_4_85,2.7170560359954834
lit_magicmountain_page_5_85,5.726609230041504
lit_magicmountain_page_4_86,5.533214569091797
lit_magicmountain_page_1_86,7.898940563201904
lit_magicmountain_page_5_86,7.49932861328125
lit_magicmountain_page_1_87,2.219715118408203
lit_magicmountain_page_4_87,6.2970685958862305
lit_magicmountain_page_5_87,5.6649932861328125
lit_magicmountain_page_4_88,6.925885200500488
lit_magicmountain_page_5_88,9.629337310791016
lit_magicmountain_page_1_88,6.440292835235596
lit_magicmountain_page_5_89,3.2212507724761963
lit_magicmountain_page_4_89,4.8521728515625
lit_magicmountain_page_1_89,4.636253833770752
lit_magicmountain_page_1_90,3.9669442176818848
lit_magicmountain_page_4_90,9.375326156616211
lit_magicmountain_page_5_90,3.1947808265686035
lit_magicmountain_page_1_91,6.747081756591797
lit_magicmountain_page_4_91,6.81831693649292
lit_magicmountain_page_5_91,7.159170150756836
lit_magicmountain_page_5_92,11.736666679382324
lit_magicmountain_page_4_92,4.539848804473877
lit_magicmountain_page_1_92,7.475359916687012
lit_magicmountain_page_1_93,9.766042709350586
lit_magicmountain_page_4_93,5.396674633026123
lit_magicmountain_page_5_93,5.2346696853637695
lit_magicmountain_page_1_94,4.830565452575684
lit_magicmountain_page_4_94,6.789907455444336
lit_magicmountain_page_5_94,8.41772747039795
lit_magicmountain_page_5_95,9.395326614379883
lit_magicmountain_page_4_95,4.610551357269287
lit_magicmountain_page_1_95,12.414653778076172
lit_magicmountain_page_1_96,10.737258911132812
lit_magicmountain_page_4_96,11.663858413696289
lit_magicmountain_page_5_96,4.935046195983887
lit_magicmountain_page_1_97,7.5785322189331055
lit_magicmountain_page_4_97,7.928861618041992
lit_magicmountain_page_5_97,4.1707258224487305
lit_magicmountain_page_5_98,2.370326519012451
lit_magicmountain_page_4_98,5.134833812713623
lit_magicmountain_page_1_98,3.434623956680298
lit_magicmountain_page_1_99,8.743539810180664
lit_magicmountain_page_4_99,7.365329742431641
lit_magicmountain_page_5_99,10.198359489440918
lit_magicmountain_page_1_100,8.77695083618164
lit_magicmountain_page_4_100,7.380845069885254
lit_magicmountain_page_5_100,1.749632716178894
lit_magicmountain_page_5_101,10.870609283447266
lit_magicmountain_page_1_101,7.702398300170898
lit_magicmountain_page_4_101,4.823559284210205
lit_magicmountain_page_1_102,7.952516555786133
lit_magicmountain_page_4_102,9.73861312866211
lit_magicmountain_page_5_102,5.832865238189697
lit_magicmountain_page_1_103,8.064310073852539
lit_magicmountain_page_4_103,9.134581565856934
lit_magicmountain_page_5_103,8.581104278564453
lit_magicmountain_page_1_104,8.826812744140625
lit_magicmountain_page_4_104,3.572512626647949
lit_magicmountain_page_5_104,6.952432155609131
lit_magicmountain_page_1_105,6.929399013519287
lit_magicmountain_page_4_105,7.762348175048828
lit_magicmountain_page_5_105,10.209342002868652
lit_magicmountain_page_5_106,3.831033945083618
lit_magicmountain_page_4_106,4.631265640258789
lit_magicmountain_page_1_106,6.99032735824585
lit_magicmountain_page_1_107,6.588864326477051
lit_magicmountain_page_4_107,5.339164733886719
lit_magicmountain_page_5_107,9.289742469787598
lit_magicmountain_page_1_108,8.92077922821045
lit_magicmountain_page_4_108,3.986466884613037
lit_magicmountain_page_5_108,5.212434768676758
lit_magicmountain_page_1_109,2.2993409633636475
lit_magicmountain_page_4_109,7.412494659423828
lit_magicmountain_page_5_109,8.522053718566895
lit_magicmountain_page_1_110,7.046421051025391
lit_magicmountain_page_5_110,1.6064122915267944
lit_magicmountain_page_5_111,4.257661819458008
lit_magicmountain_page_5_112,4.927619934082031
lit_magicmountain_page_5_113,0.11789736151695251
lit_magicmountain_page_5_114,8.168726921081543
lit_magicmountain_page_5_115,2.7999277114868164
lit_magicmountain_page_5_116,5.234025478363037
lit_northwind_page_1_0,10.744817733764648
lit_northwind_page_1_1,0.0005486889858730137
lit_northwind_page_1_2,0.05168633908033371
lit_northwind_page_1_3,0.11782785505056381
lit_northwind_page_1_4,9.318549156188965
lit_northwind_page_1_5,9.435211181640625
lit_northwind_page_1_6,0.0009011736838147044
lit_northwind_page_1_7,2.2169322967529297
lit_northwind_page_1_8,0.05970856174826622
lit_northwind_page_1_9,7.16438627243042
lit_northwind_page_1_10,0.5570225715637207
lit_northwind_page_1_11,13.111532211303711
lit_northwind_page_1_12,5.609720230102539
lit_northwind_page_1_13,13.976652145385742
lit_northwind_page_1_14,0.032542306929826736
lit_northwind_page_1_15,2.4645938873291016
lit_northwind_page_1_16,0.2060566544532776
lit_northwind_page_1_17,0.3736251890659332
lit_northwind_page_1_18,7.794547080993652
lit_northwind_page_1_19,2.5221803188323975
lit_northwind_page_1_20,0.341904878616333
lit_northwind_page_1_21,9.02395248413086
lit_northwind_page_1_22,1.5893008708953857
lit_northwind_page_1_23,7.77479362487793
lit_northwind_page_1_24,10.96990966796875
lit_northwind_page_1_25,0.05224733427166939
lit_northwind_page_1_26,2.6590733528137207
lit_northwind_page_1_27,11.03917407989502
lit_northwind_page_1_28,8.610060691833496
lit_northwind_page_1_29,8.700383186340332
lit_northwind_page_1_30,6.870270252227783
lit_northwind_page_1_31,0.3974863886833191
lit_northwind_page_1_32,0.30018478631973267
lit_northwind_page_1_33,0.11593979597091675
lit_northwind_page_1_34,2.735628604888916
lit_northwind_page_1_35,8.469063758850098
lit_northwind_page_1_36,0.39163461327552795
lit_northwind_page_1_37,8.618291854858398
lit_northwind_page_1_38,1.5817222595214844
lit_northwind_page_1_39,6.315382480621338
lit_northwind_page_1_40,1.4866936206817627
lit_northwind_page_1_41,1.6055598258972168
lit_northwind_page_1_42,6.429268836975098
lit_northwind_page_1_43,10.618289947509766
lit_northwind_page_1_44,0.5701651573181152
lit_northwind_page_1_45,0.09916622191667557
lit_northwind_page_1_46,10.686055183410645
lit_northwind_page_1_47,2.914492607116699
lit_northwind_page_1_48,0.2066936194896698
lit_northwind_page_1_49,0.01619892381131649
lit_northwind_page_1_50,6.6023054122924805
lit_northwind_page_1_51,5.834650039672852
lit_northwind_page_1_52,0.0023054706398397684
lit_northwind_page_1_53,0.5964479446411133
lit_northwind_page_1_54,11.134627342224121
lit_northwind_page_1_55,9.393644332885742
lit_northwind_page_1_56,11.3163480758667
lit_northwind_page_1_57,5.509145736694336
lit_northwind_page_1_58,8.518354415893555
lit_northwind_page_1_59,4.854631423950195
lit_northwind_page_1_60,1.673790693283081
lit_northwind_page_1_61,3.448748826980591
lit_northwind_page_1_62,6.404532432556152
lit_northwind_page_1_63,5.558385372161865
lit_northwind_page_1_64,7.806024074554443
lit_northwind_page_1_65,0.12114617228507996
lit_northwind_page_1_66,0.33985960483551025
lit_northwind_page_1_67,5.895730018615723
lit_northwind_page_1_68,0.9791721701622009
lit_northwind_page_1_69,10.834739685058594
lit_northwind_page_1_70,0.21780765056610107
lit_northwind_page_1_71,4.407375812530518
lit_northwind_page_1_72,8.039485931396484
lit_northwind_page_1_73,0.07171327620744705
lit_northwind_page_1_74,1.5919750928878784
lit_northwind_page_1_75,1.2512505054473877
lit_northwind_page_1_76,2.7232959270477295
lit_northwind_page_1_77,9.284865379333496
lit_northwind_page_1_78,6.748096466064453
lit_northwind_page_1_79,6.859122276306152
lit_northwind_page_1_80,0.0011529234470799565
lit_northwind_page_1_81,0.19674207270145416
lit_northwind_page_1_82,0.024919584393501282
lit_northwind_page_1_83,0.07702134549617767
lit_northwind_page_1_84,8.641946792602539
lit_northwind_page_1_85,0.00263795698992908
lit_northwind_page_1_86,7.947698593139648
lit_northwind_page_1_87,4.602330207824707
lit_northwind_page_1_88,15.066487312316895
lit_northwind_page_1_89,1.428792953491211
lit_northwind_page_1_90,0.18640035390853882
lit_northwind_page_1_91,0.011015673168003559
lit_northwind_page_1_92,7.7004075050354
lit_northwind_page_1_93,2.053377628326416
lit_northwind_page_1_94,5.306919574737549
lit_northwind_page_1_95,8.386347770690918
lit_northwind_page_1_96,2.7895822525024414
lit_northwind_page_1_97,9.174378395080566
lit_northwind_page_1_98,11.684611320495605
lit_northwind_page_1_99,4.246282577514648
lit_northwind_page_1_100,1.86117684841156
lit_northwind_page_1_101,2.1890039443969727
lit_northwind_page_1_102,9.072456359863281
lit_northwind_page_1_103,0.0004487222759053111
lit_northwind_page_1_104,0.12693455815315247
lit_northwind_page_1_105,0.040735550224781036
lit_northwind_page_1_106,13.601129531860352
lit_northwind_page_1_107,0.017838168889284134
lit_northwind_page_1_108,7.30754280090332
lit_northwind_page_1_109,2.7736167907714844
lit_northwind_page_1_110,0.25798988342285156
lit_northwind_page_1_111,11.778105735778809
lit_northwind_page_1_112,4.098057746887207
lit_northwind_page_1_113,0.5352007150650024
lit_northwind_page_1_114,4.9535017013549805
lit_solaris_page_1_0,15.169462203979492
lit_solaris_page_9_0,9.200210571289062
lit_solaris_page_8_0,5.7891998291015625
lit_solaris_page_7_0,5.720382213592529
lit_solaris_page_5_0,4.696611404418945
lit_solaris_page_4_0,8.955598831176758
lit_solaris_page_3_0,9.776018142700195
lit_solaris_page_6_0,5.203750133514404
lit_solaris_page_14_0,7.307442665100098
lit_solaris_page_13_0,6.845281600952148
lit_solaris_page_12_0,9.773966789245605
lit_solaris_page_11_0,10.376629829406738
lit_solaris_page_10_0,7.225836753845215
lit_solaris_page_2_0,11.571405410766602
lit_solaris_page_4_1,7.8630266189575195
lit_solaris_page_9_1,4.023625373840332
lit_solaris_page_8_1,9.429855346679688
lit_solaris_page_7_1,7.644449710845947
lit_solaris_page_6_1,8.811727523803711
lit_solaris_page_5_1,6.9342803955078125
lit_solaris_page_3_1,10.338232040405273
lit_solaris_page_12_1,8.157629013061523
lit_solaris_page_14_1,6.979186534881592
lit_solaris_page_13_1,7.034307956695557
lit_solaris_page_11_1,6.792004108428955
lit_solaris_page_10_1,6.555893898010254
lit_solaris_page_1_1,10.3242769241333
lit_solaris_page_2_1,9.179573059082031
lit_solaris_page_4_2,6.6474456787109375
lit_solaris_page_9_2,13.0752534866333
lit_solaris_page_8_2,10.172158241271973
lit_solaris_page_7_2,12.222248077392578
lit_solaris_page_6_2,3.414520025253296
lit_solaris_page_5_2,6.120710372924805
lit_solaris_page_3_2,9.640724182128906
lit_solaris_page_12_2,9.553074836730957
lit_solaris_page_14_2,10.877913475036621
lit_solaris_page_13_2,5.61777400970459
lit_solaris_page_11_2,6.877880096435547
lit_solaris_page_10_2,6.840729713439941
lit_solaris_page_1_2,8.047825813293457
lit_solaris_page_2_2,8.181205749511719
lit_solaris_page_9_3,5.192631721496582
lit_solaris_page_8_3,8.509540557861328
lit_solaris_page_7_3,12.819192886352539
lit_solaris_page_6_3,7.603331565856934
lit_solaris_page_5_3,8.084147453308105
lit_solaris_page_4_3,9.89703369140625
lit_solaris_page_3_3,10.976123809814453
lit_solaris_page_14_3,3.8261139392852783
lit_solaris_page_13_3,4.398436546325684
lit_solaris_page_12_3,10.913030624389648
lit_solaris_page_11_3,1.9018644094467163
lit_solaris_page_10_3,7.823187828063965
lit_solaris_page_1_3,6.8931474685668945
lit_solaris_page_2_3,10.225726127624512
lit_solaris_page_4_4,2.8374433517456055
lit_solaris_page_9_4,4.903658866882324
lit_solaris_page_8_4,11.247952461242676
lit_solaris_page_7_4,7.705898284912109
lit_solaris_page_6_4,11.334473609924316
lit_solaris_page_5_4,5.5985612869262695
lit_solaris_page_3_4,7.559837341308594
lit_solaris_page_12_4,4.335103988647461
lit_solaris_page_14_4,2.7342844009399414
lit_solaris_page_1_4,9.157501220703125
lit_solaris_page_10_4,3.0974843502044678
lit_solaris_page_2_4,9.021774291992188
lit_solaris_page_13_4,8.166232109069824
lit_solaris_page_11_4,7.106764793395996
lit_solaris_page_4_5,4.095463275909424
lit_solaris_page_9_5,5.047269821166992
lit_solaris_page_8_5,4.704891204833984
lit_solaris_page_7_5,7.14008092880249
lit_solaris_page_6_5,10.460670471191406
lit_solaris_page_5_5,8.935489654541016
lit_solaris_page_3_5,4.510625839233398
lit_solaris_page_2_5,7.9167399406433105
lit_solaris_page_14_5,7.171212673187256
lit_solaris_page_13_5,9.345404624938965
lit_solaris_page_12_5,9.395545959472656
lit_solaris_page_11_5,12.222564697265625
lit_solaris_page_10_5,8.935975074768066
lit_solaris_page_1_5,7.801608085632324
lit_solaris_page_8_6,3.4220035076141357
lit_solaris_page_7_6,6.10283899307251
lit_solaris_page_6_6,10.044816970825195
lit_solaris_page_5_6,6.559431076049805
lit_solaris_page_4_6,10.616463661193848
lit_solaris_page_9_6,6.225891590118408
lit_solaris_page_3_6,4.985422611236572
lit_solaris_page_14_6,2.4933764934539795
lit_solaris_page_13_6,13.304228782653809
lit_solaris_page_12_6,6.48370361328125
lit_solaris_page_11_6,9.129927635192871
lit_solaris_page_10_6,8.032842636108398
lit_solaris_page_1_6,7.698090553283691
lit_solaris_page_2_6,10.67095947265625
lit_solaris_page_9_7,7.862113952636719
lit_solaris_page_8_7,9.7983980178833
lit_solaris_page_7_7,11.45397663116455
lit_solaris_page_6_7,11.63851547241211
lit_solaris_page_5_7,7.400516033172607
lit_solaris_page_4_7,4.866783618927002
lit_solaris_page_3_7,2.8910510540008545
lit_solaris_page_2_7,3.4594085216522217
lit_solaris_page_13_7,5.712627410888672
lit_solaris_page_12_7,8.245288848876953
lit_solaris_page_11_7,4.728332996368408
lit_solaris_page_10_7,7.202770709991455
lit_solaris_page_1_7,7.655938148498535
lit_solaris_page_14_7,7.773921966552734
lit_solaris_page_4_8,6.9077043533325195
lit_solaris_page_9_8,11.372480392456055
lit_solaris_page_8_8,1.9115432500839233
lit_solaris_page_7_8,2.6741957664489746
lit_solaris_page_6_8,9.024226188659668
lit_solaris_page_5_8,6.369467735290527
lit_solaris_page_3_8,7.855825424194336
lit_solaris_page_11_8,6.086581230163574
lit_solaris_page_14_8,6.786002159118652
lit_solaris_page_1_8,14.328720092773438
lit_solaris_page_10_8,12.291231155395508
lit_solaris_page_2_8,10.856951713562012
lit_solaris_page_12_8,4.271867275238037
lit_solaris_page_13_8,11.696197509765625
lit_solaris_page_9_9,10.253108978271484
lit_solaris_page_8_9,9.78610610961914
lit_solaris_page_7_9,8.326889038085938
lit_solaris_page_6_9,7.828548431396484
lit_solaris_page_5_9,11.931509017944336
lit_solaris_page_3_9,10.942254066467285
lit_solaris_page_4_9,5.180889129638672
lit_solaris_page_14_9,6.424988269805908
lit_solaris_page_13_9,7.201131820678711
lit_solaris_page_12_9,11.859601020812988
lit_solaris_page_11_9,9.111066818237305
lit_solaris_page_10_9,4.459724426269531
lit_solaris_page_1_9,9.563603401184082
lit_solaris_page_2_9,7.561215400695801
lit_solaris_page_4_10,6.464144706726074
lit_solaris_page_9_10,6.66666316986084
lit_solaris_page_8_10,11.968260765075684
lit_solaris_page_7_10,10.815997123718262
lit_solaris_page_6_10,7.77372407913208
lit_solaris_page_2_10,15.289072036743164
lit_solaris_page_5_10,3.3779044151306152
lit_solaris_page_3_10,5.135615825653076
lit_solaris_page_13_10,5.985924243927002
lit_solaris_page_12_10,6.585779190063477
lit_solaris_page_11_10,13.052085876464844
lit_solaris_page_10_10,13.976554870605469
lit_solaris_page_1_10,8.449136734008789
lit_solaris_page_14_10,9.98259449005127
lit_solaris_page_9_11,7.858269691467285
lit_solaris_page_8_11,11.041990280151367
lit_solaris_page_7_11,3.568498373031616
lit_solaris_page_6_11,3.295013189315796
lit_solaris_page_5_11,9.945318222045898
lit_solaris_page_4_11,8.330368041992188
lit_solaris_page_3_11,7.706897258758545
lit_solaris_page_2_11,2.793339252471924
lit_solaris_page_13_11,8.45596981048584
lit_solaris_page_12_11,1.1611303091049194
lit_solaris_page_11_11,4.680468559265137
lit_solaris_page_10_11,3.0880184173583984
lit_solaris_page_1_11,8.058061599731445
lit_solaris_page_14_11,7.1679158210754395
lit_solaris_page_9_12,7.04775333404541
lit_solaris_page_8_12,10.181063652038574
lit_solaris_page_7_12,5.849912643432617
lit_solaris_page_6_12,8.90191650390625
lit_solaris_page_5_12,5.355625152587891
lit_solaris_page_4_12,7.575483798980713
lit_solaris_page_3_12,6.509285926818848
lit_solaris_page_2_12,7.1788554191589355
lit_solaris_page_13_12,4.716066837310791
lit_solaris_page_1_12,2.9295530319213867
lit_solaris_page_10_12,8.798675537109375
lit_solaris_page_14_12,2.5372233390808105
lit_solaris_page_12_12,9.505319595336914
lit_solaris_page_11_12,13.020336151123047
lit_solaris_page_9_13,15.518035888671875
lit_solaris_page_8_13,6.155449867248535
lit_solaris_page_7_13,6.36391019821167
lit_solaris_page_6_13,3.8529651165008545
lit_solaris_page_4_13,4.3484272956848145
lit_solaris_page_2_13,7.7122979164123535
lit_solaris_page_5_13,10.869575500488281
lit_solaris_page_13_13,4.491140842437744
lit_solaris_page_12_13,11.236510276794434
lit_solaris_page_11_13,9.7115478515625
lit_solaris_page_10_13,2.9347219467163086
lit_solaris_page_1_13,5.296358585357666
lit_solaris_page_14_13,7.9458489418029785
lit_solaris_page_3_13,5.016246318817139
lit_solaris_page_3_14,8.571976661682129
lit_solaris_page_9_14,9.298429489135742
lit_solaris_page_8_14,10.970261573791504
lit_solaris_page_7_14,7.798434257507324
lit_solaris_page_6_14,2.1054482460021973
lit_solaris_page_5_14,7.374671459197998
lit_solaris_page_4_14,8.061373710632324
lit_solaris_page_2_14,7.828749656677246
lit_solaris_page_13_14,7.784149169921875
lit_solaris_page_12_14,6.514452934265137
lit_solaris_page_11_14,12.458531379699707
lit_solaris_page_10_14,8.329242706298828
lit_solaris_page_1_14,11.582464218139648
lit_solaris_page_14_14,7.034290313720703
lit_solaris_page_9_15,7.172131061553955
lit_solaris_page_8_15,5.490138053894043
lit_solaris_page_7_15,9.777833938598633
lit_solaris_page_6_15,8.592358589172363
lit_solaris_page_5_15,5.130498886108398
lit_solaris_page_4_15,6.500540256500244
lit_solaris_page_3_15,2.433283805847168
lit_solaris_page_2_15,7.676607608795166
lit_solaris_page_13_15,12.71706771850586
lit_solaris_page_12_15,4.945355415344238
lit_solaris_page_11_15,6.964504241943359
lit_solaris_page_10_15,11.349781036376953
lit_solaris_page_1_15,3.041712760925293
lit_solaris_page_14_15,8.788766860961914
lit_solaris_page_4_16,9.158647537231445
lit_solaris_page_9_16,3.92669415473938
lit_solaris_page_8_16,9.488266944885254
lit_solaris_page_7_16,7.611361503601074
lit_solaris_page_6_16,12.443855285644531
lit_solaris_page_3_16,14.039481163024902
lit_solaris_page_5_16,3.776378631591797
lit_solaris_page_14_16,9.979656219482422
lit_solaris_page_13_16,5.9099321365356445
lit_solaris_page_2_16,6.737743377685547
lit_solaris_page_12_16,10.6631441116333
lit_solaris_page_11_16,9.55195426940918
lit_solaris_page_10_16,5.209473133087158
lit_solaris_page_1_16,5.901826858520508
lit_solaris_page_9_17,13.127738952636719
lit_solaris_page_8_17,14.895997047424316
lit_solaris_page_7_17,9.59534740447998
lit_solaris_page_6_17,10.00443172454834
lit_solaris_page_5_17,6.614773750305176
lit_solaris_page_4_17,8.968984603881836
lit_solaris_page_3_17,7.503028869628906
lit_solaris_page_2_17,8.06822395324707
lit_solaris_page_14_17,15.509913444519043
lit_solaris_page_13_17,11.732744216918945
lit_solaris_page_12_17,14.761064529418945
lit_solaris_page_11_17,8.899153709411621
lit_solaris_page_10_17,9.269081115722656
lit_solaris_page_1_17,6.26121711730957
lit_solaris_page_9_18,5.274968147277832
lit_solaris_page_8_18,3.6143686771392822
lit_solaris_page_7_18,4.339031219482422
lit_solaris_page_6_18,6.3538594245910645
lit_solaris_page_5_18,11.67346477508545
lit_solaris_page_4_18,5.778404235839844
lit_solaris_page_3_18,10.325292587280273
lit_solaris_page_2_18,3.6963868141174316
lit_solaris_page_14_18,6.041318416595459
lit_solaris_page_13_18,4.485630989074707
lit_solaris_page_12_18,9.210271835327148
lit_solaris_page_11_18,4.653109550476074
lit_solaris_page_10_18,6.6021528244018555
lit_solaris_page_1_18,7.516720294952393
lit_solaris_page_9_19,13.608001708984375
lit_solaris_page_8_19,15.800308227539062
lit_solaris_page_7_19,10.76102066040039
lit_solaris_page_6_19,8.899763107299805
lit_solaris_page_5_19,8.086791038513184
lit_solaris_page_4_19,8.59949779510498
lit_solaris_page_3_19,3.304189443588257
lit_solaris_page_14_19,10.615649223327637
lit_solaris_page_13_19,8.260892868041992
lit_solaris_page_12_19,11.53588581085205
lit_solaris_page_11_19,8.42917537689209
lit_solaris_page_10_19,4.001496315002441
lit_solaris_page_1_19,7.721660614013672
lit_solaris_page_2_19,12.487222671508789
lit_solaris_page_4_20,7.244476795196533
lit_solaris_page_9_20,9.909122467041016
lit_solaris_page_8_20,5.904384613037109
lit_solaris_page_7_20,11.127237319946289
lit_solaris_page_6_20,12.009381294250488
lit_solaris_page_5_20,8.713102340698242
lit_solaris_page_3_20,6.634464740753174
lit_solaris_page_2_20,7.455375671386719
lit_solaris_page_14_20,3.3937394618988037
lit_solaris_page_13_20,6.666751861572266
lit_solaris_page_12_20,8.007590293884277
lit_solaris_page_11_20,5.506764888763428
lit_solaris_page_10_20,6.748889923095703
lit_solaris_page_1_20,10.395185470581055
lit_solaris_page_9_21,8.315474510192871
lit_solaris_page_8_21,14.96461296081543
lit_solaris_page_7_21,14.297225952148438
lit_solaris_page_6_21,3.5656561851501465
lit_solaris_page_5_21,2.2715160846710205
lit_solaris_page_4_21,9.330193519592285
lit_solaris_page_3_21,13.786190032958984
lit_solaris_page_14_21,9.35252857208252
lit_solaris_page_13_21,10.194745063781738
lit_solaris_page_12_21,4.73520565032959
lit_solaris_page_11_21,6.255780220031738
lit_solaris_page_10_21,7.98273229598999
lit_solaris_page_1_21,10.815620422363281
lit_solaris_page_2_21,4.390067100524902
lit_solaris_page_4_22,6.025742530822754
lit_solaris_page_9_22,5.149075508117676
lit_solaris_page_8_22,9.071500778198242
lit_solaris_page_7_22,7.762829303741455
lit_solaris_page_6_22,8.943613052368164
lit_solaris_page_5_22,8.595608711242676
lit_solaris_page_3_22,4.096081256866455
lit_solaris_page_2_22,4.706220626831055
lit_solaris_page_14_22,8.860164642333984
lit_solaris_page_13_22,10.729126930236816
lit_solaris_page_12_22,8.576648712158203
lit_solaris_page_11_22,12.044122695922852
lit_solaris_page_10_22,4.5996527671813965
lit_solaris_page_1_22,5.014349937438965
lit_solaris_page_9_23,12.584980964660645
lit_solaris_page_8_23,10.140305519104004
lit_solaris_page_7_23,12.489786148071289
lit_solaris_page_6_23,4.261960983276367
lit_solaris_page_5_23,5.740533828735352
lit_solaris_page_4_23,8.513200759887695
lit_solaris_page_3_23,5.761052131652832
lit_solaris_page_2_23,5.213821887969971
lit_solaris_page_14_23,5.560615062713623
lit_solaris_page_13_23,7.462721824645996
lit_solaris_page_12_23,11.238719940185547
lit_solaris_page_11_23,10.116847038269043
lit_solaris_page_10_23,9.442756652832031
lit_solaris_page_1_23,11.087697982788086
lit_solaris_page_8_24,9.475647926330566
lit_solaris_page_7_24,1.7074885368347168
lit_solaris_page_6_24,8.838809967041016
lit_solaris_page_5_24,12.140192031860352
lit_solaris_page_4_24,9.259695053100586
lit_solaris_page_3_24,9.166552543640137
lit_solaris_page_9_24,1.7983084917068481
lit_solaris_page_14_24,8.951210021972656
lit_solaris_page_13_24,12.503702163696289
lit_solaris_page_12_24,6.166219711303711
lit_solaris_page_11_24,7.593597888946533
lit_solaris_page_10_24,7.977236747741699
lit_solaris_page_1_24,5.265389442443848
lit_solaris_page_2_24,9.14267349243164
lit_solaris_page_9_25,8.24047565460205
lit_solaris_page_8_25,2.655154228210449
lit_solaris_page_7_25,7.406404972076416
lit_solaris_page_6_25,8.415173530578613
lit_solaris_page_5_25,7.817694187164307
lit_solaris_page_4_25,8.920875549316406
lit_solaris_page_3_25,4.906608581542969
lit_solaris_page_2_25,11.778986930847168
lit_solaris_page_14_25,6.706052780151367
lit_solaris_page_13_25,10.583680152893066
lit_solaris_page_12_25,12.812129020690918
lit_solaris_page_11_25,5.62382698059082
lit_solaris_page_10_25,13.26048469543457
lit_solaris_page_1_25,7.986758232116699
lit_solaris_page_9_26,13.205465316772461
lit_solaris_page_8_26,8.521903038024902
lit_solaris_page_7_26,10.542664527893066
lit_solaris_page_6_26,11.067557334899902
lit_solaris_page_5_26,3.4743690490722656
lit_solaris_page_4_26,5.426459789276123
lit_solaris_page_3_26,8.74896240234375
lit_solaris_page_2_26,9.229555130004883
lit_solaris_page_14_26,7.888537883758545
lit_solaris_page_13_26,3.6246914863586426
lit_solaris_page_12_26,5.573032379150391
lit_solaris_page_11_26,10.562713623046875
lit_solaris_page_10_26,10.20371150970459
lit_solaris_page_1_26,11.053844451904297
lit_solaris_page_9_27,7.262208938598633
lit_solaris_page_8_27,4.044934272766113
lit_solaris_page_7_27,5.837926864624023
lit_solaris_page_6_27,5.928877830505371
lit_solaris_page_5_27,6.598852157592773
lit_solaris_page_4_27,2.099820613861084
lit_solaris_page_3_27,7.394535541534424
lit_solaris_page_2_27,0.7224626541137695
lit_solaris_page_14_27,8.931607246398926
lit_solaris_page_13_27,13.50112247467041
lit_solaris_page_12_27,11.84203052520752
lit_solaris_page_11_27,3.8764164447784424
lit_solaris_page_10_27,6.8971662521362305
lit_solaris_page_1_27,6.772331237792969
lit_solaris_page_8_28,8.870014190673828
lit_solaris_page_7_28,3.975264549255371
lit_solaris_page_6_28,6.349608421325684
lit_solaris_page_5_28,7.675830841064453
lit_solaris_page_4_28,7.270768165588379
lit_solaris_page_3_28,6.612249374389648
lit_solaris_page_9_28,10.190313339233398
lit_solaris_page_14_28,4.257419109344482
lit_solaris_page_13_28,6.978029251098633
lit_solaris_page_12_28,13.261351585388184
lit_solaris_page_11_28,4.572776794433594
lit_solaris_page_10_28,6.4917778968811035
lit_solaris_page_1_28,8.481793403625488
lit_solaris_page_2_28,6.3410749435424805
lit_solaris_page_9_29,3.4006669521331787
lit_solaris_page_8_29,11.16579818725586
lit_solaris_page_7_29,8.911663055419922
lit_solaris_page_6_29,6.0489959716796875
lit_solaris_page_5_29,5.604414939880371
lit_solaris_page_4_29,7.949167251586914
lit_solaris_page_3_29,6.002046585083008
lit_solaris_page_2_29,3.4465692043304443
lit_solaris_page_14_29,3.4187488555908203
lit_solaris_page_13_29,9.741214752197266
lit_solaris_page_12_29,2.633281946182251
lit_solaris_page_11_29,12.926498413085938
lit_solaris_page_10_29,11.952546119689941
lit_solaris_page_1_29,8.451822280883789
lit_solaris_page_8_30,4.865472793579102
lit_solaris_page_7_30,5.507980823516846
lit_solaris_page_6_30,13.700971603393555
lit_solaris_page_5_30,8.411422729492188
lit_solaris_page_4_30,17.337535858154297
lit_solaris_page_3_30,3.6096200942993164
lit_solaris_page_9_30,10.998098373413086
lit_solaris_page_14_30,1.6638163328170776
lit_solaris_page_13_30,5.729175567626953
lit_solaris_page_12_30,4.6880927085876465
lit_solaris_page_11_30,8.920123100280762
lit_solaris_page_10_30,10.635149955749512
lit_solaris_page_1_30,10.443082809448242
lit_solaris_page_2_30,8.23318099975586
lit_solaris_page_8_31,4.6221747398376465
lit_solaris_page_7_31,3.3625967502593994
lit_solaris_page_6_31,10.234030723571777
lit_solaris_page_5_31,4.874969005584717
lit_solaris_page_4_31,7.145559310913086
lit_solaris_page_3_31,9.378643035888672
lit_solaris_page_9_31,7.853010177612305
lit_solaris_page_14_31,14.329163551330566
lit_solaris_page_13_31,6.820388317108154
lit_solaris_page_12_31,7.681882858276367
lit_solaris_page_11_31,2.2237226963043213
lit_solaris_page_10_31,11.7885103225708
lit_solaris_page_1_31,6.90163516998291
lit_solaris_page_2_31,12.360441207885742
lit_solaris_page_9_32,5.230928421020508
lit_solaris_page_8_32,12.701160430908203
lit_solaris_page_7_32,2.7834105491638184
lit_solaris_page_6_32,18.868473052978516
lit_solaris_page_5_32,6.287736892700195
lit_solaris_page_4_32,4.381003379821777
lit_solaris_page_3_32,4.699373245239258
lit_solaris_page_2_32,4.366236686706543
lit_solaris_page_13_32,9.845272064208984
lit_solaris_page_12_32,8.767306327819824
lit_solaris_page_11_32,9.256093978881836
lit_solaris_page_10_32,10.968467712402344
lit_solaris_page_1_32,3.864903688430786
lit_solaris_page_14_32,3.8314952850341797
lit_solaris_page_5_33,5.546047687530518
lit_solaris_page_9_33,12.337066650390625
lit_solaris_page_8_33,3.5614876747131348
lit_solaris_page_7_33,12.411331176757812
lit_solaris_page_6_33,10.353700637817383
lit_solaris_page_4_33,15.440824508666992
lit_solaris_page_2_33,6.237090110778809
lit_solaris_page_3_33,4.669126987457275
lit_solaris_page_13_33,4.648183822631836
lit_solaris_page_12_33,9.13329792022705
lit_solaris_page_11_33,8.966323852539062
lit_solaris_page_10_33,8.130589485168457
lit_solaris_page_1_33,7.139276504516602
lit_solaris_page_9_34,5.264404296875
lit_solaris_page_8_34,8.376189231872559
lit_solaris_page_7_34,8.171545028686523
lit_solaris_page_6_34,5.044724941253662
lit_solaris_page_5_34,6.800396919250488
lit_solaris_page_4_34,10.71116828918457
lit_solaris_page_3_34,8.613109588623047
lit_solaris_page_2_34,7.925216197967529
lit_solaris_page_13_34,12.050607681274414
lit_solaris_page_12_34,9.497678756713867
lit_solaris_page_11_34,11.990307807922363
lit_solaris_page_10_34,9.626334190368652
lit_solaris_page_1_34,9.07542896270752
lit_solaris_page_9_35,6.459974765777588
lit_solaris_page_8_35,13.19268798828125
lit_solaris_page_7_35,7.136989116668701
lit_solaris_page_6_35,9.687501907348633
lit_solaris_page_5_35,5.260167121887207
lit_solaris_page_4_35,9.811758041381836
lit_solaris_page_3_35,7.774922847747803
lit_solaris_page_2_35,6.613555908203125
lit_solaris_page_13_35,3.8120241165161133
lit_solaris_page_12_35,8.99087142944336
lit_solaris_page_11_35,10.113265991210938
lit_solaris_page_10_35,13.125064849853516
lit_solaris_page_1_35,2.665785551071167
lit_solaris_page_9_36,7.677719593048096
lit_solaris_page_8_36,2.514378070831299
lit_solaris_page_7_36,9.139792442321777
lit_solaris_page_6_36,8.011754035949707
lit_solaris_page_5_36,6.981755256652832
lit_solaris_page_4_36,12.6936616897583
lit_solaris_page_3_36,7.486339569091797
lit_solaris_page_2_36,13.259370803833008
lit_solaris_page_13_36,9.43464469909668
lit_solaris_page_12_36,5.297292709350586
lit_solaris_page_11_36,11.591458320617676
lit_solaris_page_10_36,6.202552795410156
lit_solaris_page_1_36,0.8230133056640625
lit_solaris_page_8_37,10.554780960083008
lit_solaris_page_7_37,10.753759384155273
lit_solaris_page_6_37,8.758206367492676
lit_solaris_page_5_37,8.146706581115723
lit_solaris_page_4_37,6.344173431396484
lit_solaris_page_3_37,8.96896743774414
lit_solaris_page_9_37,5.532888889312744
lit_solaris_page_13_37,10.997056007385254
lit_solaris_page_12_37,4.257190227508545
lit_solaris_page_11_37,4.094679355621338
lit_solaris_page_10_37,12.153741836547852
lit_solaris_page_1_37,8.110859870910645
lit_solaris_page_2_37,11.46011734008789
lit_solaris_page_9_38,9.189966201782227
lit_solaris_page_8_38,10.810325622558594
lit_solaris_page_7_38,1.4581828117370605
lit_solaris_page_6_38,3.5133790969848633
lit_solaris_page_5_38,9.385156631469727
lit_solaris_page_4_38,10.449243545532227
lit_solaris_page_3_38,4.792309761047363
lit_solaris_page_2_38,4.762783527374268
lit_solaris_page_13_38,7.596977233886719
lit_solaris_page_12_38,4.084354400634766
lit_solaris_page_11_38,10.076558113098145
lit_solaris_page_10_38,4.348443031311035
lit_solaris_page_1_38,5.501222610473633
lit_solaris_page_8_39,8.868216514587402
lit_solaris_page_7_39,11.274591445922852
lit_solaris_page_6_39,11.609649658203125
lit_solaris_page_5_39,6.17014217376709
lit_solaris_page_4_39,1.5135477781295776
lit_solaris_page_3_39,7.955029487609863
lit_solaris_page_9_39,8.849623680114746
lit_solaris_page_13_39,9.030162811279297
lit_solaris_page_12_39,12.453912734985352
lit_solaris_page_11_39,5.99241828918457
lit_solaris_page_10_39,8.371918678283691
lit_solaris_page_1_39,6.603921890258789
lit_solaris_page_2_39,6.080510139465332
lit_solaris_page_8_40,10.748815536499023
lit_solaris_page_7_40,8.47958755493164
lit_solaris_page_6_40,7.012229919433594
lit_solaris_page_5_40,8.493572235107422
lit_solaris_page_4_40,8.518102645874023
lit_solaris_page_3_40,8.697248458862305
lit_solaris_page_9_40,3.3448991775512695
lit_solaris_page_13_40,5.043726921081543
lit_solaris_page_12_40,13.020720481872559
lit_solaris_page_11_40,8.639861106872559
lit_solaris_page_10_40,13.773116111755371
lit_solaris_page_1_40,9.69344711303711
lit_solaris_page_2_40,5.1642069816589355
lit_solaris_page_9_41,12.95987319946289
lit_solaris_page_8_41,8.37612533569336
lit_solaris_page_7_41,11.633610725402832
lit_solaris_page_6_41,5.379695415496826
lit_solaris_page_5_41,3.9208779335021973
lit_solaris_page_4_41,9.415090560913086
lit_solaris_page_3_41,8.250670433044434
lit_solaris_page_13_41,5.039206504821777
lit_solaris_page_12_41,5.576167583465576
lit_solaris_page_11_41,13.5927152633667
lit_solaris_page_10_41,5.630603790283203
lit_solaris_page_1_41,6.608373641967773
lit_solaris_page_2_41,10.398319244384766
lit_solaris_page_5_42,10.289676666259766
lit_solaris_page_9_42,7.52903938293457
lit_solaris_page_8_42,9.428670883178711
lit_solaris_page_7_42,4.387998104095459
lit_solaris_page_6_42,9.938481330871582
lit_solaris_page_4_42,10.972713470458984
lit_solaris_page_12_42,6.171886444091797
lit_solaris_page_2_42,0.9207163453102112
lit_solaris_page_3_42,6.719242572784424
lit_solaris_page_1_42,6.068177223205566
lit_solaris_page_10_42,11.031828880310059
lit_solaris_page_11_42,15.003666877746582
lit_solaris_page_13_42,9.621490478515625
lit_solaris_page_9_43,3.252607822418213
lit_solaris_page_8_43,14.024299621582031
lit_solaris_page_7_43,10.52275562286377
lit_solaris_page_6_43,8.039725303649902
lit_solaris_page_4_43,8.967350006103516
lit_solaris_page_3_43,5.382739067077637
lit_solaris_page_5_43,5.482568740844727
lit_solaris_page_13_43,8.383130073547363
lit_solaris_page_12_43,7.7959794998168945
lit_solaris_page_11_43,10.670597076416016
lit_solaris_page_10_43,4.045944690704346
lit_solaris_page_1_43,12.325323104858398
lit_solaris_page_2_43,8.090017318725586
lit_solaris_page_4_44,4.280071258544922
lit_solaris_page_9_44,4.730313301086426
lit_solaris_page_8_44,7.946918487548828
lit_solaris_page_7_44,8.773824691772461
lit_solaris_page_6_44,7.572160720825195
lit_solaris_page_3_44,9.164695739746094
lit_solaris_page_5_44,7.669588088989258
lit_solaris_page_13_44,8.926664352416992
lit_solaris_page_1_44,2.659829616546631
lit_solaris_page_10_44,6.615786552429199
lit_solaris_page_2_44,9.109015464782715
lit_solaris_page_12_44,0.21053270995616913
lit_solaris_page_11_44,5.643148422241211
lit_solaris_page_1_45,7.633423328399658
lit_solaris_page_10_45,6.070908546447754
lit_solaris_page_11_45,5.335020542144775
lit_solaris_page_9_45,11.331009864807129
lit_solaris_page_13_45,10.551399230957031
lit_solaris_page_2_45,7.765690803527832
lit_solaris_page_3_45,7.623348236083984
lit_solaris_page_4_45,8.867853164672852
lit_solaris_page_5_45,6.595705509185791
lit_solaris_page_6_45,7.953747272491455
lit_solaris_page_7_45,5.415646553039551
lit_solaris_page_8_45,7.624547004699707
lit_solaris_page_12_45,6.768000602722168
lit_solaris_page_6_46,3.3062148094177246
lit_solaris_page_7_46,13.221602439880371
lit_solaris_page_4_46,12.13259506225586
lit_solaris_page_9_46,17.71938133239746
lit_solaris_page_8_46,7.200448989868164
lit_solaris_page_3_46,8.044792175292969
lit_solaris_page_5_46,4.031546592712402
lit_solaris_page_13_46,7.831412315368652
lit_solaris_page_12_46,9.616968154907227
lit_solaris_page_11_46,9.308792114257812
lit_solaris_page_10_46,7.500760078430176
lit_solaris_page_1_46,10.683073043823242
lit_solaris_page_2_46,10.005898475646973
lit_solaris_page_9_47,4.976749420166016
lit_solaris_page_8_47,8.308571815490723
lit_solaris_page_6_47,10.070905685424805
lit_solaris_page_5_47,14.645784378051758
lit_solaris_page_4_47,8.55190658569336
lit_solaris_page_3_47,7.874297142028809
lit_solaris_page_2_47,11.341535568237305
lit_solaris_page_13_47,4.179165840148926
lit_solaris_page_12_47,8.998248100280762
lit_solaris_page_11_47,10.104714393615723
lit_solaris_page_10_47,7.784733772277832
lit_solaris_page_1_47,9.287415504455566
lit_solaris_page_8_48,8.25353717803955
lit_solaris_page_9_48,9.314071655273438
lit_solaris_page_5_48,6.944976806640625
lit_solaris_page_4_48,7.136691570281982
lit_solaris_page_3_48,8.847933769226074
lit_solaris_page_6_48,8.02786922454834
lit_solaris_page_13_48,9.535276412963867
lit_solaris_page_12_48,9.635749816894531
lit_solaris_page_11_48,8.752069473266602
lit_solaris_page_10_48,7.349905967712402
lit_solaris_page_1_48,9.46124267578125
lit_solaris_page_2_48,12.644007682800293
lit_solaris_page_9_49,7.417121887207031
lit_solaris_page_8_49,7.310103416442871
lit_solaris_page_5_49,6.119946479797363
lit_solaris_page_4_49,6.163867950439453
lit_solaris_page_3_49,9.1519775390625
lit_solaris_page_6_49,5.812743663787842
lit_solaris_page_13_49,13.214316368103027
lit_solaris_page_12_49,7.583794593811035
lit_solaris_page_11_49,9.57192611694336
lit_solaris_page_10_49,9.569987297058105
lit_solaris_page_1_49,12.04481315612793
lit_solaris_page_2_49,8.768830299377441
lit_solaris_page_8_50,5.329044818878174
lit_solaris_page_6_50,9.613061904907227
lit_solaris_page_5_50,10.915853500366211
lit_solaris_page_4_50,14.012887001037598
lit_solaris_page_3_50,5.570897579193115
lit_solaris_page_12_50,9.321582794189453
lit_solaris_page_13_50,4.866739273071289
lit_solaris_page_11_50,12.872821807861328
lit_solaris_page_10_50,8.820659637451172
lit_solaris_page_1_50,10.797713279724121
lit_solaris_page_2_50,12.051593780517578
lit_solaris_page_9_50,14.448545455932617
lit_solaris_page_5_51,5.0925164222717285
lit_solaris_page_8_51,8.76216983795166
lit_solaris_page_4_51,5.662601470947266
lit_solaris_page_9_51,4.129990577697754
lit_solaris_page_3_51,8.908802032470703
lit_solaris_page_6_51,8.372810363769531
lit_solaris_page_13_51,4.015590667724609
lit_solaris_page_12_51,7.493320941925049
lit_solaris_page_11_51,17.922264099121094
lit_solaris_page_2_51,0.17534083127975464
lit_solaris_page_10_51,4.965179443359375
lit_solaris_page_1_51,6.497296333312988
lit_solaris_page_9_52,8.335680961608887
lit_solaris_page_8_52,9.220810890197754
lit_solaris_page_6_52,10.605840682983398
lit_solaris_page_5_52,7.49216365814209
lit_solaris_page_4_52,5.526074409484863
lit_solaris_page_3_52,11.144819259643555
lit_solaris_page_2_52,5.587103843688965
lit_solaris_page_13_52,9.519941329956055
lit_solaris_page_12_52,9.737897872924805
lit_solaris_page_11_52,2.7670509815216064
lit_solaris_page_10_52,8.0250883102417
lit_solaris_page_1_52,12.196229934692383
lit_solaris_page_8_53,4.24769401550293
lit_solaris_page_6_53,6.11440372467041
lit_solaris_page_5_53,8.516732215881348
lit_solaris_page_4_53,9.655234336853027
lit_solaris_page_3_53,7.495711803436279
lit_solaris_page_9_53,3.829946279525757
lit_solaris_page_13_53,6.439786434173584
lit_solaris_page_12_53,5.3435258865356445
lit_solaris_page_11_53,5.157304763793945
lit_solaris_page_10_53,3.6377062797546387
lit_solaris_page_1_53,11.088726997375488
lit_solaris_page_2_53,2.748802661895752
lit_solaris_page_8_54,9.042668342590332
lit_solaris_page_6_54,11.278324127197266
lit_solaris_page_5_54,3.399604320526123
lit_solaris_page_4_54,8.191363334655762
lit_solaris_page_3_54,13.186580657958984
lit_solaris_page_9_54,12.823556900024414
lit_solaris_page_13_54,10.307269096374512
lit_solaris_page_12_54,9.93956184387207
lit_solaris_page_11_54,2.9107179641723633
lit_solaris_page_10_54,2.8348565101623535
lit_solaris_page_1_54,8.115711212158203
lit_solaris_page_2_54,12.117006301879883
lit_solaris_page_9_55,13.37142276763916
lit_solaris_page_8_55,1.6419241428375244
lit_solaris_page_6_55,5.231180667877197
lit_solaris_page_5_55,9.459248542785645
lit_solaris_page_4_55,5.67233419418335
lit_solaris_page_3_55,7.006525993347168
lit_solaris_page_2_55,6.806198596954346
lit_solaris_page_12_55,12.468655586242676
lit_solaris_page_11_55,9.196971893310547
lit_solaris_page_10_55,10.230854034423828
lit_solaris_page_1_55,7.0963287353515625
lit_solaris_page_13_55,4.696351051330566
lit_solaris_page_4_56,8.828775405883789
lit_solaris_page_9_56,3.3975605964660645
lit_solaris_page_8_56,6.872763156890869
lit_solaris_page_6_56,12.490447998046875
lit_solaris_page_5_56,4.607686996459961
lit_solaris_page_3_56,9.11589241027832
lit_solaris_page_2_56,9.458921432495117
lit_solaris_page_13_56,11.216791152954102
lit_solaris_page_12_56,5.7073655128479
lit_solaris_page_11_56,7.973780632019043
lit_solaris_page_10_56,13.229629516601562
lit_solaris_page_1_56,11.806227684020996
lit_solaris_page_8_57,6.531398773193359
lit_solaris_page_6_57,3.599856376647949
lit_solaris_page_5_57,4.486997127532959
lit_solaris_page_4_57,7.224421501159668
lit_solaris_page_3_57,9.035173416137695
lit_solaris_page_9_57,9.680122375488281
lit_solaris_page_12_57,8.101244926452637
lit_solaris_page_11_57,10.141691207885742
lit_solaris_page_10_57,9.478768348693848
lit_solaris_page_1_57,3.5217678546905518
lit_solaris_page_13_57,10.725752830505371
lit_solaris_page_9_58,4.129052639007568
lit_solaris_page_8_58,10.77019214630127
lit_solaris_page_6_58,11.154409408569336
lit_solaris_page_5_58,4.492008209228516
lit_solaris_page_4_58,9.770404815673828
lit_solaris_page_3_58,4.197351455688477
lit_solaris_page_12_58,10.382781028747559
lit_solaris_page_11_58,6.792627811431885
lit_solaris_page_10_58,7.057383060455322
lit_solaris_page_1_58,12.195357322692871
lit_solaris_page_13_58,7.628686428070068
lit_solaris_page_5_59,11.23466968536377
lit_solaris_page_9_59,7.856513023376465
lit_solaris_page_8_59,9.279093742370605
lit_solaris_page_6_59,10.204092979431152
lit_solaris_page_4_59,6.711641311645508
lit_solaris_page_11_59,6.502884864807129
lit_solaris_page_13_59,9.411092758178711
lit_solaris_page_12_59,2.8055543899536133
lit_solaris_page_10_59,3.734583616256714
lit_solaris_page_1_59,9.70280933380127
lit_solaris_page_3_59,10.245186805725098
lit_solaris_page_9_60,5.946507930755615
lit_solaris_page_4_60,13.962828636169434
lit_solaris_page_3_60,5.751803874969482
lit_solaris_page_13_60,7.4934234619140625
lit_solaris_page_5_60,5.853865146636963
lit_solaris_page_11_60,9.154618263244629
lit_solaris_page_10_60,10.273366928100586
lit_solaris_page_1_60,13.54485034942627
lit_solaris_page_12_60,10.38780403137207
lit_solaris_page_1_61,11.927556991577148
lit_solaris_page_10_61,8.093377113342285
lit_solaris_page_12_61,5.279386520385742
lit_solaris_page_13_61,4.33659553527832
lit_solaris_page_3_61,3.7753114700317383
lit_solaris_page_4_61,14.533660888671875
lit_solaris_page_5_61,5.680167198181152
lit_solaris_page_9_61,3.6820693016052246
lit_solaris_page_4_62,7.596766948699951
lit_solaris_page_5_62,9.335765838623047
lit_solaris_page_9_62,12.24343204498291
lit_solaris_page_3_62,8.152989387512207
lit_solaris_page_10_62,15.039741516113281
lit_solaris_page_12_62,9.980133056640625
lit_solaris_page_13_62,10.701019287109375
lit_solaris_page_1_62,15.862847328186035
lit_solaris_page_1_63,6.525620937347412
lit_solaris_page_10_63,3.6107447147369385
lit_solaris_page_12_63,8.51233959197998
lit_solaris_page_13_63,7.313918113708496
lit_solaris_page_3_63,8.593856811523438
lit_solaris_page_4_63,10.559690475463867
lit_solaris_page_5_63,9.632904052734375
lit_solaris_page_9_63,0.5662069320678711
lit_solaris_page_9_64,3.4018518924713135
lit_solaris_page_5_64,9.446876525878906
lit_solaris_page_4_64,5.006204605102539
lit_solaris_page_3_64,4.082693099975586
lit_solaris_page_12_64,13.34011459350586
lit_solaris_page_10_64,6.640320777893066
lit_solaris_page_1_64,12.640300750732422
lit_solaris_page_13_64,10.079203605651855
lit_solaris_page_1_65,6.428661346435547
lit_solaris_page_10_65,10.202491760253906
lit_solaris_page_12_65,12.953478813171387
lit_solaris_page_13_65,5.283211708068848
lit_solaris_page_3_65,10.033870697021484
lit_solaris_page_4_65,19.328262329101562
lit_solaris_page_9_65,4.13446044921875
lit_solaris_page_3_66,2.804933786392212
lit_solaris_page_9_66,14.263267517089844
lit_solaris_page_4_66,9.899477005004883
lit_solaris_page_13_66,12.74156379699707
lit_solaris_page_12_66,1.9938162565231323
lit_solaris_page_10_66,5.979413986206055
lit_solaris_page_1_66,4.976187229156494
lit_solaris_page_1_67,8.717775344848633
lit_solaris_page_10_67,13.140777587890625
lit_solaris_page_12_67,11.198321342468262
lit_solaris_page_13_67,5.807417869567871
lit_solaris_page_3_67,8.157739639282227
lit_solaris_page_4_67,10.873903274536133
lit_solaris_page_9_67,4.198802947998047
lit_solaris_page_9_68,11.198772430419922
lit_solaris_page_4_68,6.12747859954834
lit_solaris_page_3_68,7.05650520324707
lit_solaris_page_13_68,10.476848602294922
lit_solaris_page_12_68,8.607571601867676
lit_solaris_page_10_68,13.747982025146484
lit_solaris_page_1_68,3.6029725074768066
lit_solaris_page_1_69,12.658485412597656
lit_solaris_page_10_69,9.249887466430664
lit_solaris_page_12_69,2.8345141410827637
lit_solaris_page_13_69,7.907464981079102
lit_solaris_page_3_69,8.980493545532227
lit_solaris_page_4_69,6.257126808166504
lit_solaris_page_9_69,9.968220710754395
lit_solaris_page_4_70,11.027120590209961
lit_solaris_page_3_70,9.276646614074707
lit_solaris_page_9_70,8.52196979522705
lit_solaris_page_13_70,9.529460906982422
lit_solaris_page_10_70,5.014881610870361
lit_solaris_page_12_70,4.462373733520508
lit_solaris_page_1_70,4.537047863006592
lit_solaris_page_1_71,10.086482048034668
lit_solaris_page_10_71,15.087591171264648
lit_solaris_page_12_71,4.557715892791748
lit_solaris_page_13_71,10.807287216186523
lit_solaris_page_3_71,14.332493782043457
lit_solaris_page_4_71,4.279411315917969
lit_solaris_page_9_71,8.482583045959473
lit_solaris_page_9_72,15.479815483093262
lit_solaris_page_3_72,11.366325378417969
lit_solaris_page_4_72,11.635794639587402
lit_solaris_page_12_72,8.72665786743164
lit_solaris_page_1_72,8.687365531921387
lit_solaris_page_13_72,4.309061050415039
lit_solaris_page_1_73,3.6899237632751465
lit_solaris_page_12_73,7.694014549255371
lit_solaris_page_13_73,4.472517490386963
lit_solaris_page_3_73,12.828522682189941
lit_solaris_page_4_73,9.162787437438965
lit_solaris_page_1_74,5.034161567687988
lit_solaris_page_12_74,10.422733306884766
lit_solaris_page_13_74,4.798138618469238
lit_solaris_page_3_74,10.158753395080566
lit_solaris_page_13_75,8.16746711730957
lit_solaris_page_1_75,12.065618515014648
lit_solaris_page_12_75,7.4478068351745605
lit_solaris_page_13_76,10.882889747619629
lit_solaris_page_1_76,6.864668369293213
lit_solaris_page_12_76,6.486933708190918
lit_solaris_page_1_77,5.345581531524658
lit_solaris_page_12_77,3.785654306411743
lit_solaris_page_13_77,9.148799896240234
lit_solaris_page_1_78,14.193809509277344
lit_solaris_page_12_78,9.907317161560059
lit_solaris_page_13_78,6.990804195404053
lit_solaris_page_1_79,7.934731483459473
lit_solaris_page_12_79,11.29220199584961
lit_solaris_page_13_79,6.573802471160889
lit_solaris_page_13_80,9.00212287902832
lit_solaris_page_1_80,6.368073463439941
lit_solaris_page_12_80,9.369805335998535
lit_solaris_page_13_81,12.267786026000977
lit_solaris_page_1_81,7.605934143066406
lit_solaris_page_12_81,2.9363632202148438
lit_solaris_page_1_82,12.519937515258789
lit_solaris_page_12_82,8.38265609741211
lit_solaris_page_13_82,12.207839012145996
lit_solaris_page_1_83,12.799613952636719
lit_solaris_page_12_83,2.1314754486083984
lit_solaris_page_12_84,4.218487739562988
lit_solaris_page_12_85,9.060782432556152
lit_solaris_page_12_86,0.017254481092095375
lit_solaris_page_12_87,0.07822764664888382
lit_solaris_page_12_88,7.250885009765625
lit_solaris_page_12_89,4.387838363647461
lit_solaris_page_12_90,9.749459266662598
lit_solaris_page_12_91,5.290554046630859
popsci_caveman_page_1_0,11.388965606689453
popsci_caveman_page_2_0,8.020979881286621
popsci_caveman_page_3_0,7.520050048828125
popsci_caveman_page_4_0,10.611270904541016
popsci_caveman_page_5_0,13.751401901245117
popsci_caveman_page_6_0,10.006546020507812
popsci_caveman_page_7_0,3.8684396743774414
popsci_caveman_page_8_0,9.10074234008789
popsci_caveman_page_8_1,9.954061508178711
popsci_caveman_page_7_1,7.087254524230957
popsci_caveman_page_5_1,10.474746704101562
popsci_caveman_page_6_1,4.466150760650635
popsci_caveman_page_3_1,11.36395263671875
popsci_caveman_page_2_1,6.4138007164001465
popsci_caveman_page_1_1,10.850478172302246
popsci_caveman_page_4_1,8.148151397705078
popsci_caveman_page_1_2,6.080399036407471
popsci_caveman_page_2_2,14.94929027557373
popsci_caveman_page_3_2,4.374544143676758
popsci_caveman_page_4_2,9.822078704833984
popsci_caveman_page_5_2,4.793732166290283
popsci_caveman_page_6_2,10.091004371643066
popsci_caveman_page_7_2,14.772631645202637
popsci_caveman_page_8_2,5.6114044189453125
popsci_caveman_page_6_3,5.8284759521484375
popsci_caveman_page_8_3,9.416767120361328
popsci_caveman_page_7_3,8.411818504333496
popsci_caveman_page_5_3,9.243849754333496
popsci_caveman_page_2_3,4.707016944885254
popsci_caveman_page_3_3,7.201951026916504
popsci_caveman_page_4_3,8.778027534484863
popsci_caveman_page_1_3,9.432331085205078
popsci_caveman_page_7_4,8.906190872192383
popsci_caveman_page_6_4,12.689447402954102
popsci_caveman_page_5_4,9.628118515014648
popsci_caveman_page_8_4,8.65304183959961
popsci_caveman_page_3_4,9.164740562438965
popsci_caveman_page_2_4,12.457490921020508
popsci_caveman_page_1_4,3.4050612449645996
popsci_caveman_page_4_4,8.36071491241455
popsci_caveman_page_1_5,3.6691441535949707
popsci_caveman_page_2_5,6.532174110412598
popsci_caveman_page_3_5,4.589091777801514
popsci_caveman_page_4_5,9.315016746520996
popsci_caveman_page_5_5,6.854192733764648
popsci_caveman_page_6_5,7.230069637298584
popsci_caveman_page_7_5,7.018756866455078
popsci_caveman_page_8_5,15.646317481994629
popsci_caveman_page_7_6,9.97764778137207
popsci_caveman_page_8_6,8.176740646362305
popsci_caveman_page_5_6,7.886127471923828
popsci_caveman_page_6_6,4.750039100646973
popsci_caveman_page_3_6,10.823261260986328
popsci_caveman_page_4_6,7.814788341522217
popsci_caveman_page_2_6,11.102716445922852
popsci_caveman_page_1_6,9.570985794067383
popsci_caveman_page_7_7,10.004737854003906
popsci_caveman_page_6_7,11.263153076171875
popsci_caveman_page_5_7,8.44263744354248
popsci_caveman_page_8_7,5.822801113128662
popsci_caveman_page_3_7,7.409219264984131
popsci_caveman_page_2_7,7.145405292510986
popsci_caveman_page_1_7,14.071981430053711
popsci_caveman_page_4_7,8.941903114318848
popsci_caveman_page_1_8,11.033088684082031
popsci_caveman_page_2_8,9.930108070373535
popsci_caveman_page_3_8,9.818548202514648
popsci_caveman_page_4_8,10.458083152770996
popsci_caveman_page_5_8,9.726204872131348
popsci_caveman_page_6_8,4.78493070602417
popsci_caveman_page_7_8,8.479887008666992
popsci_caveman_page_8_8,7.472902297973633
popsci_caveman_page_6_9,9.230695724487305
popsci_caveman_page_7_9,7.348247528076172
popsci_caveman_page_5_9,4.519498348236084
popsci_caveman_page_8_9,9.53298282623291
popsci_caveman_page_3_9,7.202820777893066
popsci_caveman_page_2_9,8.684921264648438
popsci_caveman_page_1_9,8.060310363769531
popsci_caveman_page_4_9,8.345576286315918
popsci_caveman_page_1_10,9.295797348022461
popsci_caveman_page_2_10,10.86616325378418
popsci_caveman_page_3_10,5.7420220375061035
popsci_caveman_page_4_10,6.206591606140137
popsci_caveman_page_5_10,11.190899848937988
popsci_caveman_page_6_10,12.282525062561035
popsci_caveman_page_7_10,9.809883117675781
popsci_caveman_page_8_10,8.544663429260254
popsci_caveman_page_8_11,10.961106300354004
popsci_caveman_page_7_11,8.53384780883789
popsci_caveman_page_6_11,2.7324607372283936
popsci_caveman_page_5_11,3.629697322845459
popsci_caveman_page_4_11,7.826065540313721
popsci_caveman_page_2_11,7.101478576660156
popsci_caveman_page_1_11,12.734322547912598
popsci_caveman_page_3_11,8.617040634155273
popsci_caveman_page_1_12,7.5010986328125
popsci_caveman_page_2_12,10.677018165588379
popsci_caveman_page_3_12,7.681939125061035
popsci_caveman_page_4_12,10.01445198059082
popsci_caveman_page_5_12,9.508413314819336
popsci_caveman_page_6_12,12.371984481811523
popsci_caveman_page_7_12,11.05024528503418
popsci_caveman_page_8_12,3.1662161350250244
popsci_caveman_page_6_13,9.060538291931152
popsci_caveman_page_8_13,9.005887985229492
popsci_caveman_page_7_13,8.937559127807617
popsci_caveman_page_5_13,5.690864562988281
popsci_caveman_page_2_13,9.662332534790039
popsci_caveman_page_3_13,5.628815174102783
popsci_caveman_page_4_13,6.976131439208984
popsci_caveman_page_1_13,2.944819927215576
popsci_caveman_page_1_14,8.50007152557373
popsci_caveman_page_2_14,11.367270469665527
popsci_caveman_page_3_14,8.458854675292969
popsci_caveman_page_4_14,5.2139458656311035
popsci_caveman_page_5_14,12.998573303222656
popsci_caveman_page_6_14,6.283134937286377
popsci_caveman_page_7_14,7.80393123626709
popsci_caveman_page_8_14,10.112967491149902
popsci_caveman_page_8_15,4.758505821228027
popsci_caveman_page_7_15,8.598030090332031
popsci_caveman_page_6_15,11.567913055419922
popsci_caveman_page_5_15,8.821415901184082
popsci_caveman_page_3_15,5.859595775604248
popsci_caveman_page_2_15,5.546436309814453
popsci_caveman_page_1_15,5.200112342834473
popsci_caveman_page_4_15,9.510470390319824
popsci_caveman_page_1_16,8.124616622924805
popsci_caveman_page_2_16,5.23234224319458
popsci_caveman_page_3_16,8.013616561889648
popsci_caveman_page_4_16,9.02248764038086
popsci_caveman_page_5_16,7.497375011444092
popsci_caveman_page_6_16,7.1037187576293945
popsci_caveman_page_7_16,5.003755569458008
popsci_caveman_page_8_16,3.106184720993042
popsci_caveman_page_6_17,4.659140110015869
popsci_caveman_page_8_17,11.622464179992676
popsci_caveman_page_7_17,6.235467910766602
popsci_caveman_page_5_17,11.483179092407227
popsci_caveman_page_1_17,7.103742599487305
popsci_caveman_page_3_17,9.188584327697754
popsci_caveman_page_2_17,10.351277351379395
popsci_caveman_page_4_17,17.50652313232422
popsci_caveman_page_1_18,11.823156356811523
popsci_caveman_page_2_18,12.010125160217285
popsci_caveman_page_3_18,8.837607383728027
popsci_caveman_page_4_18,5.257930755615234
popsci_caveman_page_5_18,11.11063289642334
popsci_caveman_page_6_18,9.807235717773438
popsci_caveman_page_7_18,4.027745723724365
popsci_caveman_page_8_18,7.082655906677246
popsci_caveman_page_8_19,5.943543434143066
popsci_caveman_page_7_19,7.82325553894043
popsci_caveman_page_6_19,4.5869646072387695
popsci_caveman_page_5_19,5.132009029388428
popsci_caveman_page_1_19,7.518324851989746
popsci_caveman_page_3_19,5.996972560882568
popsci_caveman_page_2_19,4.651827812194824
popsci_caveman_page_4_19,3.5860626697540283
popsci_caveman_page_6_20,8.32824420928955
popsci_caveman_page_8_20,10.445643424987793
popsci_caveman_page_7_20,8.112628936767578
popsci_caveman_page_5_20,6.790199279785156
popsci_caveman_page_1_20,8.546090126037598
popsci_caveman_page_3_20,9.392030715942383
popsci_caveman_page_4_20,11.437830924987793
popsci_caveman_page_2_20,11.525766372680664
popsci_caveman_page_8_21,8.762422561645508
popsci_caveman_page_1_21,8.578775405883789
popsci_caveman_page_2_21,3.1407618522644043
popsci_caveman_page_3_21,6.03410005569458
popsci_caveman_page_4_21,9.852209091186523
popsci_caveman_page_5_21,9.087139129638672
popsci_caveman_page_6_21,5.165473937988281
popsci_caveman_page_7_21,7.405361175537109
popsci_caveman_page_8_22,4.966797828674316
popsci_caveman_page_7_22,4.979384899139404
popsci_caveman_page_6_22,7.369170188903809
popsci_caveman_page_5_22,3.1793289184570312
popsci_caveman_page_1_22,2.6802866458892822
popsci_caveman_page_3_22,4.639992713928223
popsci_caveman_page_2_22,7.664732933044434
popsci_caveman_page_4_22,3.685518980026245
popsci_caveman_page_6_23,8.081382751464844
popsci_caveman_page_7_23,2.98624849319458
popsci_caveman_page_8_23,4.486627578735352
popsci_caveman_page_5_23,8.639683723449707
popsci_caveman_page_3_23,10.504387855529785
popsci_caveman_page_2_23,9.527641296386719
popsci_caveman_page_1_23,10.069502830505371
popsci_caveman_page_4_23,14.1578369140625
popsci_caveman_page_7_24,9.219271659851074
popsci_caveman_page_6_24,11.12563419342041
popsci_caveman_page_5_24,9.088630676269531
popsci_caveman_page_8_24,11.961404800415039
popsci_caveman_page_3_24,8.1188325881958
popsci_caveman_page_2_24,4.280863285064697
popsci_caveman_page_1_24,4.417177200317383
popsci_caveman_page_4_24,4.693999767303467
popsci_caveman_page_1_25,11.203803062438965
popsci_caveman_page_2_25,7.833932399749756
popsci_caveman_page_3_25,7.540822505950928
popsci_caveman_page_4_25,9.338025093078613
popsci_caveman_page_5_25,5.411876678466797
popsci_caveman_page_6_25,6.568772315979004
popsci_caveman_page_7_25,5.592217445373535
popsci_caveman_page_8_25,4.626018047332764
popsci_caveman_page_6_26,6.749279022216797
popsci_caveman_page_8_26,7.8865742683410645
popsci_caveman_page_7_26,2.920471668243408
popsci_caveman_page_5_26,10.843095779418945
popsci_caveman_page_3_26,10.485627174377441
popsci_caveman_page_4_26,9.549039840698242
popsci_caveman_page_2_26,10.13145923614502
popsci_caveman_page_1_26,9.72021484375
popsci_caveman_page_7_27,4.196012496948242
popsci_caveman_page_6_27,3.5913429260253906
popsci_caveman_page_5_27,13.235161781311035
popsci_caveman_page_8_27,10.011125564575195
popsci_caveman_page_3_27,5.337309837341309
popsci_caveman_page_2_27,9.962242126464844
popsci_caveman_page_1_27,7.776820182800293
popsci_caveman_page_4_27,6.387486934661865
popsci_caveman_page_1_28,10.916419982910156
popsci_caveman_page_3_28,8.474872589111328
popsci_caveman_page_4_28,12.950968742370605
popsci_caveman_page_5_28,4.560712814331055
popsci_caveman_page_6_28,7.164870262145996
popsci_caveman_page_7_28,4.663536071777344
popsci_caveman_page_8_28,4.971715450286865
popsci_caveman_page_6_29,10.552774429321289
popsci_caveman_page_7_29,8.804343223571777
popsci_caveman_page_5_29,13.816259384155273
popsci_caveman_page_8_29,7.3031511306762695
popsci_caveman_page_3_29,4.467728614807129
popsci_caveman_page_1_29,6.280169486999512
popsci_caveman_page_4_29,6.784560203552246
popsci_caveman_page_1_30,11.3963623046875
popsci_caveman_page_3_30,7.114223957061768
popsci_caveman_page_4_30,9.94885540008545
popsci_caveman_page_5_30,13.701388359069824
popsci_caveman_page_6_30,8.568795204162598
popsci_caveman_page_7_30,5.911818027496338
popsci_caveman_page_8_30,6.004138946533203
popsci_caveman_page_8_31,5.190417766571045
popsci_caveman_page_7_31,7.910427093505859
popsci_caveman_page_6_31,2.8240060806274414
popsci_caveman_page_5_31,7.47265625
popsci_caveman_page_3_31,9.381272315979004
popsci_caveman_page_1_31,9.722187995910645
popsci_caveman_page_4_31,6.199841022491455
popsci_caveman_page_1_32,2.0847525596618652
popsci_caveman_page_3_32,6.4447784423828125
popsci_caveman_page_4_32,7.438588619232178
popsci_caveman_page_5_32,9.23318862915039
popsci_caveman_page_6_32,10.05588150024414
popsci_caveman_page_7_32,12.144834518432617
popsci_caveman_page_8_32,6.450889587402344
popsci_caveman_page_7_33,4.542393684387207
popsci_caveman_page_8_33,5.362965106964111
popsci_caveman_page_6_33,7.6119465827941895
popsci_caveman_page_5_33,5.252008438110352
popsci_caveman_page_4_33,10.464309692382812
popsci_caveman_page_3_33,7.102799415588379
popsci_caveman_page_1_33,9.991122245788574
popsci_caveman_page_1_34,9.86375904083252
popsci_caveman_page_3_34,1.57470703125
popsci_caveman_page_4_34,3.2398409843444824
popsci_caveman_page_5_34,9.041443824768066
popsci_caveman_page_6_34,9.20268440246582
popsci_caveman_page_7_34,13.540790557861328
popsci_caveman_page_8_34,8.29011058807373
popsci_caveman_page_8_35,10.491203308105469
popsci_caveman_page_7_35,6.124159812927246
popsci_caveman_page_6_35,5.225733280181885
popsci_caveman_page_5_35,2.5941834449768066
popsci_caveman_page_4_35,5.995457649230957
popsci_caveman_page_3_35,6.716258525848389
popsci_caveman_page_1_35,10.34049129486084
popsci_caveman_page_1_36,5.374831199645996
popsci_caveman_page_3_36,7.893985748291016
popsci_caveman_page_4_36,17.04643440246582
popsci_caveman_page_5_36,11.32242202758789
popsci_caveman_page_6_36,2.161936044692993
popsci_caveman_page_7_36,3.569751024246216
popsci_caveman_page_8_36,4.1010565757751465
popsci_caveman_page_8_37,8.309359550476074
popsci_caveman_page_7_37,2.843820095062256
popsci_caveman_page_6_37,10.22425651550293
popsci_caveman_page_1_37,12.323201179504395
popsci_caveman_page_4_37,10.613341331481934
popsci_caveman_page_3_37,7.831989288330078
popsci_caveman_page_5_37,10.26488971710205
popsci_caveman_page_1_38,4.227743148803711
popsci_caveman_page_3_38,10.561290740966797
popsci_caveman_page_5_38,4.004056453704834
popsci_caveman_page_6_38,8.469151496887207
popsci_caveman_page_7_38,5.977877140045166
popsci_caveman_page_8_38,6.676760673522949
popsci_caveman_page_8_39,7.404606819152832
popsci_caveman_page_7_39,8.989031791687012
popsci_caveman_page_6_39,5.620867729187012
popsci_caveman_page_3_39,14.126238822937012
popsci_caveman_page_1_39,2.7950851917266846
popsci_caveman_page_5_39,10.46645736694336
popsci_caveman_page_7_40,10.083883285522461
popsci_caveman_page_1_40,9.132645606994629
popsci_caveman_page_3_40,3.7036690711975098
popsci_caveman_page_5_40,9.465778350830078
popsci_caveman_page_6_40,10.19774341583252
popsci_caveman_page_8_40,1.7107268571853638
popsci_caveman_page_8_41,7.983559608459473
popsci_caveman_page_6_41,4.20875358581543
popsci_caveman_page_7_41,6.214861869812012
popsci_caveman_page_3_41,5.024606704711914
popsci_caveman_page_1_41,4.840915679931641
popsci_caveman_page_5_41,4.617758274078369
popsci_caveman_page_1_42,13.998540878295898
popsci_caveman_page_3_42,9.056873321533203
popsci_caveman_page_5_42,9.761027336120605
popsci_caveman_page_6_42,4.180360794067383
popsci_caveman_page_7_42,7.612950801849365
popsci_caveman_page_8_42,17.228755950927734
popsci_caveman_page_8_43,5.270464897155762
popsci_caveman_page_7_43,4.887206554412842
popsci_caveman_page_6_43,9.819961547851562
popsci_caveman_page_3_43,11.368229866027832
popsci_caveman_page_1_43,8.75115966796875
popsci_caveman_page_5_43,6.503003120422363
popsci_caveman_page_1_44,8.651262283325195
popsci_caveman_page_3_44,13.233729362487793
popsci_caveman_page_5_44,5.871853828430176
popsci_caveman_page_6_44,5.129570960998535
popsci_caveman_page_7_44,9.138181686401367
popsci_caveman_page_8_44,7.419783592224121
popsci_caveman_page_7_45,8.356026649475098
popsci_caveman_page_6_45,10.570332527160645
popsci_caveman_page_8_45,4.764651298522949
popsci_caveman_page_3_45,11.67701530456543
popsci_caveman_page_1_45,8.261052131652832
popsci_caveman_page_5_45,11.714202880859375
popsci_caveman_page_8_46,14.028640747070312
popsci_caveman_page_7_46,5.605875015258789
popsci_caveman_page_6_46,6.479066848754883
popsci_caveman_page_1_46,4.257925987243652
popsci_caveman_page_3_46,14.223760604858398
popsci_caveman_page_5_46,0.7690714001655579
popsci_caveman_page_1_47,8.446831703186035
popsci_caveman_page_3_47,10.14175033569336
popsci_caveman_page_5_47,8.812638282775879
popsci_caveman_page_7_47,8.345529556274414
popsci_caveman_page_8_47,2.194594144821167
popsci_caveman_page_8_48,8.627861022949219
popsci_caveman_page_5_48,13.88088321685791
popsci_caveman_page_7_48,4.6626081466674805
popsci_caveman_page_3_48,9.198585510253906
popsci_caveman_page_1_48,9.08801555633545
popsci_caveman_page_1_49,5.868553161621094
popsci_caveman_page_3_49,9.485013008117676
popsci_caveman_page_5_49,9.338013648986816
popsci_caveman_page_7_49,13.757168769836426
popsci_caveman_page_1_50,10.34998607635498
popsci_caveman_page_3_50,14.700682640075684
popsci_caveman_page_5_50,10.71863079071045
popsci_caveman_page_7_50,4.213698863983154
popsci_caveman_page_5_51,8.020669937133789
popsci_caveman_page_7_51,2.9789819717407227
popsci_caveman_page_3_51,9.013788223266602
popsci_caveman_page_1_51,11.365921020507812
popsci_caveman_page_1_52,3.593255043029785
popsci_caveman_page_3_52,10.709712028503418
popsci_caveman_page_5_52,6.088937282562256
popsci_caveman_page_7_52,3.979515552520752
popsci_caveman_page_1_53,10.217870712280273
popsci_caveman_page_3_53,4.7305402755737305
popsci_caveman_page_5_53,7.251561164855957
popsci_caveman_page_7_53,2.726271152496338
popsci_caveman_page_1_54,13.324776649475098
popsci_caveman_page_3_54,7.569633960723877
popsci_caveman_page_7_54,10.081717491149902
popsci_caveman_page_7_55,10.83221435546875
popsci_caveman_page_1_55,7.3531694412231445
popsci_caveman_page_3_55,6.964855670928955
popsci_caveman_page_1_56,9.782262802124023
popsci_caveman_page_3_56,7.766127586364746
popsci_caveman_page_7_56,4.157522201538086
popsci_caveman_page_1_57,6.90452766418457
popsci_caveman_page_3_57,7.5024871826171875
popsci_caveman_page_7_57,8.548580169677734
popsci_caveman_page_7_58,14.274816513061523
popsci_caveman_page_1_58,12.58561897277832
popsci_caveman_page_3_58,11.308755874633789
popsci_caveman_page_3_59,8.773612022399902
popsci_caveman_page_1_59,5.447299957275391
popsci_caveman_page_1_60,10.647232055664062
popsci_caveman_page_3_60,4.442242622375488
popsci_caveman_page_1_61,7.99555778503418
popsci_caveman_page_3_61,5.735989093780518
popsci_caveman_page_1_62,3.832000732421875
popsci_caveman_page_3_62,9.014047622680664
popsci_caveman_page_1_63,12.272366523742676
popsci_caveman_page_3_63,9.73826789855957
popsci_caveman_page_1_64,9.023414611816406
popsci_caveman_page_3_64,8.610213279724121
popsci_caveman_page_3_65,7.920289993286133
popsci_caveman_page_1_65,13.525217056274414
popsci_caveman_page_1_66,11.390417098999023
popsci_caveman_page_3_66,8.674209594726562
popsci_caveman_page_1_67,8.77394962310791
popsci_caveman_page_3_67,9.293656349182129
popsci_caveman_page_1_68,10.713844299316406
popsci_caveman_page_3_68,2.0910987854003906
popsci_caveman_page_3_69,0.21785394847393036
popsci_caveman_page_3_70,0.26349323987960815
popsci_caveman_page_3_71,8.009879112243652
popsci_caveman_page_3_72,3.04689359664917
popsci_caveman_page_3_73,0.18957769870758057
popsci_caveman_page_3_74,4.439280033111572
popsci_caveman_page_3_75,3.5940799713134766
popsci_caveman_page_3_76,7.938937187194824
popsci_caveman_page_3_77,8.764183044433594
popsci_multipleye_page_1_0,7.571072101593018
popsci_multipleye_page_10_0,9.283766746520996
popsci_multipleye_page_11_0,10.348038673400879
popsci_multipleye_page_2_0,8.201349258422852
popsci_multipleye_page_3_0,9.993593215942383
popsci_multipleye_page_4_0,5.867489814758301
popsci_multipleye_page_5_0,9.88707447052002
popsci_multipleye_page_6_0,9.255672454833984
popsci_multipleye_page_7_0,4.351722717285156
popsci_multipleye_page_8_0,5.635951042175293
popsci_multipleye_page_9_0,5.611955642700195
popsci_multipleye_page_9_1,11.288885116577148
popsci_multipleye_page_8_1,4.0443220138549805
popsci_multipleye_page_7_1,7.449149131774902
popsci_multipleye_page_6_1,2.9771323204040527
popsci_multipleye_page_5_1,9.19410514831543
popsci_multipleye_page_11_1,7.46028995513916
popsci_multipleye_page_3_1,5.485700607299805
popsci_multipleye_page_2_1,9.677225112915039
popsci_multipleye_page_10_1,9.506282806396484
popsci_multipleye_page_1_1,9.642149925231934
popsci_multipleye_page_4_1,2.1574580669403076
popsci_multipleye_page_6_2,6.953533172607422
popsci_multipleye_page_9_2,14.082784652709961
popsci_multipleye_page_8_2,12.367488861083984
popsci_multipleye_page_7_2,6.182037830352783
popsci_multipleye_page_5_2,12.79770278930664
popsci_multipleye_page_11_2,8.670495986938477
popsci_multipleye_page_3_2,5.196837425231934
popsci_multipleye_page_2_2,7.176604270935059
popsci_multipleye_page_10_2,4.006261348724365
popsci_multipleye_page_1_2,7.854321002960205
popsci_multipleye_page_4_2,8.418581008911133
popsci_multipleye_page_9_3,6.558049201965332
popsci_multipleye_page_8_3,11.325477600097656
popsci_multipleye_page_7_3,8.778736114501953
popsci_multipleye_page_6_3,6.9391889572143555
popsci_multipleye_page_5_3,4.988757133483887
popsci_multipleye_page_4_3,4.894352912902832
popsci_multipleye_page_2_3,7.1800537109375
popsci_multipleye_page_11_3,9.192873001098633
popsci_multipleye_page_10_3,8.115848541259766
popsci_multipleye_page_1_3,13.541661262512207
popsci_multipleye_page_3_3,4.468560695648193
popsci_multipleye_page_5_4,8.28420639038086
popsci_multipleye_page_9_4,11.896318435668945
popsci_multipleye_page_8_4,5.6039719581604
popsci_multipleye_page_7_4,8.855838775634766
popsci_multipleye_page_4_4,7.992076873779297
popsci_multipleye_page_6_4,4.796399116516113
popsci_multipleye_page_2_4,12.515288352966309
popsci_multipleye_page_3_4,9.609468460083008
popsci_multipleye_page_11_4,10.36760139465332
popsci_multipleye_page_10_4,6.058274269104004
popsci_multipleye_page_1_4,2.363464593887329
popsci_multipleye_page_9_5,4.102919101715088
popsci_multipleye_page_8_5,6.481444358825684
popsci_multipleye_page_7_5,11.182341575622559
popsci_multipleye_page_6_5,7.237966060638428
popsci_multipleye_page_5_5,5.692763328552246
popsci_multipleye_page_4_5,3.1563611030578613
popsci_multipleye_page_3_5,8.917827606201172
popsci_multipleye_page_2_5,9.906972885131836
popsci_multipleye_page_11_5,9.845586776733398
popsci_multipleye_page_10_5,3.6742162704467773
popsci_multipleye_page_1_5,6.575937271118164
popsci_multipleye_page_8_6,6.989356994628906
popsci_multipleye_page_7_6,7.101199626922607
popsci_multipleye_page_6_6,10.314441680908203
popsci_multipleye_page_5_6,11.027727127075195
popsci_multipleye_page_4_6,4.8543267250061035
popsci_multipleye_page_9_6,7.532202243804932
popsci_multipleye_page_2_6,3.80545711517334
popsci_multipleye_page_11_6,7.177957534790039
popsci_multipleye_page_10_6,5.476531982421875
popsci_multipleye_page_1_6,8.816503524780273
popsci_multipleye_page_3_6,9.261492729187012
popsci_multipleye_page_8_7,4.025828838348389
popsci_multipleye_page_7_7,8.737625122070312
popsci_multipleye_page_6_7,8.529308319091797
popsci_multipleye_page_5_7,12.231480598449707
popsci_multipleye_page_4_7,12.859660148620605
popsci_multipleye_page_9_7,11.363141059875488
popsci_multipleye_page_2_7,9.12956714630127
popsci_multipleye_page_11_7,6.582108497619629
popsci_multipleye_page_10_7,9.432857513427734
popsci_multipleye_page_1_7,6.384812831878662
popsci_multipleye_page_3_7,12.965420722961426
popsci_multipleye_page_9_8,7.676514625549316
popsci_multipleye_page_8_8,7.345365524291992
popsci_multipleye_page_7_8,8.411956787109375
popsci_multipleye_page_6_8,10.290122985839844
popsci_multipleye_page_5_8,10.17273998260498
popsci_multipleye_page_4_8,3.136186361312866
popsci_multipleye_page_2_8,8.721589088439941
popsci_multipleye_page_11_8,12.1535062789917
popsci_multipleye_page_10_8,14.970295906066895
popsci_multipleye_page_1_8,6.764072895050049
popsci_multipleye_page_3_8,8.40713119506836
popsci_multipleye_page_6_9,7.367094993591309
popsci_multipleye_page_9_9,10.5919828414917
popsci_multipleye_page_8_9,3.6743879318237305
popsci_multipleye_page_7_9,11.278360366821289
popsci_multipleye_page_5_9,14.126727104187012
popsci_multipleye_page_11_9,5.918926239013672
popsci_multipleye_page_3_9,9.629812240600586
popsci_multipleye_page_2_9,1.6862249374389648
popsci_multipleye_page_4_9,5.25522518157959
popsci_multipleye_page_10_9,9.333659172058105
popsci_multipleye_page_1_9,4.622826099395752
popsci_multipleye_page_9_10,4.4168782234191895
popsci_multipleye_page_8_10,8.251052856445312
popsci_multipleye_page_7_10,12.912605285644531
popsci_multipleye_page_6_10,7.824240684509277
popsci_multipleye_page_5_10,10.256705284118652
popsci_multipleye_page_4_10,6.179302215576172
popsci_multipleye_page_3_10,1.8865958452224731
popsci_multipleye_page_2_10,8.182498931884766
popsci_multipleye_page_11_10,5.45902156829834
popsci_multipleye_page_10_10,3.5521504878997803
popsci_multipleye_page_1_10,9.546627044677734
popsci_multipleye_page_9_11,6.812458515167236
popsci_multipleye_page_8_11,8.502038955688477
popsci_multipleye_page_7_11,8.184135437011719
popsci_multipleye_page_6_11,12.88490104675293
popsci_multipleye_page_5_11,5.152511119842529
popsci_multipleye_page_4_11,7.107333660125732
popsci_multipleye_page_3_11,7.407431602478027
popsci_multipleye_page_2_11,4.726333141326904
popsci_multipleye_page_11_11,6.98046350479126
popsci_multipleye_page_10_11,4.673720359802246
popsci_multipleye_page_1_11,8.362142562866211
popsci_multipleye_page_9_12,5.958783149719238
popsci_multipleye_page_8_12,7.5519700050354
popsci_multipleye_page_7_12,10.767187118530273
popsci_multipleye_page_6_12,6.242884159088135
popsci_multipleye_page_5_12,9.780964851379395
popsci_multipleye_page_4_12,5.037433624267578
popsci_multipleye_page_3_12,4.693015098571777
popsci_multipleye_page_2_12,5.409328937530518
popsci_multipleye_page_11_12,5.935428619384766
popsci_multipleye_page_10_12,10.886240005493164
popsci_multipleye_page_1_12,5.769768714904785
popsci_multipleye_page_8_13,6.827906131744385
popsci_multipleye_page_7_13,13.02301025390625
popsci_multipleye_page_6_13,6.888731956481934
popsci_multipleye_page_5_13,3.2696075439453125
popsci_multipleye_page_4_13,9.111175537109375
popsci_multipleye_page_9_13,10.214727401733398
popsci_multipleye_page_2_13,7.433015823364258
popsci_multipleye_page_11_13,11.515578269958496
popsci_multipleye_page_10_13,8.434661865234375
popsci_multipleye_page_1_13,4.489554405212402
popsci_multipleye_page_3_13,5.857968807220459
popsci_multipleye_page_9_14,10.304291725158691
popsci_multipleye_page_8_14,9.693941116333008
popsci_multipleye_page_7_14,15.011616706848145
popsci_multipleye_page_6_14,5.2707390785217285
popsci_multipleye_page_5_14,6.652787685394287
popsci_multipleye_page_4_14,9.156394958496094
popsci_multipleye_page_3_14,1.1904655694961548
popsci_multipleye_page_2_14,10.755145072937012
popsci_multipleye_page_11_14,8.931384086608887
popsci_multipleye_page_10_14,13.740612030029297
popsci_multipleye_page_1_14,8.980683326721191
popsci_multipleye_page_8_15,5.777091026306152
popsci_multipleye_page_7_15,5.074069023132324
popsci_multipleye_page_6_15,9.963330268859863
popsci_multipleye_page_5_15,8.896740913391113
popsci_multipleye_page_4_15,9.777944564819336
popsci_multipleye_page_9_15,2.3407492637634277
popsci_multipleye_page_2_15,7.92223596572876
popsci_multipleye_page_11_15,8.365811347961426
popsci_multipleye_page_10_15,12.528327941894531
popsci_multipleye_page_1_15,3.52276611328125
popsci_multipleye_page_3_15,6.20765495300293
popsci_multipleye_page_8_16,5.32999324798584
popsci_multipleye_page_7_16,10.101590156555176
popsci_multipleye_page_6_16,7.3285980224609375
popsci_multipleye_page_5_16,9.307574272155762
popsci_multipleye_page_4_16,9.903799057006836
popsci_multipleye_page_9_16,10.829755783081055
popsci_multipleye_page_2_16,6.3330769538879395
popsci_multipleye_page_11_16,6.586839199066162
popsci_multipleye_page_10_16,3.8070526123046875
popsci_multipleye_page_1_16,10.67321491241455
popsci_multipleye_page_3_16,8.971197128295898
popsci_multipleye_page_9_17,3.8508687019348145
popsci_multipleye_page_8_17,2.7491793632507324
popsci_multipleye_page_7_17,7.471731185913086
popsci_multipleye_page_6_17,4.091691970825195
popsci_multipleye_page_5_17,7.787844657897949
popsci_multipleye_page_4_17,9.806793212890625
popsci_multipleye_page_2_17,7.168760299682617
popsci_multipleye_page_11_17,4.870062828063965
popsci_multipleye_page_10_17,7.672664165496826
popsci_multipleye_page_1_17,12.850510597229004
popsci_multipleye_page_3_17,7.247817039489746
popsci_multipleye_page_5_18,12.260594367980957
popsci_multipleye_page_9_18,9.214014053344727
popsci_multipleye_page_8_18,7.623922824859619
popsci_multipleye_page_7_18,6.401634693145752
popsci_multipleye_page_4_18,9.690876960754395
popsci_multipleye_page_6_18,12.722569465637207
popsci_multipleye_page_2_18,8.360612869262695
popsci_multipleye_page_3_18,7.955536365509033
popsci_multipleye_page_11_18,5.3428802490234375
popsci_multipleye_page_10_18,11.075114250183105
popsci_multipleye_page_1_18,9.466854095458984
popsci_multipleye_page_9_19,10.341202735900879
popsci_multipleye_page_8_19,9.580659866333008
popsci_multipleye_page_7_19,8.295182228088379
popsci_multipleye_page_6_19,10.614849090576172
popsci_multipleye_page_5_19,2.1449904441833496
popsci_multipleye_page_4_19,8.909122467041016
popsci_multipleye_page_3_19,10.513458251953125
popsci_multipleye_page_2_19,4.071205139160156
popsci_multipleye_page_11_19,3.6907808780670166
popsci_multipleye_page_10_19,5.582456111907959
popsci_multipleye_page_1_19,12.218027114868164
popsci_multipleye_page_9_20,2.589892864227295
popsci_multipleye_page_8_20,5.445970058441162
popsci_multipleye_page_7_20,6.828824996948242
popsci_multipleye_page_6_20,8.426456451416016
popsci_multipleye_page_5_20,7.511247634887695
popsci_multipleye_page_4_20,3.8682940006256104
popsci_multipleye_page_3_20,8.21936321258545
popsci_multipleye_page_2_20,10.963817596435547
popsci_multipleye_page_11_20,9.290979385375977
popsci_multipleye_page_10_20,8.09628677368164
popsci_multipleye_page_1_20,9.291748046875
popsci_multipleye_page_9_21,10.814470291137695
popsci_multipleye_page_8_21,9.591334342956543
popsci_multipleye_page_7_21,4.415037155151367
popsci_multipleye_page_6_21,12.999894142150879
popsci_multipleye_page_5_21,8.990433692932129
popsci_multipleye_page_4_21,5.135952472686768
popsci_multipleye_page_3_21,9.7500581741333
popsci_multipleye_page_2_21,8.219244956970215
popsci_multipleye_page_11_21,5.07480001449585
popsci_multipleye_page_10_21,7.905264854431152
popsci_multipleye_page_1_21,7.37766695022583
popsci_multipleye_page_8_22,3.202817440032959
popsci_multipleye_page_7_22,5.4871439933776855
popsci_multipleye_page_6_22,10.788406372070312
popsci_multipleye_page_5_22,8.858169555664062
popsci_multipleye_page_4_22,7.440371990203857
popsci_multipleye_page_9_22,9.433789253234863
popsci_multipleye_page_2_22,2.9730472564697266
popsci_multipleye_page_11_22,3.5617623329162598
popsci_multipleye_page_10_22,2.1213629245758057
popsci_multipleye_page_1_22,9.18420124053955
popsci_multipleye_page_3_22,8.642889976501465
popsci_multipleye_page_9_23,8.996495246887207
popsci_multipleye_page_8_23,11.951498031616211
popsci_multipleye_page_7_23,11.771747589111328
popsci_multipleye_page_6_23,4.707644462585449
popsci_multipleye_page_5_23,5.188892364501953
popsci_multipleye_page_4_23,12.788516998291016
popsci_multipleye_page_3_23,11.228998184204102
popsci_multipleye_page_2_23,6.468003749847412
popsci_multipleye_page_11_23,18.042282104492188
popsci_multipleye_page_10_23,10.192827224731445
popsci_multipleye_page_1_23,3.4135470390319824
popsci_multipleye_page_8_24,2.604212522506714
popsci_multipleye_page_7_24,6.585037708282471
popsci_multipleye_page_6_24,7.129878520965576
popsci_multipleye_page_5_24,5.3515472412109375
popsci_multipleye_page_4_24,5.581955432891846
popsci_multipleye_page_9_24,11.118492126464844
popsci_multipleye_page_2_24,11.325465202331543
popsci_multipleye_page_11_24,5.413743495941162
popsci_multipleye_page_10_24,9.434477806091309
popsci_multipleye_page_1_24,3.2775769233703613
popsci_multipleye_page_3_24,7.322602272033691
popsci_multipleye_page_8_25,7.960903644561768
popsci_multipleye_page_7_25,8.444573402404785
popsci_multipleye_page_6_25,8.060090065002441
popsci_multipleye_page_5_25,8.975872039794922
popsci_multipleye_page_4_25,8.305035591125488
popsci_multipleye_page_9_25,4.071288108825684
popsci_multipleye_page_2_25,7.617286205291748
popsci_multipleye_page_11_25,10.131413459777832
popsci_multipleye_page_10_25,5.155328273773193
popsci_multipleye_page_1_25,8.86136245727539
popsci_multipleye_page_3_25,9.55595588684082
popsci_multipleye_page_9_26,12.061497688293457
popsci_multipleye_page_8_26,3.4542739391326904
popsci_multipleye_page_7_26,5.548239707946777
popsci_multipleye_page_6_26,6.584670543670654
popsci_multipleye_page_5_26,6.803936958312988
popsci_multipleye_page_4_26,11.647348403930664
popsci_multipleye_page_2_26,7.835392475128174
popsci_multipleye_page_11_26,10.26675796508789
popsci_multipleye_page_10_26,7.873781681060791
popsci_multipleye_page_1_26,11.520608901977539
popsci_multipleye_page_3_26,9.5902099609375
popsci_multipleye_page_5_27,6.916222095489502
popsci_multipleye_page_8_27,11.56829833984375
popsci_multipleye_page_7_27,4.924046516418457
popsci_multipleye_page_6_27,7.724476337432861
popsci_multipleye_page_4_27,3.955705165863037
popsci_multipleye_page_9_27,6.4127197265625
popsci_multipleye_page_2_27,11.09463882446289
popsci_multipleye_page_1_27,13.714265823364258
popsci_multipleye_page_3_27,9.674290657043457
popsci_multipleye_page_11_27,6.414277076721191
popsci_multipleye_page_10_27,8.48381233215332
popsci_multipleye_page_9_28,9.766707420349121
popsci_multipleye_page_8_28,8.85429573059082
popsci_multipleye_page_7_28,2.203444242477417
popsci_multipleye_page_6_28,9.859871864318848
popsci_multipleye_page_4_28,10.437146186828613
popsci_multipleye_page_5_28,7.4265618324279785
popsci_multipleye_page_2_28,9.637995719909668
popsci_multipleye_page_11_28,4.900873184204102
popsci_multipleye_page_10_28,7.226193904876709
popsci_multipleye_page_1_28,3.269334316253662
popsci_multipleye_page_3_28,7.642566680908203
popsci_multipleye_page_5_29,12.596171379089355
popsci_multipleye_page_8_29,5.493753433227539
popsci_multipleye_page_7_29,8.268305778503418
popsci_multipleye_page_6_29,4.3760857582092285
popsci_multipleye_page_4_29,11.456331253051758
popsci_multipleye_page_9_29,9.840734481811523
popsci_multipleye_page_2_29,6.052060604095459
popsci_multipleye_page_11_29,9.118512153625488
popsci_multipleye_page_10_29,12.013140678405762
popsci_multipleye_page_1_29,10.828400611877441
popsci_multipleye_page_3_29,13.247575759887695
popsci_multipleye_page_8_30,8.894607543945312
popsci_multipleye_page_7_30,10.962909698486328
popsci_multipleye_page_6_30,8.577934265136719
popsci_multipleye_page_5_30,11.56013298034668
popsci_multipleye_page_4_30,9.08368968963623
popsci_multipleye_page_9_30,5.778379917144775
popsci_multipleye_page_2_30,17.89513397216797
popsci_multipleye_page_3_30,11.139371871948242
popsci_multipleye_page_1_30,13.409963607788086
popsci_multipleye_page_10_30,9.024279594421387
popsci_multipleye_page_11_30,5.593420028686523
popsci_multipleye_page_6_31,5.315257549285889
popsci_multipleye_page_9_31,10.586132049560547
popsci_multipleye_page_8_31,11.251419067382812
popsci_multipleye_page_7_31,3.9935860633850098
popsci_multipleye_page_5_31,6.4667205810546875
popsci_multipleye_page_4_31,7.301044464111328
popsci_multipleye_page_2_31,10.072057723999023
popsci_multipleye_page_11_31,6.030574798583984
popsci_multipleye_page_10_31,12.061521530151367
popsci_multipleye_page_1_31,8.566084861755371
popsci_multipleye_page_3_31,2.290630340576172
popsci_multipleye_page_9_32,8.682899475097656
popsci_multipleye_page_8_32,7.274790287017822
popsci_multipleye_page_7_32,9.32410717010498
popsci_multipleye_page_6_32,10.647092819213867
popsci_multipleye_page_5_32,9.694918632507324
popsci_multipleye_page_4_32,0.7367329597473145
popsci_multipleye_page_2_32,6.7998552322387695
popsci_multipleye_page_11_32,8.600470542907715
popsci_multipleye_page_10_32,7.332746505737305
popsci_multipleye_page_1_32,13.924064636230469
popsci_multipleye_page_3_32,9.804895401000977
popsci_multipleye_page_9_33,2.687828540802002
popsci_multipleye_page_8_33,13.701868057250977
popsci_multipleye_page_7_33,7.419684410095215
popsci_multipleye_page_6_33,11.991815567016602
popsci_multipleye_page_5_33,9.09648323059082
popsci_multipleye_page_4_33,6.095722675323486
popsci_multipleye_page_3_33,8.510895729064941
popsci_multipleye_page_2_33,4.607304096221924
popsci_multipleye_page_11_33,6.343865394592285
popsci_multipleye_page_10_33,6.324916839599609
popsci_multipleye_page_1_33,3.1026153564453125
popsci_multipleye_page_8_34,4.774469375610352
popsci_multipleye_page_7_34,10.719772338867188
popsci_multipleye_page_6_34,5.380328178405762
popsci_multipleye_page_5_34,6.514641284942627
popsci_multipleye_page_4_34,6.657308578491211
popsci_multipleye_page_9_34,7.814998626708984
popsci_multipleye_page_2_34,9.453885078430176
popsci_multipleye_page_11_34,8.286219596862793
popsci_multipleye_page_10_34,6.913001537322998
popsci_multipleye_page_1_34,7.599754333496094
popsci_multipleye_page_3_34,11.818437576293945
popsci_multipleye_page_8_35,12.620532035827637
popsci_multipleye_page_7_35,7.150647163391113
popsci_multipleye_page_6_35,7.908509731292725
popsci_multipleye_page_5_35,5.106182098388672
popsci_multipleye_page_4_35,3.865344524383545
popsci_multipleye_page_9_35,4.966447830200195
popsci_multipleye_page_2_35,4.30137825012207
popsci_multipleye_page_11_35,7.709318161010742
popsci_multipleye_page_10_35,10.510852813720703
popsci_multipleye_page_1_35,4.838435649871826
popsci_multipleye_page_3_35,8.380851745605469
popsci_multipleye_page_9_36,8.043224334716797
popsci_multipleye_page_8_36,6.652261734008789
popsci_multipleye_page_7_36,11.008172988891602
popsci_multipleye_page_6_36,7.213754653930664
popsci_multipleye_page_5_36,3.9515154361724854
popsci_multipleye_page_4_36,9.867681503295898
popsci_multipleye_page_2_36,4.504430770874023
popsci_multipleye_page_11_36,11.528992652893066
popsci_multipleye_page_10_36,7.999623775482178
popsci_multipleye_page_1_36,5.061711311340332
popsci_multipleye_page_3_36,9.974604606628418
popsci_multipleye_page_6_37,7.464602470397949
popsci_multipleye_page_9_37,13.419979095458984
popsci_multipleye_page_8_37,11.034378051757812
popsci_multipleye_page_7_37,4.612998008728027
popsci_multipleye_page_5_37,3.9709739685058594
popsci_multipleye_page_4_37,8.503467559814453
popsci_multipleye_page_3_37,9.723058700561523
popsci_multipleye_page_2_37,7.216678619384766
popsci_multipleye_page_11_37,10.481574058532715
popsci_multipleye_page_10_37,9.694860458374023
popsci_multipleye_page_1_37,8.761847496032715
popsci_multipleye_page_9_38,13.619281768798828
popsci_multipleye_page_8_38,10.446931838989258
popsci_multipleye_page_7_38,8.29452133178711
popsci_multipleye_page_6_38,6.998991012573242
popsci_multipleye_page_5_38,9.684773445129395
popsci_multipleye_page_4_38,6.397139549255371
popsci_multipleye_page_3_38,5.792584419250488
popsci_multipleye_page_2_38,6.778677940368652
popsci_multipleye_page_11_38,6.905497074127197
popsci_multipleye_page_10_38,8.363286018371582
popsci_multipleye_page_1_38,3.6246731281280518
popsci_multipleye_page_9_39,6.19789981842041
popsci_multipleye_page_8_39,3.1111016273498535
popsci_multipleye_page_7_39,11.978048324584961
popsci_multipleye_page_6_39,9.348298072814941
popsci_multipleye_page_5_39,9.047489166259766
popsci_multipleye_page_4_39,6.15155029296875
popsci_multipleye_page_3_39,5.537768363952637
popsci_multipleye_page_2_39,7.686215400695801
popsci_multipleye_page_11_39,11.209869384765625
popsci_multipleye_page_10_39,6.303932189941406
popsci_multipleye_page_1_39,9.308479309082031
popsci_multipleye_page_9_40,2.9899957180023193
popsci_multipleye_page_8_40,7.555366039276123
popsci_multipleye_page_7_40,9.424346923828125
popsci_multipleye_page_6_40,7.249007225036621
popsci_multipleye_page_5_40,5.975090026855469
popsci_multipleye_page_4_40,14.83630657196045
popsci_multipleye_page_3_40,4.819161891937256
popsci_multipleye_page_2_40,7.443609237670898
popsci_multipleye_page_11_40,9.707798957824707
popsci_multipleye_page_10_40,12.005264282226562
popsci_multipleye_page_1_40,13.14280891418457
popsci_multipleye_page_8_41,5.9552178382873535
popsci_multipleye_page_7_41,3.4756617546081543
popsci_multipleye_page_6_41,4.262565612792969
popsci_multipleye_page_5_41,8.858904838562012
popsci_multipleye_page_4_41,10.126158714294434
popsci_multipleye_page_9_41,10.32066535949707
popsci_multipleye_page_2_41,4.429263591766357
popsci_multipleye_page_11_41,9.082514762878418
popsci_multipleye_page_10_41,10.685580253601074
popsci_multipleye_page_1_41,2.777618408203125
popsci_multipleye_page_3_41,10.06840991973877
popsci_multipleye_page_9_42,11.154221534729004
popsci_multipleye_page_8_42,9.69092845916748
popsci_multipleye_page_7_42,9.067961692810059
popsci_multipleye_page_6_42,11.145944595336914
popsci_multipleye_page_5_42,8.786764144897461
popsci_multipleye_page_4_42,7.032086372375488
popsci_multipleye_page_3_42,12.421536445617676
popsci_multipleye_page_2_42,10.734868049621582
popsci_multipleye_page_11_42,11.806193351745605
popsci_multipleye_page_10_42,1.4214162826538086
popsci_multipleye_page_1_42,8.867136001586914
popsci_multipleye_page_8_43,11.03691291809082
popsci_multipleye_page_7_43,8.992538452148438
popsci_multipleye_page_6_43,8.63967227935791
popsci_multipleye_page_5_43,3.752598285675049
popsci_multipleye_page_4_43,9.736824035644531
popsci_multipleye_page_9_43,6.990212440490723
popsci_multipleye_page_2_43,7.098705768585205
popsci_multipleye_page_11_43,10.331905364990234
popsci_multipleye_page_10_43,8.70671272277832
popsci_multipleye_page_1_43,4.9191575050354
popsci_multipleye_page_3_43,6.093897342681885
popsci_multipleye_page_8_44,7.250210285186768
popsci_multipleye_page_7_44,10.287421226501465
popsci_multipleye_page_6_44,3.9545421600341797
popsci_multipleye_page_5_44,10.046571731567383
popsci_multipleye_page_4_44,12.008495330810547
popsci_multipleye_page_9_44,12.41462230682373
popsci_multipleye_page_2_44,5.27248477935791
popsci_multipleye_page_11_44,8.3508882522583
popsci_multipleye_page_10_44,9.442389488220215
popsci_multipleye_page_1_44,12.585067749023438
popsci_multipleye_page_3_44,10.675535202026367
popsci_multipleye_page_9_45,5.035093307495117
popsci_multipleye_page_8_45,2.989603042602539
popsci_multipleye_page_7_45,3.1946821212768555
popsci_multipleye_page_6_45,5.88970422744751
popsci_multipleye_page_5_45,7.155977249145508
popsci_multipleye_page_4_45,4.513204574584961
popsci_multipleye_page_2_45,10.104622840881348
popsci_multipleye_page_11_45,9.155141830444336
popsci_multipleye_page_10_45,5.736275672912598
popsci_multipleye_page_1_45,6.152701377868652
popsci_multipleye_page_3_45,13.467905044555664
popsci_multipleye_page_5_46,8.989873886108398
popsci_multipleye_page_8_46,10.0806303024292
popsci_multipleye_page_7_46,8.097229957580566
popsci_multipleye_page_6_46,5.117606163024902
popsci_multipleye_page_4_46,8.137325286865234
popsci_multipleye_page_9_46,3.1935362815856934
popsci_multipleye_page_2_46,9.987472534179688
popsci_multipleye_page_1_46,7.4654340744018555
popsci_multipleye_page_3_46,11.901507377624512
popsci_multipleye_page_11_46,2.5978951454162598
popsci_multipleye_page_10_46,5.271238327026367
popsci_multipleye_page_9_47,11.190423011779785
popsci_multipleye_page_8_47,2.642526865005493
popsci_multipleye_page_7_47,8.225441932678223
popsci_multipleye_page_6_47,6.293976783752441
popsci_multipleye_page_4_47,8.426944732666016
popsci_multipleye_page_5_47,4.669007301330566
popsci_multipleye_page_2_47,4.9538469314575195
popsci_multipleye_page_11_47,7.518136501312256
popsci_multipleye_page_10_47,9.743080139160156
popsci_multipleye_page_1_47,13.454804420471191
popsci_multipleye_page_3_47,13.575533866882324
popsci_multipleye_page_5_48,13.099181175231934
popsci_multipleye_page_8_48,6.347005844116211
popsci_multipleye_page_7_48,6.4936628341674805
popsci_multipleye_page_6_48,5.020584583282471
popsci_multipleye_page_4_48,4.981008529663086
popsci_multipleye_page_9_48,6.665739059448242
popsci_multipleye_page_2_48,4.574221611022949
popsci_multipleye_page_11_48,14.599456787109375
popsci_multipleye_page_10_48,4.941376686096191
popsci_multipleye_page_1_48,6.476462364196777
popsci_multipleye_page_3_48,9.214887619018555
popsci_multipleye_page_8_49,7.450603008270264
popsci_multipleye_page_7_49,11.24584674835205
popsci_multipleye_page_6_49,7.785154342651367
popsci_multipleye_page_5_49,9.272369384765625
popsci_multipleye_page_4_49,13.505613327026367
popsci_multipleye_page_9_49,14.00553035736084
popsci_multipleye_page_2_49,9.12704086303711
popsci_multipleye_page_3_49,4.549507141113281
popsci_multipleye_page_1_49,9.16609001159668
popsci_multipleye_page_10_49,10.405868530273438
popsci_multipleye_page_11_49,8.419418334960938
popsci_multipleye_page_6_50,7.569798469543457
popsci_multipleye_page_9_50,15.672518730163574
popsci_multipleye_page_8_50,11.91462230682373
popsci_multipleye_page_7_50,5.01178503036499
popsci_multipleye_page_5_50,4.353888034820557
popsci_multipleye_page_4_50,6.5185041427612305
popsci_multipleye_page_2_50,10.664159774780273
popsci_multipleye_page_11_50,12.735243797302246
popsci_multipleye_page_10_50,6.23243522644043
popsci_multipleye_page_1_50,3.729027271270752
popsci_multipleye_page_3_50,8.561256408691406
popsci_multipleye_page_9_51,6.249547004699707
popsci_multipleye_page_8_51,9.866944313049316
popsci_multipleye_page_7_51,7.1192169189453125
popsci_multipleye_page_6_51,8.866495132446289
popsci_multipleye_page_5_51,5.989957809448242
popsci_multipleye_page_4_51,10.456789016723633
popsci_multipleye_page_2_51,8.341816902160645
popsci_multipleye_page_11_51,10.264341354370117
popsci_multipleye_page_10_51,3.6130313873291016
popsci_multipleye_page_1_51,12.97632122039795
popsci_multipleye_page_3_51,6.933572292327881
popsci_multipleye_page_9_52,13.864011764526367
popsci_multipleye_page_8_52,8.989307403564453
popsci_multipleye_page_7_52,6.958343982696533
popsci_multipleye_page_6_52,5.588885307312012
popsci_multipleye_page_5_52,12.545446395874023
popsci_multipleye_page_4_52,3.271820068359375
popsci_multipleye_page_3_52,8.468351364135742
popsci_multipleye_page_2_52,6.753299713134766
popsci_multipleye_page_11_52,7.6349334716796875
popsci_multipleye_page_10_52,6.659937858581543
popsci_multipleye_page_1_52,9.478342056274414
popsci_multipleye_page_8_53,15.74842643737793
popsci_multipleye_page_7_53,5.6074981689453125
popsci_multipleye_page_6_53,5.915248394012451
popsci_multipleye_page_5_53,5.105011940002441
popsci_multipleye_page_4_53,9.47176742553711
popsci_multipleye_page_9_53,9.313470840454102
popsci_multipleye_page_2_53,2.0087218284606934
popsci_multipleye_page_11_53,6.339799880981445
popsci_multipleye_page_10_53,9.151538848876953
popsci_multipleye_page_1_53,8.046586990356445
popsci_multipleye_page_3_53,5.118588447570801
popsci_multipleye_page_8_54,5.588316440582275
popsci_multipleye_page_7_54,7.506328105926514
popsci_multipleye_page_6_54,8.118186950683594
popsci_multipleye_page_5_54,5.401949882507324
popsci_multipleye_page_4_54,10.836066246032715
popsci_multipleye_page_9_54,4.128176689147949
popsci_multipleye_page_2_54,5.2693305015563965
popsci_multipleye_page_11_54,5.7576165199279785
popsci_multipleye_page_10_54,11.945724487304688
popsci_multipleye_page_1_54,6.66005277633667
popsci_multipleye_page_3_54,13.759078025817871
popsci_multipleye_page_9_55,10.721714973449707
popsci_multipleye_page_8_55,7.32974910736084
popsci_multipleye_page_7_55,7.819571018218994
popsci_multipleye_page_6_55,9.489276885986328
popsci_multipleye_page_5_55,10.122601509094238
popsci_multipleye_page_4_55,7.616734981536865
popsci_multipleye_page_2_55,8.021431922912598
popsci_multipleye_page_11_55,11.020065307617188
popsci_multipleye_page_10_55,10.66797924041748
popsci_multipleye_page_1_55,9.476739883422852
popsci_multipleye_page_3_55,14.642114639282227
popsci_multipleye_page_6_56,4.240846157073975
popsci_multipleye_page_9_56,8.151257514953613
popsci_multipleye_page_8_56,6.978597164154053
popsci_multipleye_page_7_56,4.8372087478637695
popsci_multipleye_page_5_56,10.126956939697266
popsci_multipleye_page_2_56,12.524261474609375
popsci_multipleye_page_3_56,7.998162269592285
popsci_multipleye_page_4_56,9.83831787109375
popsci_multipleye_page_11_56,2.096386432647705
popsci_multipleye_page_10_56,7.88624382019043
popsci_multipleye_page_1_56,7.333992004394531
popsci_multipleye_page_9_57,10.186969757080078
popsci_multipleye_page_8_57,9.340886116027832
popsci_multipleye_page_7_57,10.865912437438965
popsci_multipleye_page_6_57,8.84838581085205
popsci_multipleye_page_5_57,5.146728515625
popsci_multipleye_page_4_57,8.47864055633545
popsci_multipleye_page_3_57,4.832819938659668
popsci_multipleye_page_2_57,12.37850284576416
popsci_multipleye_page_11_57,5.9588518142700195
popsci_multipleye_page_10_57,9.332925796508789
popsci_multipleye_page_1_57,8.966524124145508
popsci_multipleye_page_9_58,10.696884155273438
popsci_multipleye_page_7_58,8.632688522338867
popsci_multipleye_page_6_58,7.5599446296691895
popsci_multipleye_page_5_58,16.274511337280273
popsci_multipleye_page_4_58,11.311758995056152
popsci_multipleye_page_8_58,4.666014671325684
popsci_multipleye_page_2_58,8.715847969055176
popsci_multipleye_page_11_58,2.8305530548095703
popsci_multipleye_page_10_58,3.1405038833618164
popsci_multipleye_page_3_58,1.8834059238433838
popsci_multipleye_page_1_58,2.450439929962158
popsci_multipleye_page_8_59,4.409200668334961
popsci_multipleye_page_7_59,12.611671447753906
popsci_multipleye_page_6_59,8.529305458068848
popsci_multipleye_page_5_59,4.580930709838867
popsci_multipleye_page_9_59,11.388025283813477
popsci_multipleye_page_2_59,5.8111653327941895
popsci_multipleye_page_11_59,8.190800666809082
popsci_multipleye_page_10_59,7.43693208694458
popsci_multipleye_page_1_59,6.749858379364014
popsci_multipleye_page_3_59,13.045235633850098
popsci_multipleye_page_9_60,7.958643913269043
popsci_multipleye_page_8_60,8.176955223083496
popsci_multipleye_page_7_60,4.731619358062744
popsci_multipleye_page_6_60,4.129199981689453
popsci_multipleye_page_5_60,8.748149871826172
popsci_multipleye_page_3_60,12.173399925231934
popsci_multipleye_page_11_60,10.946989059448242
popsci_multipleye_page_10_60,7.880790710449219
popsci_multipleye_page_1_60,6.118750095367432
popsci_multipleye_page_2_60,6.418036460876465
popsci_multipleye_page_7_61,6.294835090637207
popsci_multipleye_page_9_61,4.219073295593262
popsci_multipleye_page_8_61,5.401519775390625
popsci_multipleye_page_6_61,10.579872131347656
popsci_multipleye_page_2_61,4.52340030670166
popsci_multipleye_page_3_61,4.665433883666992
popsci_multipleye_page_5_61,3.963444471359253
popsci_multipleye_page_10_61,9.07122802734375
popsci_multipleye_page_1_61,9.291979789733887
popsci_multipleye_page_8_62,11.781716346740723
popsci_multipleye_page_7_62,8.06430435180664
popsci_multipleye_page_6_62,5.820291042327881
popsci_multipleye_page_5_62,10.10175609588623
popsci_multipleye_page_9_62,10.0506010055542
popsci_multipleye_page_2_62,10.608200073242188
popsci_multipleye_page_10_62,6.597125053405762
popsci_multipleye_page_1_62,4.17155122756958
popsci_multipleye_page_3_62,5.0615010261535645
popsci_multipleye_page_9_63,5.912782192230225
popsci_multipleye_page_8_63,11.242889404296875
popsci_multipleye_page_7_63,10.058026313781738
popsci_multipleye_page_6_63,7.905216217041016
popsci_multipleye_page_5_63,10.563430786132812
popsci_multipleye_page_2_63,11.746734619140625
popsci_multipleye_page_10_63,3.7831289768218994
popsci_multipleye_page_1_63,5.939168930053711
popsci_multipleye_page_3_63,9.153373718261719
popsci_multipleye_page_7_64,5.409424781799316
popsci_multipleye_page_8_64,7.060083389282227
popsci_multipleye_page_9_64,5.524683952331543
popsci_multipleye_page_6_64,8.468378067016602
popsci_multipleye_page_10_64,3.6911120414733887
popsci_multipleye_page_2_64,3.99699068069458
popsci_multipleye_page_1_64,9.011565208435059
popsci_multipleye_page_5_64,6.564812183380127
popsci_multipleye_page_8_65,4.702503681182861
popsci_multipleye_page_7_65,10.897799491882324
popsci_multipleye_page_6_65,9.789644241333008
popsci_multipleye_page_9_65,3.4372472763061523
popsci_multipleye_page_2_65,9.360803604125977
popsci_multipleye_page_1_65,7.745599746704102
popsci_multipleye_page_5_65,4.1835103034973145
popsci_multipleye_page_1_66,8.454110145568848
popsci_multipleye_page_2_66,3.642646074295044
popsci_multipleye_page_5_66,6.4747161865234375
popsci_multipleye_page_6_66,8.214177131652832
popsci_multipleye_page_7_66,10.41038703918457
popsci_multipleye_page_8_66,3.837799072265625
popsci_multipleye_page_9_66,11.128734588623047
popsci_multipleye_page_7_67,11.393143653869629
popsci_multipleye_page_9_67,8.61385726928711
popsci_multipleye_page_6_67,12.971905708312988
popsci_multipleye_page_8_67,10.971435546875
popsci_multipleye_page_2_67,6.75869607925415
popsci_multipleye_page_5_67,10.345664024353027
popsci_multipleye_page_1_67,8.95777416229248
popsci_multipleye_page_1_68,11.865522384643555
popsci_multipleye_page_2_68,2.251037836074829
popsci_multipleye_page_5_68,2.5389089584350586
popsci_multipleye_page_6_68,8.88221549987793
popsci_multipleye_page_7_68,8.273438453674316
popsci_multipleye_page_8_68,7.470461845397949
popsci_multipleye_page_9_68,2.482001304626465
popsci_multipleye_page_7_69,7.5054473876953125
popsci_multipleye_page_9_69,11.950348854064941
popsci_multipleye_page_8_69,8.800516128540039
popsci_multipleye_page_6_69,9.636098861694336
popsci_multipleye_page_5_69,9.399009704589844
popsci_multipleye_page_2_69,9.409975051879883
popsci_multipleye_page_1_69,2.1454877853393555
popsci_multipleye_page_1_70,5.940307140350342
popsci_multipleye_page_2_70,4.178865432739258
popsci_multipleye_page_5_70,6.200949192047119
popsci_multipleye_page_6_70,7.193876266479492
popsci_multipleye_page_7_70,9.682405471801758
popsci_multipleye_page_8_70,6.414161682128906
popsci_multipleye_page_9_70,14.262510299682617
popsci_multipleye_page_8_71,9.501749038696289
popsci_multipleye_page_5_71,12.350391387939453
popsci_multipleye_page_9_71,4.335257530212402
popsci_multipleye_page_7_71,3.60952091217041
popsci_multipleye_page_2_71,10.265738487243652
popsci_multipleye_page_1_71,8.121113777160645
popsci_multipleye_page_6_71,6.419119358062744
popsci_multipleye_page_1_72,11.900334358215332
popsci_multipleye_page_2_72,7.048648834228516
popsci_multipleye_page_5_72,11.449543952941895
popsci_multipleye_page_6_72,9.938763618469238
popsci_multipleye_page_7_72,10.426307678222656
popsci_multipleye_page_8_72,3.4179701805114746
popsci_multipleye_page_9_72,10.322298049926758
popsci_multipleye_page_5_73,5.2513427734375
popsci_multipleye_page_9_73,12.593260765075684
popsci_multipleye_page_8_73,8.007972717285156
popsci_multipleye_page_2_73,1.5205985307693481
popsci_multipleye_page_1_73,4.672780513763428
popsci_multipleye_page_7_73,7.055915832519531
popsci_multipleye_page_8_74,10.207600593566895
popsci_multipleye_page_1_74,13.856584548950195
popsci_multipleye_page_2_74,10.519530296325684
popsci_multipleye_page_5_74,11.731195449829102
popsci_multipleye_page_7_74,11.366766929626465
popsci_multipleye_page_9_74,1.8517816066741943
popsci_multipleye_page_8_75,4.942880630493164
popsci_multipleye_page_9_75,12.266083717346191
popsci_multipleye_page_5_75,8.105684280395508
popsci_multipleye_page_2_75,6.446744441986084
popsci_multipleye_page_2_76,2.098198652267456
popsci_multipleye_page_8_76,5.487618923187256
popsci_multipleye_page_9_76,12.509443283081055
popsci_multipleye_page_2_77,6.441279411315918
popsci_multipleye_page_8_77,0.8761988878250122
popsci_multipleye_page_9_77,7.8480544090271
popsci_multipleye_page_2_78,13.116073608398438
popsci_multipleye_page_8_78,7.382990837097168
popsci_multipleye_page_9_78,8.780673027038574
popsci_multipleye_page_8_79,11.512224197387695
popsci_multipleye_page_9_79,6.704051494598389
popsci_multipleye_page_2_79,7.7969489097595215
popsci_multipleye_page_2_80,6.945106029510498
popsci_multipleye_page_8_80,16.747976303100586
popsci_multipleye_page_9_80,11.192421913146973
popsci_multipleye_page_2_81,8.025543212890625
popsci_multipleye_page_8_81,5.655596733093262
popsci_multipleye_page_9_81,6.696795463562012
popsci_multipleye_page_2_82,7.838167667388916
popsci_multipleye_page_8_82,9.630009651184082
popsci_multipleye_page_9_82,5.479905128479004
popsci_multipleye_page_9_83,7.713709354400635
popsci_multipleye_page_8_83,12.70996379852295
popsci_multipleye_page_9_84,6.546125411987305
popsci_multipleye_page_8_84,5.147327423095703
popsci_multipleye_page_8_85,12.273736953735352
popsci_multipleye_page_9_85,8.497885704040527
popsci_multipleye_page_8_86,4.1334123611450195
popsci_multipleye_page_9_86,6.686665058135986
popsci_multipleye_page_8_87,0.6348299980163574
popsci_multipleye_page_9_87,4.054713726043701
popsci_multipleye_page_8_88,8.473126411437988
popsci_multipleye_page_9_88,11.79792308807373
popsci_multipleye_page_8_89,6.4747314453125
popsci_multipleye_page_9_89,2.303361177444458
popsci_multipleye_page_9_90,14.14511489868164
popsci_multipleye_page_8_90,13.68378734588623
popsci_multipleye_page_8_91,9.298041343688965
popsci_multipleye_page_9_91,9.683075904846191
popsci_multipleye_page_9_92,3.6960110664367676
popsci_multipleye_page_9_93,0.5571268200874329
popsci_multipleye_page_9_94,0.003071592655032873
popsci_multipleye_page_9_95,10.038047790527344
popsci_multipleye_page_9_96,12.964593887329102
popsci_multipleye_page_9_97,7.349969863891602
popsci_multipleye_page_9_98,0.007233383134007454
popsci_multipleye_page_9_99,5.9962005615234375
popsci_multipleye_page_9_100,9.832254409790039
popsci_multipleye_page_9_101,2.133164644241333
popsci_multipleye_page_9_102,2.561739921569824
