subtaskID,datapointID,answer
1,0,312.1639413347533
1,1,91.50627601396808
1,2,327.02764643493396
1,3,59.0448335082698
1,4,404.29901612549963
1,5,55.53205459467834
1,6,367.7806038372405
1,7,280.98528596301406
1,8,269.82921409284836
1,9,323.8215361625078
1,10,247.5532162892285
1,11,60.29760988385631
1,12,259.1221824611774
1,13,278.1499921371766
1,14,64.68965305010238
1,15,293.1658807252511
1,16,152.35677798953506
1,17,160.31017169653413
1,18,337.1851831022904
1,19,431.39294552917835
1,20,71.87435197185471
1,21,161.6259823381755
1,22,289.4603025183133
1,23,208.93355470206416
1,24,263.914621685625
1,25,27.09005232824058
1,26,244.2104238011319
1,27,146.53952063293985
1,28,38.533134300154494
1,29,45.523445266341845
1,30,337.7318652844384
1,31,48.57844931312854
1,32,213.79502905071047
1,33,342.7180041776393
1,34,21.244156513611742
1,35,303.6916082744659
1,36,42.74939311330975
1,37,369.8655579770069
1,38,66.8038585050736
1,39,285.7427565891014
1,40,47.07482357231759
1,41,329.4709488130245
1,42,120.09192663406425
1,43,222.370253033449
1,44,298.6623320275772
1,45,33.52232976254217
1,46,196.98576967930944
1,47,323.3733379522288
1,48,72.84009011617125
1,49,202.3791045252256
1,50,101.29031533893695
1,51,280.7111518445869
1,52,270.46493842719923
1,53,41.37229113947328
1,54,274.43269590568326
1,55,198.2186124415503
1,56,205.04935406326405
1,57,270.8662438245178
1,58,74.12927965689765
1,59,354.8253521740543
1,60,48.440158723625956
1,61,190.49733670703344
1,62,34.86073950465374
1,63,356.8560899764087
1,64,218.90648444171148
1,65,278.66259886833933
1,66,49.065632016056625
1,67,239.89301752747645
1,68,145.1505590108626
1,69,371.1163939146114
1,70,45.260087973749265
1,71,402.1629931457587
1,72,47.76593767630912
1,73,292.606372710317
1,74,330.38701830029015
1,75,323.8617416074952
1,76,207.2169616937946
1,77,82.25968510548714
1,78,54.544190504452416
1,79,338.8874042283352
1,80,52.18348739471256
1,81,358.1539730272442
1,82,170.14905030325124
1,83,271.3518800477941
1,84,47.06014276603139
1,85,291.2564917297793
1,86,117.28158765533023
1,87,166.22375461119657
1,88,282.3235098091942
1,89,257.03264214363173
1,90,436.17023580072436
1,91,32.25295213837058
1,92,119.74939256537766
1,93,323.91338984501533
1,94,343.3048824411378
1,95,413.3769123794144
1,96,389.95901930556363
1,97,371.68431215230436
1,98,378.5856535440337
1,99,58.21026907351524
1,100,344.2711843187914
1,101,58.08578599759197
1,102,332.4438677445522
1,103,185.90442923193385
1,104,349.39320217369755
1,105,88.33989056064152
1,106,246.20271748543095
1,107,269.4990081122556
1,108,56.38933286749382
1,109,240.4266344365933
1,110,326.7313388896541
1,111,86.61848933455168
1,112,346.9722008872002
1,113,74.87532814885127
1,114,156.7589483123661
1,115,310.2467526170759
1,116,360.79908706836466
1,117,357.2775520802804
1,118,149.87071927858867
1,119,36.58735005493597
1,120,102.2195535578303
1,121,37.560302185229475
1,122,218.54369680808816
1,123,306.22732505048356
1,124,338.88130598667067
1,125,130.42344066884803
1,126,352.5077733463047
1,127,56.3714288092186
1,128,273.00518389887566
1,129,165.1303578882177
1,130,329.4416229892613
1,131,47.93556614389696
1,132,267.5458228955133
1,133,54.18281543783421
1,134,201.74160879678834
1,135,43.86983279049
1,136,261.64732725034514
1,137,305.82578210722943
1,138,336.2495821180015
1,139,384.3001127582413
1,140,323.2206369216821
1,141,248.21974412017823
1,142,95.34798540795418
1,143,290.28034292378163
1,144,374.28186800021155
1,145,326.5074326670915
1,146,49.11884060658231
1,147,361.17255349385084
1,148,37.36415457665069
1,149,344.03884373960614
1,150,247.00735524166532
1,151,46.79270792923752
1,152,218.9884393430438
1,153,358.34801831128243
1,154,175.59953399247732
1,155,340.5993772170615
1,156,386.6308683474974
1,157,365.3051767189501
1,158,323.9475230475107
1,159,140.4130466124078
1,160,132.0764033104157
1,161,348.70568285118316
1,162,236.35281198355295
1,163,266.0327291673419
1,164,232.90278890213892
1,165,136.49892376151553
1,166,328.9307113151072
1,167,58.248199042836596
1,168,336.14687203337644
1,169,285.366947656884
1,170,277.1410501632788
1,171,354.44489449062075
1,172,370.10570153756254
1,173,66.99603565644657
1,174,294.07551520344595
1,175,99.10939595170863
1,176,327.2038035029567
1,177,67.6749059375433
1,178,310.7949926303801
1,179,89.22586539226226
1,180,327.7330736958888
1,181,274.58958757047236
1,182,75.47839449600885
1,183,368.1412763953045
1,184,295.52375936007866
1,185,333.3849803123682
1,186,314.8232317965891
1,187,354.12243837629416
1,188,58.26183430962732
1,189,287.4952520528048
1,190,46.08110813630897
1,191,265.5248791819055
1,192,341.9550647238752
1,193,39.316390084571566
1,194,175.63063500771813
1,195,281.75132764401303
1,196,53.909376327942155
1,197,170.19291977867516
1,198,47.72732268110131
1,199,519.1890107014132
1,200,54.32026149253002
1,201,310.77239434300975
1,202,69.58899961036761
1,203,438.3096273869817
1,204,56.38641319171687
1,205,178.7934047390522
1,206,355.56698066418505
1,207,348.5899833738606
1,208,49.93547916967511
1,209,51.092489278434
1,210,315.21580402525575
1,211,56.73840515715256
1,212,286.714098250946
1,213,50.24510216181409
1,214,95.48341478539817
1,215,417.60682225696587
1,216,45.86510651336742
1,217,434.3373387774749
1,218,48.653910033288795
1,219,308.56120421687115
1,220,126.55336509928523
1,221,324.3769527828426
1,222,276.8653194533531
1,223,289.36877977992566
1,224,100.98576636095436
1,225,195.5800903672652
1,226,379.83288564929154
1,227,47.63277190263397
1,228,286.8702188615103
1,229,240.48557732355226
1,230,306.12011376543563
1,231,124.67993911869519
1,232,64.45906505933826
1,233,323.7984256893028
1,234,307.8216612495289
1,235,33.73614245482356
1,236,215.12531415538513
1,237,219.4837841664175
1,238,305.71161968098164
1,239,136.27721610320495
1,240,32.82217300374675
1,241,332.63012202856737
1,242,120.15466191437534
1,243,323.3969294912276
1,244,282.2563469948741
1,245,298.2284884618549
1,246,197.48245778699143
1,247,341.8560828942984
1,248,124.35834028755323
1,249,165.94578266749198
1,250,47.686298087909925
1,251,256.2105012815658
1,252,49.56165063723114
1,253,285.95585432642815
1,254,52.49943504922666
1,255,57.65736721801192
1,256,309.7152893955122
1,257,266.5805366052635
1,258,272.2413346702117
1,259,405.53439076197594
1,260,158.77614812455593
1,261,326.71579872960365
1,262,65.9702823822837
1,263,336.2075439094814
1,264,75.18378814798344
1,265,221.44834513111363
1,266,267.28034455035333
1,267,292.9766863094373
1,268,234.15982500014695
1,269,370.6380522428527
1,270,363.5525421560061
1,271,401.0738846230996
1,272,395.3689212543404
1,273,411.0405178743148
1,274,354.74391196144944
1,275,266.0961287921157
1,276,75.14048883045496
1,277,338.4749509496346
1,278,64.5603773131728
1,279,292.1334462212201
1,280,313.9232338781401
1,281,347.8983524861478
1,282,57.08624778644075
1,283,355.0515435747901
1,284,353.57774912404017
1,285,271.5015510355938
1,286,355.2851014197114
1,287,363.73348562008033
1,288,87.53879764172785
1,289,66.32252270354527
1,290,52.88006745393482
1,291,269.0424282700558
1,292,266.89957966467796
1,293,312.7414163157364
1,294,254.9164518175471
1,295,383.2488367143319
1,296,292.628737002637
1,297,351.048030728651
1,298,350.74046392249704
1,299,34.06975091444936
1,300,265.23866281720774
1,301,299.85292945726195
1,302,329.854114388996
1,303,343.189322448322
1,304,343.94546165162035
1,305,36.99279348505573
1,306,271.14570897132614
1,307,385.4783866055806
1,308,80.27994396150572
1,309,275.62929065003885
1,310,415.92257138543096
1,311,409.50257368508045
1,312,399.562488276032
1,313,371.3305869224364
1,314,68.51087996499915
1,315,334.21456758683405
1,316,350.38334652500714
1,317,301.6880033680442
1,318,74.56554887395265
1,319,265.1581924405532
1,320,246.49170371712114
1,321,328.9948959354448
1,322,333.396106034144
1,323,52.19600601989801
1,324,340.8146956050628
1,325,42.16691688457312
1,326,360.74353915194024
1,327,363.3382162788182
1,328,377.41823023564314
1,329,32.687219514974736
1,330,36.0149416152116
1,331,313.00671468904045
1,332,37.98968365808766
1,333,313.0404581209184
1,334,263.44050225875856
1,335,354.350972970549
1,336,186.93202292203586
1,337,357.7921631001617
1,338,221.09953970876936
1,339,285.59536408903705
1,340,73.50809771005802
1,341,181.926803285689
1,342,340.41060185816184
1,343,123.68801643662434
1,344,211.5808519714543
1,345,282.33683949744085
1,346,154.95518036497464
1,347,78.19883906696302
1,348,378.50685224239635
1,349,331.96892349893477
1,350,282.18634360918156
1,351,168.02159645080945
1,352,222.04036884882697
1,353,125.30942961884642
1,354,210.21816923989178
1,355,293.14741902590436
1,356,46.88325047322295
1,357,328.01228170983643
1,358,47.62663500504986
1,359,271.8749428176768
1,360,52.737674469093534
1,361,98.66660528256503
1,362,236.7978010098925
1,363,330.1816381678653
1,364,164.42882486673346
1,365,326.1050525248269
1,366,245.55387672488547
1,367,73.4094566539666
1,368,276.75091036231174
1,369,307.4038223550449
1,370,84.16430634998669
1,371,259.5707047193746
1,372,268.0831029312125
1,373,361.90390944823173
1,374,260.5039394418068
1,375,285.85639889717834
1,376,47.69942474823769
1,377,368.54560127256514
1,378,58.457615083074316
1,379,240.20185359406855
1,380,57.41807514387094
1,381,257.33879580564655
1,382,215.22839338220848
1,383,358.25754243447375
1,384,46.876421401971065
1,385,270.06302816308465
1,386,601.6491581126845
1,387,450.0581302182074
1,388,401.65980149985774
1,389,383.6392396379107
1,390,64.93078573860218
1,391,427.3532484701923
1,392,371.56498765973674
1,393,344.3816086659511
1,394,296.93269100591795
1,395,376.53622254182727
1,396,92.16333592390635
1,397,72.02132260412117
1,398,502.08575220279636
1,399,302.66270615665053
1,400,401.8720061216771
1,401,369.46433424681646
1,402,318.1436034461151
1,403,339.91789354491107
1,404,346.8542531505949
1,405,240.8783488137803
1,406,346.54404342586514
1,407,265.89770999585
1,408,449.4716901627538
1,409,346.8664486348158
1,410,286.70799355294895
1,411,382.7278140862304
1,412,71.80486931720802
1,413,353.00013136628456
1,414,333.1853237714947
1,415,318.4314809909555
1,416,439.7783441832707
1,417,190.91399752837003
1,418,237.50940397762426
1,419,338.009025572637
1,420,34.343675084991716
1,421,131.3614142114072
1,422,326.8327517776811
1,423,350.4876269315031
1,424,348.82427351313765
1,425,286.224646727088
1,426,329.1982974497181
1,427,325.2623750635098
1,428,46.86004318961206
1,429,45.20072130196824
1,430,442.04004930630026
1,431,153.702025474804
1,432,327.36910202186425
1,433,370.8688170126143
1,434,45.77520199610558
1,435,344.87487789848706
1,436,43.61402106878666
1,437,122.70553109355959
1,438,211.86653945567838
1,439,270.36415195404857
1,440,288.342670774103
1,441,58.66957634049061
1,442,333.32149860933333
1,443,95.64427771954792
1,444,345.42914745792626
1,445,356.1921125143982
1,446,78.1837512681611
1,447,76.88269760162622
1,448,483.3796505745478
1,449,338.8565299263141
1,450,75.00970714468534
1,451,347.20103408902133
1,452,315.6806304018894
1,453,374.10365214548585
1,454,73.91113618720203
1,455,270.90515977312725
1,456,70.33037721030789
1,457,363.57476049742354
1,458,165.6308317160602
1,459,360.04237718070544
1,460,337.48477921576773
1,461,325.6425584400455
1,462,309.21469939530107
1,463,487.77053950123695
1,464,325.9776441041735
1,465,368.7129999174093
1,466,335.31237018654804
1,467,541.1679369738814
1,468,37.075671604019156
1,469,255.06615438410122
1,470,45.306638288212966
1,471,373.4584405314449
1,472,354.45458346670387
1,473,32.938163727036866
1,474,277.53086035555197
1,475,52.23616811243608
1,476,282.93465543704235
1,477,133.81030383183474
1,478,263.8644841014371
1,479,48.42549653642138
1,480,351.74941333454865
1,481,46.652299314790675
1,482,350.7603148334408
1,483,55.673020501943256
1,484,42.26086432412376
1,485,338.0616786589176
1,486,175.000906353292
1,487,323.9116325736864
1,488,259.3420785415431
1,489,260.38996713749964
1,490,325.0602207986945
1,491,412.93515881938515
1,492,372.4649268948
1,493,71.35521020409902
1,494,406.86423858072146
1,495,78.29531741533069
1,496,71.25263109654725
1,497,413.6473740997389
1,498,91.3223828761208
1,499,392.3099768071552
1,500,341.7140260995657
1,501,83.98390853129791
1,502,337.5685764934442
1,503,304.67315503275256
1,504,78.89616863042443
1,505,272.69998709137775
1,506,73.19020729979803
1,507,373.82915106437247
1,508,345.76478685278175
1,509,326.73477099561046
1,510,331.22426484678056
1,511,174.20649446816282
1,512,287.7040046352233
1,513,322.0494559533856
1,514,379.81903536258295
1,515,317.87314137279316
1,516,296.97466479890295
1,517,201.73643002332733
1,518,21.568349919992237
1,519,149.84016041402683
1,520,387.85799842348297
1,521,361.536291461658
1,522,53.91179337308722
1,523,200.1644674316055
1,524,338.051070573817
1,525,29.802206685334234
1,526,314.7049076953782
1,527,69.11585767235786
1,528,339.6476010867134
1,529,293.1195239432342
1,530,136.53667828083553
1,531,48.57651297757981
1,532,258.06073473982565
1,533,63.90386466454905
1,534,303.61508818231346
1,535,267.6733811770235
1,536,310.220209962196
1,537,327.6244853999601
1,538,122.78376570946625
1,539,320.93073918878736
1,540,457.88901339918584
1,541,333.3273397338115
1,542,295.83140253063027
1,543,96.32651667801198
1,544,310.35693513860156
1,545,312.59306917119125
1,546,353.5541355411576
1,547,337.6341176034966
1,548,73.59113986982047
1,549,279.6939725931952
1,550,285.3157467549147
1,551,75.75920740564379
1,552,317.50605045687985
1,553,74.05890048802696
1,554,63.109657155486374
1,555,346.8874905567835
1,556,220.1909788548839
1,557,45.989380188790356
1,558,46.24626241241339
1,559,201.4193796289276
1,560,134.59326129579603
1,561,47.59610692661768
1,562,249.2562005913398
1,563,256.226473643257
1,564,52.18491444814045
1,565,338.01495476171107
1,566,14.505505178508928
1,567,55.23076697788984
1,568,336.3589207594316
1,569,48.67233988170104
1,570,316.1560048989246
1,571,392.84084466895797
1,572,140.72988912281565
1,573,383.9333200239163
1,574,47.86553512608768
1,575,299.5834568203875
1,576,255.30139707998964
1,577,426.0044131393036
1,578,198.23352476461008
1,579,327.92553705332915
1,580,333.4086302983595
1,581,133.63514691279593
1,582,317.59313194817594
1,583,47.96152623671362
1,584,449.13337680668866
1,585,49.159749768436065
1,586,36.460596968475144
1,587,307.3804885267074
1,588,368.4573274837655
1,589,164.72680061690295
1,590,260.82170800422875
1,591,213.66427938372058
1,592,383.56463434119325
1,593,47.83376929504397
1,594,289.8839022517867
1,595,72.85811170584259
1,596,342.4332240768922
1,597,289.6370302029715
1,598,132.55306031307933
1,599,366.1114189338557
1,600,315.96947808072474
1,601,220.7544056770933
1,602,313.6418121808284
1,603,175.9980910215965
1,604,525.1958432232395
1,605,328.70102513110805
1,606,460.648071410117
1,607,469.5735057337905
1,608,303.4585919931948
1,609,37.42331251928855
1,610,323.38734152130405
1,611,296.74013422088274
1,612,311.239790861961
1,613,365.23044443355036
1,614,43.94403352858122
1,615,347.81803446320987
1,616,329.1669049282415
1,617,325.4149713376564
1,618,343.9799160431945
1,619,353.13055058896634
1,620,180.3153212378532
1,621,313.87006025877474
1,622,342.02399854593517
1,623,319.1343038153882
1,624,332.9915893430508
1,625,271.5652073091098
1,626,214.29370979761217
1,627,368.3259046733676
1,628,76.74963840450098
1,629,292.1470880211531
1,630,358.4473829115728
1,631,215.91338153963838
1,632,338.4101882848554
1,633,69.93827286215284
1,634,63.42255827931627
1,635,97.28866353995073
1,636,122.71628773605076
1,637,300.59674696812885
1,638,294.56107663211446
1,639,73.85555158161611
1,640,277.849433936791
1,641,64.44543968521461
1,642,328.40640499699566
1,643,276.1564878938168
1,644,243.5435468308625
1,645,64.95382507828563
1,646,274.5459292600538
1,647,40.21767075327776
1,648,336.7772461643025
1,649,47.86384131397527
1,650,268.16313243668174
1,651,22.959398399233525
1,652,292.1864757325826
1,653,267.7380540936504
1,654,299.01237734002314
1,655,283.1171651579308
1,656,68.79375511820676
1,657,170.56679167040355
1,658,45.72968133296957
1,659,367.3195894424633
1,660,360.5395669936189
1,661,32.79044637654705
1,662,250.09478519164284
1,663,61.19879568498975
1,664,45.11538837624928
1,665,152.64804969975862
1,666,50.30196166613638
1,667,201.00454641961895
1,668,49.697236202533986
1,669,299.77410856223287
1,670,64.22756749981913
1,671,285.89415159540636
1,672,166.54808074859613
1,673,338.5324393045845
1,674,47.859094098265416
1,675,291.9038460622463
1,676,197.54225399039467
1,677,288.7294288467965
1,678,77.94812536903515
1,679,270.465005042191
1,680,45.705707793634986
1,681,80.94488156783258
1,682,302.4473866843241
1,683,103.0000862747271
1,684,286.0932393936476
1,685,126.64732381886944
1,686,52.26151616830121
1,687,242.80194130452898
1,688,315.0082241745216
1,689,307.87840617281535
1,690,397.6131485717588
1,691,209.18115830659045
1,692,46.73131238363261
1,693,237.40108171701831
1,694,300.000616320506
1,695,366.1894409777374
1,696,289.96964193416613
1,697,49.176858532022955
1,698,288.86787907712215
1,699,28.804865460130607
1,700,289.0802146645176
1,701,248.21821205538322
1,702,34.04565350068125
1,703,365.7143494617167
1,704,45.708631460294825
1,705,304.79421983487407
1,706,778.2530585508746
1,707,369.42395750003146
1,708,214.16625709604537
1,709,344.4024853662423
1,710,269.7635881892984
1,711,230.39943518536916
1,712,380.262000746912
1,713,179.91731123051238
1,714,318.5201244682246
1,715,68.48950950901319
1,716,238.9879058962137
1,717,234.51076671446538
1,718,383.8117695883955
1,719,358.1796143477359
1,720,68.85899031901168
1,721,364.68107057010866
1,722,317.0249417002136
1,723,93.13853761244175
1,724,346.4316467092666
1,725,337.4733324852597
1,726,75.91683344946165
1,727,266.94642409743847
1,728,352.31655902735525
1,729,50.539059904515184
1,730,305.8629292074211
1,731,386.4404431704446
1,732,376.1299819813536
1,733,332.7054225465797
1,734,347.60527649080996
1,735,76.79805815929086
1,736,306.69890158878223
1,737,69.98063288850994
1,738,397.04195520086955
1,739,285.38808194075784
1,740,335.46016122685717
1,741,334.8754582067146
1,742,385.8722437988962
1,743,37.95387402066713
1,744,271.5207141827449
1,745,340.4097505807315
1,746,45.53032237210165
1,747,367.7484718804442
1,748,310.4871392696071
1,749,76.74096375795766
1,750,277.801324878614
1,751,54.38952045956383
1,752,274.447575353224
1,753,222.85622546253578
1,754,66.60907614171785
1,755,212.30576397866906
1,756,47.245086659424445
1,757,207.04318596021366
1,758,211.04913117675613
1,759,318.1254553522393
1,760,47.712241930546504
1,761,264.47637684907033
1,762,308.79747642025507
1,763,49.9763530804532
1,764,253.98724717701805
1,765,347.27961044674635
1,766,45.59898074827561
1,767,298.7723959620406
1,768,283.1884773397515
1,769,354.99715552355747
1,770,38.733402824315775
1,771,196.73848170117589
1,772,262.1473558032855
1,773,208.77125648135575
1,774,101.10505315612475
1,775,181.66292918594846
1,776,337.3144927540625
1,777,343.2911808500328
1,778,53.33870832587135
1,779,320.8278966544291
1,780,72.3714415187804
1,781,129.89047343655238
1,782,361.2489340984714
1,783,39.47283625105318
1,784,339.08740621411937
1,785,50.976597660704165
1,786,122.99415497985174
1,787,116.45116173644793
1,788,394.7850226990138
1,789,57.442710297915156
1,790,140.13033505090422
1,791,340.3213770812331
1,792,375.9915041098253
1,793,352.1209903080238
1,794,563.7304684042298
1,795,61.96100334755222
1,796,275.80572025743595
1,797,262.72269710862963
1,798,306.0802201166606
1,799,106.92936606853473
1,800,274.1368830716462
1,801,303.5662363154813
1,802,178.04077718223311
1,803,350.02975673550657
1,804,304.95459995072
1,805,205.81616409403796
1,806,326.8964329981666
1,807,63.93783162475439
1,808,291.5266475148599
1,809,98.70909254953646
1,810,60.88554235751293
1,811,225.73057668303187
1,812,143.91831088937957
1,813,256.0311835667046
1,814,298.81305019417846
1,815,323.3391902002338
1,816,296.4663250403278
1,817,71.8474626920781
1,818,346.79367803964027
1,819,37.369066754724116
1,820,181.58629124469803
1,821,39.542344130895245
1,822,33.01410637838333
1,823,224.45719832396423
1,824,198.70826391465235
1,825,43.632368387131564
1,826,260.1646207479696
1,827,75.88463851294912
1,828,205.64424519117776
1,829,372.20644319933194
1,830,289.0115421354797
1,831,135.29138945515217
1,832,65.53076642867327
1,833,327.2814429045767
1,834,251.05221675080818
1,835,284.7939247317262
1,836,39.98207202256135
1,837,336.7569779250783
1,838,265.5562692526265
1,839,200.5268534016634
1,840,160.85730280494514
1,841,210.33827635549767
1,842,248.93228989534214
1,843,220.6689080050068
1,844,132.64396460936848
1,845,308.19927230217354
1,846,273.0252723061105
1,847,39.362000516115465
1,848,146.28087655496847
1,849,206.0641968963834
1,850,227.568810567415
1,851,309.52620804540584
1,852,162.66667238474145
1,853,66.58824692847662
1,854,260.97161840231263
1,855,42.20684659744219
1,856,57.58127135195974
1,857,222.56329105769635
1,858,33.3794631985517
1,859,233.77794492938426
1,860,254.54833619265898
1,861,53.297620312278056
1,862,169.6270825466437
1,863,295.8632424839325
1,864,69.28280629882505
1,865,198.45340755635573
1,866,73.90918389239368
1,867,236.78121293705067
1,868,74.9856962565395
1,869,341.3258047849074
1,870,182.8474200657625
1,871,62.60620746264265
1,872,262.0412203310887
1,873,277.8219398100581
1,874,51.165319738208055
1,875,54.26779510625255
1,876,256.8857216405296
1,877,172.49234435417185
1,878,261.6743788841247
1,879,255.44924247784633
1,880,238.1837835207932
1,881,313.6636637734884
1,882,165.63921525605303
1,883,28.521760391796775
1,884,175.44830733033365
1,885,255.66807426370957
1,886,334.6658794133454
1,887,159.97603727055878
1,888,306.7179305430774
1,889,268.8861716422439
1,890,42.57964280082529
1,891,113.23755506024374
1,892,32.6589377317958
1,893,75.30506386870208
1,894,310.47879270532576
1,895,329.6750801809101
1,896,229.75039127722025
1,897,41.09609851743565
1,898,118.95234062249446
1,899,35.6946810694203
1,900,320.0411557274913
1,901,38.66782908727635
1,902,183.07370455715392
1,903,210.62094653960355
1,904,254.02736731167087
1,905,171.30097479778158
1,906,318.9172638145551
1,907,286.79315865511995
1,908,47.177384552493145
1,909,28.239322528496146
1,910,285.6322023472494
1,911,35.11475604647624
1,912,41.86378964677543
1,913,239.49178447993813
1,914,29.106275190741485
1,915,376.4336587491694
1,916,42.50192889726166
1,917,294.52055803787744
1,918,229.45989415213472
1,919,242.69703818354395
1,920,98.91365602817355
1,921,261.9988590543967
1,922,13.538598257202771
1,923,314.79589764927886
1,924,95.83574091949077
1,925,184.44340467901242
1,926,139.0506819290325
1,927,73.24004599058792
1,928,362.77852223917273
1,929,39.79387983945027
1,930,119.32757916907019
1,931,269.6447562281235
1,932,100.62894902615992
1,933,384.1831736229373
1,934,34.75537707715775
1,935,243.02907360709887
1,936,265.3651397127703
1,937,180.08214869473818
1,938,209.31571572152677
1,939,355.6505392051656
1,940,210.31440416332484
1,941,95.99069006724355
1,942,285.37353591258875
1,943,265.9591155138981
1,944,62.489021724095544
1,945,238.8508762039583
1,946,66.34669978363056
1,947,292.5427908893783
1,948,284.4916529605977
1,949,139.36851371236583
1,950,387.53310436711547
1,951,166.37441242974245
1,952,320.2003196335985
1,953,312.65810768976115
1,954,337.5947860446822
1,955,307.5650763379849
1,956,67.29845404806673
1,957,116.28103117789873
1,958,245.76606595614084
1,959,247.15047047977185
1,960,75.37830256219691
1,961,252.73847214059168
1,962,112.40668527065236
1,963,316.3406498497057
1,964,264.40512247883356
1,965,225.44180135983603
1,966,62.80666431052071
1,967,27.017003377446382
1,968,315.1586292176356
1,969,270.9039640113298
1,970,40.158267610000784
1,971,271.058246310089
1,972,75.47297568954994
1,973,318.8588320065248
1,974,292.42252099028985
1,975,30.571214304047274
1,976,264.59183313257296
1,977,155.72987937731486
1,978,255.89390170541606
1,979,40.6463679312165
1,980,312.56004689522706
1,981,40.165850724161764
1,982,374.7733323963705
1,983,39.85324655006886
1,984,181.12165737396057
1,985,204.04239438802296
1,986,125.3478320224298
1,987,239.67080205679244
1,988,307.5299496033083
1,989,40.342135468975854
1,990,322.53637990304253
1,991,153.6825580759691
1,992,316.77023195140487
1,993,245.16384291379106
1,994,118.35363132636016
1,995,156.23970958920694
1,996,96.37732864354523
1,997,311.1442510673294
1,998,372.32768609363666
1,999,43.638644694838845
1,1000,253.5180325254882
1,1001,33.10706809918983
1,1002,77.9591149645429
1,1003,333.0134991809991
1,1004,114.44743027139023
1,1005,111.68936637410233
1,1006,97.38749155934163
1,1007,162.19008611854875
1,1008,227.97629452185362
1,1009,28.78698259243395
1,1010,261.5790180906963
1,1011,75.05598045544244
1,1012,333.269383249784
1,1013,42.58860570787332
1,1014,78.19653530203684
1,1015,109.59138901317542
1,1016,36.41585424816253
1,1017,111.61194020231116
1,1018,46.75628087629657
1,1019,76.50096696916529
1,1020,264.47211726949286
1,1021,37.1713521526691
1,1022,257.333687899834
1,1023,316.105746544285
1,1024,118.16047701558779
1,1025,50.35053581029519
1,1026,263.40849337986185
1,1027,249.30853170764584
1,1028,32.788326859488755
1,1029,281.493149214193
1,1030,38.98846929479376
1,1031,288.4414884337954
1,1032,47.52401556246434
1,1033,127.60974154555774
1,1034,375.8401092784875
1,1035,320.68607015384185
1,1036,50.47325189085811
1,1037,172.11035373903164
1,1038,124.33013695364974
1,1039,272.38059471612934
1,1040,45.2398934411028
1,1041,292.04372816204676
1,1042,50.1624118512007
1,1043,276.7670115918366
1,1044,51.46625457416738
1,1045,179.01224039905713
1,1046,204.31781403149446
1,1047,343.75071810663485
1,1048,300.6928919700552
1,1049,69.46118825356871
1,1050,231.89314864766075
1,1051,240.16973371475632
1,1052,270.97680435454714
1,1053,369.1742650432477
1,1054,146.00697023383609
1,1055,328.2009098304484
1,1056,65.68766964681441
1,1057,385.70761586864256
1,1058,75.59259261656958
1,1059,339.2685481826808
1,1060,61.39189052939618
1,1061,258.445531637826
1,1062,65.97456772475392
1,1063,100.66020013181728
1,1064,281.4852674786699
1,1065,68.70381132997781
1,1066,64.54002321576789
1,1067,77.53688228721964
1,1068,181.70573986447755
1,1069,40.5883659096232
1,1070,104.76924997270552
1,1071,40.81737201511622
1,1072,260.2806821902565
1,1073,91.74915850958949
1,1074,81.81548468769705
1,1075,281.42960140826887
1,1076,108.95549192522526
1,1077,44.188537847277175
1,1078,299.58154850175777
1,1079,286.08227446505055
1,1080,49.758649903074506
1,1081,129.9145581169573
1,1082,39.1373313885835
1,1083,237.29280601459135
1,1084,232.64679197154925
1,1085,121.39041007709505
1,1086,342.76112376751513
1,1087,43.94611447581078
1,1088,84.42451138060696
1,1089,325.1831045434713
1,1090,277.6041367941446
1,1091,63.668531673231556
1,1092,260.87106839735907
1,1093,44.90741759970487
1,1094,254.02148182056538
1,1095,44.15601673187779
1,1096,292.561534934998
1,1097,327.17061281170834
1,1098,39.70152500147739
1,1099,314.04092116036156
1,1100,45.01594847899531
1,1101,242.46235427004405
1,1102,287.96521061578716
1,1103,322.58209346425866
1,1104,45.613801790138005
1,1105,233.0290711963553
1,1106,146.82158914995287
1,1107,44.97748545218493
1,1108,328.2197263406036
1,1109,42.23758713488503
1,1110,296.161651200099
1,1111,43.38444261560766
1,1112,292.56121708945466
1,1113,116.14809498800099
1,1114,13.482646234714268
1,1115,278.0094374015672
1,1116,319.0577559006332
1,1117,257.0297394042441
1,1118,32.31673527482671
1,1119,62.561152289162
1,1120,289.823295996767
1,1121,271.210366758057
1,1122,59.034856523167306
1,1123,275.3300204118042
1,1124,118.98323802868467
1,1125,111.34603940280458
1,1126,405.76674575585
1,1127,81.10249967207969
1,1128,39.97859138038211
1,1129,297.2384918679037
1,1130,194.69228864995688
1,1131,337.69035864173793
1,1132,42.48481208232144
1,1133,293.8880528780901
1,1134,156.01671982619445
1,1135,309.3391269410498
1,1136,47.69105174061306
1,1137,314.93858317380966
1,1138,268.7784729579754
1,1139,347.06090590964413
1,1140,347.4661244621985
1,1141,341.30982865236456
1,1142,74.47971516059647
1,1143,141.64453901453282
1,1144,85.40375987510942
1,1145,236.43933639676183
1,1146,179.21045855726294
1,1147,292.8454480178475
1,1148,67.22952657374296
1,1149,230.04060942292477
1,1150,94.98908670973881
1,1151,311.7809278456107
1,1152,63.28024141243457
1,1153,287.0482581095996
1,1154,231.3429909504996
1,1155,57.69902825777396
1,1156,330.607753016006
1,1157,208.60929682493264
1,1158,236.65694663513875
1,1159,322.03782431070624
1,1160,38.08430478958942
1,1161,288.5627532695272
1,1162,301.38333439074813
1,1163,201.419002515995
1,1164,410.90881400251317
1,1165,122.4807409750967
1,1166,284.2912122408575
1,1167,40.44803688709394
1,1168,251.8192452028589
1,1169,219.5482535196527
1,1170,115.85335971300088
1,1171,43.774052588977874
1,1172,269.0225612832369
1,1173,233.95633581596738
1,1174,247.41993812603033
1,1175,208.03456106122985
1,1176,21.706313822826687
1,1177,282.9986900571444
1,1178,224.19994676164254
1,1179,28.175671021044828
1,1180,290.9740689013622
1,1181,271.89573579219456
1,1182,175.9922170674159
1,1183,176.23445328725722
1,1184,288.0701507554517
1,1185,322.3066014682697
1,1186,120.94688197206355
1,1187,26.959983316989423
1,1188,345.15378344256465
1,1189,40.1514327828926
1,1190,333.37098210973494
1,1191,42.90201339503894
1,1192,330.1726775148462
1,1193,41.213214867138866
1,1194,49.72780318328289
1,1195,269.4743852969102
1,1196,293.95833923123394
1,1197,43.736501875629926
1,1198,177.66839359310654
1,1199,34.464447698860106
1,1200,253.34234830719907
1,1201,81.41406531342298
1,1202,113.97483345981097
1,1203,126.11643948734321
1,1204,229.54766234866378
1,1205,318.6794541489752
1,1206,62.55544095707763
1,1207,43.285509832531794
1,1208,77.62559956176686
1,1209,337.00865510345596
1,1210,31.991266746839777
1,1211,265.44561750895764
1,1212,164.79533073797882
1,1213,293.6909478683693
1,1214,60.698215052379815
1,1215,277.43507541297856
1,1216,198.32754833284423
1,1217,346.7182585367152
1,1218,91.94925928487693
1,1219,43.87572125966546
1,1220,321.3608718876859
1,1221,126.82122011323078
1,1222,326.26020198321004
1,1223,230.23644165409468
1,1224,178.87220388554636
1,1225,251.73878159965875
1,1226,214.69605614345528
1,1227,299.76129042838136
1,1228,249.39605919570175
1,1229,293.5635729770569
1,1230,292.792501632622
1,1231,298.5427144271742
1,1232,349.49317321604383
1,1233,367.36346081342697
1,1234,71.91193232696835
1,1235,299.9221906889229
1,1236,54.86644004674551
1,1237,330.73389954201025
1,1238,65.21990595250601
1,1239,302.14480363655935
1,1240,184.1946165693786
1,1241,349.98300396644345
1,1242,55.177532443050545
1,1243,196.8031741782915
1,1244,330.59853223968105
1,1245,175.2947066420004
1,1246,297.166640804621
1,1247,303.0182251244106
1,1248,265.2130093463894
1,1249,13.864055333980108
1,1250,261.21289016125354
1,1251,270.0061811458468
1,1252,328.37693899053306
1,1253,34.39216862702656
1,1254,259.583635583225
1,1255,262.9194233886252
1,1256,208.0884044921483
1,1257,28.464122415636847
1,1258,280.60771037839936
1,1259,295.69888484714926
1,1260,275.87143904182636
1,1261,43.20826401669175
1,1262,361.84811578622566
1,1263,37.57861513922951
1,1264,181.20760011475312
1,1265,300.8313955258311
1,1266,223.14185312387744
1,1267,288.62486091120957
1,1268,44.882737924956515
1,1269,313.93695296422266
1,1270,282.5715873849266
1,1271,22.893686872703157
1,1272,246.14080148305783
1,1273,326.78615516172545
1,1274,258.71612825289634
1,1275,306.6696313863019
1,1276,271.61015973843865
1,1277,39.13697822048677
1,1278,279.41704957596255
1,1279,173.0144300448977
1,1280,202.58901194253656
1,1281,215.15988683991344
1,1282,280.34501115195644
1,1283,40.84568707308706
1,1284,290.016772875539
1,1285,329.45783118991216
1,1286,43.421986067475174
1,1287,239.07198101092706
1,1288,279.6963865541635
1,1289,62.58787849358282
1,1290,315.3096824770432
1,1291,337.66720993200136
1,1292,346.5527727471991
1,1293,87.78224031238128
1,1294,276.7519501026117
1,1295,150.97771738584254
1,1296,291.1517552235719
1,1297,68.72190631540674
1,1298,326.9614262977502
1,1299,131.42401012965897
1,1300,70.00576249130631
1,1301,101.16697047274718
1,1302,271.47142316130805
1,1303,60.52299178028956
1,1304,40.19256758462009
1,1305,199.55786351517781
1,1306,277.2963327822902
1,1307,564.8007834645263
1,1308,354.3400714604532
1,1309,70.74937759153964
1,1310,355.4029127842629
1,1311,63.546205852621156
1,1312,199.23782471293939
1,1313,128.20714856471557
1,1314,315.8089012461129
1,1315,35.651964161181255
1,1316,309.17354817747054
1,1317,40.41215184081361
1,1318,275.81338091320026
1,1319,163.0154345282265
1,1320,288.388261710772
1,1321,38.25243569054338
1,1322,241.8615204036866
1,1323,92.82721869254206
1,1324,297.4529945278413
1,1325,39.509869770446244
1,1326,293.8658730184691
1,1327,148.40543267323523
1,1328,272.66508325600967
1,1329,331.4049623149808
1,1330,324.28978458405663
1,1331,38.63855849503469
1,1332,183.144974843061
1,1333,307.7259491352778
1,1334,18.260333761624114
1,1335,299.2242921251674
1,1336,286.5782083521058
1,1337,275.3202533111617
1,1338,307.505459064966
1,1339,38.15931781164137
1,1340,293.12553385323855
1,1341,308.52681305939973
1,1342,163.47114842517232
1,1343,337.6208959861442
1,1344,35.9051515729243
1,1345,183.54911106714172
1,1346,313.89831489105654
1,1347,41.01404953207361
1,1348,149.24737183548666
1,1349,306.4830395567384
1,1350,296.2014391799921
1,1351,312.736427054639
1,1352,302.98795916655666
1,1353,364.767590391692
1,1354,101.01555347794753
1,1355,284.45721181628903
1,1356,306.58294443561647
1,1357,86.37466690197262
1,1358,314.3402584558105
1,1359,66.61879171191568
1,1360,285.07352873333485
1,1361,186.06746059726788
1,1362,339.4388475878151
1,1363,65.71806410290716
1,1364,196.06962558787063
1,1365,338.7240769568414
1,1366,599.864570568511
1,1367,300.7566786322393
1,1368,275.62951972979107
1,1369,68.07878718637025
1,1370,315.01941088909825
1,1371,85.84072798926226
1,1372,298.83930486915585
1,1373,299.6994480963443
1,1374,135.6853925611138
1,1375,36.87699411478254
1,1376,276.78613486520464
1,1377,240.86825831123082
1,1378,199.1626661729245
1,1379,35.96979603559757
1,1380,250.96721108348342
1,1381,416.0867715185825
1,1382,25.38685850838619
1,1383,116.08718343997995
1,1384,183.36116888664574
1,1385,28.868500018093084
1,1386,357.54654453368494
1,1387,411.6660316960562
1,1388,38.01293818048887
1,1389,291.2333186255174
1,1390,271.9290094420423
1,1391,331.9017045973798
1,1392,29.099609192182015
1,1393,181.56616332802207
1,1394,331.6172729980349
1,1395,343.95384162832056
1,1396,306.75461180644163
1,1397,62.460852066297846
1,1398,291.42035428154594
1,1399,275.13448282878153
1,1400,24.50175464643674
1,1401,324.2750708755681
1,1402,221.54720325214896
1,1403,36.667872815739194
1,1404,317.522289218007
1,1405,209.2800105778204
1,1406,261.79938010486967
1,1407,92.75963061888676
1,1408,187.25711998121938
1,1409,187.9331121650355
1,1410,37.15885463667045
1,1411,422.41987315243284
1,1412,278.11204194255663
1,1413,327.4186054790462
1,1414,299.07621891239216
1,1415,25.694049256472027
1,1416,272.89563270164325
1,1417,39.69124519295692
1,1418,17.301691490733816
1,1419,322.4017208079279
1,1420,255.6190317925337
1,1421,60.15210338079468
1,1422,217.4573003329342
1,1423,239.83432395398563
1,1424,328.2268483759607
1,1425,35.220853570985035
1,1426,26.866127890026554
1,1427,353.82198146575837
1,1428,316.6651250476235
1,1429,301.039425877162
1,1430,30.684531909114515
1,1431,287.280708792513
1,1432,34.681701208161016
1,1433,334.5579371255089
1,1434,312.4537731095765
1,1435,257.12415431097963
1,1436,139.13928231725993
1,1437,293.6975298237553
1,1438,96.39552241449545
1,1439,32.88581035366442
1,1440,272.0172872540637
1,1441,35.24577592773645
1,1442,324.024857887423
1,1443,287.2143636882308
1,1444,285.1704139085921
1,1445,44.17579684761152
1,1446,296.70052673315257
1,1447,245.57851531968987
1,1448,485.2988221479323
1,1449,362.6159884895701
1,1450,85.45532684153159
1,1451,280.9266137874258
1,1452,159.5226108692721
1,1453,313.63453837821265
1,1454,51.665603748099514
1,1455,282.3301020503545
1,1456,321.2221175090109
1,1457,197.65781277565554
1,1458,482.94064496176713
1,1459,367.0043946930889
1,1460,66.19771158585036
1,1461,336.3025118533704
1,1462,324.3904928542389
1,1463,72.64117826940662
1,1464,329.3637080395774
1,1465,337.3025624527055
1,1466,214.72193174467475
1,1467,233.3307730146409
1,1468,151.86302148302434
1,1469,125.47723533654337
1,1470,267.4990384747906
1,1471,126.54396116359253
1,1472,299.18777441944246
1,1473,45.8889169250166
1,1474,350.97049574610026
1,1475,41.575604241653274
1,1476,299.44787677289776
1,1477,278.3042143318503
1,1478,58.4083598353764
1,1479,313.86054120579576
1,1480,36.647746282188706
1,1481,288.6969399264299
1,1482,40.354061103498516
1,1483,195.68102341640025
1,1484,267.6372545454288
1,1485,149.5829517789988
1,1486,42.99946349201209
1,1487,287.5352839754793
1,1488,254.28745521662992
1,1489,250.1334385421905
1,1490,344.269416972391
1,1491,256.8164376741448
1,1492,43.01848039800274
1,1493,334.1042636486592
1,1494,260.8629101736005
1,1495,185.06673881711959
1,1496,215.2588286295544
1,1497,41.25250521377268
1,1498,312.68037490424354
1,1499,312.17866684966094
1,1500,344.20800373431814
1,1501,21.3405072066457
1,1502,332.3129144414686
1,1503,299.43045713479137
1,1504,53.68016291325081
1,1505,148.38915407351175
1,1506,360.5641122713298
1,1507,39.540311478737415
1,1508,319.7676034370574
1,1509,40.00501789471944
1,1510,191.50519227980786
1,1511,50.478157661474995
1,1512,308.01642265309033
1,1513,313.06696316553723
1,1514,58.017637339283475
1,1515,184.87432259715206
1,1516,99.71498866736977
1,1517,218.43987031839765
1,1518,280.09012325853996
1,1519,292.84892136560984
1,1520,161.99527633660182
1,1521,314.2774811741872
1,1522,42.1615863644549
1,1523,321.17236345801143
1,1524,304.57592402471107
1,1525,35.363981231130744
1,1526,293.36120431672975
1,1527,177.19344357450296
1,1528,282.0697954672932
1,1529,50.206781387376196
1,1530,325.9906805389104
1,1531,308.1615520520829
1,1532,51.87127218420877
1,1533,36.842513914001316
1,1534,365.84339086722116
1,1535,40.053350341090734
1,1536,187.0519511573474
1,1537,315.12199831149417
1,1538,234.17125953493863
1,1539,548.7285492088887
1,1540,268.87385845264305
1,1541,306.17257230657975
1,1542,340.34055343241346
1,1543,372.2347001390649
1,1544,65.81692512500607
1,1545,54.65676828242995
1,1546,320.97696580479146
1,1547,310.13043026008313
1,1548,72.70222244411909
1,1549,294.828299723242
1,1550,63.957908709840794
1,1551,357.2813442287933
1,1552,310.555137426788
1,1553,69.56889294640753
1,1554,215.11189485358273
1,1555,75.96091066836061
1,1556,316.94168849684263
1,1557,336.3415900189378
1,1558,61.668503000004314
1,1559,307.8593183344065
1,1560,195.1845049460927
1,1561,320.9619024932235
1,1562,33.957636970117655
1,1563,268.7615866519229
1,1564,348.10135115087485
1,1565,319.0633001462499
1,1566,143.42085049936173
1,1567,38.33604588054
1,1568,237.13164501153264
1,1569,260.70630505422974
1,1570,94.11432478699903
1,1571,339.77766203296966
1,1572,314.4438036705537
1,1573,359.5243754761575
1,1574,63.3838392372318
1,1575,232.64543333727488
1,1576,326.48413643334845
1,1577,317.39843300118065
1,1578,203.38957115035458
1,1579,329.409121843374
1,1580,70.68422907587671
1,1581,150.7085252809211
1,1582,299.16965875608685
1,1583,66.70173595651545
1,1584,313.0285963412355
1,1585,67.9381396847856
1,1586,370.55065611377677
1,1587,83.79366469959908
1,1588,270.1122221790166
1,1589,139.810846366038
1,1590,108.70195172353476
1,1591,275.80066909816486
1,1592,10.036642933201055
1,1593,110.26155470411071
1,1594,37.91643540320562
1,1595,211.28380789315352
1,1596,36.19504141467004
1,1597,222.5326180644711
1,1598,39.868409390114515
1,1599,249.90042342904894
1,1600,210.6548277122842
1,1601,39.329486172948265
1,1602,122.70628237033554
1,1603,234.75170956498218
1,1604,194.97458851528557
1,1605,56.226898297566954
1,1606,364.27869808696545
1,1607,32.46537414663979
1,1608,333.68043010312925
1,1609,279.2118308369416
1,1610,49.26684042803916
1,1611,245.1657134212183
1,1612,44.44967302820916
1,1613,83.0279406548935
1,1614,299.0175843528583
1,1615,40.92363821479707
1,1616,41.79195945144363
1,1617,291.54983368548164
1,1618,39.15701566708202
1,1619,256.75911452602173
1,1620,82.1026395441435
1,1621,38.100367279325475
1,1622,300.92538094645363
1,1623,289.3322362096877
1,1624,291.2955677442784
1,1625,237.3867709002611
1,1626,236.95591530442
1,1627,337.06261157231427
1,1628,39.73195041035642
1,1629,327.7080961008002
1,1630,318.09632931432435
1,1631,28.828657892038528
1,1632,324.32158750212477
1,1633,285.7020652736776
1,1634,318.0170065039888
1,1635,136.8070644863371
1,1636,235.1841280560634
1,1637,166.42486495363423
1,1638,294.6148124228182
1,1639,247.79668301452247
1,1640,77.52135539851659
1,1641,223.10838277554348
1,1642,25.698349410454156
1,1643,260.4226221006951
1,1644,29.85133794550299
1,1645,134.57469383605763
1,1646,238.39353825606142
1,1647,135.1295222170555
1,1648,242.9640165637715
1,1649,74.63354696056528
1,1650,158.57748255246645
1,1651,84.72310838128304
1,1652,255.56761256112446
1,1653,66.59750535092476
1,1654,252.89261994345102
1,1655,68.35393793262418
1,1656,278.13984640445705
1,1657,240.76925705519628
1,1658,63.11387044719265
1,1659,152.33140434054098
1,1660,261.9866316693313
1,1661,174.73987010623105
1,1662,80.07702684884215
1,1663,272.15459540017764
1,1664,66.24165349190375
1,1665,279.587044570274
1,1666,298.19523538502216
1,1667,69.79043628586024
1,1668,112.18625558796342
1,1669,235.08755935745404
1,1670,38.38375615523509
1,1671,282.93042591280454
1,1672,35.863647031433004
1,1673,307.5808154863235
1,1674,338.40686408664783
1,1675,42.030991938238856
1,1676,250.83510720387886
1,1677,278.86096050476635
1,1678,40.6135397461944
1,1679,239.3150555504552
1,1680,44.499461011833645
1,1681,72.38798188061077
1,1682,312.1577661652469
1,1683,38.70460045944385
1,1684,44.687418237277576
1,1685,298.26037376841555
1,1686,39.42849516939236
1,1687,259.785087926262
1,1688,80.40504855762151
1,1689,38.796802917548995
1,1690,300.47221150679127
1,1691,316.30806011021457
1,1692,29.372058478844693
1,1693,314.7695888065751
1,1694,319.23630345203884
1,1695,25.763941542824778
1,1696,246.6580382843319
1,1697,265.8712589577926
1,1698,280.8585659519963
1,1699,292.7333611168543
1,1700,238.41148432607423
1,1701,221.22891903415538
1,1702,345.8902261110002
1,1703,39.67379622118265
1,1704,311.7165558543869
1,1705,47.97719999572769
1,1706,43.468135492068015
1,1707,260.8517238798822
1,1708,30.018238101380664
1,1709,126.12159060545818
1,1710,224.10669733803377
1,1711,181.7026953145334
1,1712,226.97765478183476
1,1713,80.86207019973632
1,1714,97.5429683863066
1,1715,226.73391011280665
1,1716,130.81422660761032
1,1717,128.94893421307526
1,1718,321.51702597831047
1,1719,39.6139686577689
1,1720,57.6667346650376
1,1721,284.58674958270797
1,1722,369.9519333707011
1,1723,260.01704048799434
1,1724,84.65481287040531
1,1725,363.2370389094183
1,1726,103.77586677580479
1,1727,394.870368696859
1,1728,270.68194896971204
1,1729,374.2447792444843
1,1730,177.03884925059322
1,1731,300.2970646301618
1,1732,56.30466677304626
1,1733,229.94049899200718
1,1734,292.0193319824243
1,1735,57.41729886959629
1,1736,313.4467693084274
1,1737,66.51743625624461
1,1738,155.38651517266436
1,1739,387.46797441067116
1,1740,305.11830229286295
1,1741,267.0257136985288
1,1742,61.341321265771334
1,1743,320.13421581229295
1,1744,163.68410449314274
1,1745,28.452698071449362
1,1746,319.7101234916929
1,1747,334.92641317491854
1,1748,39.01870711442544
1,1749,407.63087860510524
1,1750,42.03829006423228
1,1751,306.4567656202564
1,1752,26.14070345276462
1,1753,319.03319369838675
1,1754,209.30944298418666
1,1755,211.42490083585926
1,1756,299.84901940645943
1,1757,122.25751463486543
1,1758,191.40883490179397
1,1759,40.042233456127484
1,1760,320.819914305185
1,1761,39.46025929816844
1,1762,184.27151079601282
1,1763,49.52860994166327
1,1764,214.25752167960167
1,1765,326.0842939431051
1,1766,33.574263084119515
1,1767,280.49354472710763
1,1768,307.14868239129805
1,1769,14.984827255832442
1,1770,298.63339321516514
1,1771,40.66386395158591
1,1772,33.63462075929168
1,1773,396.17863587531735
1,1774,41.258076317091074
1,1775,28.121192152513185
1,1776,260.1464597915915
1,1777,281.14757417727435
1,1778,42.359627462944424
1,1779,254.85219897494028
1,1780,257.44734468250755
1,1781,263.45601233285265
1,1782,259.593617188701
1,1783,69.57009286559233
1,1784,366.90103261323964
1,1785,65.53723637993505
1,1786,235.74313414862897
1,1787,346.48009372009346
1,1788,281.1862279683536
1,1789,64.40705067102891
1,1790,333.9568304688338
1,1791,153.9402254634444
1,1792,75.84709453475729
1,1793,186.98921371056448
1,1794,385.23326865476406
1,1795,71.14623046685028
1,1796,285.3300710108924
1,1797,313.46344647856006
1,1798,69.14317417538936
1,1799,144.4085435215809
1,1800,198.1333851490369
1,1801,283.9957915190166
1,1802,70.4190912071189
1,1803,205.3920746256003
1,1804,316.0279068103663
1,1805,40.665757755283984
1,1806,48.95718738726644
1,1807,309.1690699816503
1,1808,297.714248504377
1,1809,21.003271792562987
1,1810,58.024108128596716
1,1811,125.05292959799593
1,1812,196.57315418987312
1,1813,48.10476524060793
1,1814,124.48519585035625
1,1815,246.07170090950058
1,1816,35.88852441669479
1,1817,45.059003443150125
1,1818,248.67668099002
1,1819,323.05258133293387
1,1820,201.8365755469162
1,1821,337.2571582199287
1,1822,52.33496874567827
1,1823,251.31175065975248
1,1824,323.2342277341598
1,1825,38.73694483983863
1,1826,324.6561351724623
1,1827,38.74147606945677
1,1828,185.70809986252473
1,1829,304.8862232105171
1,1830,124.2897827575046
1,1831,314.59365298282114
1,1832,77.72799675027665
1,1833,305.95121970247044
1,1834,291.9836507224667
1,1835,43.456867194725895
1,1836,176.15038727707028
1,1837,231.3980752099122
1,1838,39.279905692735774
1,1839,332.33813539786513
1,1840,39.80621932238284
1,1841,277.606361089562
1,1842,238.52991185986292
1,1843,314.61620625693126
1,1844,475.5703007403246
1,1845,47.412058847933466
1,1846,283.81369961962673
1,1847,167.70514751913794
1,1848,307.3273264682356
1,1849,251.46361330488315
1,1850,123.56127790740706
1,1851,287.35102330542384
1,1852,34.76847586522297
1,1853,291.1888625615961
1,1854,37.8671887997637
1,1855,362.06297613669165
1,1856,289.26569801254936
1,1857,35.33109627928778
1,1858,331.460279555076
1,1859,40.79464589820213
1,1860,286.8364101216681
1,1861,39.32724944661645
1,1862,335.2438214488879
1,1863,294.16535662507283
1,1864,23.737656576552823
1,1865,272.0183572942182
1,1866,265.1854272198235
1,1867,307.55083779951184
1,1868,38.881851615214686
1,1869,264.61827834797657
1,1870,36.42979595216913
1,1871,252.04878727899398
1,1872,47.704246752359566
1,1873,248.4691382351445
1,1874,433.3838731315653
1,1875,34.813258341899456
1,1876,296.7086164056971
1,1877,278.17081533776286
1,1878,326.2270533744202
1,1879,49.62736317012204
1,1880,328.84165104144427
1,1881,284.7231302076286
1,1882,60.12693224818993
1,1883,137.53749730603332
1,1884,376.00034372628045
1,1885,563.7304684042298
1,1886,61.96100334755222
1,1887,275.80572025743595
1,1888,262.72269710862963
1,1889,306.0802201166606
1,1890,106.92936606853473
1,1891,274.1368830716462
1,1892,303.5662363154813
1,1893,178.04077718223311
1,1894,350.02975673550657
1,1895,304.95459995072
1,1896,205.81616409403796
1,1897,326.8964329981666
1,1898,63.93783162475439
1,1899,291.5266475148599
1,1900,98.70909254953646
1,1901,60.88554235751293
1,1902,225.73057668303187
1,1903,143.91831088937957
1,1904,256.0311835667046
1,1905,298.81305019417846
1,1906,323.3391902002338
1,1907,296.4663250403278
1,1908,71.8474626920781
1,1909,346.79367803964027
1,1910,37.369066754724116
1,1911,181.58629124469803
1,1912,39.542344130895245
1,1913,33.01410637838333
1,1914,224.45719832396423
1,1915,198.70826391465235
1,1916,43.632368387131564
1,1917,260.1646207479696
1,1918,75.88463851294912
1,1919,205.64424519117776
1,1920,372.20644319933194
1,1921,289.0115421354797
1,1922,135.29138945515217
1,1923,65.53076642867327
1,1924,327.2814429045767
1,1925,251.05221675080818
1,1926,284.7939247317262
1,1927,39.98207202256135
1,1928,336.7569779250783
1,1929,265.5562692526265
1,1930,200.5268534016634
1,1931,160.85730280494514
1,1932,210.33827635549767
1,1933,248.93228989534214
1,1934,220.6689080050068
1,1935,132.64396460936848
1,1936,308.19927230217354
1,1937,273.0252723061105
1,1938,39.362000516115465
1,1939,146.28087655496847
1,1940,206.0641968963834
1,1941,227.568810567415
1,1942,309.52620804540584
1,1943,162.66667238474145
1,1944,66.58824692847662
1,1945,260.97161840231263
1,1946,42.20684659744219
1,1947,57.58127135195974
1,1948,222.56329105769635
1,1949,33.3794631985517
1,1950,233.77794492938426
1,1951,254.54833619265898
1,1952,53.297620312278056
1,1953,169.6270825466437
1,1954,295.8632424839325
1,1955,69.28280629882505
1,1956,198.45340755635573
1,1957,73.90918389239368
1,1958,236.78121293705067
1,1959,74.9856962565395
1,1960,341.3258047849074
1,1961,182.8474200657625
1,1962,62.60620746264265
1,1963,262.0412203310887
1,1964,277.8219398100581
1,1965,51.165319738208055
1,1966,54.26779510625255
1,1967,256.8857216405296
1,1968,172.49234435417185
1,1969,261.6743788841247
1,1970,255.44924247784633
1,1971,238.1837835207932
1,1972,313.6636637734884
1,1973,165.63921525605303
1,1974,28.521760391796775
1,1975,175.44830733033365
1,1976,255.66807426370957
1,1977,334.6658794133454
1,1978,159.97603727055878
1,1979,306.7179305430774
1,1980,268.8861716422439
1,1981,42.57964280082529
1,1982,113.23755506024374
1,1983,32.6589377317958
1,1984,75.30506386870208
1,1985,310.47879270532576
1,1986,329.6750801809101
1,1987,229.75039127722025
1,1988,41.09609851743565
1,1989,118.95234062249446
1,1990,35.6946810694203
1,1991,320.0411557274913
1,1992,38.66782908727635
1,1993,183.07370455715392
1,1994,210.62094653960355
1,1995,254.02736731167087
1,1996,171.30097479778158
1,1997,318.9172638145551
1,1998,286.79315865511995
1,1999,47.177384552493145
1,2000,28.239322528496146
1,2001,285.6322023472494
1,2002,35.11475604647624
1,2003,41.86378964677543
1,2004,239.49178447993813
1,2005,29.106275190741485
1,2006,376.4336587491694
1,2007,42.50192889726166
1,2008,294.52055803787744
1,2009,229.45989415213472
1,2010,242.69703818354395
1,2011,98.91365602817355
1,2012,261.9988590543967
1,2013,13.538598257202771
1,2014,314.79589764927886
1,2015,95.83574091949077
1,2016,184.44340467901242
1,2017,139.0506819290325
1,2018,73.24004599058792
1,2019,362.77852223917273
1,2020,39.79387983945027
1,2021,119.32757916907019
1,2022,269.6447562281235
1,2023,100.62894902615992
1,2024,384.1831736229373
1,2025,34.75537707715775
1,2026,243.02907360709887
1,2027,265.3651397127703
1,2028,180.08214869473818
1,2029,209.31571572152677
1,2030,355.6505392051656
1,2031,210.31440416332484
1,2032,95.99069006724355
1,2033,285.37353591258875
1,2034,265.9591155138981
1,2035,62.489021724095544
1,2036,238.8508762039583
1,2037,66.34669978363056
1,2038,292.5427908893783
1,2039,284.4916529605977
1,2040,139.36851371236583
1,2041,387.53310436711547
1,2042,166.37441242974245
1,2043,320.2003196335985
1,2044,312.65810768976115
1,2045,337.5947860446822
1,2046,307.5650763379849
1,2047,67.29845404806673
1,2048,116.28103117789873
1,2049,245.76606595614084
1,2050,247.15047047977185
1,2051,75.37830256219691
1,2052,252.73847214059168
1,2053,112.40668527065236
1,2054,316.3406498497057
1,2055,264.40512247883356
1,2056,225.44180135983603
1,2057,62.80666431052071
1,2058,27.017003377446382
1,2059,315.1586292176356
1,2060,270.9039640113298
1,2061,40.158267610000784
1,2062,271.058246310089
1,2063,75.47297568954994
1,2064,318.8588320065248
1,2065,292.42252099028985
1,2066,30.571214304047274
1,2067,264.59183313257296
1,2068,155.72987937731486
1,2069,255.89390170541606
1,2070,40.6463679312165
1,2071,312.56004689522706
1,2072,40.165850724161764
1,2073,374.7733323963705
1,2074,39.85324655006886
1,2075,181.12165737396057
1,2076,204.04239438802296
1,2077,125.3478320224298
1,2078,239.67080205679244
1,2079,307.5299496033083
1,2080,40.342135468975854
1,2081,322.53637990304253
1,2082,153.6825580759691
1,2083,316.77023195140487
1,2084,245.16384291379106
1,2085,118.35363132636016
1,2086,156.23970958920694
1,2087,96.37732864354523
1,2088,311.1442510673294
1,2089,372.32768609363666
1,2090,43.638644694838845
1,2091,253.5180325254882
1,2092,33.10706809918983
1,2093,77.9591149645429
1,2094,333.0134991809991
1,2095,114.44743027139023
1,2096,111.68936637410233
1,2097,97.38749155934163
1,2098,162.19008611854875
1,2099,227.97629452185362
1,2100,28.78698259243395
1,2101,261.5790180906963
1,2102,75.05598045544244
1,2103,333.269383249784
1,2104,42.58860570787332
1,2105,78.19653530203684
1,2106,109.59138901317542
1,2107,36.41585424816253
1,2108,111.61194020231116
1,2109,46.75628087629657
1,2110,76.50096696916529
1,2111,264.47211726949286
1,2112,37.1713521526691
1,2113,257.333687899834
1,2114,316.105746544285
1,2115,118.16047701558779
1,2116,50.35053581029519
1,2117,263.40849337986185
1,2118,249.30853170764584
1,2119,32.788326859488755
1,2120,281.493149214193
1,2121,38.98846929479376
1,2122,288.4414884337954
1,2123,47.52401556246434
1,2124,127.60974154555774
1,2125,375.8401092784875
1,2126,320.68607015384185
1,2127,50.47325189085811
1,2128,172.11035373903164
1,2129,124.33013695364974
1,2130,272.38059471612934
1,2131,45.2398934411028
1,2132,292.04372816204676
1,2133,50.1624118512007
1,2134,276.7670115918366
1,2135,51.46625457416738
1,2136,179.01224039905713
1,2137,204.31781403149446
1,2138,343.75071810663485
1,2139,300.6928919700552
1,2140,69.46118825356871
1,2141,231.89314864766075
1,2142,240.16973371475632
1,2143,270.97680435454714
1,2144,369.1742650432477
1,2145,146.00697023383609
1,2146,328.2009098304484
1,2147,65.68766964681441
1,2148,385.70761586864256
1,2149,75.59259261656958
1,2150,339.2685481826808
1,2151,61.39189052939618
1,2152,258.445531637826
1,2153,65.97456772475392
1,2154,100.66020013181728
1,2155,281.4852674786699
1,2156,68.70381132997781
1,2157,64.54002321576789
1,2158,77.53688228721964
1,2159,181.70573986447755
1,2160,40.5883659096232
1,2161,104.76924997270552
1,2162,40.81737201511622
1,2163,260.2806821902565
1,2164,91.74915850958949
1,2165,81.81548468769705
1,2166,281.42960140826887
1,2167,108.95549192522526
1,2168,44.188537847277175
1,2169,299.58154850175777
1,2170,286.08227446505055
1,2171,49.758649903074506
1,2172,129.9145581169573
1,2173,39.1373313885835
1,2174,237.29280601459135
1,2175,232.64679197154925
1,2176,121.39041007709505
1,2177,342.76112376751513
1,2178,43.94611447581078
1,2179,84.42451138060696
1,2180,325.1831045434713
1,2181,277.6041367941446
1,2182,63.668531673231556
1,2183,260.87106839735907
1,2184,44.90741759970487
1,2185,254.02148182056538
1,2186,44.15601673187779
1,2187,292.561534934998
1,2188,327.17061281170834
1,2189,39.70152500147739
1,2190,314.04092116036156
1,2191,45.01594847899531
1,2192,242.46235427004405
1,2193,287.96521061578716
1,2194,322.58209346425866
1,2195,45.613801790138005
1,2196,233.0290711963553
1,2197,146.82158914995287
1,2198,44.97748545218493
1,2199,328.2197263406036
1,2200,42.23758713488503
1,2201,296.161651200099
1,2202,43.38444261560766
1,2203,292.56121708945466
1,2204,116.14809498800099
1,2205,13.482646234714268
1,2206,278.0094374015672
1,2207,319.0577559006332
1,2208,257.0297394042441
1,2209,32.31673527482671
1,2210,62.561152289162
1,2211,289.823295996767
1,2212,271.210366758057
1,2213,59.034856523167306
1,2214,275.3300204118042
1,2215,118.98323802868467
1,2216,111.34603940280458
1,2217,405.76674575585
1,2218,81.10249967207969
1,2219,39.97859138038211
1,2220,297.2384918679037
1,2221,194.69228864995688
1,2222,337.69035864173793
1,2223,42.48481208232144
1,2224,293.8880528780901
1,2225,156.01671982619445
1,2226,309.3391269410498
1,2227,47.69105174061306
1,2228,314.93858317380966
1,2229,268.7784729579754
1,2230,347.06090590964413
1,2231,347.4661244621985
1,2232,341.30982865236456
1,2233,74.47971516059647
1,2234,141.64453901453282
1,2235,85.40375987510942
1,2236,236.43933639676183
1,2237,179.21045855726294
1,2238,292.8454480178475
1,2239,67.22952657374296
1,2240,230.04060942292477
1,2241,94.98908670973881
1,2242,311.7809278456107
1,2243,63.28024141243457
1,2244,287.0482581095996
1,2245,231.3429909504996
1,2246,57.69902825777396
1,2247,330.607753016006
1,2248,208.60929682493264
1,2249,236.65694663513875
1,2250,322.03782431070624
1,2251,38.08430478958942
1,2252,288.5627532695272
1,2253,301.38333439074813
1,2254,201.419002515995
1,2255,410.90881400251317
1,2256,122.4807409750967
1,2257,284.2912122408575
1,2258,40.44803688709394
1,2259,251.8192452028589
1,2260,219.5482535196527
1,2261,115.85335971300088
1,2262,43.774052588977874
1,2263,269.0225612832369
1,2264,233.95633581596738
1,2265,247.41993812603033
1,2266,208.03456106122985
1,2267,21.706313822826687
1,2268,282.9986900571444
1,2269,224.19994676164254
1,2270,28.175671021044828
1,2271,290.9740689013622
1,2272,271.89573579219456
1,2273,175.9922170674159
1,2274,176.23445328725722
1,2275,288.0701507554517
1,2276,322.3066014682697
1,2277,120.94688197206355
1,2278,26.959983316989423
1,2279,345.15378344256465
1,2280,40.1514327828926
1,2281,333.37098210973494
1,2282,42.90201339503894
1,2283,330.1726775148462
1,2284,41.213214867138866
1,2285,49.72780318328289
1,2286,269.4743852969102
1,2287,293.95833923123394
1,2288,43.736501875629926
1,2289,177.66839359310654
1,2290,34.464447698860106
1,2291,253.34234830719907
1,2292,81.41406531342298
1,2293,113.97483345981097
1,2294,126.11643948734321
1,2295,229.54766234866378
1,2296,318.6794541489752
1,2297,62.55544095707763
1,2298,43.285509832531794
1,2299,77.62559956176686
1,2300,337.00865510345596
1,2301,31.991266746839777
1,2302,265.44561750895764
1,2303,164.79533073797882
1,2304,293.6909478683693
1,2305,60.698215052379815
1,2306,277.43507541297856
1,2307,198.32754833284423
1,2308,346.7182585367152
1,2309,91.94925928487693
1,2310,43.87572125966546
1,2311,321.3608718876859
1,2312,126.82122011323078
1,2313,326.26020198321004
1,2314,230.23644165409468
1,2315,178.87220388554636
1,2316,251.73878159965875
1,2317,214.69605614345528
1,2318,299.76129042838136
1,2319,249.39605919570175
1,2320,293.5635729770569
1,2321,292.792501632622
1,2322,298.5427144271742
1,2323,349.49317321604383
1,2324,367.36346081342697
1,2325,71.91193232696835
1,2326,299.9221906889229
1,2327,54.86644004674551
1,2328,330.73389954201025
1,2329,65.21990595250601
1,2330,302.14480363655935
1,2331,184.1946165693786
1,2332,349.98300396644345
1,2333,55.177532443050545
1,2334,196.8031741782915
1,2335,330.59853223968105
1,2336,175.2947066420004
1,2337,297.166640804621
1,2338,303.0182251244106
1,2339,265.2130093463894
1,2340,13.864055333980108
1,2341,261.21289016125354
1,2342,270.0061811458468
1,2343,328.37693899053306
1,2344,34.39216862702656
1,2345,259.583635583225
1,2346,262.9194233886252
1,2347,208.0884044921483
1,2348,28.464122415636847
1,2349,280.60771037839936
1,2350,295.69888484714926
1,2351,275.87143904182636
1,2352,43.20826401669175
1,2353,361.84811578622566
1,2354,37.57861513922951
1,2355,181.20760011475312
1,2356,300.8313955258311
1,2357,223.14185312387744
1,2358,288.62486091120957
1,2359,44.882737924956515
1,2360,313.93695296422266
1,2361,282.5715873849266
1,2362,22.893686872703157
1,2363,246.14080148305783
1,2364,326.78615516172545
1,2365,258.71612825289634
1,2366,306.6696313863019
1,2367,271.61015973843865
1,2368,39.13697822048677
1,2369,279.41704957596255
1,2370,173.0144300448977
1,2371,202.58901194253656
1,2372,215.15988683991344
1,2373,280.34501115195644
1,2374,40.84568707308706
1,2375,290.016772875539
1,2376,329.45783118991216
1,2377,43.421986067475174
1,2378,239.07198101092706
1,2379,279.6963865541635
1,2380,62.58787849358282
1,2381,315.3096824770432
1,2382,337.66720993200136
1,2383,346.5527727471991
1,2384,87.78224031238128
1,2385,276.7519501026117
1,2386,150.97771738584254
1,2387,291.1517552235719
1,2388,68.72190631540674
1,2389,326.9614262977502
1,2390,131.42401012965897
1,2391,70.00576249130631
1,2392,101.16697047274718
1,2393,271.47142316130805
1,2394,60.52299178028956
1,2395,40.19256758462009
1,2396,199.55786351517781
1,2397,277.2963327822902
1,2398,564.8007834645263
1,2399,354.3400714604532
1,2400,70.74937759153964
1,2401,355.4029127842629
1,2402,63.546205852621156
1,2403,199.23782471293939
1,2404,128.20714856471557
1,2405,315.8089012461129
1,2406,35.651964161181255
1,2407,309.17354817747054
1,2408,40.41215184081361
1,2409,275.81338091320026
1,2410,163.0154345282265
1,2411,288.388261710772
1,2412,38.25243569054338
1,2413,241.8615204036866
1,2414,92.82721869254206
1,2415,297.4529945278413
1,2416,39.509869770446244
1,2417,293.8658730184691
1,2418,148.40543267323523
1,2419,272.66508325600967
1,2420,331.4049623149808
1,2421,324.28978458405663
1,2422,38.63855849503469
1,2423,183.144974843061
1,2424,307.7259491352778
1,2425,18.260333761624114
1,2426,299.2242921251674
1,2427,286.5782083521058
1,2428,275.3202533111617
1,2429,307.505459064966
1,2430,38.15931781164137
1,2431,293.12553385323855
1,2432,308.52681305939973
1,2433,163.47114842517232
1,2434,337.6208959861442
1,2435,35.9051515729243
1,2436,183.54911106714172
1,2437,313.89831489105654
1,2438,41.01404953207361
1,2439,149.24737183548666
1,2440,306.4830395567384
1,2441,296.2014391799921
1,2442,312.736427054639
1,2443,302.98795916655666
1,2444,364.767590391692
1,2445,101.01555347794753
1,2446,284.45721181628903
1,2447,306.58294443561647
1,2448,86.37466690197262
1,2449,314.3402584558105
1,2450,66.61879171191568
1,2451,285.07352873333485
1,2452,186.06746059726788
1,2453,339.4388475878151
1,2454,65.71806410290716
1,2455,196.06962558787063
1,2456,338.7240769568414
1,2457,599.864570568511
1,2458,300.7566786322393
1,2459,275.62951972979107
1,2460,68.07878718637025
1,2461,315.01941088909825
1,2462,85.84072798926226
1,2463,298.83930486915585
1,2464,299.6994480963443
1,2465,135.6853925611138
1,2466,36.87699411478254
1,2467,276.78613486520464
1,2468,240.86825831123082
1,2469,199.1626661729245
1,2470,35.96979603559757
1,2471,250.96721108348342
1,2472,416.0867715185825
1,2473,25.38685850838619
1,2474,116.08718343997995
1,2475,183.36116888664574
1,2476,28.868500018093084
1,2477,357.54654453368494
1,2478,411.6660316960562
1,2479,38.01293818048887
1,2480,291.2333186255174
1,2481,271.9290094420423
1,2482,331.9017045973798
1,2483,29.099609192182015
1,2484,181.56616332802207
1,2485,331.6172729980349
1,2486,343.95384162832056
1,2487,306.75461180644163
1,2488,62.460852066297846
1,2489,291.42035428154594
1,2490,275.13448282878153
1,2491,24.50175464643674
1,2492,324.2750708755681
1,2493,221.54720325214896
1,2494,36.667872815739194
1,2495,317.522289218007
1,2496,209.2800105778204
1,2497,261.79938010486967
1,2498,92.75963061888676
1,2499,187.25711998121938
1,2500,187.9331121650355
1,2501,37.15885463667045
1,2502,422.41987315243284
1,2503,278.11204194255663
1,2504,327.4186054790462
1,2505,299.07621891239216
1,2506,25.694049256472027
1,2507,272.89563270164325
1,2508,39.69124519295692
1,2509,17.301691490733816
1,2510,322.4017208079279
1,2511,255.6190317925337
1,2512,60.15210338079468
1,2513,217.4573003329342
1,2514,239.83432395398563
1,2515,328.2268483759607
1,2516,35.220853570985035
1,2517,26.866127890026554
1,2518,353.82198146575837
1,2519,316.6651250476235
1,2520,301.039425877162
1,2521,30.684531909114515
1,2522,287.280708792513
1,2523,34.681701208161016
1,2524,334.5579371255089
1,2525,312.4537731095765
1,2526,257.12415431097963
1,2527,139.13928231725993
1,2528,293.6975298237553
1,2529,96.39552241449545
1,2530,32.88581035366442
1,2531,272.0172872540637
1,2532,35.24577592773645
1,2533,324.024857887423
1,2534,287.2143636882308
1,2535,285.1704139085921
1,2536,44.17579684761152
1,2537,296.70052673315257
1,2538,245.57851531968987
1,2539,485.2988221479323
1,2540,362.6159884895701
1,2541,85.45532684153159
1,2542,280.9266137874258
1,2543,159.5226108692721
1,2544,313.63453837821265
1,2545,51.665603748099514
1,2546,282.3301020503545
1,2547,321.2221175090109
1,2548,197.65781277565554
1,2549,482.94064496176713
1,2550,367.0043946930889
1,2551,66.19771158585036
1,2552,336.3025118533704
1,2553,324.3904928542389
1,2554,72.64117826940662
1,2555,329.3637080395774
1,2556,337.3025624527055
1,2557,214.72193174467475
1,2558,233.3307730146409
1,2559,151.86302148302434
1,2560,125.47723533654337
1,2561,267.4990384747906
1,2562,126.54396116359253
1,2563,299.18777441944246
1,2564,45.8889169250166
1,2565,350.97049574610026
1,2566,41.575604241653274
1,2567,299.44787677289776
1,2568,278.3042143318503
1,2569,58.4083598353764
1,2570,313.86054120579576
1,2571,36.647746282188706
1,2572,288.6969399264299
1,2573,40.354061103498516
1,2574,195.68102341640025
1,2575,267.6372545454288
1,2576,149.5829517789988
1,2577,42.99946349201209
1,2578,287.5352839754793
1,2579,254.28745521662992
1,2580,250.1334385421905
1,2581,344.269416972391
1,2582,256.8164376741448
1,2583,43.01848039800274
1,2584,334.1042636486592
1,2585,260.8629101736005
1,2586,185.06673881711959
1,2587,215.2588286295544
1,2588,41.25250521377268
1,2589,312.68037490424354
1,2590,312.17866684966094
1,2591,344.20800373431814
1,2592,21.3405072066457
1,2593,332.3129144414686
1,2594,299.43045713479137
1,2595,53.68016291325081
1,2596,148.38915407351175
1,2597,360.5641122713298
1,2598,39.540311478737415
1,2599,319.7676034370574
1,2600,40.00501789471944
1,2601,191.50519227980786
1,2602,50.478157661474995
1,2603,308.01642265309033
1,2604,313.06696316553723
1,2605,58.017637339283475
1,2606,184.87432259715206
1,2607,99.71498866736977
1,2608,218.43987031839765
1,2609,280.09012325853996
1,2610,292.84892136560984
1,2611,161.99527633660182
1,2612,314.2774811741872
1,2613,42.1615863644549
1,2614,321.17236345801143
1,2615,304.57592402471107
1,2616,35.363981231130744
1,2617,293.36120431672975
1,2618,177.19344357450296
1,2619,282.0697954672932
1,2620,50.206781387376196
1,2621,325.9906805389104
1,2622,308.1615520520829
1,2623,51.87127218420877
1,2624,36.842513914001316
1,2625,365.84339086722116
1,2626,40.053350341090734
1,2627,187.0519511573474
1,2628,315.12199831149417
1,2629,234.17125953493863
1,2630,548.7285492088887
1,2631,268.87385845264305
1,2632,306.17257230657975
1,2633,340.34055343241346
1,2634,372.2347001390649
1,2635,65.81692512500607
1,2636,54.65676828242995
1,2637,320.97696580479146
1,2638,310.13043026008313
1,2639,72.70222244411909
1,2640,294.828299723242
1,2641,63.957908709840794
1,2642,357.2813442287933
1,2643,310.555137426788
1,2644,69.56889294640753
1,2645,215.11189485358273
1,2646,75.96091066836061
1,2647,316.94168849684263
1,2648,336.3415900189378
1,2649,61.668503000004314
1,2650,307.8593183344065
1,2651,195.1845049460927
1,2652,320.9619024932235
1,2653,33.957636970117655
1,2654,268.7615866519229
1,2655,348.10135115087485
1,2656,319.0633001462499
1,2657,143.42085049936173
1,2658,38.33604588054
1,2659,237.13164501153264
1,2660,260.70630505422974
1,2661,94.11432478699903
1,2662,339.77766203296966
1,2663,314.4438036705537
1,2664,359.5243754761575
1,2665,63.3838392372318
1,2666,232.64543333727488
1,2667,326.48413643334845
1,2668,317.39843300118065
1,2669,203.38957115035458
1,2670,329.409121843374
1,2671,70.68422907587671
1,2672,150.7085252809211
1,2673,299.16965875608685
1,2674,66.70173595651545
1,2675,313.0285963412355
1,2676,67.9381396847856
1,2677,370.55065611377677
1,2678,83.79366469959908
1,2679,270.1122221790166
1,2680,139.810846366038
1,2681,108.70195172353476
1,2682,275.80066909816486
1,2683,10.036642933201055
1,2684,110.26155470411071
1,2685,37.91643540320562
1,2686,211.28380789315352
1,2687,36.19504141467004
1,2688,222.5326180644711
1,2689,39.868409390114515
1,2690,249.90042342904894
1,2691,210.6548277122842
1,2692,39.329486172948265
1,2693,122.70628237033554
1,2694,234.75170956498218
1,2695,194.97458851528557
1,2696,56.226898297566954
1,2697,364.27869808696545
1,2698,32.46537414663979
1,2699,333.68043010312925
1,2700,279.2118308369416
1,2701,49.26684042803916
1,2702,245.1657134212183
1,2703,44.44967302820916
1,2704,83.0279406548935
1,2705,299.0175843528583
1,2706,40.92363821479707
1,2707,41.79195945144363
1,2708,291.54983368548164
1,2709,39.15701566708202
1,2710,256.75911452602173
1,2711,82.1026395441435
1,2712,38.100367279325475
1,2713,300.92538094645363
1,2714,289.3322362096877
1,2715,291.2955677442784
1,2716,237.3867709002611
1,2717,236.95591530442
1,2718,337.06261157231427
1,2719,39.73195041035642
1,2720,327.7080961008002
1,2721,318.09632931432435
1,2722,28.828657892038528
1,2723,324.32158750212477
1,2724,285.7020652736776
1,2725,318.0170065039888
1,2726,136.8070644863371
1,2727,235.1841280560634
1,2728,166.42486495363423
1,2729,294.6148124228182
1,2730,247.79668301452247
1,2731,77.52135539851659
1,2732,223.10838277554348
1,2733,25.698349410454156
1,2734,260.4226221006951
1,2735,29.85133794550299
1,2736,134.57469383605763
1,2737,238.39353825606142
1,2738,135.1295222170555
1,2739,242.9640165637715
1,2740,74.63354696056528
1,2741,158.57748255246645
1,2742,84.72310838128304
1,2743,255.56761256112446
1,2744,66.59750535092476
1,2745,252.89261994345102
1,2746,68.35393793262418
1,2747,278.13984640445705
1,2748,240.76925705519628
1,2749,63.11387044719265
1,2750,152.33140434054098
1,2751,261.9866316693313
1,2752,174.73987010623105
1,2753,80.07702684884215
1,2754,272.15459540017764
1,2755,66.24165349190375
1,2756,279.587044570274
1,2757,298.19523538502216
1,2758,69.79043628586024
1,2759,112.18625558796342
1,2760,235.08755935745404
1,2761,38.38375615523509
1,2762,282.93042591280454
1,2763,35.863647031433004
1,2764,307.5808154863235
1,2765,338.40686408664783
1,2766,42.030991938238856
1,2767,250.83510720387886
1,2768,278.86096050476635
1,2769,40.6135397461944
1,2770,239.3150555504552
1,2771,44.499461011833645
1,2772,72.38798188061077
1,2773,312.1577661652469
1,2774,38.70460045944385
1,2775,44.687418237277576
1,2776,298.26037376841555
1,2777,39.42849516939236
1,2778,259.785087926262
1,2779,80.40504855762151
1,2780,38.796802917548995
1,2781,300.47221150679127
1,2782,316.30806011021457
1,2783,29.372058478844693
1,2784,314.7695888065751
1,2785,319.23630345203884
1,2786,25.763941542824778
1,2787,246.6580382843319
1,2788,265.8712589577926
1,2789,280.8585659519963
1,2790,292.7333611168543
1,2791,238.41148432607423
1,2792,221.22891903415538
1,2793,345.8902261110002
1,2794,39.67379622118265
1,2795,311.7165558543869
1,2796,47.97719999572769
1,2797,43.468135492068015
1,2798,260.8517238798822
1,2799,30.018238101380664
1,2800,126.12159060545818
1,2801,224.10669733803377
1,2802,181.7026953145334
1,2803,226.97765478183476
1,2804,80.86207019973632
1,2805,97.5429683863066
1,2806,226.73391011280665
1,2807,130.81422660761032
1,2808,128.94893421307526
1,2809,321.51702597831047
1,2810,39.6139686577689
1,2811,57.6667346650376
1,2812,284.58674958270797
1,2813,369.9519333707011
1,2814,260.01704048799434
1,2815,84.65481287040531
1,2816,363.2370389094183
1,2817,103.77586677580479
1,2818,394.870368696859
1,2819,270.68194896971204
1,2820,374.2447792444843
1,2821,177.03884925059322
1,2822,300.2970646301618
1,2823,56.30466677304626
1,2824,229.94049899200718
1,2825,292.0193319824243
1,2826,57.41729886959629
1,2827,313.4467693084274
1,2828,66.51743625624461
1,2829,155.38651517266436
1,2830,387.46797441067116
1,2831,305.11830229286295
1,2832,267.0257136985288
1,2833,61.341321265771334
1,2834,320.13421581229295
1,2835,163.68410449314274
1,2836,28.452698071449362
1,2837,319.7101234916929
1,2838,334.92641317491854
1,2839,39.01870711442544
1,2840,407.63087860510524
1,2841,42.03829006423228
1,2842,306.4567656202564
1,2843,26.14070345276462
1,2844,319.03319369838675
1,2845,209.30944298418666
1,2846,211.42490083585926
1,2847,299.84901940645943
1,2848,122.25751463486543
1,2849,191.40883490179397
1,2850,40.042233456127484
1,2851,320.819914305185
1,2852,39.46025929816844
1,2853,184.27151079601282
1,2854,49.52860994166327
1,2855,214.25752167960167
1,2856,326.0842939431051
1,2857,33.574263084119515
1,2858,280.49354472710763
1,2859,307.14868239129805
1,2860,14.984827255832442
1,2861,298.63339321516514
1,2862,40.66386395158591
1,2863,33.63462075929168
1,2864,396.17863587531735
1,2865,41.258076317091074
1,2866,28.121192152513185
1,2867,260.1464597915915
1,2868,281.14757417727435
1,2869,42.359627462944424
1,2870,254.85219897494028
1,2871,257.44734468250755
1,2872,263.45601233285265
1,2873,259.593617188701
1,2874,69.57009286559233
1,2875,366.90103261323964
1,2876,65.53723637993505
1,2877,235.74313414862897
1,2878,346.48009372009346
1,2879,281.1862279683536
1,2880,64.40705067102891
1,2881,333.9568304688338
1,2882,153.9402254634444
1,2883,75.84709453475729
1,2884,186.98921371056448
1,2885,385.23326865476406
1,2886,71.14623046685028
1,2887,285.3300710108924
1,2888,313.46344647856006
1,2889,69.14317417538936
1,2890,144.4085435215809
1,2891,198.1333851490369
1,2892,283.9957915190166
1,2893,70.4190912071189
1,2894,205.3920746256003
1,2895,316.0279068103663
1,2896,40.665757755283984
1,2897,48.95718738726644
1,2898,309.1690699816503
1,2899,297.714248504377
1,2900,21.003271792562987
1,2901,58.024108128596716
1,2902,125.05292959799593
1,2903,196.57315418987312
1,2904,48.10476524060793
1,2905,124.48519585035625
1,2906,246.07170090950058
1,2907,35.88852441669479
1,2908,45.059003443150125
1,2909,248.67668099002
1,2910,323.05258133293387
1,2911,201.8365755469162
1,2912,337.2571582199287
1,2913,52.33496874567827
1,2914,251.31175065975248
1,2915,323.2342277341598
1,2916,38.73694483983863
1,2917,324.6561351724623
1,2918,38.74147606945677
1,2919,185.70809986252473
1,2920,304.8862232105171
1,2921,124.2897827575046
1,2922,314.59365298282114
1,2923,77.72799675027665
1,2924,305.95121970247044
1,2925,291.9836507224667
1,2926,43.456867194725895
1,2927,176.15038727707028
1,2928,231.3980752099122
1,2929,39.279905692735774
1,2930,332.33813539786513
1,2931,39.80621932238284
1,2932,277.606361089562
1,2933,238.52991185986292
1,2934,314.61620625693126
1,2935,475.5703007403246
1,2936,47.412058847933466
1,2937,283.81369961962673
1,2938,167.70514751913794
1,2939,307.3273264682356
1,2940,251.46361330488315
1,2941,123.56127790740706
1,2942,287.35102330542384
1,2943,34.76847586522297
1,2944,291.1888625615961
1,2945,37.8671887997637
1,2946,362.06297613669165
1,2947,289.26569801254936
1,2948,35.33109627928778
1,2949,331.460279555076
1,2950,40.79464589820213
1,2951,286.8364101216681
1,2952,39.32724944661645
1,2953,335.2438214488879
1,2954,294.16535662507283
1,2955,23.737656576552823
1,2956,272.0183572942182
1,2957,265.1854272198235
1,2958,307.55083779951184
1,2959,38.881851615214686
1,2960,264.61827834797657
1,2961,36.42979595216913
1,2962,252.04878727899398
1,2963,47.704246752359566
1,2964,248.4691382351445
1,2965,433.3838731315653
1,2966,34.813258341899456
1,2967,296.7086164056971
1,2968,278.17081533776286
1,2969,326.2270533744202
1,2970,49.62736317012204
1,2971,328.84165104144427
1,2972,284.7231302076286
1,2973,60.12693224818993
1,2974,137.53749730603332
1,2975,376.00034372628045
1,2976,312.1639413347533
1,2977,91.50627601396808
1,2978,327.02764643493396
1,2979,59.0448335082698
1,2980,404.29901612549963
1,2981,55.53205459467834
1,2982,367.7806038372405
1,2983,280.98528596301406
1,2984,269.82921409284836
1,2985,323.8215361625078
1,2986,247.5532162892285
1,2987,60.29760988385631
1,2988,259.1221824611774
1,2989,278.1499921371766
1,2990,64.68965305010238
1,2991,293.1658807252511
1,2992,152.35677798953506
1,2993,160.31017169653413
1,2994,337.1851831022904
1,2995,431.39294552917835
1,2996,71.87435197185471
1,2997,161.6259823381755
1,2998,289.4603025183133
1,2999,208.93355470206416
1,3000,263.914621685625
1,3001,27.09005232824058
1,3002,244.2104238011319
1,3003,146.53952063293985
1,3004,38.533134300154494
1,3005,45.523445266341845
1,3006,337.7318652844384
1,3007,48.57844931312854
1,3008,213.79502905071047
1,3009,342.7180041776393
1,3010,21.244156513611742
1,3011,303.6916082744659
1,3012,42.74939311330975
1,3013,369.8655579770069
1,3014,66.8038585050736
1,3015,285.7427565891014
1,3016,47.07482357231759
1,3017,329.4709488130245
1,3018,120.09192663406425
1,3019,222.370253033449
1,3020,298.6623320275772
1,3021,33.52232976254217
1,3022,196.98576967930944
1,3023,323.3733379522288
1,3024,72.84009011617125
1,3025,202.3791045252256
1,3026,101.29031533893695
1,3027,280.7111518445869
1,3028,270.46493842719923
1,3029,41.37229113947328
1,3030,274.43269590568326
1,3031,198.2186124415503
1,3032,205.04935406326405
1,3033,270.8662438245178
1,3034,74.12927965689765
1,3035,354.8253521740543
1,3036,48.440158723625956
1,3037,190.49733670703344
1,3038,34.86073950465374
1,3039,356.8560899764087
1,3040,218.90648444171148
1,3041,278.66259886833933
1,3042,49.065632016056625
1,3043,239.89301752747645
1,3044,145.1505590108626
1,3045,371.1163939146114
1,3046,45.260087973749265
1,3047,402.1629931457587
1,3048,47.76593767630912
1,3049,292.606372710317
1,3050,330.38701830029015
1,3051,323.8617416074952
1,3052,207.2169616937946
1,3053,82.25968510548714
1,3054,54.544190504452416
1,3055,338.8874042283352
1,3056,52.18348739471256
1,3057,358.1539730272442
1,3058,170.14905030325124
1,3059,271.3518800477941
1,3060,47.06014276603139
1,3061,291.2564917297793
1,3062,117.28158765533023
1,3063,166.22375461119657
1,3064,282.3235098091942
1,3065,257.03264214363173
1,3066,436.17023580072436
1,3067,32.25295213837058
1,3068,119.74939256537766
1,3069,323.91338984501533
1,3070,343.3048824411378
1,3071,413.3769123794144
1,3072,389.95901930556363
1,3073,371.68431215230436
1,3074,378.5856535440337
1,3075,58.21026907351524
1,3076,344.2711843187914
1,3077,58.08578599759197
1,3078,332.4438677445522
1,3079,185.90442923193385
1,3080,349.39320217369755
1,3081,88.33989056064152
1,3082,246.20271748543095
1,3083,269.4990081122556
1,3084,56.38933286749382
1,3085,240.4266344365933
1,3086,326.7313388896541
1,3087,86.61848933455168
1,3088,346.9722008872002
1,3089,74.87532814885127
1,3090,156.7589483123661
1,3091,310.2467526170759
1,3092,360.79908706836466
1,3093,357.2775520802804
1,3094,149.87071927858867
1,3095,36.58735005493597
1,3096,102.2195535578303
1,3097,37.560302185229475
1,3098,218.54369680808816
1,3099,306.22732505048356
1,3100,338.88130598667067
1,3101,130.42344066884803
1,3102,352.5077733463047
1,3103,56.3714288092186
1,3104,273.00518389887566
1,3105,165.1303578882177
1,3106,329.4416229892613
1,3107,47.93556614389696
1,3108,267.5458228955133
1,3109,54.18281543783421
1,3110,201.74160879678834
1,3111,43.86983279049
1,3112,261.64732725034514
1,3113,305.82578210722943
1,3114,336.2495821180015
1,3115,384.3001127582413
1,3116,323.2206369216821
1,3117,248.21974412017823
1,3118,95.34798540795418
1,3119,290.28034292378163
1,3120,374.28186800021155
1,3121,326.5074326670915
1,3122,49.11884060658231
1,3123,361.17255349385084
1,3124,37.36415457665069
1,3125,344.03884373960614
1,3126,247.00735524166532
1,3127,46.79270792923752
1,3128,218.9884393430438
1,3129,358.34801831128243
1,3130,175.59953399247732
1,3131,340.5993772170615
1,3132,386.6308683474974
1,3133,365.3051767189501
1,3134,323.9475230475107
1,3135,140.4130466124078
1,3136,132.0764033104157
1,3137,348.70568285118316
1,3138,236.35281198355295
1,3139,266.0327291673419
1,3140,232.90278890213892
1,3141,136.49892376151553
1,3142,328.9307113151072
1,3143,58.248199042836596
1,3144,336.14687203337644
1,3145,285.366947656884
1,3146,277.1410501632788
1,3147,354.44489449062075
1,3148,370.10570153756254
1,3149,66.99603565644657
1,3150,294.07551520344595
1,3151,99.10939595170863
1,3152,327.2038035029567
1,3153,67.6749059375433
1,3154,310.7949926303801
1,3155,89.22586539226226
1,3156,327.7330736958888
1,3157,274.58958757047236
1,3158,75.47839449600885
1,3159,368.1412763953045
1,3160,295.52375936007866
1,3161,333.3849803123682
1,3162,314.8232317965891
1,3163,354.12243837629416
1,3164,58.26183430962732
1,3165,287.4952520528048
1,3166,46.08110813630897
1,3167,265.5248791819055
1,3168,341.9550647238752
1,3169,39.316390084571566
1,3170,175.63063500771813
1,3171,281.75132764401303
1,3172,53.909376327942155
1,3173,170.19291977867516
1,3174,47.72732268110131
1,3175,519.1890107014132
1,3176,54.32026149253002
1,3177,310.77239434300975
1,3178,69.58899961036761
1,3179,438.3096273869817
1,3180,56.38641319171687
1,3181,178.7934047390522
1,3182,355.56698066418505
1,3183,348.5899833738606
1,3184,49.93547916967511
1,3185,51.092489278434
1,3186,315.21580402525575
1,3187,56.73840515715256
1,3188,286.714098250946
1,3189,50.24510216181409
1,3190,95.48341478539817
1,3191,417.60682225696587
1,3192,45.86510651336742
1,3193,434.3373387774749
1,3194,48.653910033288795
1,3195,308.56120421687115
1,3196,126.55336509928523
1,3197,324.3769527828426
1,3198,276.8653194533531
1,3199,289.36877977992566
1,3200,100.98576636095436
1,3201,195.5800903672652
1,3202,379.83288564929154
1,3203,47.63277190263397
1,3204,286.8702188615103
1,3205,240.48557732355226
1,3206,306.12011376543563
1,3207,124.67993911869519
1,3208,64.45906505933826
1,3209,323.7984256893028
1,3210,307.8216612495289
1,3211,33.73614245482356
1,3212,215.12531415538513
1,3213,219.4837841664175
1,3214,305.71161968098164
1,3215,136.27721610320495
1,3216,32.82217300374675
1,3217,332.63012202856737
1,3218,120.15466191437534
1,3219,323.3969294912276
1,3220,282.2563469948741
1,3221,298.2284884618549
1,3222,197.48245778699143
1,3223,341.8560828942984
1,3224,124.35834028755323
1,3225,165.94578266749198
1,3226,47.686298087909925
1,3227,256.2105012815658
1,3228,49.56165063723114
1,3229,285.95585432642815
1,3230,52.49943504922666
1,3231,57.65736721801192
1,3232,309.7152893955122
1,3233,266.5805366052635
1,3234,272.2413346702117
1,3235,405.53439076197594
1,3236,158.77614812455593
1,3237,326.71579872960365
1,3238,65.9702823822837
1,3239,336.2075439094814
1,3240,75.18378814798344
1,3241,221.44834513111363
1,3242,267.28034455035333
1,3243,292.9766863094373
1,3244,234.15982500014695
1,3245,370.6380522428527
1,3246,363.5525421560061
1,3247,401.0738846230996
1,3248,395.3689212543404
1,3249,411.0405178743148
1,3250,354.74391196144944
1,3251,266.0961287921157
1,3252,75.14048883045496
1,3253,338.4749509496346
1,3254,64.5603773131728
1,3255,292.1334462212201
1,3256,313.9232338781401
1,3257,347.8983524861478
1,3258,57.08624778644075
1,3259,355.0515435747901
1,3260,353.57774912404017
1,3261,271.5015510355938
1,3262,355.2851014197114
1,3263,363.73348562008033
1,3264,87.53879764172785
1,3265,66.32252270354527
1,3266,52.88006745393482
1,3267,269.0424282700558
1,3268,266.89957966467796
1,3269,312.7414163157364
1,3270,254.9164518175471
1,3271,383.2488367143319
1,3272,292.628737002637
1,3273,351.048030728651
1,3274,350.74046392249704
1,3275,34.06975091444936
1,3276,265.23866281720774
1,3277,299.85292945726195
1,3278,329.854114388996
1,3279,343.189322448322
1,3280,343.94546165162035
1,3281,36.99279348505573
1,3282,271.14570897132614
1,3283,385.4783866055806
1,3284,80.27994396150572
1,3285,275.62929065003885
1,3286,415.92257138543096
1,3287,409.50257368508045
1,3288,399.562488276032
1,3289,371.3305869224364
1,3290,68.51087996499915
1,3291,334.21456758683405
1,3292,350.38334652500714
1,3293,301.6880033680442
1,3294,74.56554887395265
1,3295,265.1581924405532
1,3296,246.49170371712114
1,3297,328.9948959354448
1,3298,333.396106034144
1,3299,52.19600601989801
1,3300,340.8146956050628
1,3301,42.16691688457312
1,3302,360.74353915194024
1,3303,363.3382162788182
1,3304,377.41823023564314
1,3305,32.687219514974736
1,3306,36.0149416152116
1,3307,313.00671468904045
1,3308,37.98968365808766
1,3309,313.0404581209184
1,3310,263.44050225875856
1,3311,354.350972970549
1,3312,186.93202292203586
1,3313,357.7921631001617
1,3314,221.09953970876936
1,3315,285.59536408903705
1,3316,73.50809771005802
1,3317,181.926803285689
1,3318,340.41060185816184
1,3319,123.68801643662434
1,3320,211.5808519714543
1,3321,282.33683949744085
1,3322,154.95518036497464
1,3323,78.19883906696302
1,3324,378.50685224239635
1,3325,331.96892349893477
1,3326,282.18634360918156
1,3327,168.02159645080945
1,3328,222.04036884882697
1,3329,125.30942961884642
1,3330,210.21816923989178
1,3331,293.14741902590436
1,3332,46.88325047322295
1,3333,328.01228170983643
1,3334,47.62663500504986
1,3335,271.8749428176768
1,3336,52.737674469093534
1,3337,98.66660528256503
1,3338,236.7978010098925
1,3339,330.1816381678653
1,3340,164.42882486673346
1,3341,326.1050525248269
1,3342,245.55387672488547
1,3343,73.4094566539666
1,3344,276.75091036231174
1,3345,307.4038223550449
1,3346,84.16430634998669
1,3347,259.5707047193746
1,3348,268.0831029312125
1,3349,361.90390944823173
1,3350,260.5039394418068
1,3351,285.85639889717834
1,3352,47.69942474823769
1,3353,368.54560127256514
1,3354,58.457615083074316
1,3355,240.20185359406855
1,3356,57.41807514387094
1,3357,257.33879580564655
1,3358,215.22839338220848
1,3359,358.25754243447375
1,3360,46.876421401971065
1,3361,270.06302816308465
1,3362,601.6491581126845
1,3363,450.0581302182074
1,3364,401.65980149985774
1,3365,383.6392396379107
1,3366,64.93078573860218
1,3367,427.3532484701923
1,3368,371.56498765973674
1,3369,344.3816086659511
1,3370,296.93269100591795
1,3371,376.53622254182727
1,3372,92.16333592390635
1,3373,72.02132260412117
1,3374,502.08575220279636
1,3375,302.66270615665053
1,3376,401.8720061216771
1,3377,369.46433424681646
1,3378,318.1436034461151
1,3379,339.91789354491107
1,3380,346.8542531505949
1,3381,240.8783488137803
1,3382,346.54404342586514
1,3383,265.89770999585
1,3384,449.4716901627538
1,3385,346.8664486348158
1,3386,286.70799355294895
1,3387,382.7278140862304
1,3388,71.80486931720802
1,3389,353.00013136628456
1,3390,333.1853237714947
1,3391,318.4314809909555
1,3392,439.7783441832707
1,3393,190.91399752837003
1,3394,237.50940397762426
1,3395,338.009025572637
1,3396,34.343675084991716
1,3397,131.3614142114072
1,3398,326.8327517776811
1,3399,350.4876269315031
1,3400,348.82427351313765
1,3401,286.224646727088
1,3402,329.1982974497181
1,3403,325.2623750635098
1,3404,46.86004318961206
1,3405,45.20072130196824
1,3406,442.04004930630026
1,3407,153.702025474804
1,3408,327.36910202186425
1,3409,370.8688170126143
1,3410,45.77520199610558
1,3411,344.87487789848706
1,3412,43.61402106878666
1,3413,122.70553109355959
1,3414,211.86653945567838
1,3415,270.36415195404857
1,3416,288.342670774103
1,3417,58.66957634049061
1,3418,333.32149860933333
1,3419,95.64427771954792
1,3420,345.42914745792626
1,3421,356.1921125143982
1,3422,78.1837512681611
1,3423,76.88269760162622
1,3424,483.3796505745478
1,3425,338.8565299263141
1,3426,75.00970714468534
1,3427,347.20103408902133
1,3428,315.6806304018894
1,3429,374.10365214548585
1,3430,73.91113618720203
1,3431,270.90515977312725
1,3432,70.33037721030789
1,3433,363.57476049742354
1,3434,165.6308317160602
1,3435,360.04237718070544
1,3436,337.48477921576773
1,3437,325.6425584400455
1,3438,309.21469939530107
1,3439,487.77053950123695
1,3440,325.9776441041735
1,3441,368.7129999174093
1,3442,335.31237018654804
1,3443,541.1679369738814
1,3444,37.075671604019156
1,3445,255.06615438410122
1,3446,45.306638288212966
1,3447,373.4584405314449
1,3448,354.45458346670387
1,3449,32.938163727036866
1,3450,277.53086035555197
1,3451,52.23616811243608
1,3452,282.93465543704235
1,3453,133.81030383183474
1,3454,263.8644841014371
1,3455,48.42549653642138
1,3456,351.74941333454865
1,3457,46.652299314790675
1,3458,350.7603148334408
1,3459,55.673020501943256
1,3460,42.26086432412376
1,3461,338.0616786589176
1,3462,175.000906353292
1,3463,323.9116325736864
1,3464,259.3420785415431
1,3465,260.38996713749964
1,3466,325.0602207986945
1,3467,412.93515881938515
1,3468,372.4649268948
1,3469,71.35521020409902
1,3470,406.86423858072146
1,3471,78.29531741533069
1,3472,71.25263109654725
1,3473,413.6473740997389
1,3474,91.3223828761208
1,3475,392.3099768071552
1,3476,341.7140260995657
1,3477,83.98390853129791
1,3478,337.5685764934442
1,3479,304.67315503275256
1,3480,78.89616863042443
1,3481,272.69998709137775
1,3482,73.19020729979803
1,3483,373.82915106437247
1,3484,345.76478685278175
1,3485,326.73477099561046
1,3486,331.22426484678056
1,3487,174.20649446816282
1,3488,287.7040046352233
1,3489,322.0494559533856
1,3490,379.81903536258295
1,3491,317.87314137279316
1,3492,296.97466479890295
1,3493,201.73643002332733
1,3494,21.568349919992237
1,3495,149.84016041402683
1,3496,387.85799842348297
1,3497,361.536291461658
1,3498,53.91179337308722
1,3499,200.1644674316055
1,3500,338.051070573817
1,3501,29.802206685334234
1,3502,314.7049076953782
1,3503,69.11585767235786
1,3504,339.6476010867134
1,3505,293.1195239432342
1,3506,136.53667828083553
1,3507,48.57651297757981
1,3508,258.06073473982565
1,3509,63.90386466454905
1,3510,303.61508818231346
1,3511,267.6733811770235
1,3512,310.220209962196
1,3513,327.6244853999601
1,3514,122.78376570946625
1,3515,320.93073918878736
1,3516,457.88901339918584
1,3517,333.3273397338115
1,3518,295.83140253063027
1,3519,96.32651667801198
1,3520,310.35693513860156
1,3521,312.59306917119125
1,3522,353.5541355411576
1,3523,337.6341176034966
1,3524,73.59113986982047
1,3525,279.6939725931952
1,3526,285.3157467549147
1,3527,75.75920740564379
1,3528,317.50605045687985
1,3529,74.05890048802696
1,3530,63.109657155486374
1,3531,346.8874905567835
1,3532,220.1909788548839
1,3533,45.989380188790356
1,3534,46.24626241241339
1,3535,201.4193796289276
1,3536,134.59326129579603
1,3537,47.59610692661768
1,3538,249.2562005913398
1,3539,256.226473643257
1,3540,52.18491444814045
1,3541,338.01495476171107
1,3542,14.505505178508928
1,3543,55.23076697788984
1,3544,336.3589207594316
1,3545,48.67233988170104
1,3546,316.1560048989246
1,3547,392.84084466895797
1,3548,140.72988912281565
1,3549,383.9333200239163
1,3550,47.86553512608768
1,3551,299.5834568203875
1,3552,255.30139707998964
1,3553,426.0044131393036
1,3554,198.23352476461008
1,3555,327.92553705332915
1,3556,333.4086302983595
1,3557,133.63514691279593
1,3558,317.59313194817594
1,3559,47.96152623671362
1,3560,449.13337680668866
1,3561,49.159749768436065
1,3562,36.460596968475144
1,3563,307.3804885267074
1,3564,368.4573274837655
1,3565,164.72680061690295
1,3566,260.82170800422875
1,3567,213.66427938372058
1,3568,383.56463434119325
1,3569,47.83376929504397
1,3570,289.8839022517867
1,3571,72.85811170584259
1,3572,342.4332240768922
1,3573,289.6370302029715
1,3574,132.55306031307933
1,3575,366.1114189338557
1,3576,315.96947808072474
1,3577,220.7544056770933
1,3578,313.6418121808284
1,3579,175.9980910215965
1,3580,525.1958432232395
1,3581,328.70102513110805
1,3582,460.648071410117
1,3583,469.5735057337905
1,3584,303.4585919931948
1,3585,37.42331251928855
1,3586,323.38734152130405
1,3587,296.74013422088274
1,3588,311.239790861961
1,3589,365.23044443355036
1,3590,43.94403352858122
1,3591,347.81803446320987
1,3592,329.1669049282415
1,3593,325.4149713376564
1,3594,343.9799160431945
1,3595,353.13055058896634
1,3596,180.3153212378532
1,3597,313.87006025877474
1,3598,342.02399854593517
1,3599,319.1343038153882
1,3600,332.9915893430508
1,3601,271.5652073091098
1,3602,214.29370979761217
1,3603,368.3259046733676
1,3604,76.74963840450098
1,3605,292.1470880211531
1,3606,358.4473829115728
1,3607,215.91338153963838
1,3608,338.4101882848554
1,3609,69.93827286215284
1,3610,63.42255827931627
1,3611,97.28866353995073
1,3612,122.71628773605076
1,3613,300.59674696812885
1,3614,294.56107663211446
1,3615,73.85555158161611
1,3616,277.849433936791
1,3617,64.44543968521461
1,3618,328.40640499699566
1,3619,276.1564878938168
1,3620,243.5435468308625
1,3621,64.95382507828563
1,3622,274.5459292600538
1,3623,40.21767075327776
1,3624,336.7772461643025
1,3625,47.86384131397527
1,3626,268.16313243668174
1,3627,22.959398399233525
1,3628,292.1864757325826
1,3629,267.7380540936504
1,3630,299.01237734002314
1,3631,283.1171651579308
1,3632,68.79375511820676
1,3633,170.56679167040355
1,3634,45.72968133296957
1,3635,367.3195894424633
1,3636,360.5395669936189
1,3637,32.79044637654705
1,3638,250.09478519164284
1,3639,61.19879568498975
1,3640,45.11538837624928
1,3641,152.64804969975862
1,3642,50.30196166613638
1,3643,201.00454641961895
1,3644,49.697236202533986
1,3645,299.77410856223287
1,3646,64.22756749981913
1,3647,285.89415159540636
1,3648,166.54808074859613
1,3649,338.5324393045845
1,3650,47.859094098265416
1,3651,291.9038460622463
1,3652,197.54225399039467
1,3653,288.7294288467965
1,3654,77.94812536903515
1,3655,270.465005042191
1,3656,45.705707793634986
1,3657,80.94488156783258
1,3658,302.4473866843241
1,3659,103.0000862747271
1,3660,286.0932393936476
1,3661,126.64732381886944
1,3662,52.26151616830121
1,3663,242.80194130452898
1,3664,315.0082241745216
1,3665,307.87840617281535
1,3666,397.6131485717588
1,3667,209.18115830659045
1,3668,46.73131238363261
1,3669,237.40108171701831
1,3670,300.000616320506
1,3671,366.1894409777374
1,3672,289.96964193416613
1,3673,49.176858532022955
1,3674,288.86787907712215
1,3675,28.804865460130607
1,3676,289.0802146645176
1,3677,248.21821205538322
1,3678,34.04565350068125
1,3679,365.7143494617167
1,3680,45.708631460294825
1,3681,304.79421983487407
1,3682,778.2530585508746
1,3683,369.42395750003146
1,3684,214.16625709604537
1,3685,344.4024853662423
1,3686,269.7635881892984
1,3687,230.39943518536916
1,3688,380.262000746912
1,3689,179.91731123051238
1,3690,318.5201244682246
1,3691,68.48950950901319
1,3692,238.9879058962137
1,3693,234.51076671446538
1,3694,383.8117695883955
1,3695,358.1796143477359
1,3696,68.85899031901168
1,3697,364.68107057010866
1,3698,317.0249417002136
1,3699,93.13853761244175
1,3700,346.4316467092666
1,3701,337.4733324852597
1,3702,75.91683344946165
1,3703,266.94642409743847
1,3704,352.31655902735525
1,3705,50.539059904515184
1,3706,305.8629292074211
1,3707,386.4404431704446
1,3708,376.1299819813536
1,3709,332.7054225465797
1,3710,347.60527649080996
1,3711,76.79805815929086
1,3712,306.69890158878223
1,3713,69.98063288850994
1,3714,397.04195520086955
1,3715,285.38808194075784
1,3716,335.46016122685717
1,3717,334.8754582067146
1,3718,385.8722437988962
1,3719,37.95387402066713
1,3720,271.5207141827449
1,3721,340.4097505807315
1,3722,45.53032237210165
1,3723,367.7484718804442
1,3724,310.4871392696071
1,3725,76.74096375795766
1,3726,277.801324878614
1,3727,54.38952045956383
1,3728,274.447575353224
1,3729,222.85622546253578
1,3730,66.60907614171785
1,3731,212.30576397866906
1,3732,47.245086659424445
1,3733,207.04318596021366
1,3734,211.04913117675613
1,3735,318.1254553522393
1,3736,47.712241930546504
1,3737,264.47637684907033
1,3738,308.79747642025507
1,3739,49.9763530804532
1,3740,253.98724717701805
1,3741,347.27961044674635
1,3742,45.59898074827561
1,3743,298.7723959620406
1,3744,283.1884773397515
1,3745,354.99715552355747
1,3746,38.733402824315775
1,3747,196.73848170117589
1,3748,262.1473558032855
1,3749,208.77125648135575
1,3750,101.10505315612475
1,3751,181.66292918594846
1,3752,337.3144927540625
1,3753,343.2911808500328
1,3754,53.33870832587135
1,3755,320.8278966544291
1,3756,72.3714415187804
1,3757,129.89047343655238
1,3758,361.2489340984714
1,3759,39.47283625105318
1,3760,339.08740621411937
1,3761,50.976597660704165
1,3762,122.99415497985174
1,3763,116.45116173644793
1,3764,394.7850226990138
1,3765,57.442710297915156
1,3766,140.13033505090422
1,3767,340.3213770812331
1,3768,375.9915041098253
1,3769,352.1209903080238
1,3770,251.73878159965875
1,3771,214.69605614345528
1,3772,299.76129042838136
1,3773,249.39605919570175
1,3774,293.5635729770569
1,3775,292.792501632622
1,3776,298.5427144271742
1,3777,349.49317321604383
1,3778,367.36346081342697
1,3779,71.91193232696835
1,3780,299.9221906889229
1,3781,54.86644004674551
1,3782,330.73389954201025
1,3783,65.21990595250601
1,3784,302.14480363655935
1,3785,184.1946165693786
1,3786,349.98300396644345
1,3787,55.177532443050545
1,3788,196.8031741782915
1,3789,330.59853223968105
1,3790,175.2947066420004
1,3791,297.166640804621
1,3792,303.0182251244106
1,3793,265.2130093463894
1,3794,13.864055333980108
1,3795,261.21289016125354
1,3796,270.0061811458468
1,3797,328.37693899053306
1,3798,34.39216862702656
1,3799,259.583635583225
1,3800,262.9194233886252
1,3801,208.0884044921483
1,3802,28.464122415636847
1,3803,280.60771037839936
1,3804,295.69888484714926
1,3805,275.87143904182636
1,3806,43.20826401669175
1,3807,361.84811578622566
1,3808,37.57861513922951
1,3809,181.20760011475312
1,3810,300.8313955258311
1,3811,223.14185312387744
1,3812,288.62486091120957
1,3813,44.882737924956515
1,3814,313.93695296422266
1,3815,282.5715873849266
1,3816,22.893686872703157
1,3817,246.14080148305783
1,3818,326.78615516172545
1,3819,258.71612825289634
1,3820,306.6696313863019
1,3821,271.61015973843865
1,3822,39.13697822048677
1,3823,279.41704957596255
1,3824,173.0144300448977
1,3825,202.58901194253656
1,3826,215.15988683991344
1,3827,280.34501115195644
1,3828,40.84568707308706
1,3829,290.016772875539
1,3830,329.45783118991216
1,3831,43.421986067475174
1,3832,239.07198101092706
1,3833,279.6963865541635
1,3834,62.58787849358282
1,3835,315.3096824770432
1,3836,337.66720993200136
1,3837,346.5527727471991
1,3838,87.78224031238128
1,3839,276.7519501026117
1,3840,150.97771738584254
1,3841,291.1517552235719
1,3842,68.72190631540674
1,3843,326.9614262977502
1,3844,131.42401012965897
1,3845,70.00576249130631
1,3846,101.16697047274718
1,3847,271.47142316130805
1,3848,60.52299178028956
1,3849,40.19256758462009
1,3850,199.55786351517781
1,3851,277.2963327822902
1,3852,564.8007834645263
1,3853,354.3400714604532
1,3854,70.74937759153964
1,3855,355.4029127842629
1,3856,63.546205852621156
1,3857,199.23782471293939
1,3858,128.20714856471557
1,3859,315.8089012461129
1,3860,35.651964161181255
1,3861,309.17354817747054
1,3862,40.41215184081361
1,3863,275.81338091320026
1,3864,163.0154345282265
1,3865,288.388261710772
1,3866,38.25243569054338
1,3867,241.8615204036866
1,3868,92.82721869254206
1,3869,297.4529945278413
1,3870,39.509869770446244
1,3871,293.8658730184691
1,3872,148.40543267323523
1,3873,272.66508325600967
1,3874,331.4049623149808
1,3875,324.28978458405663
1,3876,38.63855849503469
1,3877,183.144974843061
1,3878,307.7259491352778
1,3879,18.260333761624114
1,3880,299.2242921251674
1,3881,286.5782083521058
1,3882,275.3202533111617
1,3883,307.505459064966
1,3884,38.15931781164137
1,3885,293.12553385323855
1,3886,308.52681305939973
1,3887,163.47114842517232
1,3888,337.6208959861442
1,3889,35.9051515729243
1,3890,183.54911106714172
1,3891,313.89831489105654
1,3892,41.01404953207361
1,3893,149.24737183548666
1,3894,306.4830395567384
1,3895,296.2014391799921
1,3896,312.736427054639
1,3897,302.98795916655666
1,3898,364.767590391692
1,3899,101.01555347794753
1,3900,284.45721181628903
1,3901,306.58294443561647
1,3902,86.37466690197262
1,3903,314.3402584558105
1,3904,66.61879171191568
1,3905,285.07352873333485
1,3906,186.06746059726788
1,3907,339.4388475878151
1,3908,65.71806410290716
1,3909,196.06962558787063
1,3910,338.7240769568414
1,3911,599.864570568511
1,3912,300.7566786322393
1,3913,275.62951972979107
1,3914,68.07878718637025
1,3915,315.01941088909825
1,3916,85.84072798926226
1,3917,298.83930486915585
1,3918,299.6994480963443
1,3919,135.6853925611138
1,3920,36.87699411478254
1,3921,276.78613486520464
1,3922,240.86825831123082
1,3923,199.1626661729245
1,3924,35.96979603559757
1,3925,250.96721108348342
1,3926,416.0867715185825
1,3927,25.38685850838619
1,3928,116.08718343997995
1,3929,183.36116888664574
1,3930,28.868500018093084
1,3931,357.54654453368494
1,3932,411.6660316960562
1,3933,38.01293818048887
1,3934,291.2333186255174
1,3935,271.9290094420423
1,3936,331.9017045973798
1,3937,29.099609192182015
1,3938,181.56616332802207
1,3939,331.6172729980349
1,3940,343.95384162832056
1,3941,306.75461180644163
1,3942,62.460852066297846
1,3943,291.42035428154594
1,3944,275.13448282878153
1,3945,24.50175464643674
1,3946,324.2750708755681
1,3947,221.54720325214896
1,3948,36.667872815739194
1,3949,317.522289218007
1,3950,209.2800105778204
1,3951,261.79938010486967
1,3952,92.75963061888676
1,3953,187.25711998121938
1,3954,187.9331121650355
1,3955,37.15885463667045
1,3956,422.41987315243284
1,3957,278.11204194255663
1,3958,327.4186054790462
1,3959,299.07621891239216
1,3960,25.694049256472027
1,3961,272.89563270164325
1,3962,39.69124519295692
1,3963,17.301691490733816
1,3964,322.4017208079279
1,3965,255.6190317925337
1,3966,60.15210338079468
1,3967,217.4573003329342
1,3968,239.83432395398563
1,3969,328.2268483759607
1,3970,35.220853570985035
1,3971,26.866127890026554
1,3972,353.82198146575837
1,3973,316.6651250476235
1,3974,301.039425877162
1,3975,30.684531909114515
1,3976,287.280708792513
1,3977,34.681701208161016
1,3978,334.5579371255089
1,3979,312.4537731095765
1,3980,257.12415431097963
1,3981,139.13928231725993
1,3982,293.6975298237553
1,3983,96.39552241449545
1,3984,32.88581035366442
1,3985,272.0172872540637
1,3986,35.24577592773645
1,3987,324.024857887423
1,3988,287.2143636882308
1,3989,285.1704139085921
1,3990,44.17579684761152
1,3991,296.70052673315257
1,3992,245.57851531968987
1,3993,485.2988221479323
1,3994,362.6159884895701
1,3995,85.45532684153159
1,3996,280.9266137874258
1,3997,159.5226108692721
1,3998,313.63453837821265
1,3999,51.665603748099514
1,4000,282.3301020503545
1,4001,321.2221175090109
1,4002,197.65781277565554
1,4003,482.94064496176713
1,4004,367.0043946930889
1,4005,66.19771158585036
1,4006,336.3025118533704
1,4007,324.3904928542389
1,4008,72.64117826940662
1,4009,329.3637080395774
1,4010,337.3025624527055
1,4011,214.72193174467475
1,4012,233.3307730146409
1,4013,151.86302148302434
1,4014,125.47723533654337
1,4015,267.4990384747906
1,4016,126.54396116359253
1,4017,299.18777441944246
1,4018,45.8889169250166
1,4019,350.97049574610026
1,4020,41.575604241653274
1,4021,299.44787677289776
1,4022,278.3042143318503
1,4023,58.4083598353764
1,4024,313.86054120579576
1,4025,36.647746282188706
1,4026,288.6969399264299
1,4027,40.354061103498516
1,4028,195.68102341640025
1,4029,267.6372545454288
1,4030,149.5829517789988
1,4031,42.99946349201209
1,4032,287.5352839754793
1,4033,254.28745521662992
1,4034,250.1334385421905
1,4035,344.269416972391
1,4036,256.8164376741448
1,4037,43.01848039800274
1,4038,334.1042636486592
1,4039,260.8629101736005
1,4040,185.06673881711959
1,4041,215.2588286295544
1,4042,41.25250521377268
1,4043,312.68037490424354
1,4044,312.17866684966094
1,4045,344.20800373431814
1,4046,21.3405072066457
1,4047,332.3129144414686
1,4048,299.43045713479137
1,4049,53.68016291325081
1,4050,148.38915407351175
1,4051,360.5641122713298
1,4052,39.540311478737415
1,4053,319.7676034370574
1,4054,40.00501789471944
1,4055,191.50519227980786
1,4056,50.478157661474995
1,4057,308.01642265309033
1,4058,313.06696316553723
1,4059,58.017637339283475
1,4060,184.87432259715206
1,4061,99.71498866736977
1,4062,218.43987031839765
1,4063,280.09012325853996
1,4064,292.84892136560984
1,4065,161.99527633660182
1,4066,314.2774811741872
1,4067,42.1615863644549
1,4068,321.17236345801143
1,4069,304.57592402471107
1,4070,35.363981231130744
1,4071,293.36120431672975
1,4072,177.19344357450296
1,4073,282.0697954672932
1,4074,50.206781387376196
1,4075,325.9906805389104
1,4076,308.1615520520829
1,4077,51.87127218420877
1,4078,36.842513914001316
1,4079,365.84339086722116
1,4080,40.053350341090734
1,4081,187.0519511573474
1,4082,315.12199831149417
1,4083,234.17125953493863
1,4084,548.7285492088887
1,4085,268.87385845264305
1,4086,306.17257230657975
1,4087,340.34055343241346
1,4088,372.2347001390649
1,4089,65.81692512500607
1,4090,54.65676828242995
1,4091,320.97696580479146
1,4092,310.13043026008313
1,4093,72.70222244411909
1,4094,294.828299723242
1,4095,63.957908709840794
1,4096,357.2813442287933
1,4097,310.555137426788
1,4098,69.56889294640753
1,4099,215.11189485358273
1,4100,75.96091066836061
1,4101,316.94168849684263
1,4102,336.3415900189378
1,4103,61.668503000004314
1,4104,307.8593183344065
1,4105,195.1845049460927
1,4106,320.9619024932235
1,4107,33.957636970117655
1,4108,268.7615866519229
1,4109,348.10135115087485
1,4110,319.0633001462499
1,4111,143.42085049936173
1,4112,38.33604588054
1,4113,237.13164501153264
1,4114,260.70630505422974
1,4115,94.11432478699903
1,4116,339.77766203296966
1,4117,314.4438036705537
1,4118,359.5243754761575
1,4119,63.3838392372318
1,4120,232.64543333727488
1,4121,326.48413643334845
1,4122,317.39843300118065
1,4123,203.38957115035458
1,4124,329.409121843374
1,4125,70.68422907587671
1,4126,150.7085252809211
1,4127,299.16965875608685
1,4128,66.70173595651545
1,4129,313.0285963412355
1,4130,67.9381396847856
1,4131,370.55065611377677
1,4132,83.79366469959908
1,4133,270.1122221790166
1,4134,139.810846366038
1,4135,108.70195172353476
1,4136,275.80066909816486
1,4137,10.036642933201055
1,4138,110.26155470411071
1,4139,37.91643540320562
1,4140,211.28380789315352
1,4141,36.19504141467004
1,4142,222.5326180644711
1,4143,39.868409390114515
1,4144,249.90042342904894
1,4145,210.6548277122842
1,4146,39.329486172948265
1,4147,122.70628237033554
1,4148,234.75170956498218
1,4149,194.97458851528557
1,4150,56.226898297566954
1,4151,364.27869808696545
1,4152,32.46537414663979
1,4153,333.68043010312925
1,4154,279.2118308369416
1,4155,49.26684042803916
1,4156,245.1657134212183
1,4157,44.44967302820916
1,4158,83.0279406548935
1,4159,299.0175843528583
1,4160,40.92363821479707
1,4161,41.79195945144363
1,4162,291.54983368548164
1,4163,39.15701566708202
1,4164,256.75911452602173
1,4165,82.1026395441435
1,4166,38.100367279325475
1,4167,300.92538094645363
1,4168,289.3322362096877
1,4169,291.2955677442784
1,4170,237.3867709002611
1,4171,236.95591530442
1,4172,337.06261157231427
1,4173,39.73195041035642
1,4174,327.7080961008002
1,4175,318.09632931432435
1,4176,28.828657892038528
1,4177,324.32158750212477
1,4178,285.7020652736776
1,4179,318.0170065039888
1,4180,136.8070644863371
1,4181,235.1841280560634
1,4182,166.42486495363423
1,4183,294.6148124228182
1,4184,247.79668301452247
1,4185,77.52135539851659
1,4186,223.10838277554348
1,4187,25.698349410454156
1,4188,260.4226221006951
1,4189,29.85133794550299
1,4190,134.57469383605763
1,4191,238.39353825606142
1,4192,135.1295222170555
1,4193,242.9640165637715
1,4194,74.63354696056528
1,4195,158.57748255246645
1,4196,84.72310838128304
1,4197,255.56761256112446
1,4198,66.59750535092476
1,4199,252.89261994345102
1,4200,68.35393793262418
1,4201,278.13984640445705
1,4202,240.76925705519628
1,4203,63.11387044719265
1,4204,152.33140434054098
1,4205,261.9866316693313
1,4206,174.73987010623105
1,4207,80.07702684884215
1,4208,272.15459540017764
1,4209,66.24165349190375
1,4210,279.587044570274
1,4211,298.19523538502216
1,4212,69.79043628586024
1,4213,112.18625558796342
1,4214,235.08755935745404
1,4215,38.38375615523509
1,4216,282.93042591280454
1,4217,35.863647031433004
1,4218,307.5808154863235
1,4219,338.40686408664783
1,4220,42.030991938238856
1,4221,250.83510720387886
1,4222,278.86096050476635
1,4223,40.6135397461944
1,4224,239.3150555504552
1,4225,44.499461011833645
1,4226,72.38798188061077
1,4227,312.1577661652469
1,4228,38.70460045944385
1,4229,44.687418237277576
1,4230,298.26037376841555
1,4231,39.42849516939236
1,4232,259.785087926262
1,4233,80.40504855762151
1,4234,38.796802917548995
1,4235,300.47221150679127
1,4236,316.30806011021457
1,4237,29.372058478844693
1,4238,314.7695888065751
1,4239,319.23630345203884
1,4240,25.763941542824778
1,4241,246.6580382843319
1,4242,265.8712589577926
1,4243,280.8585659519963
1,4244,292.7333611168543
1,4245,238.41148432607423
1,4246,221.22891903415538
1,4247,345.8902261110002
1,4248,39.67379622118265
1,4249,311.7165558543869
1,4250,47.97719999572769
1,4251,43.468135492068015
1,4252,260.8517238798822
1,4253,30.018238101380664
1,4254,126.12159060545818
1,4255,224.10669733803377
1,4256,181.7026953145334
1,4257,226.97765478183476
1,4258,80.86207019973632
1,4259,97.5429683863066
1,4260,226.73391011280665
1,4261,130.81422660761032
1,4262,128.94893421307526
1,4263,321.51702597831047
1,4264,39.6139686577689
1,4265,57.6667346650376
1,4266,284.58674958270797
1,4267,369.9519333707011
1,4268,260.01704048799434
1,4269,84.65481287040531
1,4270,363.2370389094183
1,4271,103.77586677580479
1,4272,394.870368696859
1,4273,270.68194896971204
1,4274,374.2447792444843
1,4275,177.03884925059322
1,4276,300.2970646301618
1,4277,56.30466677304626
1,4278,229.94049899200718
1,4279,292.0193319824243
1,4280,57.41729886959629
1,4281,313.4467693084274
1,4282,66.51743625624461
1,4283,155.38651517266436
1,4284,387.46797441067116
1,4285,305.11830229286295
1,4286,267.0257136985288
1,4287,61.341321265771334
1,4288,320.13421581229295
1,4289,163.68410449314274
1,4290,28.452698071449362
1,4291,319.7101234916929
1,4292,334.92641317491854
1,4293,39.01870711442544
1,4294,407.63087860510524
1,4295,42.03829006423228
1,4296,306.4567656202564
1,4297,26.14070345276462
1,4298,319.03319369838675
1,4299,209.30944298418666
1,4300,211.42490083585926
1,4301,299.84901940645943
1,4302,122.25751463486543
1,4303,191.40883490179397
1,4304,40.042233456127484
1,4305,320.819914305185
1,4306,39.46025929816844
1,4307,184.27151079601282
1,4308,49.52860994166327
1,4309,214.25752167960167
1,4310,326.0842939431051
1,4311,33.574263084119515
1,4312,280.49354472710763
1,4313,307.14868239129805
1,4314,14.984827255832442
1,4315,298.63339321516514
1,4316,40.66386395158591
1,4317,33.63462075929168
1,4318,396.17863587531735
1,4319,41.258076317091074
1,4320,28.121192152513185
1,4321,260.1464597915915
1,4322,281.14757417727435
1,4323,42.359627462944424
1,4324,254.85219897494028
1,4325,257.44734468250755
1,4326,263.45601233285265
1,4327,259.593617188701
1,4328,69.57009286559233
1,4329,366.90103261323964
1,4330,65.53723637993505
1,4331,235.74313414862897
1,4332,346.48009372009346
1,4333,281.1862279683536
1,4334,64.40705067102891
1,4335,333.9568304688338
1,4336,153.9402254634444
1,4337,75.84709453475729
1,4338,186.98921371056448
1,4339,385.23326865476406
1,4340,71.14623046685028
1,4341,285.3300710108924
1,4342,313.46344647856006
1,4343,69.14317417538936
1,4344,144.4085435215809
1,4345,198.1333851490369
1,4346,283.9957915190166
1,4347,70.4190912071189
1,4348,205.3920746256003
1,4349,316.0279068103663
1,4350,40.665757755283984
1,4351,48.95718738726644
1,4352,309.1690699816503
1,4353,297.714248504377
1,4354,21.003271792562987
1,4355,58.024108128596716
1,4356,125.05292959799593
1,4357,196.57315418987312
1,4358,48.10476524060793
1,4359,124.48519585035625
1,4360,246.07170090950058
1,4361,35.88852441669479
1,4362,45.059003443150125
1,4363,248.67668099002
1,4364,323.05258133293387
1,4365,201.8365755469162
1,4366,337.2571582199287
1,4367,52.33496874567827
1,4368,251.31175065975248
1,4369,323.2342277341598
1,4370,38.73694483983863
1,4371,324.6561351724623
1,4372,38.74147606945677
1,4373,185.70809986252473
1,4374,304.8862232105171
1,4375,124.2897827575046
1,4376,314.59365298282114
1,4377,77.72799675027665
1,4378,305.95121970247044
1,4379,291.9836507224667
1,4380,43.456867194725895
1,4381,176.15038727707028
1,4382,231.3980752099122
1,4383,39.279905692735774
1,4384,332.33813539786513
1,4385,39.80621932238284
1,4386,277.606361089562
1,4387,238.52991185986292
1,4388,314.61620625693126
1,4389,475.5703007403246
1,4390,47.412058847933466
1,4391,283.81369961962673
1,4392,167.70514751913794
1,4393,307.3273264682356
1,4394,251.46361330488315
1,4395,123.56127790740706
1,4396,287.35102330542384
1,4397,34.76847586522297
1,4398,291.1888625615961
1,4399,37.8671887997637
1,4400,362.06297613669165
1,4401,289.26569801254936
1,4402,35.33109627928778
1,4403,331.460279555076
1,4404,40.79464589820213
1,4405,286.8364101216681
1,4406,39.32724944661645
1,4407,335.2438214488879
1,4408,294.16535662507283
1,4409,23.737656576552823
1,4410,272.0183572942182
1,4411,265.1854272198235
1,4412,307.55083779951184
1,4413,38.881851615214686
1,4414,264.61827834797657
1,4415,36.42979595216913
1,4416,252.04878727899398
1,4417,47.704246752359566
1,4418,248.4691382351445
1,4419,433.3838731315653
1,4420,34.813258341899456
1,4421,296.7086164056971
1,4422,278.17081533776286
1,4423,326.2270533744202
1,4424,49.62736317012204
1,4425,328.84165104144427
1,4426,284.7231302076286
1,4427,60.12693224818993
1,4428,137.53749730603332
1,4429,376.00034372628045
1,4430,312.1639413347533
1,4431,91.50627601396808
1,4432,327.02764643493396
1,4433,59.0448335082698
1,4434,404.29901612549963
1,4435,55.53205459467834
1,4436,367.7806038372405
1,4437,280.98528596301406
1,4438,269.82921409284836
1,4439,323.8215361625078
1,4440,247.5532162892285
1,4441,60.29760988385631
1,4442,259.1221824611774
1,4443,278.1499921371766
1,4444,64.68965305010238
1,4445,293.1658807252511
1,4446,152.35677798953506
1,4447,160.31017169653413
1,4448,337.1851831022904
1,4449,431.39294552917835
1,4450,71.87435197185471
1,4451,161.6259823381755
1,4452,289.4603025183133
1,4453,208.93355470206416
1,4454,263.914621685625
1,4455,27.09005232824058
1,4456,244.2104238011319
1,4457,146.53952063293985
1,4458,38.533134300154494
1,4459,45.523445266341845
1,4460,337.7318652844384
1,4461,48.57844931312854
1,4462,213.79502905071047
1,4463,342.7180041776393
1,4464,21.244156513611742
1,4465,303.6916082744659
1,4466,42.74939311330975
1,4467,369.8655579770069
1,4468,66.8038585050736
1,4469,285.7427565891014
1,4470,47.07482357231759
1,4471,329.4709488130245
1,4472,120.09192663406425
1,4473,222.370253033449
1,4474,298.6623320275772
1,4475,33.52232976254217
1,4476,196.98576967930944
1,4477,323.3733379522288
1,4478,72.84009011617125
1,4479,202.3791045252256
1,4480,101.29031533893695
1,4481,280.7111518445869
1,4482,270.46493842719923
1,4483,41.37229113947328
1,4484,274.43269590568326
1,4485,198.2186124415503
1,4486,205.04935406326405
1,4487,270.8662438245178
1,4488,74.12927965689765
1,4489,354.8253521740543
1,4490,48.440158723625956
1,4491,190.49733670703344
1,4492,34.86073950465374
1,4493,356.8560899764087
1,4494,218.90648444171148
1,4495,278.66259886833933
1,4496,49.065632016056625
1,4497,239.89301752747645
1,4498,145.1505590108626
1,4499,371.1163939146114
1,4500,45.260087973749265
1,4501,402.1629931457587
1,4502,47.76593767630912
1,4503,292.606372710317
1,4504,330.38701830029015
1,4505,323.8617416074952
1,4506,207.2169616937946
1,4507,82.25968510548714
1,4508,54.544190504452416
1,4509,338.8874042283352
1,4510,52.18348739471256
1,4511,358.1539730272442
1,4512,170.14905030325124
1,4513,271.3518800477941
1,4514,47.06014276603139
1,4515,291.2564917297793
1,4516,117.28158765533023
1,4517,166.22375461119657
1,4518,282.3235098091942
1,4519,257.03264214363173
1,4520,436.17023580072436
1,4521,32.25295213837058
1,4522,119.74939256537766
1,4523,323.91338984501533
1,4524,343.3048824411378
1,4525,413.3769123794144
1,4526,389.95901930556363
1,4527,371.68431215230436
1,4528,378.5856535440337
1,4529,58.21026907351524
1,4530,344.2711843187914
1,4531,58.08578599759197
1,4532,332.4438677445522
1,4533,185.90442923193385
1,4534,349.39320217369755
1,4535,88.33989056064152
1,4536,246.20271748543095
1,4537,269.4990081122556
1,4538,56.38933286749382
1,4539,240.4266344365933
1,4540,326.7313388896541
1,4541,86.61848933455168
1,4542,346.9722008872002
1,4543,74.87532814885127
1,4544,156.7589483123661
1,4545,310.2467526170759
1,4546,360.79908706836466
1,4547,357.2775520802804
1,4548,149.87071927858867
1,4549,36.58735005493597
1,4550,102.2195535578303
1,4551,37.560302185229475
1,4552,218.54369680808816
1,4553,306.22732505048356
1,4554,338.88130598667067
1,4555,130.42344066884803
1,4556,352.5077733463047
1,4557,56.3714288092186
1,4558,273.00518389887566
1,4559,165.1303578882177
1,4560,329.4416229892613
1,4561,47.93556614389696
1,4562,267.5458228955133
1,4563,54.18281543783421
1,4564,201.74160879678834
1,4565,43.86983279049
1,4566,261.64732725034514
1,4567,305.82578210722943
1,4568,336.2495821180015
1,4569,384.3001127582413
1,4570,323.2206369216821
1,4571,248.21974412017823
1,4572,95.34798540795418
1,4573,290.28034292378163
1,4574,374.28186800021155
1,4575,326.5074326670915
1,4576,49.11884060658231
1,4577,361.17255349385084
1,4578,37.36415457665069
1,4579,344.03884373960614
1,4580,247.00735524166532
1,4581,46.79270792923752
1,4582,218.9884393430438
1,4583,358.34801831128243
1,4584,175.59953399247732
1,4585,340.5993772170615
1,4586,386.6308683474974
1,4587,365.3051767189501
1,4588,323.9475230475107
1,4589,140.4130466124078
1,4590,132.0764033104157
1,4591,348.70568285118316
1,4592,236.35281198355295
1,4593,266.0327291673419
1,4594,232.90278890213892
1,4595,136.49892376151553
1,4596,328.9307113151072
1,4597,58.248199042836596
1,4598,336.14687203337644
1,4599,285.366947656884
1,4600,277.1410501632788
1,4601,354.44489449062075
1,4602,370.10570153756254
1,4603,66.99603565644657
1,4604,294.07551520344595
1,4605,99.10939595170863
1,4606,327.2038035029567
1,4607,67.6749059375433
1,4608,310.7949926303801
1,4609,89.22586539226226
1,4610,327.7330736958888
1,4611,274.58958757047236
1,4612,75.47839449600885
1,4613,368.1412763953045
1,4614,295.52375936007866
1,4615,333.3849803123682
1,4616,314.8232317965891
1,4617,354.12243837629416
1,4618,58.26183430962732
1,4619,287.4952520528048
1,4620,46.08110813630897
1,4621,265.5248791819055
1,4622,341.9550647238752
1,4623,39.316390084571566
1,4624,175.63063500771813
1,4625,281.75132764401303
1,4626,53.909376327942155
1,4627,170.19291977867516
1,4628,47.72732268110131
1,4629,519.1890107014132
1,4630,54.32026149253002
1,4631,310.77239434300975
1,4632,69.58899961036761
1,4633,438.3096273869817
1,4634,56.38641319171687
1,4635,178.7934047390522
1,4636,355.56698066418505
1,4637,348.5899833738606
1,4638,49.93547916967511
1,4639,51.092489278434
1,4640,315.21580402525575
1,4641,56.73840515715256
1,4642,286.714098250946
1,4643,50.24510216181409
1,4644,95.48341478539817
1,4645,417.60682225696587
1,4646,45.86510651336742
1,4647,434.3373387774749
1,4648,48.653910033288795
1,4649,308.56120421687115
1,4650,126.55336509928523
1,4651,324.3769527828426
1,4652,276.8653194533531
1,4653,289.36877977992566
1,4654,100.98576636095436
1,4655,195.5800903672652
1,4656,379.83288564929154
1,4657,47.63277190263397
1,4658,286.8702188615103
1,4659,240.48557732355226
1,4660,306.12011376543563
1,4661,124.67993911869519
1,4662,64.45906505933826
1,4663,323.7984256893028
1,4664,307.8216612495289
1,4665,33.73614245482356
1,4666,215.12531415538513
1,4667,219.4837841664175
1,4668,305.71161968098164
1,4669,136.27721610320495
1,4670,32.82217300374675
1,4671,332.63012202856737
1,4672,120.15466191437534
1,4673,323.3969294912276
1,4674,282.2563469948741
1,4675,298.2284884618549
1,4676,197.48245778699143
1,4677,341.8560828942984
1,4678,124.35834028755323
1,4679,165.94578266749198
1,4680,47.686298087909925
1,4681,256.2105012815658
1,4682,49.56165063723114
1,4683,285.95585432642815
1,4684,52.49943504922666
1,4685,57.65736721801192
1,4686,309.7152893955122
1,4687,266.5805366052635
1,4688,272.2413346702117
1,4689,405.53439076197594
1,4690,158.77614812455593
1,4691,326.71579872960365
1,4692,65.9702823822837
1,4693,336.2075439094814
1,4694,75.18378814798344
1,4695,221.44834513111363
1,4696,267.28034455035333
1,4697,292.9766863094373
1,4698,234.15982500014695
1,4699,370.6380522428527
1,4700,363.5525421560061
1,4701,401.0738846230996
1,4702,395.3689212543404
1,4703,411.0405178743148
1,4704,354.74391196144944
1,4705,266.0961287921157
1,4706,75.14048883045496
1,4707,338.4749509496346
1,4708,64.5603773131728
1,4709,292.1334462212201
1,4710,313.9232338781401
1,4711,347.8983524861478
1,4712,57.08624778644075
1,4713,355.0515435747901
1,4714,353.57774912404017
1,4715,271.5015510355938
1,4716,355.2851014197114
1,4717,363.73348562008033
1,4718,87.53879764172785
1,4719,66.32252270354527
1,4720,52.88006745393482
1,4721,269.0424282700558
1,4722,266.89957966467796
1,4723,312.7414163157364
1,4724,254.9164518175471
1,4725,383.2488367143319
1,4726,292.628737002637
1,4727,351.048030728651
1,4728,350.74046392249704
1,4729,34.06975091444936
1,4730,265.23866281720774
1,4731,299.85292945726195
1,4732,329.854114388996
1,4733,343.189322448322
1,4734,343.94546165162035
1,4735,36.99279348505573
1,4736,271.14570897132614
1,4737,385.4783866055806
1,4738,80.27994396150572
1,4739,275.62929065003885
1,4740,415.92257138543096
1,4741,409.50257368508045
1,4742,399.562488276032
1,4743,371.3305869224364
1,4744,68.51087996499915
1,4745,334.21456758683405
1,4746,350.38334652500714
1,4747,301.6880033680442
1,4748,74.56554887395265
1,4749,265.1581924405532
1,4750,246.49170371712114
1,4751,328.9948959354448
1,4752,333.396106034144
1,4753,52.19600601989801
1,4754,340.8146956050628
1,4755,42.16691688457312
1,4756,360.74353915194024
1,4757,363.3382162788182
1,4758,377.41823023564314
1,4759,32.687219514974736
1,4760,36.0149416152116
1,4761,313.00671468904045
1,4762,37.98968365808766
1,4763,313.0404581209184
1,4764,263.44050225875856
1,4765,354.350972970549
1,4766,186.93202292203586
1,4767,357.7921631001617
1,4768,221.09953970876936
1,4769,285.59536408903705
1,4770,73.50809771005802
1,4771,181.926803285689
1,4772,340.41060185816184
1,4773,123.68801643662434
1,4774,211.5808519714543
1,4775,282.33683949744085
1,4776,154.95518036497464
1,4777,78.19883906696302
1,4778,378.50685224239635
1,4779,331.96892349893477
1,4780,282.18634360918156
1,4781,168.02159645080945
1,4782,222.04036884882697
1,4783,125.30942961884642
1,4784,210.21816923989178
1,4785,293.14741902590436
1,4786,46.88325047322295
1,4787,328.01228170983643
1,4788,47.62663500504986
1,4789,271.8749428176768
1,4790,52.737674469093534
1,4791,98.66660528256503
1,4792,236.7978010098925
1,4793,330.1816381678653
1,4794,164.42882486673346
1,4795,326.1050525248269
1,4796,245.55387672488547
1,4797,73.4094566539666
1,4798,276.75091036231174
1,4799,307.4038223550449
1,4800,84.16430634998669
1,4801,259.5707047193746
1,4802,268.0831029312125
1,4803,361.90390944823173
1,4804,260.5039394418068
1,4805,285.85639889717834
1,4806,47.69942474823769
1,4807,368.54560127256514
1,4808,58.457615083074316
1,4809,240.20185359406855
1,4810,57.41807514387094
1,4811,257.33879580564655
1,4812,215.22839338220848
1,4813,358.25754243447375
1,4814,46.876421401971065
1,4815,270.06302816308465
1,4816,601.6491581126845
1,4817,450.0581302182074
1,4818,401.65980149985774
1,4819,383.6392396379107
1,4820,64.93078573860218
1,4821,427.3532484701923
1,4822,371.56498765973674
1,4823,344.3816086659511
1,4824,296.93269100591795
1,4825,376.53622254182727
1,4826,92.16333592390635
1,4827,72.02132260412117
1,4828,502.08575220279636
1,4829,302.66270615665053
1,4830,401.8720061216771
1,4831,369.46433424681646
1,4832,318.1436034461151
1,4833,339.91789354491107
1,4834,346.8542531505949
1,4835,240.8783488137803
1,4836,346.54404342586514
1,4837,265.89770999585
1,4838,449.4716901627538
1,4839,346.8664486348158
1,4840,286.70799355294895
1,4841,382.7278140862304
1,4842,71.80486931720802
1,4843,353.00013136628456
1,4844,333.1853237714947
1,4845,318.4314809909555
1,4846,439.7783441832707
1,4847,190.91399752837003
1,4848,237.50940397762426
1,4849,338.009025572637
1,4850,34.343675084991716
1,4851,131.3614142114072
1,4852,326.8327517776811
1,4853,350.4876269315031
1,4854,348.82427351313765
1,4855,286.224646727088
1,4856,329.1982974497181
1,4857,325.2623750635098
1,4858,46.86004318961206
1,4859,45.20072130196824
1,4860,442.04004930630026
1,4861,153.702025474804
1,4862,327.36910202186425
1,4863,370.8688170126143
1,4864,45.77520199610558
1,4865,344.87487789848706
1,4866,43.61402106878666
1,4867,122.70553109355959
1,4868,211.86653945567838
1,4869,270.36415195404857
1,4870,288.342670774103
1,4871,58.66957634049061
1,4872,333.32149860933333
1,4873,95.64427771954792
1,4874,345.42914745792626
1,4875,356.1921125143982
1,4876,78.1837512681611
1,4877,76.88269760162622
1,4878,483.3796505745478
1,4879,338.8565299263141
1,4880,75.00970714468534
1,4881,347.20103408902133
1,4882,315.6806304018894
1,4883,374.10365214548585
1,4884,73.91113618720203
1,4885,270.90515977312725
1,4886,70.33037721030789
1,4887,363.57476049742354
1,4888,165.6308317160602
1,4889,360.04237718070544
1,4890,337.48477921576773
1,4891,325.6425584400455
1,4892,309.21469939530107
1,4893,487.77053950123695
1,4894,325.9776441041735
1,4895,368.7129999174093
1,4896,335.31237018654804
1,4897,541.1679369738814
1,4898,37.075671604019156
1,4899,255.06615438410122
1,4900,45.306638288212966
1,4901,373.4584405314449
1,4902,354.45458346670387
1,4903,32.938163727036866
1,4904,277.53086035555197
1,4905,52.23616811243608
1,4906,282.93465543704235
1,4907,133.81030383183474
1,4908,263.8644841014371
1,4909,48.42549653642138
1,4910,351.74941333454865
1,4911,46.652299314790675
1,4912,350.7603148334408
1,4913,55.673020501943256
1,4914,42.26086432412376
1,4915,338.0616786589176
1,4916,175.000906353292
1,4917,323.9116325736864
1,4918,259.3420785415431
1,4919,260.38996713749964
1,4920,325.0602207986945
1,4921,412.93515881938515
1,4922,372.4649268948
1,4923,71.35521020409902
1,4924,406.86423858072146
1,4925,78.29531741533069
1,4926,71.25263109654725
1,4927,413.6473740997389
1,4928,91.3223828761208
1,4929,392.3099768071552
1,4930,341.7140260995657
1,4931,83.98390853129791
1,4932,337.5685764934442
1,4933,304.67315503275256
1,4934,78.89616863042443
1,4935,272.69998709137775
1,4936,73.19020729979803
1,4937,373.82915106437247
1,4938,345.76478685278175
1,4939,326.73477099561046
1,4940,331.22426484678056
1,4941,174.20649446816282
1,4942,287.7040046352233
1,4943,322.0494559533856
1,4944,379.81903536258295
1,4945,317.87314137279316
1,4946,296.97466479890295
1,4947,201.73643002332733
1,4948,21.568349919992237
1,4949,149.84016041402683
1,4950,387.85799842348297
1,4951,361.536291461658
1,4952,53.91179337308722
1,4953,200.1644674316055
1,4954,338.051070573817
1,4955,29.802206685334234
1,4956,314.7049076953782
1,4957,69.11585767235786
1,4958,339.6476010867134
1,4959,293.1195239432342
1,4960,136.53667828083553
1,4961,48.57651297757981
1,4962,258.06073473982565
1,4963,63.90386466454905
1,4964,303.61508818231346
1,4965,267.6733811770235
1,4966,310.220209962196
1,4967,327.6244853999601
1,4968,122.78376570946625
1,4969,320.93073918878736
1,4970,457.88901339918584
1,4971,333.3273397338115
1,4972,295.83140253063027
1,4973,96.32651667801198
1,4974,310.35693513860156
1,4975,312.59306917119125
1,4976,353.5541355411576
1,4977,337.6341176034966
1,4978,73.59113986982047
1,4979,279.6939725931952
1,4980,285.3157467549147
1,4981,75.75920740564379
1,4982,317.50605045687985
1,4983,74.05890048802696
1,4984,63.109657155486374
1,4985,346.8874905567835
1,4986,220.1909788548839
1,4987,45.989380188790356
1,4988,46.24626241241339
1,4989,201.4193796289276
1,4990,134.59326129579603
1,4991,47.59610692661768
1,4992,249.2562005913398
1,4993,256.226473643257
1,4994,52.18491444814045
1,4995,338.01495476171107
1,4996,14.505505178508928
1,4997,55.23076697788984
1,4998,336.3589207594316
1,4999,48.67233988170104
1,5000,316.1560048989246
1,5001,392.84084466895797
1,5002,140.72988912281565
1,5003,383.9333200239163
1,5004,47.86553512608768
1,5005,299.5834568203875
1,5006,255.30139707998964
1,5007,426.0044131393036
1,5008,198.23352476461008
1,5009,327.92553705332915
1,5010,333.4086302983595
1,5011,133.63514691279593
1,5012,317.59313194817594
1,5013,47.96152623671362
1,5014,449.13337680668866
1,5015,49.159749768436065
1,5016,36.460596968475144
1,5017,307.3804885267074
1,5018,368.4573274837655
1,5019,164.72680061690295
1,5020,260.82170800422875
1,5021,213.66427938372058
1,5022,383.56463434119325
1,5023,47.83376929504397
1,5024,289.8839022517867
1,5025,72.85811170584259
1,5026,342.4332240768922
1,5027,289.6370302029715
1,5028,132.55306031307933
1,5029,366.1114189338557
1,5030,315.96947808072474
1,5031,220.7544056770933
1,5032,313.6418121808284
1,5033,175.9980910215965
1,5034,525.1958432232395
1,5035,328.70102513110805
1,5036,460.648071410117
1,5037,469.5735057337905
1,5038,303.4585919931948
1,5039,37.42331251928855
1,5040,323.38734152130405
1,5041,296.74013422088274
1,5042,311.239790861961
1,5043,365.23044443355036
1,5044,43.94403352858122
1,5045,347.81803446320987
1,5046,329.1669049282415
1,5047,325.4149713376564
1,5048,343.9799160431945
1,5049,353.13055058896634
1,5050,180.3153212378532
1,5051,313.87006025877474
1,5052,342.02399854593517
1,5053,319.1343038153882
1,5054,332.9915893430508
1,5055,271.5652073091098
1,5056,214.29370979761217
1,5057,368.3259046733676
1,5058,76.74963840450098
1,5059,292.1470880211531
1,5060,358.4473829115728
1,5061,215.91338153963838
1,5062,338.4101882848554
1,5063,69.93827286215284
1,5064,63.42255827931627
1,5065,97.28866353995073
1,5066,122.71628773605076
1,5067,300.59674696812885
1,5068,294.56107663211446
1,5069,73.85555158161611
1,5070,277.849433936791
1,5071,64.44543968521461
1,5072,328.40640499699566
1,5073,276.1564878938168
1,5074,243.5435468308625
1,5075,64.95382507828563
1,5076,274.5459292600538
1,5077,40.21767075327776
1,5078,336.7772461643025
1,5079,47.86384131397527
1,5080,268.16313243668174
1,5081,22.959398399233525
1,5082,292.1864757325826
1,5083,267.7380540936504
1,5084,299.01237734002314
1,5085,283.1171651579308
1,5086,68.79375511820676
1,5087,170.56679167040355
1,5088,45.72968133296957
1,5089,367.3195894424633
1,5090,360.5395669936189
1,5091,32.79044637654705
1,5092,250.09478519164284
1,5093,61.19879568498975
1,5094,45.11538837624928
1,5095,152.64804969975862
1,5096,50.30196166613638
1,5097,201.00454641961895
1,5098,49.697236202533986
1,5099,299.77410856223287
1,5100,64.22756749981913
1,5101,285.89415159540636
1,5102,166.54808074859613
1,5103,338.5324393045845
1,5104,47.859094098265416
1,5105,291.9038460622463
1,5106,197.54225399039467
1,5107,288.7294288467965
1,5108,77.94812536903515
1,5109,270.465005042191
1,5110,45.705707793634986
1,5111,80.94488156783258
1,5112,302.4473866843241
1,5113,103.0000862747271
1,5114,286.0932393936476
1,5115,126.64732381886944
1,5116,52.26151616830121
1,5117,242.80194130452898
1,5118,315.0082241745216
1,5119,307.87840617281535
1,5120,397.6131485717588
1,5121,209.18115830659045
1,5122,46.73131238363261
1,5123,237.40108171701831
1,5124,300.000616320506
1,5125,366.1894409777374
1,5126,289.96964193416613
1,5127,49.176858532022955
1,5128,288.86787907712215
1,5129,28.804865460130607
1,5130,289.0802146645176
1,5131,248.21821205538322
1,5132,34.04565350068125
1,5133,365.7143494617167
1,5134,45.708631460294825
1,5135,304.79421983487407
1,5136,778.2530585508746
1,5137,369.42395750003146
1,5138,214.16625709604537
1,5139,344.4024853662423
1,5140,269.7635881892984
1,5141,230.39943518536916
1,5142,380.262000746912
1,5143,179.91731123051238
1,5144,318.5201244682246
1,5145,68.48950950901319
1,5146,238.9879058962137
1,5147,234.51076671446538
1,5148,383.8117695883955
1,5149,358.1796143477359
1,5150,68.85899031901168
1,5151,364.68107057010866
1,5152,317.0249417002136
1,5153,93.13853761244175
1,5154,346.4316467092666
1,5155,337.4733324852597
1,5156,75.91683344946165
1,5157,266.94642409743847
1,5158,352.31655902735525
1,5159,50.539059904515184
1,5160,305.8629292074211
1,5161,386.4404431704446
1,5162,376.1299819813536
1,5163,332.7054225465797
1,5164,347.60527649080996
1,5165,76.79805815929086
1,5166,306.69890158878223
1,5167,69.98063288850994
1,5168,397.04195520086955
1,5169,285.38808194075784
1,5170,335.46016122685717
1,5171,334.8754582067146
1,5172,385.8722437988962
1,5173,37.95387402066713
1,5174,271.5207141827449
1,5175,340.4097505807315
1,5176,45.53032237210165
1,5177,367.7484718804442
1,5178,310.4871392696071
1,5179,76.74096375795766
1,5180,277.801324878614
1,5181,54.38952045956383
1,5182,274.447575353224
1,5183,222.85622546253578
1,5184,66.60907614171785
1,5185,212.30576397866906
1,5186,47.245086659424445
1,5187,207.04318596021366
1,5188,211.04913117675613
1,5189,318.1254553522393
1,5190,47.712241930546504
1,5191,264.47637684907033
1,5192,308.79747642025507
1,5193,49.9763530804532
1,5194,253.98724717701805
1,5195,347.27961044674635
1,5196,45.59898074827561
1,5197,298.7723959620406
1,5198,283.1884773397515
1,5199,354.99715552355747
1,5200,38.733402824315775
1,5201,196.73848170117589
1,5202,262.1473558032855
1,5203,208.77125648135575
1,5204,101.10505315612475
1,5205,181.66292918594846
1,5206,337.3144927540625
1,5207,343.2911808500328
1,5208,53.33870832587135
1,5209,320.8278966544291
1,5210,72.3714415187804
1,5211,129.89047343655238
1,5212,361.2489340984714
1,5213,39.47283625105318
1,5214,339.08740621411937
1,5215,50.976597660704165
1,5216,122.99415497985174
1,5217,116.45116173644793
1,5218,394.7850226990138
1,5219,57.442710297915156
1,5220,140.13033505090422
1,5221,340.3213770812331
1,5222,375.9915041098253
1,5223,352.1209903080238
1,5224,563.7304684042298
1,5225,61.96100334755222
1,5226,275.80572025743595
1,5227,262.72269710862963
1,5228,306.0802201166606
1,5229,106.92936606853473
1,5230,274.1368830716462
1,5231,303.5662363154813
1,5232,178.04077718223311
1,5233,350.02975673550657
1,5234,304.95459995072
1,5235,205.81616409403796
1,5236,326.8964329981666
1,5237,63.93783162475439
1,5238,291.5266475148599
1,5239,98.70909254953646
1,5240,60.88554235751293
1,5241,225.73057668303187
1,5242,143.91831088937957
1,5243,256.0311835667046
1,5244,298.81305019417846
1,5245,323.3391902002338
1,5246,296.4663250403278
1,5247,71.8474626920781
1,5248,346.79367803964027
1,5249,37.369066754724116
1,5250,181.58629124469803
1,5251,39.542344130895245
1,5252,33.01410637838333
1,5253,224.45719832396423
1,5254,198.70826391465235
1,5255,43.632368387131564
1,5256,260.1646207479696
1,5257,75.88463851294912
1,5258,205.64424519117776
1,5259,372.20644319933194
1,5260,289.0115421354797
1,5261,135.29138945515217
1,5262,65.53076642867327
1,5263,327.2814429045767
1,5264,251.05221675080818
1,5265,284.7939247317262
1,5266,39.98207202256135
1,5267,336.7569779250783
1,5268,265.5562692526265
1,5269,200.5268534016634
1,5270,160.85730280494514
1,5271,210.33827635549767
1,5272,248.93228989534214
1,5273,220.6689080050068
1,5274,132.64396460936848
1,5275,308.19927230217354
1,5276,273.0252723061105
1,5277,39.362000516115465
1,5278,146.28087655496847
1,5279,206.0641968963834
1,5280,227.568810567415
1,5281,309.52620804540584
1,5282,162.66667238474145
1,5283,66.58824692847662
1,5284,260.97161840231263
1,5285,42.20684659744219
1,5286,57.58127135195974
1,5287,222.56329105769635
1,5288,33.3794631985517
1,5289,233.77794492938426
1,5290,254.54833619265898
1,5291,53.297620312278056
1,5292,169.6270825466437
1,5293,295.8632424839325
1,5294,69.28280629882505
1,5295,198.45340755635573
1,5296,73.90918389239368
1,5297,236.78121293705067
1,5298,74.9856962565395
1,5299,341.3258047849074
1,5300,182.8474200657625
1,5301,62.60620746264265
1,5302,262.0412203310887
1,5303,277.8219398100581
1,5304,51.165319738208055
1,5305,54.26779510625255
1,5306,256.8857216405296
1,5307,172.49234435417185
1,5308,261.6743788841247
1,5309,255.44924247784633
1,5310,238.1837835207932
1,5311,313.6636637734884
1,5312,165.63921525605303
1,5313,28.521760391796775
1,5314,175.44830733033365
1,5315,255.66807426370957
1,5316,334.6658794133454
1,5317,159.97603727055878
1,5318,306.7179305430774
1,5319,268.8861716422439
1,5320,42.57964280082529
1,5321,113.23755506024374
1,5322,32.6589377317958
1,5323,75.30506386870208
1,5324,310.47879270532576
1,5325,329.6750801809101
1,5326,229.75039127722025
1,5327,41.09609851743565
1,5328,118.95234062249446
1,5329,35.6946810694203
1,5330,320.0411557274913
1,5331,38.66782908727635
1,5332,183.07370455715392
1,5333,210.62094653960355
1,5334,254.02736731167087
1,5335,171.30097479778158
1,5336,318.9172638145551
1,5337,286.79315865511995
1,5338,47.177384552493145
1,5339,28.239322528496146
1,5340,285.6322023472494
1,5341,35.11475604647624
1,5342,41.86378964677543
1,5343,239.49178447993813
1,5344,29.106275190741485
1,5345,376.4336587491694
1,5346,42.50192889726166
1,5347,294.52055803787744
1,5348,229.45989415213472
1,5349,242.69703818354395
1,5350,98.91365602817355
1,5351,261.9988590543967
1,5352,13.538598257202771
1,5353,314.79589764927886
1,5354,95.83574091949077
1,5355,184.44340467901242
1,5356,139.0506819290325
1,5357,73.24004599058792
1,5358,362.77852223917273
1,5359,39.79387983945027
1,5360,119.32757916907019
1,5361,269.6447562281235
1,5362,100.62894902615992
1,5363,384.1831736229373
1,5364,34.75537707715775
1,5365,243.02907360709887
1,5366,265.3651397127703
1,5367,180.08214869473818
1,5368,209.31571572152677
1,5369,355.6505392051656
1,5370,210.31440416332484
1,5371,95.99069006724355
1,5372,285.37353591258875
1,5373,265.9591155138981
1,5374,62.489021724095544
1,5375,238.8508762039583
1,5376,66.34669978363056
1,5377,292.5427908893783
1,5378,284.4916529605977
1,5379,139.36851371236583
1,5380,387.53310436711547
1,5381,166.37441242974245
1,5382,320.2003196335985
1,5383,312.65810768976115
1,5384,337.5947860446822
1,5385,307.5650763379849
1,5386,67.29845404806673
1,5387,116.28103117789873
1,5388,245.76606595614084
1,5389,247.15047047977185
1,5390,75.37830256219691
1,5391,252.73847214059168
1,5392,112.40668527065236
1,5393,316.3406498497057
1,5394,264.40512247883356
1,5395,225.44180135983603
1,5396,62.80666431052071
1,5397,27.017003377446382
1,5398,315.1586292176356
1,5399,270.9039640113298
1,5400,40.158267610000784
1,5401,271.058246310089
1,5402,75.47297568954994
1,5403,318.8588320065248
1,5404,292.42252099028985
1,5405,30.571214304047274
1,5406,264.59183313257296
1,5407,155.72987937731486
1,5408,255.89390170541606
1,5409,40.6463679312165
1,5410,312.56004689522706
1,5411,40.165850724161764
1,5412,374.7733323963705
1,5413,39.85324655006886
1,5414,181.12165737396057
1,5415,204.04239438802296
1,5416,125.3478320224298
1,5417,239.67080205679244
1,5418,307.5299496033083
1,5419,40.342135468975854
1,5420,322.53637990304253
1,5421,153.6825580759691
1,5422,316.77023195140487
1,5423,245.16384291379106
1,5424,118.35363132636016
1,5425,156.23970958920694
1,5426,96.37732864354523
1,5427,311.1442510673294
1,5428,372.32768609363666
1,5429,43.638644694838845
1,5430,253.5180325254882
1,5431,33.10706809918983
1,5432,77.9591149645429
1,5433,333.0134991809991
1,5434,114.44743027139023
1,5435,111.68936637410233
1,5436,97.38749155934163
1,5437,162.19008611854875
1,5438,227.97629452185362
1,5439,28.78698259243395
1,5440,261.5790180906963
1,5441,75.05598045544244
1,5442,333.269383249784
1,5443,42.58860570787332
1,5444,78.19653530203684
1,5445,109.59138901317542
1,5446,36.41585424816253
1,5447,111.61194020231116
1,5448,46.75628087629657
1,5449,76.50096696916529
1,5450,264.47211726949286
1,5451,37.1713521526691
1,5452,257.333687899834
1,5453,316.105746544285
1,5454,118.16047701558779
1,5455,50.35053581029519
1,5456,263.40849337986185
1,5457,249.30853170764584
1,5458,32.788326859488755
1,5459,281.493149214193
1,5460,38.98846929479376
1,5461,288.4414884337954
1,5462,47.52401556246434
1,5463,127.60974154555774
1,5464,375.8401092784875
1,5465,320.68607015384185
1,5466,50.47325189085811
1,5467,172.11035373903164
1,5468,124.33013695364974
1,5469,272.38059471612934
1,5470,45.2398934411028
1,5471,292.04372816204676
1,5472,50.1624118512007
1,5473,276.7670115918366
1,5474,51.46625457416738
1,5475,179.01224039905713
1,5476,204.31781403149446
1,5477,343.75071810663485
1,5478,300.6928919700552
1,5479,69.46118825356871
1,5480,231.89314864766075
1,5481,240.16973371475632
1,5482,270.97680435454714
1,5483,369.1742650432477
1,5484,146.00697023383609
1,5485,328.2009098304484
1,5486,65.68766964681441
1,5487,385.70761586864256
1,5488,75.59259261656958
1,5489,339.2685481826808
1,5490,61.39189052939618
1,5491,258.445531637826
1,5492,65.97456772475392
1,5493,100.66020013181728
1,5494,281.4852674786699
1,5495,68.70381132997781
1,5496,64.54002321576789
1,5497,77.53688228721964
1,5498,181.70573986447755
1,5499,40.5883659096232
1,5500,104.76924997270552
1,5501,40.81737201511622
1,5502,260.2806821902565
1,5503,91.74915850958949
1,5504,81.81548468769705
1,5505,281.42960140826887
1,5506,108.95549192522526
1,5507,44.188537847277175
1,5508,299.58154850175777
1,5509,286.08227446505055
1,5510,49.758649903074506
1,5511,129.9145581169573
1,5512,39.1373313885835
1,5513,237.29280601459135
1,5514,232.64679197154925
1,5515,121.39041007709505
1,5516,342.76112376751513
1,5517,43.94611447581078
1,5518,84.42451138060696
1,5519,325.1831045434713
1,5520,277.6041367941446
1,5521,63.668531673231556
1,5522,260.87106839735907
1,5523,44.90741759970487
1,5524,254.02148182056538
1,5525,44.15601673187779
1,5526,292.561534934998
1,5527,327.17061281170834
1,5528,39.70152500147739
1,5529,314.04092116036156
1,5530,45.01594847899531
1,5531,242.46235427004405
1,5532,287.96521061578716
1,5533,322.58209346425866
1,5534,45.613801790138005
1,5535,233.0290711963553
1,5536,146.82158914995287
1,5537,44.97748545218493
1,5538,328.2197263406036
1,5539,42.23758713488503
1,5540,296.161651200099
1,5541,43.38444261560766
1,5542,292.56121708945466
1,5543,116.14809498800099
1,5544,13.482646234714268
1,5545,278.0094374015672
1,5546,319.0577559006332
1,5547,257.0297394042441
1,5548,32.31673527482671
1,5549,62.561152289162
1,5550,289.823295996767
1,5551,271.210366758057
1,5552,59.034856523167306
1,5553,275.3300204118042
1,5554,118.98323802868467
1,5555,111.34603940280458
1,5556,405.76674575585
1,5557,81.10249967207969
1,5558,39.97859138038211
1,5559,297.2384918679037
1,5560,194.69228864995688
1,5561,337.69035864173793
1,5562,42.48481208232144
1,5563,293.8880528780901
1,5564,156.01671982619445
1,5565,309.3391269410498
1,5566,47.69105174061306
1,5567,314.93858317380966
1,5568,268.7784729579754
1,5569,347.06090590964413
1,5570,347.4661244621985
1,5571,341.30982865236456
1,5572,74.47971516059647
1,5573,141.64453901453282
1,5574,85.40375987510942
1,5575,236.43933639676183
1,5576,179.21045855726294
1,5577,292.8454480178475
1,5578,67.22952657374296
1,5579,230.04060942292477
1,5580,94.98908670973881
1,5581,311.7809278456107
1,5582,63.28024141243457
1,5583,287.0482581095996
1,5584,231.3429909504996
1,5585,57.69902825777396
1,5586,330.607753016006
1,5587,208.60929682493264
1,5588,236.65694663513875
1,5589,322.03782431070624
1,5590,38.08430478958942
1,5591,288.5627532695272
1,5592,301.38333439074813
1,5593,201.419002515995
1,5594,410.90881400251317
1,5595,122.4807409750967
1,5596,284.2912122408575
1,5597,40.44803688709394
1,5598,251.8192452028589
1,5599,219.5482535196527
1,5600,115.85335971300088
1,5601,43.774052588977874
1,5602,269.0225612832369
1,5603,233.95633581596738
1,5604,247.41993812603033
1,5605,208.03456106122985
1,5606,21.706313822826687
1,5607,282.9986900571444
1,5608,224.19994676164254
1,5609,28.175671021044828
1,5610,290.9740689013622
1,5611,271.89573579219456
1,5612,175.9922170674159
1,5613,176.23445328725722
1,5614,288.0701507554517
1,5615,322.3066014682697
1,5616,120.94688197206355
1,5617,26.959983316989423
1,5618,345.15378344256465
1,5619,40.1514327828926
1,5620,333.37098210973494
1,5621,42.90201339503894
1,5622,330.1726775148462
1,5623,41.213214867138866
1,5624,49.72780318328289
1,5625,269.4743852969102
1,5626,293.95833923123394
1,5627,43.736501875629926
1,5628,177.66839359310654
1,5629,34.464447698860106
1,5630,253.34234830719907
1,5631,81.41406531342298
1,5632,113.97483345981097
1,5633,126.11643948734321
1,5634,229.54766234866378
1,5635,318.6794541489752
1,5636,62.55544095707763
1,5637,43.285509832531794
1,5638,77.62559956176686
1,5639,337.00865510345596
1,5640,31.991266746839777
1,5641,265.44561750895764
1,5642,164.79533073797882
1,5643,293.6909478683693
1,5644,60.698215052379815
1,5645,277.43507541297856
1,5646,198.32754833284423
1,5647,346.7182585367152
1,5648,91.94925928487693
1,5649,43.87572125966546
1,5650,321.3608718876859
1,5651,126.82122011323078
1,5652,326.26020198321004
1,5653,230.23644165409468
1,5654,178.87220388554636
1,5655,312.1639413347533
1,5656,91.50627601396808
1,5657,327.02764643493396
1,5658,59.0448335082698
1,5659,404.29901612549963
1,5660,55.53205459467834
1,5661,367.7806038372405
1,5662,280.98528596301406
1,5663,269.82921409284836
1,5664,323.8215361625078
1,5665,247.5532162892285
1,5666,60.29760988385631
1,5667,259.1221824611774
1,5668,278.1499921371766
1,5669,64.68965305010238
1,5670,293.1658807252511
1,5671,152.35677798953506
1,5672,160.31017169653413
1,5673,337.1851831022904
1,5674,431.39294552917835
1,5675,71.87435197185471
1,5676,161.6259823381755
1,5677,289.4603025183133
1,5678,208.93355470206416
1,5679,263.914621685625
1,5680,27.09005232824058
1,5681,244.2104238011319
1,5682,146.53952063293985
1,5683,38.533134300154494
1,5684,45.523445266341845
1,5685,337.7318652844384
1,5686,48.57844931312854
1,5687,213.79502905071047
1,5688,342.7180041776393
1,5689,21.244156513611742
1,5690,303.6916082744659
1,5691,42.74939311330975
1,5692,369.8655579770069
1,5693,66.8038585050736
1,5694,285.7427565891014
1,5695,47.07482357231759
1,5696,329.4709488130245
1,5697,120.09192663406425
1,5698,222.370253033449
1,5699,298.6623320275772
1,5700,33.52232976254217
1,5701,196.98576967930944
1,5702,323.3733379522288
1,5703,72.84009011617125
1,5704,202.3791045252256
1,5705,101.29031533893695
1,5706,280.7111518445869
1,5707,270.46493842719923
1,5708,41.37229113947328
1,5709,274.43269590568326
1,5710,198.2186124415503
1,5711,205.04935406326405
1,5712,270.8662438245178
1,5713,74.12927965689765
1,5714,354.8253521740543
1,5715,48.440158723625956
1,5716,190.49733670703344
1,5717,34.86073950465374
1,5718,356.8560899764087
1,5719,218.90648444171148
1,5720,278.66259886833933
1,5721,49.065632016056625
1,5722,239.89301752747645
1,5723,145.1505590108626
1,5724,371.1163939146114
1,5725,45.260087973749265
1,5726,402.1629931457587
1,5727,47.76593767630912
1,5728,292.606372710317
1,5729,330.38701830029015
1,5730,323.8617416074952
1,5731,207.2169616937946
1,5732,82.25968510548714
1,5733,54.544190504452416
1,5734,338.8874042283352
1,5735,52.18348739471256
1,5736,358.1539730272442
1,5737,170.14905030325124
1,5738,271.3518800477941
1,5739,47.06014276603139
1,5740,291.2564917297793
1,5741,117.28158765533023
1,5742,166.22375461119657
1,5743,282.3235098091942
1,5744,257.03264214363173
1,5745,436.17023580072436
1,5746,32.25295213837058
1,5747,119.74939256537766
1,5748,323.91338984501533
1,5749,343.3048824411378
1,5750,413.3769123794144
1,5751,389.95901930556363
1,5752,371.68431215230436
1,5753,378.5856535440337
1,5754,58.21026907351524
1,5755,344.2711843187914
1,5756,58.08578599759197
1,5757,332.4438677445522
1,5758,185.90442923193385
1,5759,349.39320217369755
1,5760,88.33989056064152
1,5761,246.20271748543095
1,5762,269.4990081122556
1,5763,56.38933286749382
1,5764,240.4266344365933
1,5765,326.7313388896541
1,5766,86.61848933455168
1,5767,346.9722008872002
1,5768,74.87532814885127
1,5769,156.7589483123661
1,5770,310.2467526170759
1,5771,360.79908706836466
1,5772,357.2775520802804
1,5773,149.87071927858867
1,5774,36.58735005493597
1,5775,102.2195535578303
1,5776,37.560302185229475
1,5777,218.54369680808816
1,5778,306.22732505048356
1,5779,338.88130598667067
1,5780,130.42344066884803
1,5781,352.5077733463047
1,5782,56.3714288092186
1,5783,273.00518389887566
1,5784,165.1303578882177
1,5785,329.4416229892613
1,5786,47.93556614389696
1,5787,267.5458228955133
1,5788,54.18281543783421
1,5789,201.74160879678834
1,5790,43.86983279049
1,5791,261.64732725034514
1,5792,305.82578210722943
1,5793,336.2495821180015
1,5794,384.3001127582413
1,5795,323.2206369216821
1,5796,248.21974412017823
1,5797,95.34798540795418
1,5798,290.28034292378163
1,5799,374.28186800021155
1,5800,326.5074326670915
1,5801,49.11884060658231
1,5802,361.17255349385084
1,5803,37.36415457665069
1,5804,344.03884373960614
1,5805,247.00735524166532
1,5806,46.79270792923752
1,5807,218.9884393430438
1,5808,358.34801831128243
1,5809,175.59953399247732
1,5810,340.5993772170615
1,5811,386.6308683474974
1,5812,365.3051767189501
1,5813,323.9475230475107
1,5814,140.4130466124078
1,5815,132.0764033104157
1,5816,348.70568285118316
1,5817,236.35281198355295
1,5818,266.0327291673419
1,5819,232.90278890213892
1,5820,136.49892376151553
1,5821,328.9307113151072
1,5822,58.248199042836596
1,5823,336.14687203337644
1,5824,285.366947656884
1,5825,277.1410501632788
1,5826,354.44489449062075
1,5827,370.10570153756254
1,5828,66.99603565644657
1,5829,294.07551520344595
1,5830,99.10939595170863
1,5831,327.2038035029567
1,5832,67.6749059375433
1,5833,310.7949926303801
1,5834,89.22586539226226
1,5835,327.7330736958888
1,5836,274.58958757047236
1,5837,75.47839449600885
1,5838,368.1412763953045
1,5839,295.52375936007866
1,5840,333.3849803123682
1,5841,314.8232317965891
1,5842,354.12243837629416
1,5843,58.26183430962732
1,5844,287.4952520528048
1,5845,46.08110813630897
1,5846,265.5248791819055
1,5847,341.9550647238752
1,5848,39.316390084571566
1,5849,175.63063500771813
1,5850,281.75132764401303
1,5851,53.909376327942155
1,5852,170.19291977867516
1,5853,47.72732268110131
1,5854,519.1890107014132
1,5855,54.32026149253002
1,5856,310.77239434300975
1,5857,69.58899961036761
1,5858,438.3096273869817
1,5859,56.38641319171687
1,5860,178.7934047390522
1,5861,355.56698066418505
1,5862,348.5899833738606
1,5863,49.93547916967511
1,5864,51.092489278434
1,5865,315.21580402525575
1,5866,56.73840515715256
1,5867,286.714098250946
1,5868,50.24510216181409
1,5869,95.48341478539817
1,5870,417.60682225696587
1,5871,45.86510651336742
1,5872,434.3373387774749
1,5873,48.653910033288795
1,5874,308.56120421687115
1,5875,126.55336509928523
1,5876,324.3769527828426
1,5877,276.8653194533531
1,5878,289.36877977992566
1,5879,100.98576636095436
1,5880,195.5800903672652
1,5881,379.83288564929154
1,5882,47.63277190263397
1,5883,286.8702188615103
1,5884,240.48557732355226
1,5885,306.12011376543563
1,5886,124.67993911869519
1,5887,64.45906505933826
1,5888,323.7984256893028
1,5889,307.8216612495289
1,5890,33.73614245482356
1,5891,215.12531415538513
1,5892,219.4837841664175
1,5893,305.71161968098164
1,5894,136.27721610320495
1,5895,32.82217300374675
1,5896,332.63012202856737
1,5897,120.15466191437534
1,5898,323.3969294912276
1,5899,282.2563469948741
1,5900,298.2284884618549
1,5901,197.48245778699143
1,5902,341.8560828942984
1,5903,124.35834028755323
1,5904,165.94578266749198
1,5905,47.686298087909925
1,5906,256.2105012815658
1,5907,49.56165063723114
1,5908,285.95585432642815
1,5909,52.49943504922666
1,5910,57.65736721801192
1,5911,309.7152893955122
1,5912,266.5805366052635
1,5913,272.2413346702117
1,5914,405.53439076197594
1,5915,158.77614812455593
1,5916,326.71579872960365
1,5917,65.9702823822837
1,5918,336.2075439094814
1,5919,75.18378814798344
1,5920,221.44834513111363
1,5921,267.28034455035333
1,5922,292.9766863094373
1,5923,234.15982500014695
1,5924,370.6380522428527
1,5925,363.5525421560061
1,5926,401.0738846230996
1,5927,395.3689212543404
1,5928,411.0405178743148
1,5929,354.74391196144944
1,5930,266.0961287921157
1,5931,75.14048883045496
1,5932,338.4749509496346
1,5933,64.5603773131728
1,5934,292.1334462212201
1,5935,313.9232338781401
1,5936,347.8983524861478
1,5937,57.08624778644075
1,5938,355.0515435747901
1,5939,353.57774912404017
1,5940,271.5015510355938
1,5941,355.2851014197114
1,5942,363.73348562008033
1,5943,87.53879764172785
1,5944,66.32252270354527
1,5945,52.88006745393482
1,5946,269.0424282700558
1,5947,266.89957966467796
1,5948,312.7414163157364
1,5949,254.9164518175471
1,5950,383.2488367143319
1,5951,292.628737002637
1,5952,351.048030728651
1,5953,350.74046392249704
1,5954,34.06975091444936
1,5955,265.23866281720774
1,5956,299.85292945726195
1,5957,329.854114388996
1,5958,343.189322448322
1,5959,343.94546165162035
1,5960,36.99279348505573
1,5961,271.14570897132614
1,5962,385.4783866055806
1,5963,80.27994396150572
1,5964,275.62929065003885
1,5965,415.92257138543096
1,5966,409.50257368508045
1,5967,399.562488276032
1,5968,371.3305869224364
1,5969,68.51087996499915
1,5970,334.21456758683405
1,5971,350.38334652500714
1,5972,301.6880033680442
1,5973,74.56554887395265
1,5974,265.1581924405532
1,5975,246.49170371712114
1,5976,328.9948959354448
1,5977,333.396106034144
1,5978,52.19600601989801
1,5979,340.8146956050628
1,5980,42.16691688457312
1,5981,360.74353915194024
1,5982,363.3382162788182
1,5983,377.41823023564314
1,5984,32.687219514974736
1,5985,36.0149416152116
1,5986,313.00671468904045
1,5987,37.98968365808766
1,5988,313.0404581209184
1,5989,263.44050225875856
1,5990,354.350972970549
1,5991,186.93202292203586
1,5992,357.7921631001617
1,5993,221.09953970876936
1,5994,285.59536408903705
1,5995,73.50809771005802
1,5996,181.926803285689
1,5997,340.41060185816184
1,5998,123.68801643662434
1,5999,211.5808519714543
1,6000,282.33683949744085
1,6001,154.95518036497464
1,6002,78.19883906696302
1,6003,378.50685224239635
1,6004,331.96892349893477
1,6005,282.18634360918156
1,6006,168.02159645080945
1,6007,222.04036884882697
1,6008,125.30942961884642
1,6009,210.21816923989178
1,6010,293.14741902590436
1,6011,46.88325047322295
1,6012,328.01228170983643
1,6013,47.62663500504986
1,6014,271.8749428176768
1,6015,52.737674469093534
1,6016,98.66660528256503
1,6017,236.7978010098925
1,6018,330.1816381678653
1,6019,164.42882486673346
1,6020,326.1050525248269
1,6021,245.55387672488547
1,6022,73.4094566539666
1,6023,276.75091036231174
1,6024,307.4038223550449
1,6025,84.16430634998669
1,6026,259.5707047193746
1,6027,268.0831029312125
1,6028,361.90390944823173
1,6029,260.5039394418068
1,6030,285.85639889717834
1,6031,47.69942474823769
1,6032,368.54560127256514
1,6033,58.457615083074316
1,6034,240.20185359406855
1,6035,57.41807514387094
1,6036,257.33879580564655
1,6037,215.22839338220848
1,6038,358.25754243447375
1,6039,46.876421401971065
1,6040,270.06302816308465
1,6041,601.6491581126845
1,6042,450.0581302182074
1,6043,401.65980149985774
1,6044,383.6392396379107
1,6045,64.93078573860218
1,6046,427.3532484701923
1,6047,371.56498765973674
1,6048,344.3816086659511
1,6049,296.93269100591795
1,6050,376.53622254182727
1,6051,92.16333592390635
1,6052,72.02132260412117
1,6053,502.08575220279636
1,6054,302.66270615665053
1,6055,401.8720061216771
1,6056,369.46433424681646
1,6057,318.1436034461151
1,6058,339.91789354491107
1,6059,346.8542531505949
1,6060,240.8783488137803
1,6061,346.54404342586514
1,6062,265.89770999585
1,6063,449.4716901627538
1,6064,346.8664486348158
1,6065,286.70799355294895
1,6066,382.7278140862304
1,6067,71.80486931720802
1,6068,353.00013136628456
1,6069,333.1853237714947
1,6070,318.4314809909555
1,6071,439.7783441832707
1,6072,190.91399752837003
1,6073,237.50940397762426
1,6074,338.009025572637
1,6075,34.343675084991716
1,6076,131.3614142114072
1,6077,326.8327517776811
1,6078,350.4876269315031
1,6079,348.82427351313765
1,6080,286.224646727088
1,6081,329.1982974497181
1,6082,325.2623750635098
1,6083,46.86004318961206
1,6084,45.20072130196824
1,6085,442.04004930630026
1,6086,153.702025474804
1,6087,327.36910202186425
1,6088,370.8688170126143
1,6089,45.77520199610558
1,6090,344.87487789848706
1,6091,43.61402106878666
1,6092,122.70553109355959
1,6093,211.86653945567838
1,6094,270.36415195404857
1,6095,288.342670774103
1,6096,58.66957634049061
1,6097,333.32149860933333
1,6098,95.64427771954792
1,6099,345.42914745792626
1,6100,356.1921125143982
1,6101,78.1837512681611
1,6102,76.88269760162622
1,6103,483.3796505745478
1,6104,338.8565299263141
1,6105,75.00970714468534
1,6106,347.20103408902133
1,6107,315.6806304018894
1,6108,374.10365214548585
1,6109,73.91113618720203
1,6110,270.90515977312725
1,6111,70.33037721030789
1,6112,363.57476049742354
1,6113,165.6308317160602
1,6114,360.04237718070544
1,6115,337.48477921576773
1,6116,325.6425584400455
1,6117,309.21469939530107
1,6118,487.77053950123695
1,6119,325.9776441041735
1,6120,368.7129999174093
1,6121,335.31237018654804
1,6122,541.1679369738814
1,6123,37.075671604019156
1,6124,255.06615438410122
1,6125,45.306638288212966
1,6126,373.4584405314449
1,6127,354.45458346670387
1,6128,32.938163727036866
1,6129,277.53086035555197
1,6130,52.23616811243608
1,6131,282.93465543704235
1,6132,133.81030383183474
1,6133,263.8644841014371
1,6134,48.42549653642138
1,6135,351.74941333454865
1,6136,46.652299314790675
1,6137,350.7603148334408
1,6138,55.673020501943256
1,6139,42.26086432412376
1,6140,338.0616786589176
1,6141,175.000906353292
1,6142,323.9116325736864
1,6143,259.3420785415431
1,6144,260.38996713749964
1,6145,325.0602207986945
1,6146,412.93515881938515
1,6147,372.4649268948
1,6148,71.35521020409902
1,6149,406.86423858072146
1,6150,78.29531741533069
1,6151,71.25263109654725
1,6152,413.6473740997389
1,6153,91.3223828761208
1,6154,392.3099768071552
1,6155,341.7140260995657
1,6156,83.98390853129791
1,6157,337.5685764934442
1,6158,304.67315503275256
1,6159,78.89616863042443
1,6160,272.69998709137775
1,6161,73.19020729979803
1,6162,373.82915106437247
1,6163,345.76478685278175
1,6164,326.73477099561046
1,6165,331.22426484678056
1,6166,174.20649446816282
1,6167,287.7040046352233
1,6168,322.0494559533856
1,6169,379.81903536258295
1,6170,317.87314137279316
1,6171,296.97466479890295
1,6172,201.73643002332733
1,6173,21.568349919992237
1,6174,149.84016041402683
1,6175,387.85799842348297
1,6176,361.536291461658
1,6177,53.91179337308722
1,6178,200.1644674316055
1,6179,338.051070573817
1,6180,29.802206685334234
1,6181,314.7049076953782
1,6182,69.11585767235786
1,6183,339.6476010867134
1,6184,293.1195239432342
1,6185,136.53667828083553
1,6186,48.57651297757981
1,6187,258.06073473982565
1,6188,63.90386466454905
1,6189,303.61508818231346
1,6190,267.6733811770235
1,6191,310.220209962196
1,6192,327.6244853999601
1,6193,122.78376570946625
1,6194,320.93073918878736
1,6195,457.88901339918584
1,6196,333.3273397338115
1,6197,295.83140253063027
1,6198,96.32651667801198
1,6199,310.35693513860156
1,6200,312.59306917119125
1,6201,353.5541355411576
1,6202,337.6341176034966
1,6203,73.59113986982047
1,6204,279.6939725931952
1,6205,285.3157467549147
1,6206,75.75920740564379
1,6207,317.50605045687985
1,6208,74.05890048802696
1,6209,63.109657155486374
1,6210,346.8874905567835
1,6211,220.1909788548839
1,6212,45.989380188790356
1,6213,46.24626241241339
1,6214,201.4193796289276
1,6215,134.59326129579603
1,6216,47.59610692661768
1,6217,249.2562005913398
1,6218,256.226473643257
1,6219,52.18491444814045
1,6220,338.01495476171107
1,6221,14.505505178508928
1,6222,55.23076697788984
1,6223,336.3589207594316
1,6224,48.67233988170104
1,6225,316.1560048989246
1,6226,392.84084466895797
1,6227,140.72988912281565
1,6228,383.9333200239163
1,6229,47.86553512608768
1,6230,299.5834568203875
1,6231,255.30139707998964
1,6232,426.0044131393036
1,6233,198.23352476461008
1,6234,327.92553705332915
1,6235,333.4086302983595
1,6236,133.63514691279593
1,6237,317.59313194817594
1,6238,47.96152623671362
1,6239,449.13337680668866
1,6240,49.159749768436065
1,6241,36.460596968475144
1,6242,307.3804885267074
1,6243,368.4573274837655
1,6244,164.72680061690295
1,6245,260.82170800422875
1,6246,213.66427938372058
1,6247,383.56463434119325
1,6248,47.83376929504397
1,6249,289.8839022517867
1,6250,72.85811170584259
1,6251,342.4332240768922
1,6252,289.6370302029715
1,6253,132.55306031307933
1,6254,366.1114189338557
1,6255,315.96947808072474
1,6256,220.7544056770933
1,6257,313.6418121808284
1,6258,175.9980910215965
1,6259,525.1958432232395
1,6260,328.70102513110805
1,6261,460.648071410117
1,6262,469.5735057337905
1,6263,303.4585919931948
1,6264,37.42331251928855
1,6265,323.38734152130405
1,6266,296.74013422088274
1,6267,311.239790861961
1,6268,365.23044443355036
1,6269,43.94403352858122
1,6270,347.81803446320987
1,6271,329.1669049282415
1,6272,325.4149713376564
1,6273,343.9799160431945
1,6274,353.13055058896634
1,6275,180.3153212378532
1,6276,313.87006025877474
1,6277,342.02399854593517
1,6278,319.1343038153882
1,6279,332.9915893430508
1,6280,271.5652073091098
1,6281,214.29370979761217
1,6282,368.3259046733676
1,6283,76.74963840450098
1,6284,292.1470880211531
1,6285,358.4473829115728
1,6286,215.91338153963838
1,6287,338.4101882848554
1,6288,69.93827286215284
1,6289,63.42255827931627
1,6290,97.28866353995073
1,6291,122.71628773605076
1,6292,300.59674696812885
1,6293,294.56107663211446
1,6294,73.85555158161611
1,6295,277.849433936791
1,6296,64.44543968521461
1,6297,328.40640499699566
1,6298,276.1564878938168
1,6299,243.5435468308625
1,6300,64.95382507828563
1,6301,274.5459292600538
1,6302,40.21767075327776
1,6303,336.7772461643025
1,6304,47.86384131397527
1,6305,268.16313243668174
1,6306,22.959398399233525
1,6307,292.1864757325826
1,6308,267.7380540936504
1,6309,299.01237734002314
1,6310,283.1171651579308
1,6311,68.79375511820676
1,6312,170.56679167040355
1,6313,45.72968133296957
1,6314,367.3195894424633
1,6315,360.5395669936189
1,6316,32.79044637654705
1,6317,250.09478519164284
1,6318,61.19879568498975
1,6319,45.11538837624928
1,6320,152.64804969975862
1,6321,50.30196166613638
1,6322,201.00454641961895
1,6323,49.697236202533986
1,6324,299.77410856223287
1,6325,64.22756749981913
1,6326,285.89415159540636
1,6327,166.54808074859613
1,6328,338.5324393045845
1,6329,47.859094098265416
1,6330,291.9038460622463
1,6331,197.54225399039467
1,6332,288.7294288467965
1,6333,77.94812536903515
1,6334,270.465005042191
1,6335,45.705707793634986
1,6336,80.94488156783258
1,6337,302.4473866843241
1,6338,103.0000862747271
1,6339,286.0932393936476
1,6340,126.64732381886944
1,6341,52.26151616830121
1,6342,242.80194130452898
1,6343,315.0082241745216
1,6344,307.87840617281535
1,6345,397.6131485717588
1,6346,209.18115830659045
1,6347,46.73131238363261
1,6348,237.40108171701831
1,6349,300.000616320506
1,6350,366.1894409777374
1,6351,289.96964193416613
1,6352,49.176858532022955
1,6353,288.86787907712215
1,6354,28.804865460130607
1,6355,289.0802146645176
1,6356,248.21821205538322
1,6357,34.04565350068125
1,6358,365.7143494617167
1,6359,45.708631460294825
1,6360,304.79421983487407
1,6361,778.2530585508746
1,6362,369.42395750003146
1,6363,214.16625709604537
1,6364,344.4024853662423
1,6365,269.7635881892984
1,6366,230.39943518536916
1,6367,380.262000746912
1,6368,179.91731123051238
1,6369,318.5201244682246
1,6370,68.48950950901319
1,6371,238.9879058962137
1,6372,234.51076671446538
1,6373,383.8117695883955
1,6374,358.1796143477359
1,6375,68.85899031901168
1,6376,364.68107057010866
1,6377,317.0249417002136
1,6378,93.13853761244175
1,6379,346.4316467092666
1,6380,337.4733324852597
1,6381,75.91683344946165
1,6382,266.94642409743847
1,6383,352.31655902735525
1,6384,50.539059904515184
1,6385,305.8629292074211
1,6386,386.4404431704446
1,6387,376.1299819813536
1,6388,332.7054225465797
1,6389,347.60527649080996
1,6390,76.79805815929086
1,6391,306.69890158878223
1,6392,69.98063288850994
1,6393,397.04195520086955
1,6394,285.38808194075784
1,6395,335.46016122685717
1,6396,334.8754582067146
1,6397,385.8722437988962
1,6398,37.95387402066713
1,6399,271.5207141827449
1,6400,340.4097505807315
1,6401,45.53032237210165
1,6402,367.7484718804442
1,6403,310.4871392696071
1,6404,76.74096375795766
1,6405,277.801324878614
1,6406,54.38952045956383
1,6407,274.447575353224
1,6408,222.85622546253578
1,6409,66.60907614171785
1,6410,212.30576397866906
1,6411,47.245086659424445
1,6412,207.04318596021366
1,6413,211.04913117675613
1,6414,318.1254553522393
1,6415,47.712241930546504
1,6416,264.47637684907033
1,6417,308.79747642025507
1,6418,49.9763530804532
1,6419,253.98724717701805
1,6420,347.27961044674635
1,6421,45.59898074827561
1,6422,298.7723959620406
1,6423,283.1884773397515
1,6424,354.99715552355747
1,6425,38.733402824315775
1,6426,196.73848170117589
1,6427,262.1473558032855
1,6428,208.77125648135575
1,6429,101.10505315612475
1,6430,181.66292918594846
1,6431,337.3144927540625
1,6432,343.2911808500328
1,6433,53.33870832587135
1,6434,320.8278966544291
1,6435,72.3714415187804
1,6436,129.89047343655238
1,6437,361.2489340984714
1,6438,39.47283625105318
1,6439,339.08740621411937
1,6440,50.976597660704165
1,6441,122.99415497985174
1,6442,116.45116173644793
1,6443,394.7850226990138
1,6444,57.442710297915156
1,6445,140.13033505090422
1,6446,340.3213770812331
1,6447,375.9915041098253
1,6448,352.1209903080238
1,6449,251.73878159965875
1,6450,214.69605614345528
1,6451,299.76129042838136
1,6452,249.39605919570175
1,6453,293.5635729770569
1,6454,292.792501632622
1,6455,298.5427144271742
1,6456,349.49317321604383
1,6457,367.36346081342697
1,6458,71.91193232696835
1,6459,299.9221906889229
1,6460,54.86644004674551
1,6461,330.73389954201025
1,6462,65.21990595250601
1,6463,302.14480363655935
1,6464,184.1946165693786
1,6465,349.98300396644345
1,6466,55.177532443050545
1,6467,196.8031741782915
1,6468,330.59853223968105
1,6469,175.2947066420004
1,6470,297.166640804621
1,6471,303.0182251244106
1,6472,265.2130093463894
1,6473,13.864055333980108
1,6474,261.21289016125354
1,6475,270.0061811458468
1,6476,328.37693899053306
1,6477,34.39216862702656
1,6478,259.583635583225
1,6479,262.9194233886252
1,6480,208.0884044921483
1,6481,28.464122415636847
1,6482,280.60771037839936
1,6483,295.69888484714926
1,6484,275.87143904182636
1,6485,43.20826401669175
1,6486,361.84811578622566
1,6487,37.57861513922951
1,6488,181.20760011475312
1,6489,300.8313955258311
1,6490,223.14185312387744
1,6491,288.62486091120957
1,6492,44.882737924956515
1,6493,313.93695296422266
1,6494,282.5715873849266
1,6495,22.893686872703157
1,6496,246.14080148305783
1,6497,326.78615516172545
1,6498,258.71612825289634
1,6499,306.6696313863019
1,6500,271.61015973843865
1,6501,39.13697822048677
1,6502,279.41704957596255
1,6503,173.0144300448977
1,6504,202.58901194253656
1,6505,215.15988683991344
1,6506,280.34501115195644
1,6507,40.84568707308706
1,6508,290.016772875539
1,6509,329.45783118991216
1,6510,43.421986067475174
1,6511,239.07198101092706
1,6512,279.6963865541635
1,6513,62.58787849358282
1,6514,315.3096824770432
1,6515,337.66720993200136
1,6516,346.5527727471991
1,6517,87.78224031238128
1,6518,276.7519501026117
1,6519,150.97771738584254
1,6520,291.1517552235719
1,6521,68.72190631540674
1,6522,326.9614262977502
1,6523,131.42401012965897
1,6524,70.00576249130631
1,6525,101.16697047274718
1,6526,271.47142316130805
1,6527,60.52299178028956
1,6528,40.19256758462009
1,6529,199.55786351517781
1,6530,277.2963327822902
1,6531,564.8007834645263
1,6532,354.3400714604532
1,6533,70.74937759153964
1,6534,355.4029127842629
1,6535,63.546205852621156
1,6536,199.23782471293939
1,6537,128.20714856471557
1,6538,315.8089012461129
1,6539,35.651964161181255
1,6540,309.17354817747054
1,6541,40.41215184081361
1,6542,275.81338091320026
1,6543,163.0154345282265
1,6544,288.388261710772
1,6545,38.25243569054338
1,6546,241.8615204036866
1,6547,92.82721869254206
1,6548,297.4529945278413
1,6549,39.509869770446244
1,6550,293.8658730184691
1,6551,148.40543267323523
1,6552,272.66508325600967
1,6553,331.4049623149808
1,6554,324.28978458405663
1,6555,38.63855849503469
1,6556,183.144974843061
1,6557,307.7259491352778
1,6558,18.260333761624114
1,6559,299.2242921251674
1,6560,286.5782083521058
1,6561,275.3202533111617
1,6562,307.505459064966
1,6563,38.15931781164137
1,6564,293.12553385323855
1,6565,308.52681305939973
1,6566,163.47114842517232
1,6567,337.6208959861442
1,6568,35.9051515729243
1,6569,183.54911106714172
1,6570,313.89831489105654
1,6571,41.01404953207361
1,6572,149.24737183548666
1,6573,306.4830395567384
1,6574,296.2014391799921
1,6575,312.736427054639
1,6576,302.98795916655666
1,6577,364.767590391692
1,6578,101.01555347794753
1,6579,284.45721181628903
1,6580,306.58294443561647
1,6581,86.37466690197262
1,6582,314.3402584558105
1,6583,66.61879171191568
1,6584,285.07352873333485
1,6585,186.06746059726788
1,6586,339.4388475878151
1,6587,65.71806410290716
1,6588,196.06962558787063
1,6589,338.7240769568414
1,6590,599.864570568511
1,6591,300.7566786322393
1,6592,275.62951972979107
1,6593,68.07878718637025
1,6594,315.01941088909825
1,6595,85.84072798926226
1,6596,298.83930486915585
1,6597,299.6994480963443
1,6598,135.6853925611138
1,6599,36.87699411478254
1,6600,276.78613486520464
1,6601,240.86825831123082
1,6602,199.1626661729245
1,6603,35.96979603559757
1,6604,250.96721108348342
1,6605,416.0867715185825
1,6606,25.38685850838619
1,6607,116.08718343997995
1,6608,183.36116888664574
1,6609,28.868500018093084
1,6610,357.54654453368494
1,6611,411.6660316960562
1,6612,38.01293818048887
1,6613,291.2333186255174
1,6614,271.9290094420423
1,6615,331.9017045973798
1,6616,29.099609192182015
1,6617,181.56616332802207
1,6618,331.6172729980349
1,6619,343.95384162832056
1,6620,306.75461180644163
1,6621,62.460852066297846
1,6622,291.42035428154594
1,6623,275.13448282878153
1,6624,24.50175464643674
1,6625,324.2750708755681
1,6626,221.54720325214896
1,6627,36.667872815739194
1,6628,317.522289218007
1,6629,209.2800105778204
1,6630,261.79938010486967
1,6631,92.75963061888676
1,6632,187.25711998121938
1,6633,187.9331121650355
1,6634,37.15885463667045
1,6635,422.41987315243284
1,6636,278.11204194255663
1,6637,327.4186054790462
1,6638,299.07621891239216
1,6639,25.694049256472027
1,6640,272.89563270164325
1,6641,39.69124519295692
1,6642,17.301691490733816
1,6643,322.4017208079279
1,6644,255.6190317925337
1,6645,60.15210338079468
1,6646,217.4573003329342
1,6647,239.83432395398563
1,6648,328.2268483759607
1,6649,35.220853570985035
1,6650,26.866127890026554
1,6651,353.82198146575837
1,6652,316.6651250476235
1,6653,301.039425877162
1,6654,30.684531909114515
1,6655,287.280708792513
1,6656,34.681701208161016
1,6657,334.5579371255089
1,6658,312.4537731095765
1,6659,257.12415431097963
1,6660,139.13928231725993
1,6661,293.6975298237553
1,6662,96.39552241449545
1,6663,32.88581035366442
1,6664,272.0172872540637
1,6665,35.24577592773645
1,6666,324.024857887423
1,6667,287.2143636882308
1,6668,285.1704139085921
1,6669,44.17579684761152
1,6670,296.70052673315257
1,6671,245.57851531968987
1,6672,485.2988221479323
1,6673,362.6159884895701
1,6674,85.45532684153159
1,6675,280.9266137874258
1,6676,159.5226108692721
1,6677,313.63453837821265
1,6678,51.665603748099514
1,6679,282.3301020503545
1,6680,321.2221175090109
1,6681,197.65781277565554
1,6682,482.94064496176713
1,6683,367.0043946930889
1,6684,66.19771158585036
1,6685,336.3025118533704
1,6686,324.3904928542389
1,6687,72.64117826940662
1,6688,329.3637080395774
1,6689,337.3025624527055
1,6690,214.72193174467475
1,6691,233.3307730146409
1,6692,151.86302148302434
1,6693,125.47723533654337
1,6694,267.4990384747906
1,6695,126.54396116359253
1,6696,299.18777441944246
1,6697,45.8889169250166
1,6698,350.97049574610026
1,6699,41.575604241653274
1,6700,299.44787677289776
1,6701,278.3042143318503
1,6702,58.4083598353764
1,6703,313.86054120579576
1,6704,36.647746282188706
1,6705,288.6969399264299
1,6706,40.354061103498516
1,6707,195.68102341640025
1,6708,267.6372545454288
1,6709,149.5829517789988
1,6710,42.99946349201209
1,6711,287.5352839754793
1,6712,254.28745521662992
1,6713,250.1334385421905
1,6714,344.269416972391
1,6715,256.8164376741448
1,6716,43.01848039800274
1,6717,334.1042636486592
1,6718,260.8629101736005
1,6719,185.06673881711959
1,6720,215.2588286295544
1,6721,41.25250521377268
1,6722,312.68037490424354
1,6723,312.17866684966094
1,6724,344.20800373431814
1,6725,21.3405072066457
1,6726,332.3129144414686
1,6727,299.43045713479137
1,6728,53.68016291325081
1,6729,148.38915407351175
1,6730,360.5641122713298
1,6731,39.540311478737415
1,6732,319.7676034370574
1,6733,40.00501789471944
1,6734,191.50519227980786
1,6735,50.478157661474995
1,6736,308.01642265309033
1,6737,313.06696316553723
1,6738,58.017637339283475
1,6739,184.87432259715206
1,6740,99.71498866736977
1,6741,218.43987031839765
1,6742,280.09012325853996
1,6743,292.84892136560984
1,6744,161.99527633660182
1,6745,314.2774811741872
1,6746,42.1615863644549
1,6747,321.17236345801143
1,6748,304.57592402471107
1,6749,35.363981231130744
1,6750,293.36120431672975
1,6751,177.19344357450296
1,6752,282.0697954672932
1,6753,50.206781387376196
1,6754,325.9906805389104
1,6755,308.1615520520829
1,6756,51.87127218420877
1,6757,36.842513914001316
1,6758,365.84339086722116
1,6759,40.053350341090734
1,6760,187.0519511573474
1,6761,315.12199831149417
1,6762,234.17125953493863
1,6763,548.7285492088887
1,6764,268.87385845264305
1,6765,306.17257230657975
1,6766,340.34055343241346
1,6767,372.2347001390649
1,6768,65.81692512500607
1,6769,54.65676828242995
1,6770,320.97696580479146
1,6771,310.13043026008313
1,6772,72.70222244411909
1,6773,294.828299723242
1,6774,63.957908709840794
1,6775,357.2813442287933
1,6776,310.555137426788
1,6777,69.56889294640753
1,6778,215.11189485358273
1,6779,75.96091066836061
1,6780,316.94168849684263
1,6781,336.3415900189378
1,6782,61.668503000004314
1,6783,307.8593183344065
1,6784,195.1845049460927
1,6785,320.9619024932235
1,6786,33.957636970117655
1,6787,268.7615866519229
1,6788,348.10135115087485
1,6789,319.0633001462499
1,6790,143.42085049936173
1,6791,38.33604588054
1,6792,237.13164501153264
1,6793,260.70630505422974
1,6794,94.11432478699903
1,6795,339.77766203296966
1,6796,314.4438036705537
1,6797,359.5243754761575
1,6798,63.3838392372318
1,6799,232.64543333727488
1,6800,326.48413643334845
1,6801,317.39843300118065
1,6802,203.38957115035458
1,6803,329.409121843374
1,6804,70.68422907587671
1,6805,150.7085252809211
1,6806,299.16965875608685
1,6807,66.70173595651545
1,6808,313.0285963412355
1,6809,67.9381396847856
1,6810,370.55065611377677
1,6811,83.79366469959908
1,6812,270.1122221790166
1,6813,139.810846366038
1,6814,108.70195172353476
1,6815,275.80066909816486
1,6816,10.036642933201055
1,6817,110.26155470411071
1,6818,37.91643540320562
1,6819,211.28380789315352
1,6820,36.19504141467004
1,6821,222.5326180644711
1,6822,39.868409390114515
1,6823,249.90042342904894
1,6824,210.6548277122842
1,6825,39.329486172948265
1,6826,122.70628237033554
1,6827,234.75170956498218
1,6828,194.97458851528557
1,6829,56.226898297566954
1,6830,364.27869808696545
1,6831,32.46537414663979
1,6832,333.68043010312925
1,6833,279.2118308369416
1,6834,49.26684042803916
1,6835,245.1657134212183
1,6836,44.44967302820916
1,6837,83.0279406548935
1,6838,299.0175843528583
1,6839,40.92363821479707
1,6840,41.79195945144363
1,6841,291.54983368548164
1,6842,39.15701566708202
1,6843,256.75911452602173
1,6844,82.1026395441435
1,6845,38.100367279325475
1,6846,300.92538094645363
1,6847,289.3322362096877
1,6848,291.2955677442784
1,6849,237.3867709002611
1,6850,236.95591530442
1,6851,337.06261157231427
1,6852,39.73195041035642
1,6853,327.7080961008002
1,6854,318.09632931432435
1,6855,28.828657892038528
1,6856,324.32158750212477
1,6857,285.7020652736776
1,6858,318.0170065039888
1,6859,136.8070644863371
1,6860,235.1841280560634
1,6861,166.42486495363423
1,6862,294.6148124228182
1,6863,247.79668301452247
1,6864,77.52135539851659
1,6865,223.10838277554348
1,6866,25.698349410454156
1,6867,260.4226221006951
1,6868,29.85133794550299
1,6869,134.57469383605763
1,6870,238.39353825606142
1,6871,135.1295222170555
1,6872,242.9640165637715
1,6873,74.63354696056528
1,6874,158.57748255246645
1,6875,84.72310838128304
1,6876,255.56761256112446
1,6877,66.59750535092476
1,6878,252.89261994345102
1,6879,68.35393793262418
1,6880,278.13984640445705
1,6881,240.76925705519628
1,6882,63.11387044719265
1,6883,152.33140434054098
1,6884,261.9866316693313
1,6885,174.73987010623105
1,6886,80.07702684884215
1,6887,272.15459540017764
1,6888,66.24165349190375
1,6889,279.587044570274
1,6890,298.19523538502216
1,6891,69.79043628586024
1,6892,112.18625558796342
1,6893,235.08755935745404
1,6894,38.38375615523509
1,6895,282.93042591280454
1,6896,35.863647031433004
1,6897,307.5808154863235
1,6898,338.40686408664783
1,6899,42.030991938238856
1,6900,250.83510720387886
1,6901,278.86096050476635
1,6902,40.6135397461944
1,6903,239.3150555504552
1,6904,44.499461011833645
1,6905,72.38798188061077
1,6906,312.1577661652469
1,6907,38.70460045944385
1,6908,44.687418237277576
1,6909,298.26037376841555
1,6910,39.42849516939236
1,6911,259.785087926262
1,6912,80.40504855762151
1,6913,38.796802917548995
1,6914,300.47221150679127
1,6915,316.30806011021457
1,6916,29.372058478844693
1,6917,314.7695888065751
1,6918,319.23630345203884
1,6919,25.763941542824778
1,6920,246.6580382843319
1,6921,265.8712589577926
1,6922,280.8585659519963
1,6923,292.7333611168543
1,6924,238.41148432607423
1,6925,221.22891903415538
1,6926,345.8902261110002
1,6927,39.67379622118265
1,6928,311.7165558543869
1,6929,47.97719999572769
1,6930,43.468135492068015
1,6931,260.8517238798822
1,6932,30.018238101380664
1,6933,126.12159060545818
1,6934,224.10669733803377
1,6935,181.7026953145334
1,6936,226.97765478183476
1,6937,80.86207019973632
1,6938,97.5429683863066
1,6939,226.73391011280665
1,6940,130.81422660761032
1,6941,128.94893421307526
1,6942,321.51702597831047
1,6943,39.6139686577689
1,6944,57.6667346650376
1,6945,284.58674958270797
1,6946,369.9519333707011
1,6947,260.01704048799434
1,6948,84.65481287040531
1,6949,363.2370389094183
1,6950,103.77586677580479
1,6951,394.870368696859
1,6952,270.68194896971204
1,6953,374.2447792444843
1,6954,177.03884925059322
1,6955,300.2970646301618
1,6956,56.30466677304626
1,6957,229.94049899200718
1,6958,292.0193319824243
1,6959,57.41729886959629
1,6960,313.4467693084274
1,6961,66.51743625624461
1,6962,155.38651517266436
1,6963,387.46797441067116
1,6964,305.11830229286295
1,6965,267.0257136985288
1,6966,61.341321265771334
1,6967,320.13421581229295
1,6968,163.68410449314274
1,6969,28.452698071449362
1,6970,319.7101234916929
1,6971,334.92641317491854
1,6972,39.01870711442544
1,6973,407.63087860510524
1,6974,42.03829006423228
1,6975,306.4567656202564
1,6976,26.14070345276462
1,6977,319.03319369838675
1,6978,209.30944298418666
1,6979,211.42490083585926
1,6980,299.84901940645943
1,6981,122.25751463486543
1,6982,191.40883490179397
1,6983,40.042233456127484
1,6984,320.819914305185
1,6985,39.46025929816844
1,6986,184.27151079601282
1,6987,49.52860994166327
1,6988,214.25752167960167
1,6989,326.0842939431051
1,6990,33.574263084119515
1,6991,280.49354472710763
1,6992,307.14868239129805
1,6993,14.984827255832442
1,6994,298.63339321516514
1,6995,40.66386395158591
1,6996,33.63462075929168
1,6997,396.17863587531735
1,6998,41.258076317091074
1,6999,28.121192152513185
1,7000,260.1464597915915
1,7001,281.14757417727435
1,7002,42.359627462944424
1,7003,254.85219897494028
1,7004,257.44734468250755
1,7005,263.45601233285265
1,7006,259.593617188701
1,7007,69.57009286559233
1,7008,366.90103261323964
1,7009,65.53723637993505
1,7010,235.74313414862897
1,7011,346.48009372009346
1,7012,281.1862279683536
1,7013,64.40705067102891
1,7014,333.9568304688338
1,7015,153.9402254634444
1,7016,75.84709453475729
1,7017,186.98921371056448
1,7018,385.23326865476406
1,7019,71.14623046685028
1,7020,285.3300710108924
1,7021,313.46344647856006
1,7022,69.14317417538936
1,7023,144.4085435215809
1,7024,198.1333851490369
1,7025,283.9957915190166
1,7026,70.4190912071189
1,7027,205.3920746256003
1,7028,316.0279068103663
1,7029,40.665757755283984
1,7030,48.95718738726644
1,7031,309.1690699816503
1,7032,297.714248504377
1,7033,21.003271792562987
1,7034,58.024108128596716
1,7035,125.05292959799593
1,7036,196.57315418987312
1,7037,48.10476524060793
1,7038,124.48519585035625
1,7039,246.07170090950058
1,7040,35.88852441669479
1,7041,45.059003443150125
1,7042,248.67668099002
1,7043,323.05258133293387
1,7044,201.8365755469162
1,7045,337.2571582199287
1,7046,52.33496874567827
1,7047,251.31175065975248
1,7048,323.2342277341598
1,7049,38.73694483983863
1,7050,324.6561351724623
1,7051,38.74147606945677
1,7052,185.70809986252473
1,7053,304.8862232105171
1,7054,124.2897827575046
1,7055,314.59365298282114
1,7056,77.72799675027665
1,7057,305.95121970247044
1,7058,291.9836507224667
1,7059,43.456867194725895
1,7060,176.15038727707028
1,7061,231.3980752099122
1,7062,39.279905692735774
1,7063,332.33813539786513
1,7064,39.80621932238284
1,7065,277.606361089562
1,7066,238.52991185986292
1,7067,314.61620625693126
1,7068,475.5703007403246
1,7069,47.412058847933466
1,7070,283.81369961962673
1,7071,167.70514751913794
1,7072,307.3273264682356
1,7073,251.46361330488315
1,7074,123.56127790740706
1,7075,287.35102330542384
1,7076,34.76847586522297
1,7077,291.1888625615961
1,7078,37.8671887997637
1,7079,362.06297613669165
1,7080,289.26569801254936
1,7081,35.33109627928778
1,7082,331.460279555076
1,7083,40.79464589820213
1,7084,286.8364101216681
1,7085,39.32724944661645
1,7086,335.2438214488879
1,7087,294.16535662507283
1,7088,23.737656576552823
1,7089,272.0183572942182
1,7090,265.1854272198235
1,7091,307.55083779951184
1,7092,38.881851615214686
1,7093,264.61827834797657
1,7094,36.42979595216913
1,7095,252.04878727899398
1,7096,47.704246752359566
1,7097,248.4691382351445
1,7098,433.3838731315653
1,7099,34.813258341899456
1,7100,296.7086164056971
1,7101,278.17081533776286
1,7102,326.2270533744202
1,7103,49.62736317012204
1,7104,328.84165104144427
1,7105,284.7231302076286
1,7106,60.12693224818993
1,7107,137.53749730603332
1,7108,376.00034372628045
1,7109,563.7304684042298
1,7110,61.96100334755222
1,7111,275.80572025743595
1,7112,262.72269710862963
1,7113,306.0802201166606
1,7114,106.92936606853473
1,7115,274.1368830716462
1,7116,303.5662363154813
1,7117,178.04077718223311
1,7118,350.02975673550657
1,7119,304.95459995072
1,7120,205.81616409403796
1,7121,326.8964329981666
1,7122,63.93783162475439
1,7123,291.5266475148599
1,7124,98.70909254953646
1,7125,60.88554235751293
1,7126,225.73057668303187
1,7127,143.91831088937957
1,7128,256.0311835667046
1,7129,298.81305019417846
1,7130,323.3391902002338
1,7131,296.4663250403278
1,7132,71.8474626920781
1,7133,346.79367803964027
1,7134,37.369066754724116
1,7135,181.58629124469803
1,7136,39.542344130895245
1,7137,33.01410637838333
1,7138,224.45719832396423
1,7139,198.70826391465235
1,7140,43.632368387131564
1,7141,260.1646207479696
1,7142,75.88463851294912
1,7143,205.64424519117776
1,7144,372.20644319933194
1,7145,289.0115421354797
1,7146,135.29138945515217
1,7147,65.53076642867327
1,7148,327.2814429045767
1,7149,251.05221675080818
1,7150,284.7939247317262
1,7151,39.98207202256135
1,7152,336.7569779250783
1,7153,265.5562692526265
1,7154,200.5268534016634
1,7155,160.85730280494514
1,7156,210.33827635549767
1,7157,248.93228989534214
1,7158,220.6689080050068
1,7159,132.64396460936848
1,7160,308.19927230217354
1,7161,273.0252723061105
1,7162,39.362000516115465
1,7163,146.28087655496847
1,7164,206.0641968963834
1,7165,227.568810567415
1,7166,309.52620804540584
1,7167,162.66667238474145
1,7168,66.58824692847662
1,7169,260.97161840231263
1,7170,42.20684659744219
1,7171,57.58127135195974
1,7172,222.56329105769635
1,7173,33.3794631985517
1,7174,233.77794492938426
1,7175,254.54833619265898
1,7176,53.297620312278056
1,7177,169.6270825466437
1,7178,295.8632424839325
1,7179,69.28280629882505
1,7180,198.45340755635573
1,7181,73.90918389239368
1,7182,236.78121293705067
1,7183,74.9856962565395
1,7184,341.3258047849074
1,7185,182.8474200657625
1,7186,62.60620746264265
1,7187,262.0412203310887
1,7188,277.8219398100581
1,7189,51.165319738208055
1,7190,54.26779510625255
1,7191,256.8857216405296
1,7192,172.49234435417185
1,7193,261.6743788841247
1,7194,255.44924247784633
1,7195,238.1837835207932
1,7196,313.6636637734884
1,7197,165.63921525605303
1,7198,28.521760391796775
1,7199,175.44830733033365
1,7200,255.66807426370957
1,7201,334.6658794133454
1,7202,159.97603727055878
1,7203,306.7179305430774
1,7204,268.8861716422439
1,7205,42.57964280082529
1,7206,113.23755506024374
1,7207,32.6589377317958
1,7208,75.30506386870208
1,7209,310.47879270532576
1,7210,329.6750801809101
1,7211,229.75039127722025
1,7212,41.09609851743565
1,7213,118.95234062249446
1,7214,35.6946810694203
1,7215,320.0411557274913
1,7216,38.66782908727635
1,7217,183.07370455715392
1,7218,210.62094653960355
1,7219,254.02736731167087
1,7220,171.30097479778158
1,7221,318.9172638145551
1,7222,286.79315865511995
1,7223,47.177384552493145
1,7224,28.239322528496146
1,7225,285.6322023472494
1,7226,35.11475604647624
1,7227,41.86378964677543
1,7228,239.49178447993813
1,7229,29.106275190741485
1,7230,376.4336587491694
1,7231,42.50192889726166
1,7232,294.52055803787744
1,7233,229.45989415213472
1,7234,242.69703818354395
1,7235,98.91365602817355
1,7236,261.9988590543967
1,7237,13.538598257202771
1,7238,314.79589764927886
1,7239,95.83574091949077
1,7240,184.44340467901242
1,7241,139.0506819290325
1,7242,73.24004599058792
1,7243,362.77852223917273
1,7244,39.79387983945027
1,7245,119.32757916907019
1,7246,269.6447562281235
1,7247,100.62894902615992
1,7248,384.1831736229373
1,7249,34.75537707715775
1,7250,243.02907360709887
1,7251,265.3651397127703
1,7252,180.08214869473818
1,7253,209.31571572152677
1,7254,355.6505392051656
1,7255,210.31440416332484
1,7256,95.99069006724355
1,7257,285.37353591258875
1,7258,265.9591155138981
1,7259,62.489021724095544
1,7260,238.8508762039583
1,7261,66.34669978363056
1,7262,292.5427908893783
1,7263,284.4916529605977
1,7264,139.36851371236583
1,7265,387.53310436711547
1,7266,166.37441242974245
1,7267,320.2003196335985
1,7268,312.65810768976115
1,7269,337.5947860446822
1,7270,307.5650763379849
1,7271,67.29845404806673
1,7272,116.28103117789873
1,7273,245.76606595614084
1,7274,247.15047047977185
1,7275,75.37830256219691
1,7276,252.73847214059168
1,7277,112.40668527065236
1,7278,316.3406498497057
1,7279,264.40512247883356
1,7280,225.44180135983603
1,7281,62.80666431052071
1,7282,27.017003377446382
1,7283,315.1586292176356
1,7284,270.9039640113298
1,7285,40.158267610000784
1,7286,271.058246310089
1,7287,75.47297568954994
1,7288,318.8588320065248
1,7289,292.42252099028985
1,7290,30.571214304047274
1,7291,264.59183313257296
1,7292,155.72987937731486
1,7293,255.89390170541606
1,7294,40.6463679312165
1,7295,312.56004689522706
1,7296,40.165850724161764
1,7297,374.7733323963705
1,7298,39.85324655006886
1,7299,181.12165737396057
1,7300,204.04239438802296
1,7301,125.3478320224298
1,7302,239.67080205679244
1,7303,307.5299496033083
1,7304,40.342135468975854
1,7305,322.53637990304253
1,7306,153.6825580759691
1,7307,316.77023195140487
1,7308,245.16384291379106
1,7309,118.35363132636016
1,7310,156.23970958920694
1,7311,96.37732864354523
1,7312,311.1442510673294
1,7313,372.32768609363666
1,7314,43.638644694838845
1,7315,253.5180325254882
1,7316,33.10706809918983
1,7317,77.9591149645429
1,7318,333.0134991809991
1,7319,114.44743027139023
1,7320,111.68936637410233
1,7321,97.38749155934163
1,7322,162.19008611854875
1,7323,227.97629452185362
1,7324,28.78698259243395
1,7325,261.5790180906963
1,7326,75.05598045544244
1,7327,333.269383249784
1,7328,42.58860570787332
1,7329,78.19653530203684
1,7330,109.59138901317542
1,7331,36.41585424816253
1,7332,111.61194020231116
1,7333,46.75628087629657
1,7334,76.50096696916529
1,7335,264.47211726949286
1,7336,37.1713521526691
1,7337,257.333687899834
1,7338,316.105746544285
1,7339,118.16047701558779
1,7340,50.35053581029519
1,7341,263.40849337986185
1,7342,249.30853170764584
1,7343,32.788326859488755
1,7344,281.493149214193
1,7345,38.98846929479376
1,7346,288.4414884337954
1,7347,47.52401556246434
1,7348,127.60974154555774
1,7349,375.8401092784875
1,7350,320.68607015384185
1,7351,50.47325189085811
1,7352,172.11035373903164
1,7353,124.33013695364974
1,7354,272.38059471612934
1,7355,45.2398934411028
1,7356,292.04372816204676
1,7357,50.1624118512007
1,7358,276.7670115918366
1,7359,51.46625457416738
1,7360,179.01224039905713
1,7361,204.31781403149446
1,7362,343.75071810663485
1,7363,300.6928919700552
1,7364,69.46118825356871
1,7365,231.89314864766075
1,7366,240.16973371475632
1,7367,270.97680435454714
1,7368,369.1742650432477
1,7369,146.00697023383609
1,7370,328.2009098304484
1,7371,65.68766964681441
1,7372,385.70761586864256
1,7373,75.59259261656958
1,7374,339.2685481826808
1,7375,61.39189052939618
1,7376,258.445531637826
1,7377,65.97456772475392
1,7378,100.66020013181728
1,7379,281.4852674786699
1,7380,68.70381132997781
1,7381,64.54002321576789
1,7382,77.53688228721964
1,7383,181.70573986447755
1,7384,40.5883659096232
1,7385,104.76924997270552
1,7386,40.81737201511622
1,7387,260.2806821902565
1,7388,91.74915850958949
1,7389,81.81548468769705
1,7390,281.42960140826887
1,7391,108.95549192522526
1,7392,44.188537847277175
1,7393,299.58154850175777
1,7394,286.08227446505055
1,7395,49.758649903074506
1,7396,129.9145581169573
1,7397,39.1373313885835
1,7398,237.29280601459135
1,7399,232.64679197154925
1,7400,121.39041007709505
1,7401,342.76112376751513
1,7402,43.94611447581078
1,7403,84.42451138060696
1,7404,325.1831045434713
1,7405,277.6041367941446
1,7406,63.668531673231556
1,7407,260.87106839735907
1,7408,44.90741759970487
1,7409,254.02148182056538
1,7410,44.15601673187779
1,7411,292.561534934998
1,7412,327.17061281170834
1,7413,39.70152500147739
1,7414,314.04092116036156
1,7415,45.01594847899531
1,7416,242.46235427004405
1,7417,287.96521061578716
1,7418,322.58209346425866
1,7419,45.613801790138005
1,7420,233.0290711963553
1,7421,146.82158914995287
1,7422,44.97748545218493
1,7423,328.2197263406036
1,7424,42.23758713488503
1,7425,296.161651200099
1,7426,43.38444261560766
1,7427,292.56121708945466
1,7428,116.14809498800099
1,7429,13.482646234714268
1,7430,278.0094374015672
1,7431,319.0577559006332
1,7432,257.0297394042441
1,7433,32.31673527482671
1,7434,62.561152289162
1,7435,289.823295996767
1,7436,271.210366758057
1,7437,59.034856523167306
1,7438,275.3300204118042
1,7439,118.98323802868467
1,7440,111.34603940280458
1,7441,405.76674575585
1,7442,81.10249967207969
1,7443,39.97859138038211
1,7444,297.2384918679037
1,7445,194.69228864995688
1,7446,337.69035864173793
1,7447,42.48481208232144
1,7448,293.8880528780901
1,7449,156.01671982619445
1,7450,309.3391269410498
1,7451,47.69105174061306
1,7452,314.93858317380966
1,7453,268.7784729579754
1,7454,347.06090590964413
1,7455,347.4661244621985
1,7456,341.30982865236456
1,7457,74.47971516059647
1,7458,141.64453901453282
1,7459,85.40375987510942
1,7460,236.43933639676183
1,7461,179.21045855726294
1,7462,292.8454480178475
1,7463,67.22952657374296
1,7464,230.04060942292477
1,7465,94.98908670973881
1,7466,311.7809278456107
1,7467,63.28024141243457
1,7468,287.0482581095996
1,7469,231.3429909504996
1,7470,57.69902825777396
1,7471,330.607753016006
1,7472,208.60929682493264
1,7473,236.65694663513875
1,7474,322.03782431070624
1,7475,38.08430478958942
1,7476,288.5627532695272
1,7477,301.38333439074813
1,7478,201.419002515995
1,7479,410.90881400251317
1,7480,122.4807409750967
1,7481,284.2912122408575
1,7482,40.44803688709394
1,7483,251.8192452028589
1,7484,219.5482535196527
1,7485,115.85335971300088
1,7486,43.774052588977874
1,7487,269.0225612832369
1,7488,233.95633581596738
1,7489,247.41993812603033
1,7490,208.03456106122985
1,7491,21.706313822826687
1,7492,282.9986900571444
1,7493,224.19994676164254
1,7494,28.175671021044828
1,7495,290.9740689013622
1,7496,271.89573579219456
1,7497,175.9922170674159
1,7498,176.23445328725722
1,7499,288.0701507554517
1,7500,322.3066014682697
1,7501,120.94688197206355
1,7502,26.959983316989423
1,7503,345.15378344256465
1,7504,40.1514327828926
1,7505,333.37098210973494
1,7506,42.90201339503894
1,7507,330.1726775148462
1,7508,41.213214867138866
1,7509,49.72780318328289
1,7510,269.4743852969102
1,7511,293.95833923123394
1,7512,43.736501875629926
1,7513,177.66839359310654
1,7514,34.464447698860106
1,7515,253.34234830719907
1,7516,81.41406531342298
1,7517,113.97483345981097
1,7518,126.11643948734321
1,7519,229.54766234866378
1,7520,318.6794541489752
1,7521,62.55544095707763
1,7522,43.285509832531794
1,7523,77.62559956176686
1,7524,337.00865510345596
1,7525,31.991266746839777
1,7526,265.44561750895764
1,7527,164.79533073797882
1,7528,293.6909478683693
1,7529,60.698215052379815
1,7530,277.43507541297856
1,7531,198.32754833284423
1,7532,346.7182585367152
1,7533,91.94925928487693
1,7534,43.87572125966546
1,7535,321.3608718876859
1,7536,126.82122011323078
1,7537,326.26020198321004
1,7538,230.23644165409468
1,7539,178.87220388554636
1,7540,312.1639413347533
1,7541,91.50627601396808
1,7542,327.02764643493396
1,7543,59.0448335082698
1,7544,404.29901612549963
1,7545,55.53205459467834
1,7546,367.7806038372405
1,7547,280.98528596301406
1,7548,269.82921409284836
1,7549,323.8215361625078
1,7550,247.5532162892285
1,7551,60.29760988385631
1,7552,259.1221824611774
1,7553,278.1499921371766
1,7554,64.68965305010238
1,7555,293.1658807252511
1,7556,152.35677798953506
1,7557,160.31017169653413
1,7558,337.1851831022904
1,7559,431.39294552917835
1,7560,71.87435197185471
1,7561,161.6259823381755
1,7562,289.4603025183133
1,7563,208.93355470206416
1,7564,263.914621685625
1,7565,27.09005232824058
1,7566,244.2104238011319
1,7567,146.53952063293985
1,7568,38.533134300154494
1,7569,45.523445266341845
1,7570,337.7318652844384
1,7571,48.57844931312854
1,7572,213.79502905071047
1,7573,342.7180041776393
1,7574,21.244156513611742
1,7575,303.6916082744659
1,7576,42.74939311330975
1,7577,369.8655579770069
1,7578,66.8038585050736
1,7579,285.7427565891014
1,7580,47.07482357231759
1,7581,329.4709488130245
1,7582,120.09192663406425
1,7583,222.370253033449
1,7584,298.6623320275772
1,7585,33.52232976254217
1,7586,196.98576967930944
1,7587,323.3733379522288
1,7588,72.84009011617125
1,7589,202.3791045252256
1,7590,101.29031533893695
1,7591,280.7111518445869
1,7592,270.46493842719923
1,7593,41.37229113947328
1,7594,274.43269590568326
1,7595,198.2186124415503
1,7596,205.04935406326405
1,7597,270.8662438245178
1,7598,74.12927965689765
1,7599,354.8253521740543
1,7600,48.440158723625956
1,7601,190.49733670703344
1,7602,34.86073950465374
1,7603,356.8560899764087
1,7604,218.90648444171148
1,7605,278.66259886833933
1,7606,49.065632016056625
1,7607,239.89301752747645
1,7608,145.1505590108626
1,7609,371.1163939146114
1,7610,45.260087973749265
1,7611,402.1629931457587
1,7612,47.76593767630912
1,7613,292.606372710317
1,7614,330.38701830029015
1,7615,323.8617416074952
1,7616,207.2169616937946
1,7617,82.25968510548714
1,7618,54.544190504452416
1,7619,338.8874042283352
1,7620,52.18348739471256
1,7621,358.1539730272442
1,7622,170.14905030325124
1,7623,271.3518800477941
1,7624,47.06014276603139
1,7625,291.2564917297793
1,7626,117.28158765533023
1,7627,166.22375461119657
1,7628,282.3235098091942
1,7629,257.03264214363173
1,7630,436.17023580072436
1,7631,32.25295213837058
1,7632,119.74939256537766
1,7633,323.91338984501533
1,7634,343.3048824411378
1,7635,413.3769123794144
1,7636,389.95901930556363
1,7637,371.68431215230436
1,7638,378.5856535440337
1,7639,58.21026907351524
1,7640,344.2711843187914
1,7641,58.08578599759197
1,7642,332.4438677445522
1,7643,185.90442923193385
1,7644,349.39320217369755
1,7645,88.33989056064152
1,7646,246.20271748543095
1,7647,269.4990081122556
1,7648,56.38933286749382
1,7649,240.4266344365933
1,7650,326.7313388896541
1,7651,86.61848933455168
1,7652,346.9722008872002
1,7653,74.87532814885127
1,7654,156.7589483123661
1,7655,310.2467526170759
1,7656,360.79908706836466
1,7657,357.2775520802804
1,7658,149.87071927858867
1,7659,36.58735005493597
1,7660,102.2195535578303
1,7661,37.560302185229475
1,7662,218.54369680808816
1,7663,306.22732505048356
1,7664,338.88130598667067
1,7665,130.42344066884803
1,7666,352.5077733463047
1,7667,56.3714288092186
1,7668,273.00518389887566
1,7669,165.1303578882177
1,7670,329.4416229892613
1,7671,47.93556614389696
1,7672,267.5458228955133
1,7673,54.18281543783421
1,7674,201.74160879678834
1,7675,43.86983279049
1,7676,261.64732725034514
1,7677,305.82578210722943
1,7678,336.2495821180015
1,7679,384.3001127582413
1,7680,323.2206369216821
1,7681,248.21974412017823
1,7682,95.34798540795418
1,7683,290.28034292378163
1,7684,374.28186800021155
1,7685,326.5074326670915
1,7686,49.11884060658231
1,7687,361.17255349385084
1,7688,37.36415457665069
1,7689,344.03884373960614
1,7690,247.00735524166532
1,7691,46.79270792923752
1,7692,218.9884393430438
1,7693,358.34801831128243
1,7694,175.59953399247732
1,7695,340.5993772170615
1,7696,386.6308683474974
1,7697,365.3051767189501
1,7698,323.9475230475107
1,7699,140.4130466124078
1,7700,132.0764033104157
1,7701,348.70568285118316
1,7702,236.35281198355295
1,7703,266.0327291673419
1,7704,232.90278890213892
1,7705,136.49892376151553
1,7706,328.9307113151072
1,7707,58.248199042836596
1,7708,336.14687203337644
1,7709,285.366947656884
1,7710,277.1410501632788
1,7711,354.44489449062075
1,7712,370.10570153756254
1,7713,66.99603565644657
1,7714,294.07551520344595
1,7715,99.10939595170863
1,7716,327.2038035029567
1,7717,67.6749059375433
1,7718,310.7949926303801
1,7719,89.22586539226226
1,7720,327.7330736958888
1,7721,274.58958757047236
1,7722,75.47839449600885
1,7723,368.1412763953045
1,7724,295.52375936007866
1,7725,333.3849803123682
1,7726,314.8232317965891
1,7727,354.12243837629416
1,7728,58.26183430962732
1,7729,287.4952520528048
1,7730,46.08110813630897
1,7731,265.5248791819055
1,7732,341.9550647238752
1,7733,39.316390084571566
1,7734,175.63063500771813
1,7735,281.75132764401303
1,7736,53.909376327942155
1,7737,170.19291977867516
1,7738,47.72732268110131
1,7739,519.1890107014132
1,7740,54.32026149253002
1,7741,310.77239434300975
1,7742,69.58899961036761
1,7743,438.3096273869817
1,7744,56.38641319171687
1,7745,178.7934047390522
1,7746,355.56698066418505
1,7747,348.5899833738606
1,7748,49.93547916967511
1,7749,51.092489278434
1,7750,315.21580402525575
1,7751,56.73840515715256
1,7752,286.714098250946
1,7753,50.24510216181409
1,7754,95.48341478539817
1,7755,417.60682225696587
1,7756,45.86510651336742
1,7757,434.3373387774749
1,7758,48.653910033288795
1,7759,308.56120421687115
1,7760,126.55336509928523
1,7761,324.3769527828426
1,7762,276.8653194533531
1,7763,289.36877977992566
1,7764,100.98576636095436
1,7765,195.5800903672652
1,7766,379.83288564929154
1,7767,47.63277190263397
1,7768,286.8702188615103
1,7769,240.48557732355226
1,7770,306.12011376543563
1,7771,124.67993911869519
1,7772,64.45906505933826
1,7773,323.7984256893028
1,7774,307.8216612495289
1,7775,33.73614245482356
1,7776,215.12531415538513
1,7777,219.4837841664175
1,7778,305.71161968098164
1,7779,136.27721610320495
1,7780,32.82217300374675
1,7781,332.63012202856737
1,7782,120.15466191437534
1,7783,323.3969294912276
1,7784,282.2563469948741
1,7785,298.2284884618549
1,7786,197.48245778699143
1,7787,341.8560828942984
1,7788,124.35834028755323
1,7789,165.94578266749198
1,7790,47.686298087909925
1,7791,256.2105012815658
1,7792,49.56165063723114
1,7793,285.95585432642815
1,7794,52.49943504922666
1,7795,57.65736721801192
1,7796,309.7152893955122
1,7797,266.5805366052635
1,7798,272.2413346702117
1,7799,405.53439076197594
1,7800,158.77614812455593
1,7801,326.71579872960365
1,7802,65.9702823822837
1,7803,336.2075439094814
1,7804,75.18378814798344
1,7805,221.44834513111363
1,7806,267.28034455035333
1,7807,292.9766863094373
1,7808,234.15982500014695
1,7809,370.6380522428527
1,7810,363.5525421560061
1,7811,401.0738846230996
1,7812,395.3689212543404
1,7813,411.0405178743148
1,7814,354.74391196144944
1,7815,266.0961287921157
1,7816,75.14048883045496
1,7817,338.4749509496346
1,7818,64.5603773131728
1,7819,292.1334462212201
1,7820,313.9232338781401
1,7821,347.8983524861478
1,7822,57.08624778644075
1,7823,355.0515435747901
1,7824,353.57774912404017
1,7825,271.5015510355938
1,7826,355.2851014197114
1,7827,363.73348562008033
1,7828,87.53879764172785
1,7829,66.32252270354527
1,7830,52.88006745393482
1,7831,269.0424282700558
1,7832,266.89957966467796
1,7833,312.7414163157364
1,7834,254.9164518175471
1,7835,383.2488367143319
1,7836,292.628737002637
1,7837,351.048030728651
1,7838,350.74046392249704
1,7839,34.06975091444936
1,7840,265.23866281720774
1,7841,299.85292945726195
1,7842,329.854114388996
1,7843,343.189322448322
1,7844,343.94546165162035
1,7845,36.99279348505573
1,7846,271.14570897132614
1,7847,385.4783866055806
1,7848,80.27994396150572
1,7849,275.62929065003885
1,7850,415.92257138543096
1,7851,409.50257368508045
1,7852,399.562488276032
1,7853,371.3305869224364
1,7854,68.51087996499915
1,7855,334.21456758683405
1,7856,350.38334652500714
1,7857,301.6880033680442
1,7858,74.56554887395265
1,7859,265.1581924405532
1,7860,246.49170371712114
1,7861,328.9948959354448
1,7862,333.396106034144
1,7863,52.19600601989801
1,7864,340.8146956050628
1,7865,42.16691688457312
1,7866,360.74353915194024
1,7867,363.3382162788182
1,7868,377.41823023564314
1,7869,32.687219514974736
1,7870,36.0149416152116
1,7871,313.00671468904045
1,7872,37.98968365808766
1,7873,313.0404581209184
1,7874,263.44050225875856
1,7875,354.350972970549
1,7876,186.93202292203586
1,7877,357.7921631001617
1,7878,221.09953970876936
1,7879,285.59536408903705
1,7880,73.50809771005802
1,7881,181.926803285689
1,7882,340.41060185816184
1,7883,123.68801643662434
1,7884,211.5808519714543
1,7885,282.33683949744085
1,7886,154.95518036497464
1,7887,78.19883906696302
1,7888,378.50685224239635
1,7889,331.96892349893477
1,7890,282.18634360918156
1,7891,168.02159645080945
1,7892,222.04036884882697
1,7893,125.30942961884642
1,7894,210.21816923989178
1,7895,293.14741902590436
1,7896,46.88325047322295
1,7897,328.01228170983643
1,7898,47.62663500504986
1,7899,271.8749428176768
1,7900,52.737674469093534
1,7901,98.66660528256503
1,7902,236.7978010098925
1,7903,330.1816381678653
1,7904,164.42882486673346
1,7905,326.1050525248269
1,7906,245.55387672488547
1,7907,73.4094566539666
1,7908,276.75091036231174
1,7909,307.4038223550449
1,7910,84.16430634998669
1,7911,259.5707047193746
1,7912,268.0831029312125
1,7913,361.90390944823173
1,7914,260.5039394418068
1,7915,285.85639889717834
1,7916,47.69942474823769
1,7917,368.54560127256514
1,7918,58.457615083074316
1,7919,240.20185359406855
1,7920,57.41807514387094
1,7921,257.33879580564655
1,7922,215.22839338220848
1,7923,358.25754243447375
1,7924,46.876421401971065
1,7925,270.06302816308465
1,7926,601.6491581126845
1,7927,450.0581302182074
1,7928,401.65980149985774
1,7929,383.6392396379107
1,7930,64.93078573860218
1,7931,427.3532484701923
1,7932,371.56498765973674
1,7933,344.3816086659511
1,7934,296.93269100591795
1,7935,376.53622254182727
1,7936,92.16333592390635
1,7937,72.02132260412117
1,7938,502.08575220279636
1,7939,302.66270615665053
1,7940,401.8720061216771
1,7941,369.46433424681646
1,7942,318.1436034461151
1,7943,339.91789354491107
1,7944,346.8542531505949
1,7945,240.8783488137803
1,7946,346.54404342586514
1,7947,265.89770999585
1,7948,449.4716901627538
1,7949,346.8664486348158
1,7950,286.70799355294895
1,7951,382.7278140862304
1,7952,71.80486931720802
1,7953,353.00013136628456
1,7954,333.1853237714947
1,7955,318.4314809909555
1,7956,439.7783441832707
1,7957,190.91399752837003
1,7958,237.50940397762426
1,7959,338.009025572637
1,7960,34.343675084991716
1,7961,131.3614142114072
1,7962,326.8327517776811
1,7963,350.4876269315031
1,7964,348.82427351313765
1,7965,286.224646727088
1,7966,329.1982974497181
1,7967,325.2623750635098
1,7968,46.86004318961206
1,7969,45.20072130196824
1,7970,442.04004930630026
1,7971,153.702025474804
1,7972,327.36910202186425
1,7973,370.8688170126143
1,7974,45.77520199610558
1,7975,344.87487789848706
1,7976,43.61402106878666
1,7977,122.70553109355959
1,7978,211.86653945567838
1,7979,270.36415195404857
1,7980,288.342670774103
1,7981,58.66957634049061
1,7982,333.32149860933333
1,7983,95.64427771954792
1,7984,345.42914745792626
1,7985,356.1921125143982
1,7986,78.1837512681611
1,7987,76.88269760162622
1,7988,483.3796505745478
1,7989,338.8565299263141
1,7990,75.00970714468534
1,7991,347.20103408902133
1,7992,315.6806304018894
1,7993,374.10365214548585
1,7994,73.91113618720203
1,7995,270.90515977312725
1,7996,70.33037721030789
1,7997,363.57476049742354
1,7998,165.6308317160602
1,7999,360.04237718070544
1,8000,337.48477921576773
1,8001,325.6425584400455
1,8002,309.21469939530107
1,8003,487.77053950123695
1,8004,325.9776441041735
1,8005,368.7129999174093
1,8006,335.31237018654804
1,8007,541.1679369738814
1,8008,37.075671604019156
1,8009,255.06615438410122
1,8010,45.306638288212966
1,8011,373.4584405314449
1,8012,354.45458346670387
1,8013,32.938163727036866
1,8014,277.53086035555197
1,8015,52.23616811243608
1,8016,282.93465543704235
1,8017,133.81030383183474
1,8018,263.8644841014371
1,8019,48.42549653642138
1,8020,351.74941333454865
1,8021,46.652299314790675
1,8022,350.7603148334408
1,8023,55.673020501943256
1,8024,42.26086432412376
1,8025,338.0616786589176
1,8026,175.000906353292
1,8027,323.9116325736864
1,8028,259.3420785415431
1,8029,260.38996713749964
1,8030,325.0602207986945
1,8031,412.93515881938515
1,8032,372.4649268948
1,8033,71.35521020409902
1,8034,406.86423858072146
1,8035,78.29531741533069
1,8036,71.25263109654725
1,8037,413.6473740997389
1,8038,91.3223828761208
1,8039,392.3099768071552
1,8040,341.7140260995657
1,8041,83.98390853129791
1,8042,337.5685764934442
1,8043,304.67315503275256
1,8044,78.89616863042443
1,8045,272.69998709137775
1,8046,73.19020729979803
1,8047,373.82915106437247
1,8048,345.76478685278175
1,8049,326.73477099561046
1,8050,331.22426484678056
1,8051,174.20649446816282
1,8052,287.7040046352233
1,8053,322.0494559533856
1,8054,379.81903536258295
1,8055,317.87314137279316
1,8056,296.97466479890295
1,8057,201.73643002332733
1,8058,21.568349919992237
1,8059,149.84016041402683
1,8060,387.85799842348297
1,8061,361.536291461658
1,8062,53.91179337308722
1,8063,200.1644674316055
1,8064,338.051070573817
1,8065,29.802206685334234
1,8066,314.7049076953782
1,8067,69.11585767235786
1,8068,339.6476010867134
1,8069,293.1195239432342
1,8070,136.53667828083553
1,8071,48.57651297757981
1,8072,258.06073473982565
1,8073,63.90386466454905
1,8074,303.61508818231346
1,8075,267.6733811770235
1,8076,310.220209962196
1,8077,327.6244853999601
1,8078,122.78376570946625
1,8079,320.93073918878736
1,8080,457.88901339918584
1,8081,333.3273397338115
1,8082,295.83140253063027
1,8083,96.32651667801198
1,8084,310.35693513860156
1,8085,312.59306917119125
1,8086,353.5541355411576
1,8087,337.6341176034966
1,8088,73.59113986982047
1,8089,279.6939725931952
1,8090,285.3157467549147
1,8091,75.75920740564379
1,8092,317.50605045687985
1,8093,74.05890048802696
1,8094,63.109657155486374
1,8095,346.8874905567835
1,8096,220.1909788548839
1,8097,45.989380188790356
1,8098,46.24626241241339
1,8099,201.4193796289276
1,8100,134.59326129579603
1,8101,47.59610692661768
1,8102,249.2562005913398
1,8103,256.226473643257
1,8104,52.18491444814045
1,8105,338.01495476171107
1,8106,14.505505178508928
1,8107,55.23076697788984
1,8108,336.3589207594316
1,8109,48.67233988170104
1,8110,316.1560048989246
1,8111,392.84084466895797
1,8112,140.72988912281565
1,8113,383.9333200239163
1,8114,47.86553512608768
1,8115,299.5834568203875
1,8116,255.30139707998964
1,8117,426.0044131393036
1,8118,198.23352476461008
1,8119,327.92553705332915
1,8120,333.4086302983595
1,8121,133.63514691279593
1,8122,317.59313194817594
1,8123,47.96152623671362
1,8124,449.13337680668866
1,8125,49.159749768436065
1,8126,36.460596968475144
1,8127,307.3804885267074
1,8128,368.4573274837655
1,8129,164.72680061690295
1,8130,260.82170800422875
1,8131,213.66427938372058
1,8132,383.56463434119325
1,8133,47.83376929504397
1,8134,289.8839022517867
1,8135,72.85811170584259
1,8136,342.4332240768922
1,8137,289.6370302029715
1,8138,132.55306031307933
1,8139,366.1114189338557
1,8140,315.96947808072474
1,8141,220.7544056770933
1,8142,313.6418121808284
1,8143,175.9980910215965
1,8144,525.1958432232395
1,8145,328.70102513110805
1,8146,460.648071410117
1,8147,469.5735057337905
1,8148,303.4585919931948
1,8149,37.42331251928855
1,8150,323.38734152130405
1,8151,296.74013422088274
1,8152,311.239790861961
1,8153,365.23044443355036
1,8154,43.94403352858122
1,8155,347.81803446320987
1,8156,329.1669049282415
1,8157,325.4149713376564
1,8158,343.9799160431945
1,8159,353.13055058896634
1,8160,180.3153212378532
1,8161,313.87006025877474
1,8162,342.02399854593517
1,8163,319.1343038153882
1,8164,332.9915893430508
1,8165,271.5652073091098
1,8166,214.29370979761217
1,8167,368.3259046733676
1,8168,76.74963840450098
1,8169,292.1470880211531
1,8170,358.4473829115728
1,8171,215.91338153963838
1,8172,338.4101882848554
1,8173,69.93827286215284
1,8174,63.42255827931627
1,8175,97.28866353995073
1,8176,122.71628773605076
1,8177,300.59674696812885
1,8178,294.56107663211446
1,8179,73.85555158161611
1,8180,277.849433936791
1,8181,64.44543968521461
1,8182,328.40640499699566
1,8183,276.1564878938168
1,8184,243.5435468308625
1,8185,64.95382507828563
1,8186,274.5459292600538
1,8187,40.21767075327776
1,8188,336.7772461643025
1,8189,47.86384131397527
1,8190,268.16313243668174
1,8191,22.959398399233525
1,8192,292.1864757325826
1,8193,267.7380540936504
1,8194,299.01237734002314
1,8195,283.1171651579308
1,8196,68.79375511820676
1,8197,170.56679167040355
1,8198,45.72968133296957
1,8199,367.3195894424633
1,8200,360.5395669936189
1,8201,32.79044637654705
1,8202,250.09478519164284
1,8203,61.19879568498975
1,8204,45.11538837624928
1,8205,152.64804969975862
1,8206,50.30196166613638
1,8207,201.00454641961895
1,8208,49.697236202533986
1,8209,299.77410856223287
1,8210,64.22756749981913
1,8211,285.89415159540636
1,8212,166.54808074859613
1,8213,338.5324393045845
1,8214,47.859094098265416
1,8215,291.9038460622463
1,8216,197.54225399039467
1,8217,288.7294288467965
1,8218,77.94812536903515
1,8219,270.465005042191
1,8220,45.705707793634986
1,8221,80.94488156783258
1,8222,302.4473866843241
1,8223,103.0000862747271
1,8224,286.0932393936476
1,8225,126.64732381886944
1,8226,52.26151616830121
1,8227,242.80194130452898
1,8228,315.0082241745216
1,8229,307.87840617281535
1,8230,397.6131485717588
1,8231,209.18115830659045
1,8232,46.73131238363261
1,8233,237.40108171701831
1,8234,300.000616320506
1,8235,366.1894409777374
1,8236,289.96964193416613
1,8237,49.176858532022955
1,8238,288.86787907712215
1,8239,28.804865460130607
1,8240,289.0802146645176
1,8241,248.21821205538322
1,8242,34.04565350068125
1,8243,365.7143494617167
1,8244,45.708631460294825
1,8245,304.79421983487407
1,8246,778.2530585508746
1,8247,369.42395750003146
1,8248,214.16625709604537
1,8249,344.4024853662423
1,8250,269.7635881892984
1,8251,230.39943518536916
1,8252,380.262000746912
1,8253,179.91731123051238
1,8254,318.5201244682246
1,8255,68.48950950901319
1,8256,238.9879058962137
1,8257,234.51076671446538
1,8258,383.8117695883955
1,8259,358.1796143477359
1,8260,68.85899031901168
1,8261,364.68107057010866
1,8262,317.0249417002136
1,8263,93.13853761244175
1,8264,346.4316467092666
1,8265,337.4733324852597
1,8266,75.91683344946165
1,8267,266.94642409743847
1,8268,352.31655902735525
1,8269,50.539059904515184
1,8270,305.8629292074211
1,8271,386.4404431704446
1,8272,376.1299819813536
1,8273,332.7054225465797
1,8274,347.60527649080996
1,8275,76.79805815929086
1,8276,306.69890158878223
1,8277,69.98063288850994
1,8278,397.04195520086955
1,8279,285.38808194075784
1,8280,335.46016122685717
1,8281,334.8754582067146
1,8282,385.8722437988962
1,8283,37.95387402066713
1,8284,271.5207141827449
1,8285,340.4097505807315
1,8286,45.53032237210165
1,8287,367.7484718804442
1,8288,310.4871392696071
1,8289,76.74096375795766
1,8290,277.801324878614
1,8291,54.38952045956383
1,8292,274.447575353224
1,8293,222.85622546253578
1,8294,66.60907614171785
1,8295,212.30576397866906
1,8296,47.245086659424445
1,8297,207.04318596021366
1,8298,211.04913117675613
1,8299,318.1254553522393
1,8300,47.712241930546504
1,8301,264.47637684907033
1,8302,308.79747642025507
1,8303,49.9763530804532
1,8304,253.98724717701805
1,8305,347.27961044674635
1,8306,45.59898074827561
1,8307,298.7723959620406
1,8308,283.1884773397515
1,8309,354.99715552355747
1,8310,38.733402824315775
1,8311,196.73848170117589
1,8312,262.1473558032855
1,8313,208.77125648135575
1,8314,101.10505315612475
1,8315,181.66292918594846
1,8316,337.3144927540625
1,8317,343.2911808500328
1,8318,53.33870832587135
1,8319,320.8278966544291
1,8320,72.3714415187804
1,8321,129.89047343655238
1,8322,361.2489340984714
1,8323,39.47283625105318
1,8324,339.08740621411937
1,8325,50.976597660704165
1,8326,122.99415497985174
1,8327,116.45116173644793
1,8328,394.7850226990138
1,8329,57.442710297915156
1,8330,140.13033505090422
1,8331,340.3213770812331
1,8332,375.9915041098253
1,8333,352.1209903080238
1,8334,251.73878159965875
1,8335,214.69605614345528
1,8336,299.76129042838136
1,8337,249.39605919570175
1,8338,293.5635729770569
1,8339,292.792501632622
1,8340,298.5427144271742
1,8341,349.49317321604383
1,8342,367.36346081342697
1,8343,71.91193232696835
1,8344,299.9221906889229
1,8345,54.86644004674551
1,8346,330.73389954201025
1,8347,65.21990595250601
1,8348,302.14480363655935
1,8349,184.1946165693786
1,8350,349.98300396644345
1,8351,55.177532443050545
1,8352,196.8031741782915
1,8353,330.59853223968105
1,8354,175.2947066420004
1,8355,297.166640804621
1,8356,303.0182251244106
1,8357,265.2130093463894
1,8358,13.864055333980108
1,8359,261.21289016125354
1,8360,270.0061811458468
1,8361,328.37693899053306
1,8362,34.39216862702656
1,8363,259.583635583225
1,8364,262.9194233886252
1,8365,208.0884044921483
1,8366,28.464122415636847
1,8367,280.60771037839936
1,8368,295.69888484714926
1,8369,275.87143904182636
1,8370,43.20826401669175
1,8371,361.84811578622566
1,8372,37.57861513922951
1,8373,181.20760011475312
1,8374,300.8313955258311
1,8375,223.14185312387744
1,8376,288.62486091120957
1,8377,44.882737924956515
1,8378,313.93695296422266
1,8379,282.5715873849266
1,8380,22.893686872703157
1,8381,246.14080148305783
1,8382,326.78615516172545
1,8383,258.71612825289634
1,8384,306.6696313863019
1,8385,271.61015973843865
1,8386,39.13697822048677
1,8387,279.41704957596255
1,8388,173.0144300448977
1,8389,202.58901194253656
1,8390,215.15988683991344
1,8391,280.34501115195644
1,8392,40.84568707308706
1,8393,290.016772875539
1,8394,329.45783118991216
1,8395,43.421986067475174
1,8396,239.07198101092706
1,8397,279.6963865541635
1,8398,62.58787849358282
1,8399,315.3096824770432
1,8400,337.66720993200136
1,8401,346.5527727471991
1,8402,87.78224031238128
1,8403,276.7519501026117
1,8404,150.97771738584254
1,8405,291.1517552235719
1,8406,68.72190631540674
1,8407,326.9614262977502
1,8408,131.42401012965897
1,8409,70.00576249130631
1,8410,101.16697047274718
1,8411,271.47142316130805
1,8412,60.52299178028956
1,8413,40.19256758462009
1,8414,199.55786351517781
1,8415,277.2963327822902
1,8416,564.8007834645263
1,8417,354.3400714604532
1,8418,70.74937759153964
1,8419,355.4029127842629
1,8420,63.546205852621156
1,8421,199.23782471293939
1,8422,128.20714856471557
1,8423,315.8089012461129
1,8424,35.651964161181255
1,8425,309.17354817747054
1,8426,40.41215184081361
1,8427,275.81338091320026
1,8428,163.0154345282265
1,8429,288.388261710772
1,8430,38.25243569054338
1,8431,241.8615204036866
1,8432,92.82721869254206
1,8433,297.4529945278413
1,8434,39.509869770446244
1,8435,293.8658730184691
1,8436,148.40543267323523
1,8437,272.66508325600967
1,8438,331.4049623149808
1,8439,324.28978458405663
1,8440,38.63855849503469
1,8441,183.144974843061
1,8442,307.7259491352778
1,8443,18.260333761624114
1,8444,299.2242921251674
1,8445,286.5782083521058
1,8446,275.3202533111617
1,8447,307.505459064966
1,8448,38.15931781164137
1,8449,293.12553385323855
1,8450,308.52681305939973
1,8451,163.47114842517232
1,8452,337.6208959861442
1,8453,35.9051515729243
1,8454,183.54911106714172
1,8455,313.89831489105654
1,8456,41.01404953207361
1,8457,149.24737183548666
1,8458,306.4830395567384
1,8459,296.2014391799921
1,8460,312.736427054639
1,8461,302.98795916655666
1,8462,364.767590391692
1,8463,101.01555347794753
1,8464,284.45721181628903
1,8465,306.58294443561647
1,8466,86.37466690197262
1,8467,314.3402584558105
1,8468,66.61879171191568
1,8469,285.07352873333485
1,8470,186.06746059726788
1,8471,339.4388475878151
1,8472,65.71806410290716
1,8473,196.06962558787063
1,8474,338.7240769568414
1,8475,599.864570568511
1,8476,300.7566786322393
1,8477,275.62951972979107
1,8478,68.07878718637025
1,8479,315.01941088909825
1,8480,85.84072798926226
1,8481,298.83930486915585
1,8482,299.6994480963443
1,8483,135.6853925611138
1,8484,36.87699411478254
1,8485,276.78613486520464
1,8486,240.86825831123082
1,8487,199.1626661729245
1,8488,35.96979603559757
1,8489,250.96721108348342
1,8490,416.0867715185825
1,8491,25.38685850838619
1,8492,116.08718343997995
1,8493,183.36116888664574
1,8494,28.868500018093084
1,8495,357.54654453368494
1,8496,411.6660316960562
1,8497,38.01293818048887
1,8498,291.2333186255174
1,8499,271.9290094420423
1,8500,331.9017045973798
1,8501,29.099609192182015
1,8502,181.56616332802207
1,8503,331.6172729980349
1,8504,343.95384162832056
1,8505,306.75461180644163
1,8506,62.460852066297846
1,8507,291.42035428154594
1,8508,275.13448282878153
1,8509,24.50175464643674
1,8510,324.2750708755681
1,8511,221.54720325214896
1,8512,36.667872815739194
1,8513,317.522289218007
1,8514,209.2800105778204
1,8515,261.79938010486967
1,8516,92.75963061888676
1,8517,187.25711998121938
1,8518,187.9331121650355
1,8519,37.15885463667045
1,8520,422.41987315243284
1,8521,278.11204194255663
1,8522,327.4186054790462
1,8523,299.07621891239216
1,8524,25.694049256472027
1,8525,272.89563270164325
1,8526,39.69124519295692
1,8527,17.301691490733816
1,8528,322.4017208079279
1,8529,255.6190317925337
1,8530,60.15210338079468
1,8531,217.4573003329342
1,8532,239.83432395398563
1,8533,328.2268483759607
1,8534,35.220853570985035
1,8535,26.866127890026554
1,8536,353.82198146575837
1,8537,316.6651250476235
1,8538,301.039425877162
1,8539,30.684531909114515
1,8540,287.280708792513
1,8541,34.681701208161016
1,8542,334.5579371255089
1,8543,312.4537731095765
1,8544,257.12415431097963
1,8545,139.13928231725993
1,8546,293.6975298237553
1,8547,96.39552241449545
1,8548,32.88581035366442
1,8549,272.0172872540637
1,8550,35.24577592773645
1,8551,324.024857887423
1,8552,287.2143636882308
1,8553,285.1704139085921
1,8554,44.17579684761152
1,8555,296.70052673315257
1,8556,245.57851531968987
1,8557,485.2988221479323
1,8558,362.6159884895701
1,8559,85.45532684153159
1,8560,280.9266137874258
1,8561,159.5226108692721
1,8562,313.63453837821265
1,8563,51.665603748099514
1,8564,282.3301020503545
1,8565,321.2221175090109
1,8566,197.65781277565554
1,8567,482.94064496176713
1,8568,367.0043946930889
1,8569,66.19771158585036
1,8570,336.3025118533704
1,8571,324.3904928542389
1,8572,72.64117826940662
1,8573,329.3637080395774
1,8574,337.3025624527055
1,8575,214.72193174467475
1,8576,233.3307730146409
1,8577,151.86302148302434
1,8578,125.47723533654337
1,8579,267.4990384747906
1,8580,126.54396116359253
1,8581,299.18777441944246
1,8582,45.8889169250166
1,8583,350.97049574610026
1,8584,41.575604241653274
1,8585,299.44787677289776
1,8586,278.3042143318503
1,8587,58.4083598353764
1,8588,313.86054120579576
1,8589,36.647746282188706
1,8590,288.6969399264299
1,8591,40.354061103498516
1,8592,195.68102341640025
1,8593,267.6372545454288
1,8594,149.5829517789988
1,8595,42.99946349201209
1,8596,287.5352839754793
1,8597,254.28745521662992
1,8598,250.1334385421905
1,8599,344.269416972391
1,8600,256.8164376741448
1,8601,43.01848039800274
1,8602,334.1042636486592
1,8603,260.8629101736005
1,8604,185.06673881711959
1,8605,215.2588286295544
1,8606,41.25250521377268
1,8607,312.68037490424354
1,8608,312.17866684966094
1,8609,344.20800373431814
1,8610,21.3405072066457
1,8611,332.3129144414686
1,8612,299.43045713479137
1,8613,53.68016291325081
1,8614,148.38915407351175
1,8615,360.5641122713298
1,8616,39.540311478737415
1,8617,319.7676034370574
1,8618,40.00501789471944
1,8619,191.50519227980786
1,8620,50.478157661474995
1,8621,308.01642265309033
1,8622,313.06696316553723
1,8623,58.017637339283475
1,8624,184.87432259715206
1,8625,99.71498866736977
1,8626,218.43987031839765
1,8627,280.09012325853996
1,8628,292.84892136560984
1,8629,161.99527633660182
1,8630,314.2774811741872
1,8631,42.1615863644549
1,8632,321.17236345801143
1,8633,304.57592402471107
1,8634,35.363981231130744
1,8635,293.36120431672975
1,8636,177.19344357450296
1,8637,282.0697954672932
1,8638,50.206781387376196
1,8639,325.9906805389104
1,8640,308.1615520520829
1,8641,51.87127218420877
1,8642,36.842513914001316
1,8643,365.84339086722116
1,8644,40.053350341090734
1,8645,187.0519511573474
1,8646,315.12199831149417
1,8647,234.17125953493863
1,8648,548.7285492088887
1,8649,268.87385845264305
1,8650,306.17257230657975
1,8651,340.34055343241346
1,8652,372.2347001390649
1,8653,65.81692512500607
1,8654,54.65676828242995
1,8655,320.97696580479146
1,8656,310.13043026008313
1,8657,72.70222244411909
1,8658,294.828299723242
1,8659,63.957908709840794
1,8660,357.2813442287933
1,8661,310.555137426788
1,8662,69.56889294640753
1,8663,215.11189485358273
1,8664,75.96091066836061
1,8665,316.94168849684263
1,8666,336.3415900189378
1,8667,61.668503000004314
1,8668,307.8593183344065
1,8669,195.1845049460927
1,8670,320.9619024932235
1,8671,33.957636970117655
1,8672,268.7615866519229
1,8673,348.10135115087485
1,8674,319.0633001462499
1,8675,143.42085049936173
1,8676,38.33604588054
1,8677,237.13164501153264
1,8678,260.70630505422974
1,8679,94.11432478699903
1,8680,339.77766203296966
1,8681,314.4438036705537
1,8682,359.5243754761575
1,8683,63.3838392372318
1,8684,232.64543333727488
1,8685,326.48413643334845
1,8686,317.39843300118065
1,8687,203.38957115035458
1,8688,329.409121843374
1,8689,70.68422907587671
1,8690,150.7085252809211
1,8691,299.16965875608685
1,8692,66.70173595651545
1,8693,313.0285963412355
1,8694,67.9381396847856
1,8695,370.55065611377677
1,8696,83.79366469959908
1,8697,270.1122221790166
1,8698,139.810846366038
1,8699,108.70195172353476
1,8700,275.80066909816486
1,8701,10.036642933201055
1,8702,110.26155470411071
1,8703,37.91643540320562
1,8704,211.28380789315352
1,8705,36.19504141467004
1,8706,222.5326180644711
1,8707,39.868409390114515
1,8708,249.90042342904894
1,8709,210.6548277122842
1,8710,39.329486172948265
1,8711,122.70628237033554
1,8712,234.75170956498218
1,8713,194.97458851528557
1,8714,56.226898297566954
1,8715,364.27869808696545
1,8716,32.46537414663979
1,8717,333.68043010312925
1,8718,279.2118308369416
1,8719,49.26684042803916
1,8720,245.1657134212183
1,8721,44.44967302820916
1,8722,83.0279406548935
1,8723,299.0175843528583
1,8724,40.92363821479707
1,8725,41.79195945144363
1,8726,291.54983368548164
1,8727,39.15701566708202
1,8728,256.75911452602173
1,8729,82.1026395441435
1,8730,38.100367279325475
1,8731,300.92538094645363
1,8732,289.3322362096877
1,8733,291.2955677442784
1,8734,237.3867709002611
1,8735,236.95591530442
1,8736,337.06261157231427
1,8737,39.73195041035642
1,8738,327.7080961008002
1,8739,318.09632931432435
1,8740,28.828657892038528
1,8741,324.32158750212477
1,8742,285.7020652736776
1,8743,318.0170065039888
1,8744,136.8070644863371
1,8745,235.1841280560634
1,8746,166.42486495363423
1,8747,294.6148124228182
1,8748,247.79668301452247
1,8749,77.52135539851659
1,8750,223.10838277554348
1,8751,25.698349410454156
1,8752,260.4226221006951
1,8753,29.85133794550299
1,8754,134.57469383605763
1,8755,238.39353825606142
1,8756,135.1295222170555
1,8757,242.9640165637715
1,8758,74.63354696056528
1,8759,158.57748255246645
1,8760,84.72310838128304
1,8761,255.56761256112446
1,8762,66.59750535092476
1,8763,252.89261994345102
1,8764,68.35393793262418
1,8765,278.13984640445705
1,8766,240.76925705519628
1,8767,63.11387044719265
1,8768,152.33140434054098
1,8769,261.9866316693313
1,8770,174.73987010623105
1,8771,80.07702684884215
1,8772,272.15459540017764
1,8773,66.24165349190375
1,8774,279.587044570274
1,8775,298.19523538502216
1,8776,69.79043628586024
1,8777,112.18625558796342
1,8778,235.08755935745404
1,8779,38.38375615523509
1,8780,282.93042591280454
1,8781,35.863647031433004
1,8782,307.5808154863235
1,8783,338.40686408664783
1,8784,42.030991938238856
1,8785,250.83510720387886
1,8786,278.86096050476635
1,8787,40.6135397461944
1,8788,239.3150555504552
1,8789,44.499461011833645
1,8790,72.38798188061077
1,8791,312.1577661652469
1,8792,38.70460045944385
1,8793,44.687418237277576
1,8794,298.26037376841555
1,8795,39.42849516939236
1,8796,259.785087926262
1,8797,80.40504855762151
1,8798,38.796802917548995
1,8799,300.47221150679127
1,8800,316.30806011021457
1,8801,29.372058478844693
1,8802,314.7695888065751
1,8803,319.23630345203884
1,8804,25.763941542824778
1,8805,246.6580382843319
1,8806,265.8712589577926
1,8807,280.8585659519963
1,8808,292.7333611168543
1,8809,238.41148432607423
1,8810,221.22891903415538
1,8811,345.8902261110002
1,8812,39.67379622118265
1,8813,311.7165558543869
1,8814,47.97719999572769
1,8815,43.468135492068015
1,8816,260.8517238798822
1,8817,30.018238101380664
1,8818,126.12159060545818
1,8819,224.10669733803377
1,8820,181.7026953145334
1,8821,226.97765478183476
1,8822,80.86207019973632
1,8823,97.5429683863066
1,8824,226.73391011280665
1,8825,130.81422660761032
1,8826,128.94893421307526
1,8827,321.51702597831047
1,8828,39.6139686577689
1,8829,57.6667346650376
1,8830,284.58674958270797
1,8831,369.9519333707011
1,8832,260.01704048799434
1,8833,84.65481287040531
1,8834,363.2370389094183
1,8835,103.77586677580479
1,8836,394.870368696859
1,8837,270.68194896971204
1,8838,374.2447792444843
1,8839,177.03884925059322
1,8840,300.2970646301618
1,8841,56.30466677304626
1,8842,229.94049899200718
1,8843,292.0193319824243
1,8844,57.41729886959629
1,8845,313.4467693084274
1,8846,66.51743625624461
1,8847,155.38651517266436
1,8848,387.46797441067116
1,8849,305.11830229286295
1,8850,267.0257136985288
1,8851,61.341321265771334
1,8852,320.13421581229295
1,8853,163.68410449314274
1,8854,28.452698071449362
1,8855,319.7101234916929
1,8856,334.92641317491854
1,8857,39.01870711442544
1,8858,407.63087860510524
1,8859,42.03829006423228
1,8860,306.4567656202564
1,8861,26.14070345276462
1,8862,319.03319369838675
1,8863,209.30944298418666
1,8864,211.42490083585926
1,8865,299.84901940645943
1,8866,122.25751463486543
1,8867,191.40883490179397
1,8868,40.042233456127484
1,8869,320.819914305185
1,8870,39.46025929816844
1,8871,184.27151079601282
1,8872,49.52860994166327
1,8873,214.25752167960167
1,8874,326.0842939431051
1,8875,33.574263084119515
1,8876,280.49354472710763
1,8877,307.14868239129805
1,8878,14.984827255832442
1,8879,298.63339321516514
1,8880,40.66386395158591
1,8881,33.63462075929168
1,8882,396.17863587531735
1,8883,41.258076317091074
1,8884,28.121192152513185
1,8885,260.1464597915915
1,8886,281.14757417727435
1,8887,42.359627462944424
1,8888,254.85219897494028
1,8889,257.44734468250755
1,8890,263.45601233285265
1,8891,259.593617188701
1,8892,69.57009286559233
1,8893,366.90103261323964
1,8894,65.53723637993505
1,8895,235.74313414862897
1,8896,346.48009372009346
1,8897,281.1862279683536
1,8898,64.40705067102891
1,8899,333.9568304688338
1,8900,153.9402254634444
1,8901,75.84709453475729
1,8902,186.98921371056448
1,8903,385.23326865476406
1,8904,71.14623046685028
1,8905,285.3300710108924
1,8906,313.46344647856006
1,8907,69.14317417538936
1,8908,144.4085435215809
1,8909,198.1333851490369
1,8910,283.9957915190166
1,8911,70.4190912071189
1,8912,205.3920746256003
1,8913,316.0279068103663
1,8914,40.665757755283984
1,8915,48.95718738726644
1,8916,309.1690699816503
1,8917,297.714248504377
1,8918,21.003271792562987
1,8919,58.024108128596716
1,8920,125.05292959799593
1,8921,196.57315418987312
1,8922,48.10476524060793
1,8923,124.48519585035625
1,8924,246.07170090950058
1,8925,35.88852441669479
1,8926,45.059003443150125
1,8927,248.67668099002
1,8928,323.05258133293387
1,8929,201.8365755469162
1,8930,337.2571582199287
1,8931,52.33496874567827
1,8932,251.31175065975248
1,8933,323.2342277341598
1,8934,38.73694483983863
1,8935,324.6561351724623
1,8936,38.74147606945677
1,8937,185.70809986252473
1,8938,304.8862232105171
1,8939,124.2897827575046
1,8940,314.59365298282114
1,8941,77.72799675027665
1,8942,305.95121970247044
1,8943,291.9836507224667
1,8944,43.456867194725895
1,8945,176.15038727707028
1,8946,231.3980752099122
1,8947,39.279905692735774
1,8948,332.33813539786513
1,8949,39.80621932238284
1,8950,277.606361089562
1,8951,238.52991185986292
1,8952,314.61620625693126
1,8953,475.5703007403246
1,8954,47.412058847933466
1,8955,283.81369961962673
1,8956,167.70514751913794
1,8957,307.3273264682356
1,8958,251.46361330488315
1,8959,123.56127790740706
1,8960,287.35102330542384
1,8961,34.76847586522297
1,8962,291.1888625615961
1,8963,37.8671887997637
1,8964,362.06297613669165
1,8965,289.26569801254936
1,8966,35.33109627928778
1,8967,331.460279555076
1,8968,40.79464589820213
1,8969,286.8364101216681
1,8970,39.32724944661645
1,8971,335.2438214488879
1,8972,294.16535662507283
1,8973,23.737656576552823
1,8974,272.0183572942182
1,8975,265.1854272198235
1,8976,307.55083779951184
1,8977,38.881851615214686
1,8978,264.61827834797657
1,8979,36.42979595216913
1,8980,252.04878727899398
1,8981,47.704246752359566
1,8982,248.4691382351445
1,8983,433.3838731315653
1,8984,34.813258341899456
1,8985,296.7086164056971
1,8986,278.17081533776286
1,8987,326.2270533744202
1,8988,49.62736317012204
1,8989,328.84165104144427
1,8990,284.7231302076286
1,8991,60.12693224818993
1,8992,137.53749730603332
1,8993,376.00034372628045
1,8994,563.7304684042298
1,8995,61.96100334755222
1,8996,275.80572025743595
1,8997,262.72269710862963
1,8998,306.0802201166606
1,8999,106.92936606853473
1,9000,274.1368830716462
1,9001,303.5662363154813
1,9002,178.04077718223311
1,9003,350.02975673550657
1,9004,304.95459995072
1,9005,205.81616409403796
1,9006,326.8964329981666
1,9007,63.93783162475439
1,9008,291.5266475148599
1,9009,98.70909254953646
1,9010,60.88554235751293
1,9011,225.73057668303187
1,9012,143.91831088937957
1,9013,256.0311835667046
1,9014,298.81305019417846
1,9015,323.3391902002338
1,9016,296.4663250403278
1,9017,71.8474626920781
1,9018,346.79367803964027
1,9019,37.369066754724116
1,9020,181.58629124469803
1,9021,39.542344130895245
1,9022,33.01410637838333
1,9023,224.45719832396423
1,9024,198.70826391465235
1,9025,43.632368387131564
1,9026,260.1646207479696
1,9027,75.88463851294912
1,9028,205.64424519117776
1,9029,372.20644319933194
1,9030,289.0115421354797
1,9031,135.29138945515217
1,9032,65.53076642867327
1,9033,327.2814429045767
1,9034,251.05221675080818
1,9035,284.7939247317262
1,9036,39.98207202256135
1,9037,336.7569779250783
1,9038,265.5562692526265
1,9039,200.5268534016634
1,9040,160.85730280494514
1,9041,210.33827635549767
1,9042,248.93228989534214
1,9043,220.6689080050068
1,9044,132.64396460936848
1,9045,308.19927230217354
1,9046,273.0252723061105
1,9047,39.362000516115465
1,9048,146.28087655496847
1,9049,206.0641968963834
1,9050,227.568810567415
1,9051,309.52620804540584
1,9052,162.66667238474145
1,9053,66.58824692847662
1,9054,260.97161840231263
1,9055,42.20684659744219
1,9056,57.58127135195974
1,9057,222.56329105769635
1,9058,33.3794631985517
1,9059,233.77794492938426
1,9060,254.54833619265898
1,9061,53.297620312278056
1,9062,169.6270825466437
1,9063,295.8632424839325
1,9064,69.28280629882505
1,9065,198.45340755635573
1,9066,73.90918389239368
1,9067,236.78121293705067
1,9068,74.9856962565395
1,9069,341.3258047849074
1,9070,182.8474200657625
1,9071,62.60620746264265
1,9072,262.0412203310887
1,9073,277.8219398100581
1,9074,51.165319738208055
1,9075,54.26779510625255
1,9076,256.8857216405296
1,9077,172.49234435417185
1,9078,261.6743788841247
1,9079,255.44924247784633
1,9080,238.1837835207932
1,9081,313.6636637734884
1,9082,165.63921525605303
1,9083,28.521760391796775
1,9084,175.44830733033365
1,9085,255.66807426370957
1,9086,334.6658794133454
1,9087,159.97603727055878
1,9088,306.7179305430774
1,9089,268.8861716422439
1,9090,42.57964280082529
1,9091,113.23755506024374
1,9092,32.6589377317958
1,9093,75.30506386870208
1,9094,310.47879270532576
1,9095,329.6750801809101
1,9096,229.75039127722025
1,9097,41.09609851743565
1,9098,118.95234062249446
1,9099,35.6946810694203
1,9100,320.0411557274913
1,9101,38.66782908727635
1,9102,183.07370455715392
1,9103,210.62094653960355
1,9104,254.02736731167087
1,9105,171.30097479778158
1,9106,318.9172638145551
1,9107,286.79315865511995
1,9108,47.177384552493145
1,9109,28.239322528496146
1,9110,285.6322023472494
1,9111,35.11475604647624
1,9112,41.86378964677543
1,9113,239.49178447993813
1,9114,29.106275190741485
1,9115,376.4336587491694
1,9116,42.50192889726166
1,9117,294.52055803787744
1,9118,229.45989415213472
1,9119,242.69703818354395
1,9120,98.91365602817355
1,9121,261.9988590543967
1,9122,13.538598257202771
1,9123,314.79589764927886
1,9124,95.83574091949077
1,9125,184.44340467901242
1,9126,139.0506819290325
1,9127,73.24004599058792
1,9128,362.77852223917273
1,9129,39.79387983945027
1,9130,119.32757916907019
1,9131,269.6447562281235
1,9132,100.62894902615992
1,9133,384.1831736229373
1,9134,34.75537707715775
1,9135,243.02907360709887
1,9136,265.3651397127703
1,9137,180.08214869473818
1,9138,209.31571572152677
1,9139,355.6505392051656
1,9140,210.31440416332484
1,9141,95.99069006724355
1,9142,285.37353591258875
1,9143,265.9591155138981
1,9144,62.489021724095544
1,9145,238.8508762039583
1,9146,66.34669978363056
1,9147,292.5427908893783
1,9148,284.4916529605977
1,9149,139.36851371236583
1,9150,387.53310436711547
1,9151,166.37441242974245
1,9152,320.2003196335985
1,9153,312.65810768976115
1,9154,337.5947860446822
1,9155,307.5650763379849
1,9156,67.29845404806673
1,9157,116.28103117789873
1,9158,245.76606595614084
1,9159,247.15047047977185
1,9160,75.37830256219691
1,9161,252.73847214059168
1,9162,112.40668527065236
1,9163,316.3406498497057
1,9164,264.40512247883356
1,9165,225.44180135983603
1,9166,62.80666431052071
1,9167,27.017003377446382
1,9168,315.1586292176356
1,9169,270.9039640113298
1,9170,40.158267610000784
1,9171,271.058246310089
1,9172,75.47297568954994
1,9173,318.8588320065248
1,9174,292.42252099028985
1,9175,30.571214304047274
1,9176,264.59183313257296
1,9177,155.72987937731486
1,9178,255.89390170541606
1,9179,40.6463679312165
1,9180,312.56004689522706
1,9181,40.165850724161764
1,9182,374.7733323963705
1,9183,39.85324655006886
1,9184,181.12165737396057
1,9185,204.04239438802296
1,9186,125.3478320224298
1,9187,239.67080205679244
1,9188,307.5299496033083
1,9189,40.342135468975854
1,9190,322.53637990304253
1,9191,153.6825580759691
1,9192,316.77023195140487
1,9193,245.16384291379106
1,9194,118.35363132636016
1,9195,156.23970958920694
1,9196,96.37732864354523
1,9197,311.1442510673294
1,9198,372.32768609363666
1,9199,43.638644694838845
1,9200,253.5180325254882
1,9201,33.10706809918983
1,9202,77.9591149645429
1,9203,333.0134991809991
1,9204,114.44743027139023
1,9205,111.68936637410233
1,9206,97.38749155934163
1,9207,162.19008611854875
1,9208,227.97629452185362
1,9209,28.78698259243395
1,9210,261.5790180906963
1,9211,75.05598045544244
1,9212,333.269383249784
1,9213,42.58860570787332
1,9214,78.19653530203684
1,9215,109.59138901317542
1,9216,36.41585424816253
1,9217,111.61194020231116
1,9218,46.75628087629657
1,9219,76.50096696916529
1,9220,264.47211726949286
1,9221,37.1713521526691
1,9222,257.333687899834
1,9223,316.105746544285
1,9224,118.16047701558779
1,9225,50.35053581029519
1,9226,263.40849337986185
1,9227,249.30853170764584
1,9228,32.788326859488755
1,9229,281.493149214193
1,9230,38.98846929479376
1,9231,288.4414884337954
1,9232,47.52401556246434
1,9233,127.60974154555774
1,9234,375.8401092784875
1,9235,320.68607015384185
1,9236,50.47325189085811
1,9237,172.11035373903164
1,9238,124.33013695364974
1,9239,272.38059471612934
1,9240,45.2398934411028
1,9241,292.04372816204676
1,9242,50.1624118512007
1,9243,276.7670115918366
1,9244,51.46625457416738
1,9245,179.01224039905713
1,9246,204.31781403149446
1,9247,343.75071810663485
1,9248,300.6928919700552
1,9249,69.46118825356871
1,9250,231.89314864766075
1,9251,240.16973371475632
1,9252,270.97680435454714
1,9253,369.1742650432477
1,9254,146.00697023383609
1,9255,328.2009098304484
1,9256,65.68766964681441
1,9257,385.70761586864256
1,9258,75.59259261656958
1,9259,339.2685481826808
1,9260,61.39189052939618
1,9261,258.445531637826
1,9262,65.97456772475392
1,9263,100.66020013181728
1,9264,281.4852674786699
1,9265,68.70381132997781
1,9266,64.54002321576789
1,9267,77.53688228721964
1,9268,181.70573986447755
1,9269,40.5883659096232
1,9270,104.76924997270552
1,9271,40.81737201511622
1,9272,260.2806821902565
1,9273,91.74915850958949
1,9274,81.81548468769705
1,9275,281.42960140826887
1,9276,108.95549192522526
1,9277,44.188537847277175
1,9278,299.58154850175777
1,9279,286.08227446505055
1,9280,49.758649903074506
1,9281,129.9145581169573
1,9282,39.1373313885835
1,9283,237.29280601459135
1,9284,232.64679197154925
1,9285,121.39041007709505
1,9286,342.76112376751513
1,9287,43.94611447581078
1,9288,84.42451138060696
1,9289,325.1831045434713
1,9290,277.6041367941446
1,9291,63.668531673231556
1,9292,260.87106839735907
1,9293,44.90741759970487
1,9294,254.02148182056538
1,9295,44.15601673187779
1,9296,292.561534934998
1,9297,327.17061281170834
1,9298,39.70152500147739
1,9299,314.04092116036156
1,9300,45.01594847899531
1,9301,242.46235427004405
1,9302,287.96521061578716
1,9303,322.58209346425866
1,9304,45.613801790138005
1,9305,233.0290711963553
1,9306,146.82158914995287
1,9307,44.97748545218493
1,9308,328.2197263406036
1,9309,42.23758713488503
1,9310,296.161651200099
1,9311,43.38444261560766
1,9312,292.56121708945466
1,9313,116.14809498800099
1,9314,13.482646234714268
1,9315,278.0094374015672
1,9316,319.0577559006332
1,9317,257.0297394042441
1,9318,32.31673527482671
1,9319,62.561152289162
1,9320,289.823295996767
1,9321,271.210366758057
1,9322,59.034856523167306
1,9323,275.3300204118042
1,9324,118.98323802868467
1,9325,111.34603940280458
1,9326,405.76674575585
1,9327,81.10249967207969
1,9328,39.97859138038211
1,9329,297.2384918679037
1,9330,194.69228864995688
1,9331,337.69035864173793
1,9332,42.48481208232144
1,9333,293.8880528780901
1,9334,156.01671982619445
1,9335,309.3391269410498
1,9336,47.69105174061306
1,9337,314.93858317380966
1,9338,268.7784729579754
1,9339,347.06090590964413
1,9340,347.4661244621985
1,9341,341.30982865236456
1,9342,74.47971516059647
1,9343,141.64453901453282
1,9344,85.40375987510942
1,9345,236.43933639676183
1,9346,179.21045855726294
1,9347,292.8454480178475
1,9348,67.22952657374296
1,9349,230.04060942292477
1,9350,94.98908670973881
1,9351,311.7809278456107
1,9352,63.28024141243457
1,9353,287.0482581095996
1,9354,231.3429909504996
1,9355,57.69902825777396
1,9356,330.607753016006
1,9357,208.60929682493264
1,9358,236.65694663513875
1,9359,322.03782431070624
1,9360,38.08430478958942
1,9361,288.5627532695272
1,9362,301.38333439074813
1,9363,201.419002515995
1,9364,410.90881400251317
1,9365,122.4807409750967
1,9366,284.2912122408575
1,9367,40.44803688709394
1,9368,251.8192452028589
1,9369,219.5482535196527
1,9370,115.85335971300088
1,9371,43.774052588977874
1,9372,269.0225612832369
1,9373,233.95633581596738
1,9374,247.41993812603033
1,9375,208.03456106122985
1,9376,21.706313822826687
1,9377,282.9986900571444
1,9378,224.19994676164254
1,9379,28.175671021044828
1,9380,290.9740689013622
1,9381,271.89573579219456
1,9382,175.9922170674159
1,9383,176.23445328725722
1,9384,288.0701507554517
1,9385,322.3066014682697
1,9386,120.94688197206355
1,9387,26.959983316989423
1,9388,345.15378344256465
1,9389,40.1514327828926
1,9390,333.37098210973494
1,9391,42.90201339503894
1,9392,330.1726775148462
1,9393,41.213214867138866
1,9394,49.72780318328289
1,9395,269.4743852969102
1,9396,293.95833923123394
1,9397,43.736501875629926
1,9398,177.66839359310654
1,9399,34.464447698860106
1,9400,253.34234830719907
1,9401,81.41406531342298
1,9402,113.97483345981097
1,9403,126.11643948734321
1,9404,229.54766234866378
1,9405,318.6794541489752
1,9406,62.55544095707763
1,9407,43.285509832531794
1,9408,77.62559956176686
1,9409,337.00865510345596
1,9410,31.991266746839777
1,9411,265.44561750895764
1,9412,164.79533073797882
1,9413,293.6909478683693
1,9414,60.698215052379815
1,9415,277.43507541297856
1,9416,198.32754833284423
1,9417,346.7182585367152
1,9418,91.94925928487693
1,9419,43.87572125966546
1,9420,321.3608718876859
1,9421,126.82122011323078
1,9422,326.26020198321004
1,9423,230.23644165409468
1,9424,178.87220388554636
