subtaskID,datapointID,answer
1,0,289.5176485911664
1,1,69.51463797341941
1,2,257.4942994735733
1,3,30.25317460893342
1,4,377.11756541437114
1,5,30.184917739339248
1,6,355.4604305289332
1,7,252.2418071003724
1,8,253.25753598962012
1,9,276.6211250682579
1,10,223.2804407588041
1,11,41.80368244186896
1,12,225.27849726900354
1,13,255.43520720058916
1,14,35.71852904362325
1,15,225.60452304581509
1,16,109.47973635008023
1,17,121.34089129488532
1,18,283.41796769533676
1,19,373.7666535087493
1,20,54.82246528228192
1,21,115.38837440031497
1,22,266.1281908011687
1,23,216.61952774297148
1,24,263.72505665770956
1,25,16.733117946130527
1,26,243.57193342201828
1,27,96.856360953317
1,28,37.46659153834362
1,29,40.08428339058666
1,30,262.8609057651372
1,31,31.46545381548013
1,32,185.27268425471541
1,33,318.4722676386213
1,34,13.083690328924225
1,35,250.88816852566202
1,36,30.01893083595503
1,37,340.80012460959307
1,38,50.31349098249039
1,39,237.04812253745172
1,40,36.32989732284274
1,41,292.9736952489328
1,42,96.41844227502025
1,43,216.98011632123598
1,44,256.68473677706277
1,45,23.568025721515482
1,46,138.9971266137017
1,47,270.27642388021775
1,48,56.08517989803602
1,49,193.1255380688033
1,50,78.58836633163801
1,51,243.8035440152368
1,52,236.30563387793822
1,53,24.094521459738626
1,54,225.3208858007832
1,55,161.2096502460681
1,56,191.99243825356447
1,57,235.83928187288717
1,58,54.79055599438148
1,59,303.1188773934172
1,60,31.895153611349148
1,61,173.2583757158726
1,62,23.740522077705595
1,63,295.2882238415598
1,64,182.35414351511946
1,65,237.2932192910453
1,66,28.079092142065676
1,67,235.6082335521998
1,68,100.46355186472003
1,69,294.15414535082976
1,70,30.920361512058477
1,71,375.58685230815036
1,72,42.00105932747424
1,73,262.3760627709199
1,74,274.4598071001371
1,75,292.9005042577345
1,76,192.65981231026075
1,77,75.39128351842537
1,78,37.54538409655051
1,79,267.0753182255696
1,80,34.7318493834259
1,81,317.4701376166515
1,82,172.3180174015185
1,83,249.04333593774973
1,84,35.977253314912566
1,85,253.6652082246952
1,86,84.71256234597539
1,87,123.73903174911416
1,88,252.02805840403585
1,89,220.59216587908742
1,90,437.1760003894209
1,91,16.05278766034775
1,92,96.0285734555022
1,93,273.776763557151
1,94,310.79588091356754
1,95,379.3719379174437
1,96,319.5503977474995
1,97,327.6166220055469
1,98,323.20445597575156
1,99,32.130645162079944
1,100,327.6376119116203
1,101,39.51346144266464
1,102,331.6565912404188
1,103,182.3437706165481
1,104,323.34314948751046
1,105,79.62900310791775
1,106,223.08118997064477
1,107,270.7015922599629
1,108,33.06545444011859
1,109,239.12061697656833
1,110,324.7756013818157
1,111,64.47840153190472
1,112,305.96351462118787
1,113,54.187620827259295
1,114,129.09932900966226
1,115,286.41829876344775
1,116,321.8160590447351
1,117,319.95317371759074
1,118,128.8907673946431
1,119,24.604828758406835
1,120,87.77916888233776
1,121,29.935467648891173
1,122,222.3021806554346
1,123,253.71404822299897
1,124,270.94511003557915
1,125,112.1786873005594
1,126,319.5169432193288
1,127,48.05007007336086
1,128,209.0538215028971
1,129,129.28910702019712
1,130,275.02308769483886
1,131,32.0661160105089
1,132,232.76070636350636
1,133,44.79703263078973
1,134,163.6790309318798
1,135,30.126884843624183
1,136,247.67405730499024
1,137,258.41354987175583
1,138,298.15789629844437
1,139,300.9412004209957
1,140,271.53784641738224
1,141,212.43473316112386
1,142,87.08541892381348
1,143,257.47056041899805
1,144,313.19999781542066
1,145,286.57157503717144
1,146,34.828016052196084
1,147,287.72580839573436
1,148,29.34151972976841
1,149,289.60773966780766
1,150,243.09721805097115
1,151,37.07513644127204
1,152,228.24924936566885
1,153,293.704821252656
1,154,176.3898004896087
1,155,294.2040429963621
1,156,304.6838829883115
1,157,304.0727645541447
1,158,305.3741090552226
1,159,127.14243685303616
1,160,122.37361616597639
1,161,289.48155300539827
1,162,186.94086892957534
1,163,235.23850963076228
1,164,196.99060848033662
1,165,109.5909925207515
1,166,298.34646411566064
1,167,34.339120804037
1,168,318.7489796445975
1,169,273.7933472045995
1,170,273.2138793250113
1,171,325.4005496072692
1,172,332.8491383149033
1,173,40.23596067897223
1,174,275.2393165430693
1,175,94.23178936318212
1,176,292.575868625088
1,177,41.84584221337798
1,178,268.7385058275041
1,179,63.378102496581576
1,180,306.1066547824027
1,181,248.8785597384911
1,182,63.976238108146326
1,183,332.2648728774642
1,184,272.1255838868389
1,185,304.9555720773579
1,186,290.05445446176014
1,187,305.27093504249183
1,188,45.44698918654255
1,189,277.5770548907712
1,190,39.608003423320106
1,191,279.62066434647375
1,192,299.59277931871816
1,193,27.852808314529323
1,194,141.13066663703125
1,195,263.7302059821976
1,196,52.27183089030697
1,197,181.05831142761645
1,198,36.0048490673194
1,199,452.7577680602372
1,200,36.249610969386616
1,201,272.7255289497697
1,202,64.12769003520481
1,203,356.00387350151095
1,204,37.69379006418249
1,205,155.2182007144067
1,206,308.0407370053365
1,207,306.99951228719624
1,208,34.279543424850246
1,209,38.54231195893
1,210,290.1160537867494
1,211,36.84456848680517
1,212,272.2807288116629
1,213,38.1346151352554
1,214,76.12736575902167
1,215,334.4323140661742
1,216,49.77292581350089
1,217,382.2520150261245
1,218,43.3454692050947
1,219,272.05531534324757
1,220,94.01708328442729
1,221,264.5202030884625
1,222,238.50526898427304
1,223,257.5888222808411
1,224,88.76253930971885
1,225,202.12232997991532
1,226,315.33887581431287
1,227,37.82791238555497
1,228,238.16380440446744
1,229,256.44587668520893
1,230,257.6566196518692
1,231,99.10107800551106
1,232,51.515938637044066
1,233,275.46545951851965
1,234,244.69134653733198
1,235,22.0141767318081
1,236,185.89536810284432
1,237,204.06320833018395
1,238,263.057722244046
1,239,126.99515043258984
1,240,22.433473297775496
1,241,278.27267681689
1,242,102.22448899279897
1,243,276.1050901606934
1,244,245.89078629905555
1,245,267.1146264614013
1,246,190.1091153976987
1,247,291.11080956247395
1,248,88.65224126990603
1,249,149.8101440872163
1,250,36.039748115145244
1,251,235.40509756393146
1,252,40.9810004298076
1,253,260.3987698955888
1,254,33.021803836778275
1,255,43.62365370768285
1,256,275.3734732838767
1,257,256.4693217159779
1,258,232.89137559478476
1,259,342.4717245048598
1,260,108.93475813782405
1,261,289.34930164627457
1,262,41.52045205276478
1,263,275.1053027442073
1,264,78.16139421031293
1,265,236.01219954618648
1,266,251.70346985163076
1,267,278.96646758774864
1,268,193.45776843207602
1,269,315.88726759895303
1,270,333.01047003314886
1,271,260.3743653514683
1,272,320.13522925145
1,273,430.3201097117178
1,274,318.2663433512092
1,275,246.3042566377962
1,276,58.874652623473054
1,277,302.84289944476154
1,278,41.23585787198732
1,279,277.8773066962269
1,280,285.92370709961403
1,281,282.4749329641935
1,282,39.930666547539346
1,283,331.25180833780075
1,284,305.187786487866
1,285,223.05868572360964
1,286,314.73628325061446
1,287,309.92002057401294
1,288,83.63333142901982
1,289,59.491262991514375
1,290,39.98564267639719
1,291,241.43916775924498
1,292,239.158999448511
1,293,269.6872893913677
1,294,268.09230737419676
1,295,342.9413716748851
1,296,276.4989001272173
1,297,255.07601655166263
1,298,314.0503059674942
1,299,19.877399062714833
1,300,257.9549581663514
1,301,275.5442216436985
1,302,300.89546072710425
1,303,290.7773872085347
1,304,302.1359875035448
1,305,29.136467758660107
1,306,264.9640390524319
1,307,340.29870573429366
1,308,60.86382902879037
1,309,246.5243202159673
1,310,430.91218937424793
1,311,362.1820654399898
1,312,360.9811551854435
1,313,312.1813325911173
1,314,61.46988739391585
1,315,309.3304269007963
1,316,302.2318591381903
1,317,286.0648674131626
1,318,55.50401523714119
1,319,235.773127494913
1,320,260.0429026478041
1,321,298.02064030039844
1,322,277.42911311790874
1,323,31.236714828265
1,324,293.0048988551448
1,325,32.79547499488937
1,326,281.33504972882076
1,327,311.7721100646977
1,328,362.01998942829266
1,329,21.518502963874212
1,330,30.14885965098584
1,331,272.4340769392917
1,332,26.321464226290534
1,333,267.51842575678677
1,334,235.48170409258017
1,335,289.3731718651079
1,336,157.43964305220445
1,337,321.0291144526327
1,338,179.93285114462452
1,339,259.08227802825206
1,340,51.19586997460724
1,341,141.69319792886097
1,342,299.804916228295
1,343,91.21554588442541
1,344,208.30662762495794
1,345,249.85241389520525
1,346,112.42226911204577
1,347,61.66225633533181
1,348,350.0761540903302
1,349,294.68631327706174
1,350,262.5156923711752
1,351,134.09848183874948
1,352,196.90599295815576
1,353,98.43720393904354
1,354,209.20982392437605
1,355,280.47766347686274
1,356,37.11657739385969
1,357,279.34657257845475
1,358,33.66114090507782
1,359,248.36217500260102
1,360,45.13934577413533
1,361,87.50302504680171
1,362,258.40832827671
1,363,287.8562491467976
1,364,170.8560018165789
1,365,272.7489713042904
1,366,242.75517077776212
1,367,77.2103773652631
1,368,268.62258458404415
1,369,263.15318615768996
1,370,66.82748326457758
1,371,245.17283606764698
1,372,261.7577141281601
1,373,293.5960337985998
1,374,236.46104856260297
1,375,258.3689655937894
1,376,36.16541850432046
1,377,333.6740241061704
1,378,48.45955180547181
1,379,249.9933510106857
1,380,42.958998085871094
1,381,237.9519748344477
1,382,174.32956454533095
1,383,333.3316949226473
1,384,37.62576956845393
1,385,232.86856265649755
1,386,605.9465742980783
1,387,391.4608123340488
1,388,339.19284990427525
1,389,335.4144296163437
1,390,49.014723777503775
1,391,369.16721036450645
1,392,303.8040530152786
1,393,308.37809119118594
1,394,315.9747920861903
1,395,361.38829564553816
1,396,72.18141703443219
1,397,53.20182529746271
1,398,418.9170110810737
1,399,265.14727795627505
1,400,334.3569815407839
1,401,337.92001926203034
1,402,265.41867988562825
1,403,332.60127423746496
1,404,334.0217030542123
1,405,181.32130427908305
1,406,300.1884475666617
1,407,235.7067931906534
1,408,416.17133748433184
1,409,292.16069676049995
1,410,276.5095172840761
1,411,316.36420500540953
1,412,51.29345456285296
1,413,299.3273794283577
1,414,305.9008091257366
1,415,273.728744285685
1,416,446.1742155353536
1,417,176.11419763219027
1,418,229.41780795032412
1,419,298.65329996924953
1,420,24.87956349724208
1,421,105.53389078484221
1,422,291.70950395252004
1,423,314.36188489237486
1,424,312.7494973254493
1,425,250.81959776630796
1,426,303.3742918506776
1,427,289.06654688414
1,428,36.3599732647162
1,429,38.31776559723944
1,430,439.50185189350907
1,431,146.93110467659287
1,432,287.0771543149743
1,433,335.8966509514694
1,434,29.790164369461014
1,435,309.3171287708026
1,436,28.03677154538041
1,437,103.33548305545472
1,438,203.56775160424155
1,439,236.5139538007178
1,440,251.82785814519062
1,441,56.87371592806015
1,442,312.76155911813464
1,443,74.06969147566988
1,444,306.10627016599983
1,445,311.3586649530761
1,446,60.76423054758821
1,447,58.4466488532842
1,448,440.9379808531609
1,449,318.463377467614
1,450,59.34228528111254
1,451,306.38331554393426
1,452,270.0679847570691
1,453,354.27611308288544
1,454,52.24799352466541
1,455,257.54846027703354
1,456,57.69729457475554
1,457,329.4731217176665
1,458,125.2880819724098
1,459,336.83456784243685
1,460,307.3631660253002
1,461,296.45578908088146
1,462,266.5779535489477
1,463,508.7146091045656
1,464,288.31872586750205
1,465,341.40544817232995
1,466,304.2895547221592
1,467,531.6856653647127
1,468,24.77874263271749
1,469,242.3808708400005
1,470,43.013288176404735
1,471,306.6333033868921
1,472,317.4191774065431
1,473,30.365032218687787
1,474,259.8717448432322
1,475,38.83614453847568
1,476,250.4140417119968
1,477,106.92424642211265
1,478,238.88277576609698
1,479,36.825706849617134
1,480,309.1089908569604
1,481,35.47641205532141
1,482,290.08200295727295
1,483,33.431317014308625
1,484,32.53336778056375
1,485,307.2764592344362
1,486,176.16919831696015
1,487,300.7287768094533
1,488,246.03892244570233
1,489,245.19180630699697
1,490,292.8995006950162
1,491,362.8421218185333
1,492,323.97491932739473
1,493,43.07092099183173
1,494,330.57958808694246
1,495,55.39236084910179
1,496,47.36379086913296
1,497,348.5420198405114
1,498,88.81929995062927
1,499,314.8266933311723
1,500,304.19134814854283
1,501,64.363685377825
1,502,307.8620209428602
1,503,269.42394680312987
1,504,62.82983822324793
1,505,255.32274062678943
1,506,57.10382045047528
1,507,328.3514784044013
1,508,331.4496665043716
1,509,287.16718540429343
1,510,294.7797030087904
1,511,177.17104008160553
1,512,251.07402899053653
1,513,277.4547287935982
1,514,295.4660387486489
1,515,306.16617165327307
1,516,290.47741844084146
1,517,194.69712566488204
1,518,13.613727450174498
1,519,150.2693762626591
1,520,278.175139328785
1,521,294.57594525987236
1,522,45.461075501269974
1,523,177.84255991282788
1,524,302.11971763263557
1,525,19.51544207912231
1,526,293.61797892185905
1,527,59.96441527544105
1,528,306.7351271753198
1,529,259.65748856086407
1,530,115.19454873067585
1,531,34.89274605793778
1,532,240.74427667969965
1,533,38.99097158881415
1,534,292.84829622351424
1,535,245.14197872038255
1,536,301.05259960314027
1,537,292.96350348023816
1,538,86.73345107928145
1,539,292.19946707534683
1,540,416.83019304501556
1,541,281.3810445474131
1,542,270.49624926286947
1,543,67.48008121817644
1,544,281.76007080465035
1,545,284.96988171714696
1,546,300.11720185396075
1,547,300.89950872438374
1,548,62.49549715649083
1,549,258.781466685119
1,550,225.65434520693367
1,551,51.39689864358047
1,552,273.4770816667278
1,553,56.15134445275236
1,554,39.53604060993817
1,555,334.76254198994275
1,556,178.12045495986797
1,557,30.887088343758446
1,558,35.218222080528214
1,559,178.90977583063125
1,560,104.25528368717747
1,561,38.079701566512526
1,562,248.721437687725
1,563,243.70360889219018
1,564,36.87235948506264
1,565,289.1368980928554
1,566,8.561845438082113
1,567,32.286851122229606
1,568,308.637624094405
1,569,31.542086856533786
1,570,278.7368174633783
1,571,361.5190148173325
1,572,112.17590907686713
1,573,328.5410605705677
1,574,35.58047586139117
1,575,274.78821858164554
1,576,233.6212363464959
1,577,390.891820400795
1,578,185.03055759642336
1,579,278.9154496645932
1,580,302.37676340501685
1,581,105.66620915877502
1,582,280.2575726780974
1,583,35.512536851589346
1,584,426.62490481191014
1,585,35.323161205930546
1,586,26.235702453518737
1,587,294.1517804643791
1,588,301.7690103126134
1,589,135.4833492002996
1,590,252.89069136688295
1,591,226.10971152736917
1,592,329.4103970449496
1,593,39.169952913978484
1,594,247.4959494730391
1,595,63.38066306424525
1,596,314.2044632747021
1,597,265.3301977113611
1,598,101.68147637378036
1,599,286.4574470456779
1,600,288.1960404089742
1,601,194.51317975632048
1,602,301.9922665521938
1,603,173.1007319341544
1,604,493.08271543599994
1,605,281.12553486388884
1,606,414.01041148072
1,607,477.7146816753078
1,608,298.3252930907464
1,609,26.860264618350442
1,610,271.389387319877
1,611,257.52939015251746
1,612,272.8582311647483
1,613,350.7428387737029
1,614,40.7986814972077
1,615,286.1379619495207
1,616,275.76533287939685
1,617,273.3318219545083
1,618,285.89353477978847
1,619,297.94198159246747
1,620,175.7211142310884
1,621,264.01440258766706
1,622,295.8551892528311
1,623,264.34662007759994
1,624,297.7640981368663
1,625,249.42419386422978
1,626,214.36104177834576
1,627,314.04121220330626
1,628,49.11661047623338
1,629,248.26595182089798
1,630,307.0401388570175
1,631,197.2157376091869
1,632,275.7928808216648
1,633,43.113545937021556
1,634,54.47064060567891
1,635,77.34000157469563
1,636,104.40513386133999
1,637,250.52977589840103
1,638,258.3778670901615
1,639,58.466275807940306
1,640,247.5138450110186
1,641,39.55658141109194
1,642,289.4747006969375
1,643,225.27171112779405
1,644,223.02383996619346
1,645,40.17205201534576
1,646,261.21006115911945
1,647,35.56186660811334
1,648,279.48153316748653
1,649,30.402229269915154
1,650,224.86669481870888
1,651,17.348193242156025
1,652,265.48337939013174
1,653,204.92107183897411
1,654,269.37660218728104
1,655,254.79345369145614
1,656,55.470871769388694
1,657,152.94447668547042
1,658,38.97933903587849
1,659,312.1027717014091
1,660,324.11470224535594
1,661,20.508810107239178
1,662,236.6353152381762
1,663,58.170539997994226
1,664,46.53380214892439
1,665,140.82695223401925
1,666,32.388251718925495
1,667,166.20812324549252
1,668,38.77286641206973
1,669,259.02965579077
1,670,39.1954305184894
1,671,223.29360467237575
1,672,173.8306395571409
1,673,281.53784936459647
1,674,30.194446191713872
1,675,230.60978029438488
1,676,156.04461460514005
1,677,247.30107506311643
1,678,61.920138453153136
1,679,263.4980237038021
1,680,40.28501708951434
1,681,57.40762904620768
1,682,258.7770507820925
1,683,87.98684857980408
1,684,254.96433149271792
1,685,103.78445427834342
1,686,43.92081919150138
1,687,246.85394585340356
1,688,262.59744608237304
1,689,260.7148284348937
1,690,317.67870530541734
1,691,192.10456233890602
1,692,33.46326953566956
1,693,219.09715896343403
1,694,265.85201045204724
1,695,334.05486903282167
1,696,249.98556813753248
1,697,37.00425914880445
1,698,280.3550130554926
1,699,21.107451714760767
1,700,251.951174699178
1,701,228.57980706605576
1,702,26.453674929216334
1,703,315.33497842069386
1,704,33.84462566133637
1,705,283.5241251916816
1,706,539.7050282506017
1,707,328.6790423722201
1,708,154.75889586232907
1,709,317.71060049913046
1,710,244.40990175279745
1,711,192.27937406229537
1,712,336.9960452184167
1,713,126.26630991897038
1,714,242.40403905413888
1,715,51.092171611632736
1,716,206.09215747638527
1,717,179.29145570785562
1,718,351.87130806652306
1,719,300.8860732968707
1,720,57.00287600326378
1,721,308.94358378057757
1,722,337.5918352518947
1,723,69.84099816519729
1,724,262.63233660576975
1,725,299.1810604228625
1,726,64.07704987564526
1,727,240.98336654258065
1,728,329.22434845499174
1,729,27.468294386610083
1,730,298.09074872004396
1,731,354.3363809227263
1,732,342.03128749607185
1,733,293.86493175588885
1,734,288.48602732558606
1,735,59.10613242996368
1,736,254.65101317915997
1,737,57.88374613008915
1,738,354.6370612737753
1,739,247.7479082801841
1,740,296.3139595937854
1,741,295.36828940192635
1,742,347.23211599984654
1,743,29.55070629330583
1,744,240.023183288766
1,745,267.9731289273791
1,746,30.568747384411047
1,747,270.25601515595423
1,748,270.71144641340777
1,749,61.71845435754505
1,750,247.1495907231294
1,751,40.456346062631745
1,752,254.48920955615614
1,753,198.2842260690005
1,754,58.39606567423005
1,755,183.5198581928068
1,756,36.61126114760818
1,757,189.6287537272916
1,758,185.52754459775207
1,759,273.0021945154673
1,760,40.58366423202942
1,761,232.2549644037927
1,762,280.1367649578652
1,763,42.312186817889526
1,764,226.4025308779967
1,765,302.6692480343555
1,766,36.06145705093569
1,767,280.6333364231687
1,768,255.57145677756566
1,769,311.4281410119114
1,770,25.39505092982441
1,771,183.3959546718848
1,772,258.8352437513936
1,773,173.27083336924088
1,774,83.08732305200236
1,775,191.83102911194388
1,776,288.03113167335164
1,777,288.2451537554486
1,778,40.71587982658734
1,779,276.1649969290994
1,780,57.25462648814706
1,781,102.2535015882375
1,782,302.6220513074469
1,783,30.006534189104016
1,784,260.6490552254641
1,785,36.027298722805654
1,786,94.8524644916838
1,787,96.25628686622316
1,788,306.62622384922497
1,789,33.950929475304626
1,790,114.84513281869533
1,791,284.47605537066613
1,792,314.84105389332524
1,793,288.1043288028652
1,794,525.9964237973431
1,795,51.50345868186873
1,796,269.89067039662376
1,797,243.543141238141
1,798,295.5506816041101
1,799,70.29117491875076
1,800,262.84189033308826
1,801,302.60642904090855
1,802,158.19105999966968
1,803,340.59261338867157
1,804,300.16738792920177
1,805,194.23911792062702
1,806,299.21876049569426
1,807,63.31181771361852
1,808,256.44673875865277
1,809,93.60965543061681
1,810,62.107779355609566
1,811,204.8718980677865
1,812,131.24236387296054
1,813,231.75648086673607
1,814,273.91475879992385
1,815,293.74080878260196
1,816,294.60231832110384
1,817,65.51046054566748
1,818,352.6531630692856
1,819,42.55266647460435
1,820,164.9259006911949
1,821,40.430070257630206
1,822,29.96324629936138
1,823,232.98485209865768
1,824,226.29035905304795
1,825,43.508584954614605
1,826,256.3913596479644
1,827,66.77947769610921
1,828,195.6740971835917
1,829,348.3921280676169
1,830,273.19614261545144
1,831,123.7206800627258
1,832,60.44361080044865
1,833,353.1531457313814
1,834,242.14737624526617
1,835,278.6037126200359
1,836,45.55249974002655
1,837,335.9692946311089
1,838,249.53832344427906
1,839,222.61828607557294
1,840,155.4338473370231
1,841,206.5519884716211
1,842,252.41481028480956
1,843,230.4787139532284
1,844,108.88867802115385
1,845,267.88975076300216
1,846,258.14217994519464
1,847,39.245845393821945
1,848,139.46954241531142
1,849,216.0934457427776
1,850,230.40250037772364
1,851,290.6175154497801
1,852,175.5196257142234
1,853,61.844421014610745
1,854,249.11717215322324
1,855,47.29864770514326
1,856,50.794809845228286
1,857,209.43631358345579
1,858,36.68453283331395
1,859,260.0535968540939
1,860,238.3797288601811
1,861,39.537364778895444
1,862,144.3771635433531
1,863,257.56038339452965
1,864,66.1460205297394
1,865,212.0041801961586
1,866,82.13957770813917
1,867,229.9094013361512
1,868,88.65728718444069
1,869,370.5747598323266
1,870,187.50228959033547
1,871,60.64111774685341
1,872,271.52960813948056
1,873,254.80631710204682
1,874,39.173436479909796
1,875,60.480378136240475
1,876,232.69463071285054
1,877,156.20370845251972
1,878,253.0562548764349
1,879,233.05148712871886
1,880,226.2594985952873
1,881,280.4048774575494
1,882,186.10790743847195
1,883,35.336234385354416
1,884,171.2712314955257
1,885,249.32696531526
1,886,312.29388144774475
1,887,160.12384875679587
1,888,273.5605532606199
1,889,244.2409532838763
1,890,46.26320133138638
1,891,112.0699784447668
1,892,28.35862358651114
1,893,74.73342384733417
1,894,345.7469815229376
1,895,309.37622209320506
1,896,206.15974309977958
1,897,50.14144969398805
1,898,102.66788597954366
1,899,42.38424867217496
1,900,311.48052839878613
1,901,44.193783120916834
1,902,166.19815548981273
1,903,239.1243909908086
1,904,246.6432243466151
1,905,162.81169304367785
1,906,325.8116324277616
1,907,303.1693686304906
1,908,47.05444247514953
1,909,32.49497711096423
1,910,293.1161428751581
1,911,50.14095623396217
1,912,52.13464496490496
1,913,228.42498962951439
1,914,31.08805235509176
1,915,404.9418762357401
1,916,48.69617229429366
1,917,272.0982332314408
1,918,219.01004648939394
1,919,250.185215231899
1,920,81.87889473059386
1,921,250.6139155431892
1,922,15.330960429174228
1,923,327.85370057736293
1,924,91.6275826551495
1,925,179.2638454347427
1,926,140.72732047029635
1,927,73.24726321346564
1,928,373.61084837617483
1,929,41.71655816725808
1,930,120.28129431431745
1,931,258.8236167224576
1,932,85.85593514610727
1,933,372.08051200669456
1,934,39.74920177178272
1,935,262.68064029815935
1,936,247.75963188198665
1,937,140.94086910752924
1,938,172.62733204031278
1,939,353.3301498644773
1,940,204.5145677985126
1,941,89.34453277864367
1,942,250.9831710962622
1,943,262.0425964902179
1,944,62.58117038434345
1,945,207.3284403816677
1,946,63.53931207929472
1,947,289.84227318059607
1,948,272.91997299405887
1,949,112.7786093362903
1,950,374.864780747008
1,951,123.43959128812762
1,952,328.0139531114852
1,953,317.3433798384932
1,954,362.4904476759175
1,955,284.532799279217
1,956,68.0787723161443
1,957,100.56888816562426
1,958,225.22436771884202
1,959,239.79362729782065
1,960,71.69680021713093
1,961,239.3349920559466
1,962,95.85713260423069
1,963,317.1702158426873
1,964,248.54049018530537
1,965,209.23172281954004
1,966,59.57866162176772
1,967,28.41247515941161
1,968,320.002911711979
1,969,255.62358401548948
1,970,40.76089472573014
1,971,277.11089565713917
1,972,70.36178023491506
1,973,346.52693675825435
1,974,291.7228550134599
1,975,33.93204096561701
1,976,259.53472701938273
1,977,145.7305539248644
1,978,254.0618590824514
1,979,49.5370613915787
1,980,259.4566439076574
1,981,50.41567854679884
1,982,417.7407280383199
1,983,39.20936825438615
1,984,187.49586491618143
1,985,194.73575449234391
1,986,115.41980434606694
1,987,210.8990811256307
1,988,296.9958628238552
1,989,44.949603942640096
1,990,331.0892064263032
1,991,153.70881711359664
1,992,298.47542558608734
1,993,247.5391195521795
1,994,103.02591014853476
1,995,155.34873364214644
1,996,93.20728665632343
1,997,304.58530902327044
1,998,354.88862491554937
1,999,51.791917626531394
1,1000,256.4597524223802
1,1001,37.825445052459685
1,1002,75.63875674074893
1,1003,343.82423976228654
1,1004,106.15714308971113
1,1005,94.58778123906305
1,1006,88.23677613730857
1,1007,135.75701833809597
1,1008,222.5488971509462
1,1009,40.188517728660784
1,1010,273.0105292015455
1,1011,71.27208590533878
1,1012,370.8317302306132
1,1013,47.100253502008314
1,1014,80.62764253892855
1,1015,83.29488859422726
1,1016,40.81921344342294
1,1017,109.78815922878334
1,1018,52.551161710301116
1,1019,78.52075036906922
1,1020,250.99891320480222
1,1021,48.37801467815527
1,1022,281.01204989248436
1,1023,307.42222442332667
1,1024,99.24370287848538
1,1025,64.36153024398924
1,1026,290.7421004624127
1,1027,275.07830820074867
1,1028,36.42144050882576
1,1029,290.44097679932065
1,1030,36.5558501992217
1,1031,273.55754933277717
1,1032,50.228900090203
1,1033,109.43500507206873
1,1034,379.07624874483196
1,1035,319.88623127907306
1,1036,47.41315941092179
1,1037,198.32521253072582
1,1038,98.67942225740299
1,1039,286.27420890978175
1,1040,41.74355101236918
1,1041,266.6774958031106
1,1042,49.90052534169733
1,1043,260.26404990887715
1,1044,48.453760951558024
1,1045,218.43524164364067
1,1046,176.16114322610227
1,1047,333.9167811685759
1,1048,299.3125861982295
1,1049,68.99975821882384
1,1050,225.13725355583665
1,1051,247.81638940048975
1,1052,274.062730126279
1,1053,331.0425317039394
1,1054,137.97069697642542
1,1055,329.01792091728925
1,1056,68.25778117590208
1,1057,381.17974058962454
1,1058,64.84607973166649
1,1059,360.4591462648983
1,1060,68.5800102042098
1,1061,278.7326117642416
1,1062,65.67028091341754
1,1063,87.17712870093739
1,1064,261.34342482752453
1,1065,57.65203416692487
1,1066,69.67346932715196
1,1067,87.76129095407688
1,1068,176.51456918776182
1,1069,48.74374359849227
1,1070,101.75764611623617
1,1071,43.053556120176424
1,1072,264.97495108367076
1,1073,98.11246066700824
1,1074,88.02172562152589
1,1075,307.85516753038473
1,1076,97.44895576803464
1,1077,50.36278209013389
1,1078,285.44671024346326
1,1079,262.5017438570273
1,1080,60.735731333464656
1,1081,111.77583917830731
1,1082,40.97523846052353
1,1083,250.33185691643774
1,1084,204.887755086846
1,1085,101.3103937757999
1,1086,346.6639289737867
1,1087,50.30592536914214
1,1088,66.3489352992263
1,1089,341.5191058939869
1,1090,265.0788280981936
1,1091,61.95424467559155
1,1092,247.69092916955944
1,1093,53.91427237666198
1,1094,235.47289165479918
1,1095,47.88950722274879
1,1096,310.60205467990227
1,1097,312.5058735683659
1,1098,45.585759112545475
1,1099,318.13958916401543
1,1100,45.513702847591446
1,1101,215.9256672068697
1,1102,284.3144853837406
1,1103,361.4652238085531
1,1104,52.50317252497668
1,1105,232.47260390974736
1,1106,139.7499550772691
1,1107,43.13873711497106
1,1108,293.45364366996563
1,1109,50.31920691278778
1,1110,288.94464887046104
1,1111,52.3193437396459
1,1112,285.66448608580424
1,1113,101.03473971380902
1,1114,20.217155635583474
1,1115,288.9507023368533
1,1116,305.42197488941736
1,1117,247.25385601189052
1,1118,36.9482564922049
1,1119,67.88150554923331
1,1120,283.6495817876829
1,1121,260.2398952337984
1,1122,57.99393234832549
1,1123,271.8879117197581
1,1124,107.08935947742923
1,1125,105.29643935849299
1,1126,468.13421359273224
1,1127,87.99131673646983
1,1128,45.25752168658536
1,1129,284.69030551887545
1,1130,192.13333255932912
1,1131,317.986779764667
1,1132,49.98649379060045
1,1133,277.0092216245605
1,1134,143.18346023162138
1,1135,301.3484219900545
1,1136,47.87108324142858
1,1137,270.16658790676513
1,1138,294.3506386059257
1,1139,351.28897552202034
1,1140,328.4017050988747
1,1141,307.31522998136194
1,1142,73.62141414879048
1,1143,112.2433059873322
1,1144,81.88888629114768
1,1145,213.15995897817675
1,1146,145.2025288856666
1,1147,289.9767166930326
1,1148,55.00866375023814
1,1149,249.63516081389082
1,1150,85.41593390109666
1,1151,289.10478505087616
1,1152,68.89747329808324
1,1153,256.8773134093409
1,1154,235.64872406573832
1,1155,70.24961314365206
1,1156,324.38997914905747
1,1157,225.97787549413363
1,1158,244.32758319672274
1,1159,322.5105615349307
1,1160,47.57622990290851
1,1161,289.3569974049768
1,1162,312.39221518558446
1,1163,212.99638149232752
1,1164,434.3740256520623
1,1165,106.08816290107663
1,1166,291.0215973531598
1,1167,42.54569934019068
1,1168,252.54107287577358
1,1169,230.81052016232707
1,1170,119.71866932287682
1,1171,56.050479272112014
1,1172,266.4923550765933
1,1173,258.17600300239496
1,1174,250.34179784884572
1,1175,232.17174250583068
1,1176,31.778705113090574
1,1177,280.61352459977616
1,1178,246.88920420163285
1,1179,35.31102053738019
1,1180,286.48307779837205
1,1181,285.537567533814
1,1182,198.1472472108482
1,1183,182.3758106543579
1,1184,297.27136183847614
1,1185,327.7599008496766
1,1186,128.19347261930534
1,1187,30.885815662186936
1,1188,361.6647038035155
1,1189,48.679488804293975
1,1190,354.2193009429532
1,1191,45.91485329003894
1,1192,306.8576004200987
1,1193,46.86434777541862
1,1194,59.61140755647256
1,1195,280.9715685481066
1,1196,285.66786667567203
1,1197,49.82214246308011
1,1198,175.80118015079626
1,1199,34.11589624716262
1,1200,241.52918473878447
1,1201,84.69088016365566
1,1202,104.74296334177069
1,1203,127.0593217841778
1,1204,234.6037069313275
1,1205,337.021262457871
1,1206,55.827137471461654
1,1207,53.81308127159686
1,1208,73.64032523252153
1,1209,306.36746127475044
1,1210,37.58482809237749
1,1211,263.0855207938247
1,1212,133.1619625314548
1,1213,305.3751144523035
1,1214,64.00850518182897
1,1215,256.4582101413175
1,1216,196.01426979355807
1,1217,375.51309169401827
1,1218,99.57652138481154
1,1219,49.4303336240809
1,1220,322.42721962668435
1,1221,124.35952486322958
1,1222,372.5462745947629
1,1223,237.0391679373182
1,1224,195.90806879050416
1,1225,258.29664602189416
1,1226,197.86746065958835
1,1227,352.3774311499475
1,1228,251.32144151507703
1,1229,289.638483924753
1,1230,295.29637481491125
1,1231,301.23035085332765
1,1232,336.0081687044361
1,1233,359.82937716392223
1,1234,70.48215077072895
1,1235,293.61508003145434
1,1236,64.26166527482309
1,1237,348.0735161531794
1,1238,70.32887814524739
1,1239,306.34024913135187
1,1240,194.35739356624075
1,1241,327.1480755789384
1,1242,45.120974819861836
1,1243,198.0953284054228
1,1244,309.84396806699124
1,1245,160.86851677405724
1,1246,324.37015118016774
1,1247,313.01368204728954
1,1248,297.90012317964863
1,1249,19.45097881101576
1,1250,271.47596593092067
1,1251,270.82304965847663
1,1252,314.22702575337416
1,1253,46.78739012123559
1,1254,255.45754103344925
1,1255,285.4305768185005
1,1256,197.06162149269505
1,1257,36.76233215658751
1,1258,269.45201658135295
1,1259,291.58608469882313
1,1260,266.9883868423681
1,1261,59.80980633094653
1,1262,339.0829371779029
1,1263,43.29379907336224
1,1264,180.9285725252265
1,1265,295.7086763839715
1,1266,248.70862639571175
1,1267,284.03251035596304
1,1268,42.61017880758031
1,1269,304.58066026955726
1,1270,271.2217205409958
1,1271,30.88646155956843
1,1272,257.37495639951635
1,1273,330.38806767156336
1,1274,250.12964492558618
1,1275,288.04800788123976
1,1276,260.6098455857284
1,1277,43.57124865267997
1,1278,270.36436592110283
1,1279,190.09483649298448
1,1280,203.39042293100022
1,1281,191.51924562860896
1,1282,268.5249232684132
1,1283,52.26080601573713
1,1284,277.46580540319275
1,1285,359.5452432997108
1,1286,44.77042592295149
1,1287,255.31688274288354
1,1288,268.8310221260334
1,1289,72.89232506677838
1,1290,294.4943429053031
1,1291,386.48205493062096
1,1292,358.75467574828025
1,1293,93.22873542021742
1,1294,289.6335387056558
1,1295,129.12552601066497
1,1296,313.57100835986483
1,1297,70.92043541742511
1,1298,316.37447664119975
1,1299,118.20761389861032
1,1300,71.57882677223274
1,1301,98.90411110116924
1,1302,297.3758200797271
1,1303,72.25248917429623
1,1304,38.01361089745124
1,1305,183.69858342393272
1,1306,265.5019075679851
1,1307,514.128097649363
1,1308,319.83551655857127
1,1309,65.45664181326441
1,1310,323.5059148978943
1,1311,67.50568911603804
1,1312,203.4653633279554
1,1313,118.61191810299366
1,1314,338.84050894649033
1,1315,42.68017983655203
1,1316,313.86801055936667
1,1317,48.410700703167045
1,1318,270.3543702254186
1,1319,174.1725047231296
1,1320,279.9920611684483
1,1321,48.08464102699424
1,1322,241.96848420136604
1,1323,77.02857778830662
1,1324,283.71620670712247
1,1325,49.05020013970699
1,1326,276.5149382160283
1,1327,152.68971701073605
1,1328,265.3050672544042
1,1329,312.18988941337363
1,1330,313.88401170448617
1,1331,49.09828491156507
1,1332,190.63747654538935
1,1333,292.1702522505016
1,1334,31.886888993270475
1,1335,269.9563741118275
1,1336,295.75744149203655
1,1337,262.57252933234406
1,1338,281.4293485871152
1,1339,50.836244226400225
1,1340,256.61207123605845
1,1341,315.3299916685862
1,1342,184.335288199874
1,1343,314.14323158719253
1,1344,45.09781341662279
1,1345,194.30837800437905
1,1346,297.99666920754345
1,1347,48.77110693114173
1,1348,122.04639938705031
1,1349,290.9710951047803
1,1350,297.2953738457501
1,1351,296.824990167073
1,1352,341.51650535247654
1,1353,341.79851747697796
1,1354,81.41730806223435
1,1355,255.47505547180026
1,1356,303.0904718245141
1,1357,82.54716848692006
1,1358,289.84987232010957
1,1359,74.18238366771782
1,1360,288.323575912686
1,1361,199.14462307438737
1,1362,321.2236572840377
1,1363,69.94941934886157
1,1364,209.36330619095057
1,1365,316.94752589591843
1,1366,604.1847986868052
1,1367,296.41686119229087
1,1368,283.44928475751044
1,1369,72.18573720210843
1,1370,282.6076895324403
1,1371,78.82630887952799
1,1372,261.60980640504636
1,1373,296.427620762433
1,1374,149.92977152350676
1,1375,53.07049363251953
1,1376,289.32985159043267
1,1377,234.60177790279909
1,1378,238.66293756911188
1,1379,45.42221147867687
1,1380,262.2089967560689
1,1381,423.59907959238296
1,1382,33.557844082090995
1,1383,117.49941517118418
1,1384,198.5089117115952
1,1385,37.083514345368684
1,1386,366.751863620952
1,1387,425.61584175637853
1,1388,51.18150697337183
1,1389,262.2795765357986
1,1390,277.56836618668876
1,1391,308.7521326541589
1,1392,36.128847194200105
1,1393,189.332508431434
1,1394,313.33501427045206
1,1395,337.2231144124111
1,1396,285.97283611946636
1,1397,84.20292768568885
1,1398,283.4477719322327
1,1399,278.0625099765234
1,1400,29.251821694156085
1,1401,326.9367241823719
1,1402,209.9860138659708
1,1403,53.5784869588585
1,1404,303.11126757738054
1,1405,225.98456488018843
1,1406,261.90814735279866
1,1407,91.03285748603373
1,1408,193.38979324466135
1,1409,190.52511679764058
1,1410,48.99741763269853
1,1411,384.0162103851277
1,1412,284.43865200855305
1,1413,317.55503315544206
1,1414,281.74715317595343
1,1415,39.309983434884664
1,1416,284.010693799872
1,1417,57.30105509221439
1,1418,22.85919894279068
1,1419,302.23200339709615
1,1420,255.11731461707393
1,1421,66.99708477971355
1,1422,225.48812048150745
1,1423,224.91338822466253
1,1424,305.7785370863782
1,1425,40.403288955964996
1,1426,46.710725513843
1,1427,392.7034633163282
1,1428,301.8914343658707
1,1429,294.3816517224835
1,1430,35.66830930174074
1,1431,288.808103789568
1,1432,51.22494857256743
1,1433,311.0860317054635
1,1434,283.5631840820484
1,1435,242.17344378248097
1,1436,128.39360390965217
1,1437,302.9604841606176
1,1438,100.1829694804298
1,1439,40.14911934231994
1,1440,266.0526948678536
1,1441,40.447094725128636
1,1442,301.99798615939426
1,1443,311.45985734619717
1,1444,284.9972377213478
1,1445,67.80363372164979
1,1446,282.5432577876064
1,1447,280.50434875288704
1,1448,496.9957776381743
1,1449,347.35332932597163
1,1450,94.13236985745269
1,1451,271.7597695484443
1,1452,131.83708192228613
1,1453,315.7444943224224
1,1454,54.82119422076054
1,1455,285.95779960746916
1,1456,305.1515682001127
1,1457,200.25612844366074
1,1458,366.73660233384203
1,1459,350.19728432033946
1,1460,70.61711487098609
1,1461,327.63604871456363
1,1462,308.5371964262971
1,1463,70.08228971821507
1,1464,322.0139620603037
1,1465,315.3299191567475
1,1466,215.1364555475753
1,1467,260.87839256190597
1,1468,133.21693241751288
1,1469,107.95509018706593
1,1470,276.1349550776413
1,1471,116.6933022128061
1,1472,314.8426637312251
1,1473,50.3683743235601
1,1474,309.4199510445554
1,1475,53.642477221879474
1,1476,302.2121125236209
1,1477,280.08948636202433
1,1478,57.01290267991295
1,1479,291.2636709740611
1,1480,42.85987586103563
1,1481,281.50966580027523
1,1482,48.942636610611416
1,1483,208.10991427483108
1,1484,267.1593442408015
1,1485,151.77276085613957
1,1486,55.17366855998732
1,1487,286.050070779802
1,1488,244.00629263730252
1,1489,219.4740366409231
1,1490,361.1509338542708
1,1491,291.88337035869256
1,1492,54.73505285807592
1,1493,314.76757399815017
1,1494,270.8357884850111
1,1495,193.32375895532778
1,1496,214.85344578355435
1,1497,46.18965403923664
1,1498,304.10306680151825
1,1499,284.13873610438037
1,1500,351.58643339584063
1,1501,19.8610161929279
1,1502,331.3003324707421
1,1503,330.3017942715056
1,1504,53.62052193702726
1,1505,146.18614440157506
1,1506,375.0071312943807
1,1507,56.72005613184898
1,1508,297.1661430985422
1,1509,52.974695331601694
1,1510,174.9342223543851
1,1511,64.04060334521265
1,1512,304.7747924567869
1,1513,291.7996456909206
1,1514,77.74366657971416
1,1515,190.48976514981425
1,1516,102.68730786388873
1,1517,241.11290405301338
1,1518,288.70578162382213
1,1519,285.5680051031178
1,1520,141.2005866122678
1,1521,287.56138750395155
1,1522,51.117530636600335
1,1523,280.36218864881744
1,1524,280.4693490857762
1,1525,43.46116321477707
1,1526,280.56171511361293
1,1527,186.22465418325942
1,1528,272.1680601887298
1,1529,47.91990685576988
1,1530,319.4641636173628
1,1531,290.16147849719033
1,1532,47.99351451752228
1,1533,43.12719708959867
1,1534,323.2204314462219
1,1535,48.10429958590992
1,1536,187.7245028960479
1,1537,295.1241518910045
1,1538,217.8500617132076
1,1539,536.9545794448279
1,1540,286.1005998783519
1,1541,301.1529668217088
1,1542,365.4573871954776
1,1543,411.3064129076171
1,1544,73.57448472175855
1,1545,57.82197408966304
1,1546,318.33670529303635
1,1547,330.9776424015922
1,1548,76.97920289033176
1,1549,292.17680389652025
1,1550,54.603956613742284
1,1551,338.75138834114034
1,1552,321.7274495716765
1,1553,52.03612242436766
1,1554,220.53196428842242
1,1555,73.83488431943479
1,1556,295.4725903018678
1,1557,327.34491558496563
1,1558,73.36458087889615
1,1559,300.07529002685374
1,1560,200.99986542797564
1,1561,319.1265291187574
1,1562,37.05977539205428
1,1563,283.9346621025328
1,1564,346.93536401488393
1,1565,294.673766969388
1,1566,150.74004564118223
1,1567,46.314510079476015
1,1568,216.9467499915216
1,1569,302.347558106562
1,1570,89.60985072288264
1,1571,321.4198689429985
1,1572,310.3915074560497
1,1573,345.65394238245955
1,1574,50.548183488257905
1,1575,234.80102650095904
1,1576,318.15137887257424
1,1577,295.1831053398962
1,1578,214.2718015100777
1,1579,319.3729511774105
1,1580,66.23228185037165
1,1581,124.44575226417652
1,1582,275.3848200019706
1,1583,66.81897890072432
1,1584,274.7435587354284
1,1585,69.40975553881762
1,1586,332.7297203711409
1,1587,70.50458085047094
1,1588,240.01477285697302
1,1589,124.16131590359436
1,1590,107.28475166797213
1,1591,262.88159426484833
1,1592,31.806167829172274
1,1593,119.92446294860561
1,1594,49.4101826348313
1,1595,217.6847095071625
1,1596,46.57097024332067
1,1597,223.19821808069293
1,1598,52.86368497803063
1,1599,276.7455047256437
1,1600,177.2884288550128
1,1601,47.666457376906436
1,1602,118.07691414942354
1,1603,258.3241960614773
1,1604,189.9072463661143
1,1605,76.79355725030547
1,1606,332.54717949167014
1,1607,36.81881948619399
1,1608,319.8830289671725
1,1609,275.8383841175168
1,1610,52.651314570174165
1,1611,230.84232697774758
1,1612,51.12903386831261
1,1613,81.96505453762376
1,1614,300.8777288833531
1,1615,49.1675095512479
1,1616,46.96289517118565
1,1617,290.67362289860813
1,1618,52.02357261908146
1,1619,268.3005943161276
1,1620,89.35551305050382
1,1621,52.00028909559728
1,1622,300.2158554194322
1,1623,293.1200194254708
1,1624,288.32630131627735
1,1625,241.94568973387214
1,1626,229.62849190194376
1,1627,304.64102944447484
1,1628,48.090061170836215
1,1629,295.0774710023024
1,1630,324.6940797645891
1,1631,34.897272286817
1,1632,294.23272268286917
1,1633,266.47087165455014
1,1634,286.9407557778393
1,1635,125.36461943775211
1,1636,257.0284469649583
1,1637,207.57731028265104
1,1638,271.8693615018553
1,1639,273.74099830093456
1,1640,96.7768968893185
1,1641,231.02988603367402
1,1642,29.436623057861674
1,1643,241.7948584350221
1,1644,35.304216578183116
1,1645,133.45209056339726
1,1646,261.3003953001435
1,1647,137.04818302323372
1,1648,258.0566299045317
1,1649,64.92053461009789
1,1650,149.54756020715297
1,1651,93.37224704049618
1,1652,246.19371058968278
1,1653,73.89604846649172
1,1654,238.39265227166933
1,1655,67.97191667164952
1,1656,288.5335758425689
1,1657,228.3349139184486
1,1658,49.51733172431838
1,1659,136.3233698714173
1,1660,262.0252017137336
1,1661,190.3660232900255
1,1662,90.03182233304878
1,1663,244.5375856393
1,1664,67.43919634725738
1,1665,281.45844823806664
1,1666,273.16116340514213
1,1667,52.36044866167903
1,1668,102.60512228455661
1,1669,230.0343617169254
1,1670,48.673429584722726
1,1671,279.39704731426923
1,1672,48.98856166708506
1,1673,311.70397942531133
1,1674,311.93731763236474
1,1675,48.686777950711026
1,1676,243.4524256921457
1,1677,265.839991251874
1,1678,51.67097812872372
1,1679,236.45553368252067
1,1680,55.3262636756845
1,1681,79.63174320203967
1,1682,303.4671378548717
1,1683,49.16967865678734
1,1684,51.363113065959
1,1685,287.849038583869
1,1686,48.463913812274455
1,1687,252.09742891621238
1,1688,88.74868289852986
1,1689,50.79067684820818
1,1690,293.49833321049425
1,1691,323.42747111296933
1,1692,36.90433781878906
1,1693,297.34497686735034
1,1694,306.10253006403997
1,1695,28.550849830455732
1,1696,272.2791070736678
1,1697,282.0936536182757
1,1698,291.50878459407625
1,1699,298.90674138855184
1,1700,241.14663753371423
1,1701,211.77713313629343
1,1702,299.9297448456476
1,1703,50.43827672875264
1,1704,291.94454814181563
1,1705,47.48740381143696
1,1706,55.456027791937856
1,1707,244.2470934186531
1,1708,35.80729035435967
1,1709,119.39765951728145
1,1710,262.30000352125353
1,1711,204.83551650420685
1,1712,219.06603131034382
1,1713,100.03443755085353
1,1714,92.86378706543121
1,1715,260.8635669171454
1,1716,121.61668436496586
1,1717,109.35587538844146
1,1718,295.38891044415834
1,1719,45.758950190051856
1,1720,66.29902573494073
1,1721,268.23827654676995
1,1722,380.90660177682474
1,1723,293.84825386934494
1,1724,61.64581264062238
1,1725,318.6392016180173
1,1726,96.57700358344039
1,1727,353.2788484636543
1,1728,284.33991194795294
1,1729,376.888238847702
1,1730,154.16675645767583
1,1731,315.59763230900137
1,1732,49.33196889663132
1,1733,246.52474142573647
1,1734,271.12609883319817
1,1735,61.92540357553575
1,1736,309.01784000116453
1,1737,67.70030482397736
1,1738,114.69619375962361
1,1739,404.83973264891324
1,1740,312.0984727733162
1,1741,226.88804547673163
1,1742,67.20452593993238
1,1743,308.9835361925825
1,1744,179.99793303379462
1,1745,43.55426415711492
1,1746,313.2442900507431
1,1747,311.5197400601317
1,1748,50.10533450243813
1,1749,362.96492538605844
1,1750,49.005416608391364
1,1751,297.13144778839376
1,1752,34.37434884049178
1,1753,293.1485660882112
1,1754,179.632969514594
1,1755,214.07976112192338
1,1756,284.6228011551375
1,1757,98.96217019910193
1,1758,188.56519799544125
1,1759,34.868666729161575
1,1760,312.3933775737505
1,1761,48.03426899904427
1,1762,185.82035235915714
1,1763,53.38866931208225
1,1764,186.25885166305505
1,1765,289.29809791377
1,1766,35.563384360860596
1,1767,264.2226762821281
1,1768,294.0255614678779
1,1769,22.405950241406437
1,1770,292.0822074247893
1,1771,47.763858022417025
1,1772,30.565749671533773
1,1773,391.5981980995746
1,1774,48.33489125400537
1,1775,39.734426106706195
1,1776,251.99202008079303
1,1777,265.8418778290452
1,1778,49.263777999721164
1,1779,267.60650773636326
1,1780,258.0406961742723
1,1781,247.70937815060998
1,1782,298.6316883900655
1,1783,67.42292648968127
1,1784,343.09557230581936
1,1785,78.05568231581248
1,1786,223.0846199231247
1,1787,378.6371965767596
1,1788,276.9080646338118
1,1789,67.871788391508
1,1790,318.96589384372817
1,1791,125.8684658028989
1,1792,77.47362154333791
1,1793,169.76410538873523
1,1794,381.6052510746093
1,1795,67.99533009579937
1,1796,265.69492210370413
1,1797,287.0341039077718
1,1798,70.35036060565267
1,1799,117.29726551560512
1,1800,216.11568401428252
1,1801,277.97894526989137
1,1802,73.78779766720898
1,1803,206.3980589345109
1,1804,277.0036892621788
1,1805,44.951568227695816
1,1806,60.44227174446158
1,1807,294.29762045296593
1,1808,296.505999250251
1,1809,37.24816925885092
1,1810,71.14404983907572
1,1811,102.26312553220458
1,1812,191.28890461104075
1,1813,43.6767191460857
1,1814,131.64761801872191
1,1815,224.214441544573
1,1816,41.59258601953691
1,1817,49.55145571100847
1,1818,237.79193642611602
1,1819,319.9129999658162
1,1820,227.0146751984273
1,1821,348.094659107191
1,1822,72.83320996725283
1,1823,223.39070180167238
1,1824,323.45694435245014
1,1825,49.97316840174228
1,1826,315.9999963269531
1,1827,43.18360891557452
1,1828,184.8010116680424
1,1829,302.88521541485943
1,1830,105.93767006151967
1,1831,289.87472148821803
1,1832,71.3728832355902
1,1833,309.0688446588107
1,1834,286.19715150559193
1,1835,51.55505685242643
1,1836,168.32528083317547
1,1837,233.41038030353
1,1838,50.97485450114673
1,1839,320.58485389465767
1,1840,53.283684070945014
1,1841,267.16070681012513
1,1842,244.2127659247979
1,1843,294.2063768966369
1,1844,434.590084911731
1,1845,44.69556145547475
1,1846,264.864199230563
1,1847,183.29313671094008
1,1848,316.1721933420716
1,1849,258.91882199490544
1,1850,105.08250922845653
1,1851,277.97697161233407
1,1852,43.46412515657712
1,1853,276.9989688399602
1,1854,52.09475459822997
1,1855,333.3221479386266
1,1856,281.6045877602214
1,1857,35.500203384133656
1,1858,307.9911508313444
1,1859,57.06034658899371
1,1860,265.0145825810028
1,1861,49.324946415401
1,1862,317.9677089912009
1,1863,303.78191779275437
1,1864,34.94521318530106
1,1865,283.3325015473987
1,1866,245.03092140536512
1,1867,307.0279247660018
1,1868,38.07782678684748
1,1869,258.38781326716054
1,1870,38.92288449039352
1,1871,243.5378833963078
1,1872,51.496016639064884
1,1873,248.15831016089572
1,1874,440.5563118481196
1,1875,44.878259287998546
1,1876,271.1809276449393
1,1877,283.3747950854699
1,1878,329.07636353646484
1,1879,52.09687004011815
1,1880,314.58564543877674
1,1881,275.36978466797643
1,1882,65.38734026265286
1,1883,116.03438126015975
1,1884,346.1282424101493
1,1885,525.9964237973431
1,1886,51.50345868186873
1,1887,269.89067039662376
1,1888,243.543141238141
1,1889,295.5506816041101
1,1890,70.29117491875076
1,1891,262.84189033308826
1,1892,302.60642904090855
1,1893,158.19105999966968
1,1894,340.59261338867157
1,1895,300.16738792920177
1,1896,194.23911792062702
1,1897,299.21876049569426
1,1898,63.31181771361852
1,1899,256.44673875865277
1,1900,93.60965543061681
1,1901,62.107779355609566
1,1902,204.8718980677865
1,1903,131.24236387296054
1,1904,231.75648086673607
1,1905,273.91475879992385
1,1906,293.74080878260196
1,1907,294.60231832110384
1,1908,65.51046054566748
1,1909,352.6531630692856
1,1910,42.55266647460435
1,1911,164.9259006911949
1,1912,40.430070257630206
1,1913,29.96324629936138
1,1914,232.98485209865768
1,1915,226.29035905304795
1,1916,43.508584954614605
1,1917,256.3913596479644
1,1918,66.77947769610921
1,1919,195.6740971835917
1,1920,348.3921280676169
1,1921,273.19614261545144
1,1922,123.7206800627258
1,1923,60.44361080044865
1,1924,353.1531457313814
1,1925,242.14737624526617
1,1926,278.6037126200359
1,1927,45.55249974002655
1,1928,335.9692946311089
1,1929,249.53832344427906
1,1930,222.61828607557294
1,1931,155.4338473370231
1,1932,206.5519884716211
1,1933,252.41481028480956
1,1934,230.4787139532284
1,1935,108.88867802115385
1,1936,267.88975076300216
1,1937,258.14217994519464
1,1938,39.245845393821945
1,1939,139.46954241531142
1,1940,216.0934457427776
1,1941,230.40250037772364
1,1942,290.6175154497801
1,1943,175.5196257142234
1,1944,61.844421014610745
1,1945,249.11717215322324
1,1946,47.29864770514326
1,1947,50.794809845228286
1,1948,209.43631358345579
1,1949,36.68453283331395
1,1950,260.0535968540939
1,1951,238.3797288601811
1,1952,39.537364778895444
1,1953,144.3771635433531
1,1954,257.56038339452965
1,1955,66.1460205297394
1,1956,212.0041801961586
1,1957,82.13957770813917
1,1958,229.9094013361512
1,1959,88.65728718444069
1,1960,370.5747598323266
1,1961,187.50228959033547
1,1962,60.64111774685341
1,1963,271.52960813948056
1,1964,254.80631710204682
1,1965,39.173436479909796
1,1966,60.480378136240475
1,1967,232.69463071285054
1,1968,156.20370845251972
1,1969,253.0562548764349
1,1970,233.05148712871886
1,1971,226.2594985952873
1,1972,280.4048774575494
1,1973,186.10790743847195
1,1974,35.336234385354416
1,1975,171.2712314955257
1,1976,249.32696531526
1,1977,312.29388144774475
1,1978,160.12384875679587
1,1979,273.5605532606199
1,1980,244.2409532838763
1,1981,46.26320133138638
1,1982,112.0699784447668
1,1983,28.35862358651114
1,1984,74.73342384733417
1,1985,345.7469815229376
1,1986,309.37622209320506
1,1987,206.15974309977958
1,1988,50.14144969398805
1,1989,102.66788597954366
1,1990,42.38424867217496
1,1991,311.48052839878613
1,1992,44.193783120916834
1,1993,166.19815548981273
1,1994,239.1243909908086
1,1995,246.6432243466151
1,1996,162.81169304367785
1,1997,325.8116324277616
1,1998,303.1693686304906
1,1999,47.05444247514953
1,2000,32.49497711096423
1,2001,293.1161428751581
1,2002,50.14095623396217
1,2003,52.13464496490496
1,2004,228.42498962951439
1,2005,31.08805235509176
1,2006,404.9418762357401
1,2007,48.69617229429366
1,2008,272.0982332314408
1,2009,219.01004648939394
1,2010,250.185215231899
1,2011,81.87889473059386
1,2012,250.6139155431892
1,2013,15.330960429174228
1,2014,327.85370057736293
1,2015,91.6275826551495
1,2016,179.2638454347427
1,2017,140.72732047029635
1,2018,73.24726321346564
1,2019,373.61084837617483
1,2020,41.71655816725808
1,2021,120.28129431431745
1,2022,258.8236167224576
1,2023,85.85593514610727
1,2024,372.08051200669456
1,2025,39.74920177178272
1,2026,262.68064029815935
1,2027,247.75963188198665
1,2028,140.94086910752924
1,2029,172.62733204031278
1,2030,353.3301498644773
1,2031,204.5145677985126
1,2032,89.34453277864367
1,2033,250.9831710962622
1,2034,262.0425964902179
1,2035,62.58117038434345
1,2036,207.3284403816677
1,2037,63.53931207929472
1,2038,289.84227318059607
1,2039,272.91997299405887
1,2040,112.7786093362903
1,2041,374.864780747008
1,2042,123.43959128812762
1,2043,328.0139531114852
1,2044,317.3433798384932
1,2045,362.4904476759175
1,2046,284.532799279217
1,2047,68.0787723161443
1,2048,100.56888816562426
1,2049,225.22436771884202
1,2050,239.79362729782065
1,2051,71.69680021713093
1,2052,239.3349920559466
1,2053,95.85713260423069
1,2054,317.1702158426873
1,2055,248.54049018530537
1,2056,209.23172281954004
1,2057,59.57866162176772
1,2058,28.41247515941161
1,2059,320.002911711979
1,2060,255.62358401548948
1,2061,40.76089472573014
1,2062,277.11089565713917
1,2063,70.36178023491506
1,2064,346.52693675825435
1,2065,291.7228550134599
1,2066,33.93204096561701
1,2067,259.53472701938273
1,2068,145.7305539248644
1,2069,254.0618590824514
1,2070,49.5370613915787
1,2071,259.4566439076574
1,2072,50.41567854679884
1,2073,417.7407280383199
1,2074,39.20936825438615
1,2075,187.49586491618143
1,2076,194.73575449234391
1,2077,115.41980434606694
1,2078,210.8990811256307
1,2079,296.9958628238552
1,2080,44.949603942640096
1,2081,331.0892064263032
1,2082,153.70881711359664
1,2083,298.47542558608734
1,2084,247.5391195521795
1,2085,103.02591014853476
1,2086,155.34873364214644
1,2087,93.20728665632343
1,2088,304.58530902327044
1,2089,354.88862491554937
1,2090,51.791917626531394
1,2091,256.4597524223802
1,2092,37.825445052459685
1,2093,75.63875674074893
1,2094,343.82423976228654
1,2095,106.15714308971113
1,2096,94.58778123906305
1,2097,88.23677613730857
1,2098,135.75701833809597
1,2099,222.5488971509462
1,2100,40.188517728660784
1,2101,273.0105292015455
1,2102,71.27208590533878
1,2103,370.8317302306132
1,2104,47.100253502008314
1,2105,80.62764253892855
1,2106,83.29488859422726
1,2107,40.81921344342294
1,2108,109.78815922878334
1,2109,52.551161710301116
1,2110,78.52075036906922
1,2111,250.99891320480222
1,2112,48.37801467815527
1,2113,281.01204989248436
1,2114,307.42222442332667
1,2115,99.24370287848538
1,2116,64.36153024398924
1,2117,290.7421004624127
1,2118,275.07830820074867
1,2119,36.42144050882576
1,2120,290.44097679932065
1,2121,36.5558501992217
1,2122,273.55754933277717
1,2123,50.228900090203
1,2124,109.43500507206873
1,2125,379.07624874483196
1,2126,319.88623127907306
1,2127,47.41315941092179
1,2128,198.32521253072582
1,2129,98.67942225740299
1,2130,286.27420890978175
1,2131,41.74355101236918
1,2132,266.6774958031106
1,2133,49.90052534169733
1,2134,260.26404990887715
1,2135,48.453760951558024
1,2136,218.43524164364067
1,2137,176.16114322610227
1,2138,333.9167811685759
1,2139,299.3125861982295
1,2140,68.99975821882384
1,2141,225.13725355583665
1,2142,247.81638940048975
1,2143,274.062730126279
1,2144,331.0425317039394
1,2145,137.97069697642542
1,2146,329.01792091728925
1,2147,68.25778117590208
1,2148,381.17974058962454
1,2149,64.84607973166649
1,2150,360.4591462648983
1,2151,68.5800102042098
1,2152,278.7326117642416
1,2153,65.67028091341754
1,2154,87.17712870093739
1,2155,261.34342482752453
1,2156,57.65203416692487
1,2157,69.67346932715196
1,2158,87.76129095407688
1,2159,176.51456918776182
1,2160,48.74374359849227
1,2161,101.75764611623617
1,2162,43.053556120176424
1,2163,264.97495108367076
1,2164,98.11246066700824
1,2165,88.02172562152589
1,2166,307.85516753038473
1,2167,97.44895576803464
1,2168,50.36278209013389
1,2169,285.44671024346326
1,2170,262.5017438570273
1,2171,60.735731333464656
1,2172,111.77583917830731
1,2173,40.97523846052353
1,2174,250.33185691643774
1,2175,204.887755086846
1,2176,101.3103937757999
1,2177,346.6639289737867
1,2178,50.30592536914214
1,2179,66.3489352992263
1,2180,341.5191058939869
1,2181,265.0788280981936
1,2182,61.95424467559155
1,2183,247.69092916955944
1,2184,53.91427237666198
1,2185,235.47289165479918
1,2186,47.88950722274879
1,2187,310.60205467990227
1,2188,312.5058735683659
1,2189,45.585759112545475
1,2190,318.13958916401543
1,2191,45.513702847591446
1,2192,215.9256672068697
1,2193,284.3144853837406
1,2194,361.4652238085531
1,2195,52.50317252497668
1,2196,232.47260390974736
1,2197,139.7499550772691
1,2198,43.13873711497106
1,2199,293.45364366996563
1,2200,50.31920691278778
1,2201,288.94464887046104
1,2202,52.3193437396459
1,2203,285.66448608580424
1,2204,101.03473971380902
1,2205,20.217155635583474
1,2206,288.9507023368533
1,2207,305.42197488941736
1,2208,247.25385601189052
1,2209,36.9482564922049
1,2210,67.88150554923331
1,2211,283.6495817876829
1,2212,260.2398952337984
1,2213,57.99393234832549
1,2214,271.8879117197581
1,2215,107.08935947742923
1,2216,105.29643935849299
1,2217,468.13421359273224
1,2218,87.99131673646983
1,2219,45.25752168658536
1,2220,284.69030551887545
1,2221,192.13333255932912
1,2222,317.986779764667
1,2223,49.98649379060045
1,2224,277.0092216245605
1,2225,143.18346023162138
1,2226,301.3484219900545
1,2227,47.87108324142858
1,2228,270.16658790676513
1,2229,294.3506386059257
1,2230,351.28897552202034
1,2231,328.4017050988747
1,2232,307.31522998136194
1,2233,73.62141414879048
1,2234,112.2433059873322
1,2235,81.88888629114768
1,2236,213.15995897817675
1,2237,145.2025288856666
1,2238,289.9767166930326
1,2239,55.00866375023814
1,2240,249.63516081389082
1,2241,85.41593390109666
1,2242,289.10478505087616
1,2243,68.89747329808324
1,2244,256.8773134093409
1,2245,235.64872406573832
1,2246,70.24961314365206
1,2247,324.38997914905747
1,2248,225.97787549413363
1,2249,244.32758319672274
1,2250,322.5105615349307
1,2251,47.57622990290851
1,2252,289.3569974049768
1,2253,312.39221518558446
1,2254,212.99638149232752
1,2255,434.3740256520623
1,2256,106.08816290107663
1,2257,291.0215973531598
1,2258,42.54569934019068
1,2259,252.54107287577358
1,2260,230.81052016232707
1,2261,119.71866932287682
1,2262,56.050479272112014
1,2263,266.4923550765933
1,2264,258.17600300239496
1,2265,250.34179784884572
1,2266,232.17174250583068
1,2267,31.778705113090574
1,2268,280.61352459977616
1,2269,246.88920420163285
1,2270,35.31102053738019
1,2271,286.48307779837205
1,2272,285.537567533814
1,2273,198.1472472108482
1,2274,182.3758106543579
1,2275,297.27136183847614
1,2276,327.7599008496766
1,2277,128.19347261930534
1,2278,30.885815662186936
1,2279,361.6647038035155
1,2280,48.679488804293975
1,2281,354.2193009429532
1,2282,45.91485329003894
1,2283,306.8576004200987
1,2284,46.86434777541862
1,2285,59.61140755647256
1,2286,280.9715685481066
1,2287,285.66786667567203
1,2288,49.82214246308011
1,2289,175.80118015079626
1,2290,34.11589624716262
1,2291,241.52918473878447
1,2292,84.69088016365566
1,2293,104.74296334177069
1,2294,127.0593217841778
1,2295,234.6037069313275
1,2296,337.021262457871
1,2297,55.827137471461654
1,2298,53.81308127159686
1,2299,73.64032523252153
1,2300,306.36746127475044
1,2301,37.58482809237749
1,2302,263.0855207938247
1,2303,133.1619625314548
1,2304,305.3751144523035
1,2305,64.00850518182897
1,2306,256.4582101413175
1,2307,196.01426979355807
1,2308,375.51309169401827
1,2309,99.57652138481154
1,2310,49.4303336240809
1,2311,322.42721962668435
1,2312,124.35952486322958
1,2313,372.5462745947629
1,2314,237.0391679373182
1,2315,195.90806879050416
1,2316,258.29664602189416
1,2317,197.86746065958835
1,2318,352.3774311499475
1,2319,251.32144151507703
1,2320,289.638483924753
1,2321,295.29637481491125
1,2322,301.23035085332765
1,2323,336.0081687044361
1,2324,359.82937716392223
1,2325,70.48215077072895
1,2326,293.61508003145434
1,2327,64.26166527482309
1,2328,348.0735161531794
1,2329,70.32887814524739
1,2330,306.34024913135187
1,2331,194.35739356624075
1,2332,327.1480755789384
1,2333,45.120974819861836
1,2334,198.0953284054228
1,2335,309.84396806699124
1,2336,160.86851677405724
1,2337,324.37015118016774
1,2338,313.01368204728954
1,2339,297.90012317964863
1,2340,19.45097881101576
1,2341,271.47596593092067
1,2342,270.82304965847663
1,2343,314.22702575337416
1,2344,46.78739012123559
1,2345,255.45754103344925
1,2346,285.4305768185005
1,2347,197.06162149269505
1,2348,36.76233215658751
1,2349,269.45201658135295
1,2350,291.58608469882313
1,2351,266.9883868423681
1,2352,59.80980633094653
1,2353,339.0829371779029
1,2354,43.29379907336224
1,2355,180.9285725252265
1,2356,295.7086763839715
1,2357,248.70862639571175
1,2358,284.03251035596304
1,2359,42.61017880758031
1,2360,304.58066026955726
1,2361,271.2217205409958
1,2362,30.88646155956843
1,2363,257.37495639951635
1,2364,330.38806767156336
1,2365,250.12964492558618
1,2366,288.04800788123976
1,2367,260.6098455857284
1,2368,43.57124865267997
1,2369,270.36436592110283
1,2370,190.09483649298448
1,2371,203.39042293100022
1,2372,191.51924562860896
1,2373,268.5249232684132
1,2374,52.26080601573713
1,2375,277.46580540319275
1,2376,359.5452432997108
1,2377,44.77042592295149
1,2378,255.31688274288354
1,2379,268.8310221260334
1,2380,72.89232506677838
1,2381,294.4943429053031
1,2382,386.48205493062096
1,2383,358.75467574828025
1,2384,93.22873542021742
1,2385,289.6335387056558
1,2386,129.12552601066497
1,2387,313.57100835986483
1,2388,70.92043541742511
1,2389,316.37447664119975
1,2390,118.20761389861032
1,2391,71.57882677223274
1,2392,98.90411110116924
1,2393,297.3758200797271
1,2394,72.25248917429623
1,2395,38.01361089745124
1,2396,183.69858342393272
1,2397,265.5019075679851
1,2398,514.128097649363
1,2399,319.83551655857127
1,2400,65.45664181326441
1,2401,323.5059148978943
1,2402,67.50568911603804
1,2403,203.4653633279554
1,2404,118.61191810299366
1,2405,338.84050894649033
1,2406,42.68017983655203
1,2407,313.86801055936667
1,2408,48.410700703167045
1,2409,270.3543702254186
1,2410,174.1725047231296
1,2411,279.9920611684483
1,2412,48.08464102699424
1,2413,241.96848420136604
1,2414,77.02857778830662
1,2415,283.71620670712247
1,2416,49.05020013970699
1,2417,276.5149382160283
1,2418,152.68971701073605
1,2419,265.3050672544042
1,2420,312.18988941337363
1,2421,313.88401170448617
1,2422,49.09828491156507
1,2423,190.63747654538935
1,2424,292.1702522505016
1,2425,31.886888993270475
1,2426,269.9563741118275
1,2427,295.75744149203655
1,2428,262.57252933234406
1,2429,281.4293485871152
1,2430,50.836244226400225
1,2431,256.61207123605845
1,2432,315.3299916685862
1,2433,184.335288199874
1,2434,314.14323158719253
1,2435,45.09781341662279
1,2436,194.30837800437905
1,2437,297.99666920754345
1,2438,48.77110693114173
1,2439,122.04639938705031
1,2440,290.9710951047803
1,2441,297.2953738457501
1,2442,296.824990167073
1,2443,341.51650535247654
1,2444,341.79851747697796
1,2445,81.41730806223435
1,2446,255.47505547180026
1,2447,303.0904718245141
1,2448,82.54716848692006
1,2449,289.84987232010957
1,2450,74.18238366771782
1,2451,288.323575912686
1,2452,199.14462307438737
1,2453,321.2236572840377
1,2454,69.94941934886157
1,2455,209.36330619095057
1,2456,316.94752589591843
1,2457,604.1847986868052
1,2458,296.41686119229087
1,2459,283.44928475751044
1,2460,72.18573720210843
1,2461,282.6076895324403
1,2462,78.82630887952799
1,2463,261.60980640504636
1,2464,296.427620762433
1,2465,149.92977152350676
1,2466,53.07049363251953
1,2467,289.32985159043267
1,2468,234.60177790279909
1,2469,238.66293756911188
1,2470,45.42221147867687
1,2471,262.2089967560689
1,2472,423.59907959238296
1,2473,33.557844082090995
1,2474,117.49941517118418
1,2475,198.5089117115952
1,2476,37.083514345368684
1,2477,366.751863620952
1,2478,425.61584175637853
1,2479,51.18150697337183
1,2480,262.2795765357986
1,2481,277.56836618668876
1,2482,308.7521326541589
1,2483,36.128847194200105
1,2484,189.332508431434
1,2485,313.33501427045206
1,2486,337.2231144124111
1,2487,285.97283611946636
1,2488,84.20292768568885
1,2489,283.4477719322327
1,2490,278.0625099765234
1,2491,29.251821694156085
1,2492,326.9367241823719
1,2493,209.9860138659708
1,2494,53.5784869588585
1,2495,303.11126757738054
1,2496,225.98456488018843
1,2497,261.90814735279866
1,2498,91.03285748603373
1,2499,193.38979324466135
1,2500,190.52511679764058
1,2501,48.99741763269853
1,2502,384.0162103851277
1,2503,284.43865200855305
1,2504,317.55503315544206
1,2505,281.74715317595343
1,2506,39.309983434884664
1,2507,284.010693799872
1,2508,57.30105509221439
1,2509,22.85919894279068
1,2510,302.23200339709615
1,2511,255.11731461707393
1,2512,66.99708477971355
1,2513,225.48812048150745
1,2514,224.91338822466253
1,2515,305.7785370863782
1,2516,40.403288955964996
1,2517,46.710725513843
1,2518,392.7034633163282
1,2519,301.8914343658707
1,2520,294.3816517224835
1,2521,35.66830930174074
1,2522,288.808103789568
1,2523,51.22494857256743
1,2524,311.0860317054635
1,2525,283.5631840820484
1,2526,242.17344378248097
1,2527,128.39360390965217
1,2528,302.9604841606176
1,2529,100.1829694804298
1,2530,40.14911934231994
1,2531,266.0526948678536
1,2532,40.447094725128636
1,2533,301.99798615939426
1,2534,311.45985734619717
1,2535,284.9972377213478
1,2536,67.80363372164979
1,2537,282.5432577876064
1,2538,280.50434875288704
1,2539,496.9957776381743
1,2540,347.35332932597163
1,2541,94.13236985745269
1,2542,271.7597695484443
1,2543,131.83708192228613
1,2544,315.7444943224224
1,2545,54.82119422076054
1,2546,285.95779960746916
1,2547,305.1515682001127
1,2548,200.25612844366074
1,2549,366.73660233384203
1,2550,350.19728432033946
1,2551,70.61711487098609
1,2552,327.63604871456363
1,2553,308.5371964262971
1,2554,70.08228971821507
1,2555,322.0139620603037
1,2556,315.3299191567475
1,2557,215.1364555475753
1,2558,260.87839256190597
1,2559,133.21693241751288
1,2560,107.95509018706593
1,2561,276.1349550776413
1,2562,116.6933022128061
1,2563,314.8426637312251
1,2564,50.3683743235601
1,2565,309.4199510445554
1,2566,53.642477221879474
1,2567,302.2121125236209
1,2568,280.08948636202433
1,2569,57.01290267991295
1,2570,291.2636709740611
1,2571,42.85987586103563
1,2572,281.50966580027523
1,2573,48.942636610611416
1,2574,208.10991427483108
1,2575,267.1593442408015
1,2576,151.77276085613957
1,2577,55.17366855998732
1,2578,286.050070779802
1,2579,244.00629263730252
1,2580,219.4740366409231
1,2581,361.1509338542708
1,2582,291.88337035869256
1,2583,54.73505285807592
1,2584,314.76757399815017
1,2585,270.8357884850111
1,2586,193.32375895532778
1,2587,214.85344578355435
1,2588,46.18965403923664
1,2589,304.10306680151825
1,2590,284.13873610438037
1,2591,351.58643339584063
1,2592,19.8610161929279
1,2593,331.3003324707421
1,2594,330.3017942715056
1,2595,53.62052193702726
1,2596,146.18614440157506
1,2597,375.0071312943807
1,2598,56.72005613184898
1,2599,297.1661430985422
1,2600,52.974695331601694
1,2601,174.9342223543851
1,2602,64.04060334521265
1,2603,304.7747924567869
1,2604,291.7996456909206
1,2605,77.74366657971416
1,2606,190.48976514981425
1,2607,102.68730786388873
1,2608,241.11290405301338
1,2609,288.70578162382213
1,2610,285.5680051031178
1,2611,141.2005866122678
1,2612,287.56138750395155
1,2613,51.117530636600335
1,2614,280.36218864881744
1,2615,280.4693490857762
1,2616,43.46116321477707
1,2617,280.56171511361293
1,2618,186.22465418325942
1,2619,272.1680601887298
1,2620,47.91990685576988
1,2621,319.4641636173628
1,2622,290.16147849719033
1,2623,47.99351451752228
1,2624,43.12719708959867
1,2625,323.2204314462219
1,2626,48.10429958590992
1,2627,187.7245028960479
1,2628,295.1241518910045
1,2629,217.8500617132076
1,2630,536.9545794448279
1,2631,286.1005998783519
1,2632,301.1529668217088
1,2633,365.4573871954776
1,2634,411.3064129076171
1,2635,73.57448472175855
1,2636,57.82197408966304
1,2637,318.33670529303635
1,2638,330.9776424015922
1,2639,76.97920289033176
1,2640,292.17680389652025
1,2641,54.603956613742284
1,2642,338.75138834114034
1,2643,321.7274495716765
1,2644,52.03612242436766
1,2645,220.53196428842242
1,2646,73.83488431943479
1,2647,295.4725903018678
1,2648,327.34491558496563
1,2649,73.36458087889615
1,2650,300.07529002685374
1,2651,200.99986542797564
1,2652,319.1265291187574
1,2653,37.05977539205428
1,2654,283.9346621025328
1,2655,346.93536401488393
1,2656,294.673766969388
1,2657,150.74004564118223
1,2658,46.314510079476015
1,2659,216.9467499915216
1,2660,302.347558106562
1,2661,89.60985072288264
1,2662,321.4198689429985
1,2663,310.3915074560497
1,2664,345.65394238245955
1,2665,50.548183488257905
1,2666,234.80102650095904
1,2667,318.15137887257424
1,2668,295.1831053398962
1,2669,214.2718015100777
1,2670,319.3729511774105
1,2671,66.23228185037165
1,2672,124.44575226417652
1,2673,275.3848200019706
1,2674,66.81897890072432
1,2675,274.7435587354284
1,2676,69.40975553881762
1,2677,332.7297203711409
1,2678,70.50458085047094
1,2679,240.01477285697302
1,2680,124.16131590359436
1,2681,107.28475166797213
1,2682,262.88159426484833
1,2683,31.806167829172274
1,2684,119.92446294860561
1,2685,49.4101826348313
1,2686,217.6847095071625
1,2687,46.57097024332067
1,2688,223.19821808069293
1,2689,52.86368497803063
1,2690,276.7455047256437
1,2691,177.2884288550128
1,2692,47.666457376906436
1,2693,118.07691414942354
1,2694,258.3241960614773
1,2695,189.9072463661143
1,2696,76.79355725030547
1,2697,332.54717949167014
1,2698,36.81881948619399
1,2699,319.8830289671725
1,2700,275.8383841175168
1,2701,52.651314570174165
1,2702,230.84232697774758
1,2703,51.12903386831261
1,2704,81.96505453762376
1,2705,300.8777288833531
1,2706,49.1675095512479
1,2707,46.96289517118565
1,2708,290.67362289860813
1,2709,52.02357261908146
1,2710,268.3005943161276
1,2711,89.35551305050382
1,2712,52.00028909559728
1,2713,300.2158554194322
1,2714,293.1200194254708
1,2715,288.32630131627735
1,2716,241.94568973387214
1,2717,229.62849190194376
1,2718,304.64102944447484
1,2719,48.090061170836215
1,2720,295.0774710023024
1,2721,324.6940797645891
1,2722,34.897272286817
1,2723,294.23272268286917
1,2724,266.47087165455014
1,2725,286.9407557778393
1,2726,125.36461943775211
1,2727,257.0284469649583
1,2728,207.57731028265104
1,2729,271.8693615018553
1,2730,273.74099830093456
1,2731,96.7768968893185
1,2732,231.02988603367402
1,2733,29.436623057861674
1,2734,241.7948584350221
1,2735,35.304216578183116
1,2736,133.45209056339726
1,2737,261.3003953001435
1,2738,137.04818302323372
1,2739,258.0566299045317
1,2740,64.92053461009789
1,2741,149.54756020715297
1,2742,93.37224704049618
1,2743,246.19371058968278
1,2744,73.89604846649172
1,2745,238.39265227166933
1,2746,67.97191667164952
1,2747,288.5335758425689
1,2748,228.3349139184486
1,2749,49.51733172431838
1,2750,136.3233698714173
1,2751,262.0252017137336
1,2752,190.3660232900255
1,2753,90.03182233304878
1,2754,244.5375856393
1,2755,67.43919634725738
1,2756,281.45844823806664
1,2757,273.16116340514213
1,2758,52.36044866167903
1,2759,102.60512228455661
1,2760,230.0343617169254
1,2761,48.673429584722726
1,2762,279.39704731426923
1,2763,48.98856166708506
1,2764,311.70397942531133
1,2765,311.93731763236474
1,2766,48.686777950711026
1,2767,243.4524256921457
1,2768,265.839991251874
1,2769,51.67097812872372
1,2770,236.45553368252067
1,2771,55.3262636756845
1,2772,79.63174320203967
1,2773,303.4671378548717
1,2774,49.16967865678734
1,2775,51.363113065959
1,2776,287.849038583869
1,2777,48.463913812274455
1,2778,252.09742891621238
1,2779,88.74868289852986
1,2780,50.79067684820818
1,2781,293.49833321049425
1,2782,323.42747111296933
1,2783,36.90433781878906
1,2784,297.34497686735034
1,2785,306.10253006403997
1,2786,28.550849830455732
1,2787,272.2791070736678
1,2788,282.0936536182757
1,2789,291.50878459407625
1,2790,298.90674138855184
1,2791,241.14663753371423
1,2792,211.77713313629343
1,2793,299.9297448456476
1,2794,50.43827672875264
1,2795,291.94454814181563
1,2796,47.48740381143696
1,2797,55.456027791937856
1,2798,244.2470934186531
1,2799,35.80729035435967
1,2800,119.39765951728145
1,2801,262.30000352125353
1,2802,204.83551650420685
1,2803,219.06603131034382
1,2804,100.03443755085353
1,2805,92.86378706543121
1,2806,260.8635669171454
1,2807,121.61668436496586
1,2808,109.35587538844146
1,2809,295.38891044415834
1,2810,45.758950190051856
1,2811,66.29902573494073
1,2812,268.23827654676995
1,2813,380.90660177682474
1,2814,293.84825386934494
1,2815,61.64581264062238
1,2816,318.6392016180173
1,2817,96.57700358344039
1,2818,353.2788484636543
1,2819,284.33991194795294
1,2820,376.888238847702
1,2821,154.16675645767583
1,2822,315.59763230900137
1,2823,49.33196889663132
1,2824,246.52474142573647
1,2825,271.12609883319817
1,2826,61.92540357553575
1,2827,309.01784000116453
1,2828,67.70030482397736
1,2829,114.69619375962361
1,2830,404.83973264891324
1,2831,312.0984727733162
1,2832,226.88804547673163
1,2833,67.20452593993238
1,2834,308.9835361925825
1,2835,179.99793303379462
1,2836,43.55426415711492
1,2837,313.2442900507431
1,2838,311.5197400601317
1,2839,50.10533450243813
1,2840,362.96492538605844
1,2841,49.005416608391364
1,2842,297.13144778839376
1,2843,34.37434884049178
1,2844,293.1485660882112
1,2845,179.632969514594
1,2846,214.07976112192338
1,2847,284.6228011551375
1,2848,98.96217019910193
1,2849,188.56519799544125
1,2850,34.868666729161575
1,2851,312.3933775737505
1,2852,48.03426899904427
1,2853,185.82035235915714
1,2854,53.38866931208225
1,2855,186.25885166305505
1,2856,289.29809791377
1,2857,35.563384360860596
1,2858,264.2226762821281
1,2859,294.0255614678779
1,2860,22.405950241406437
1,2861,292.0822074247893
1,2862,47.763858022417025
1,2863,30.565749671533773
1,2864,391.5981980995746
1,2865,48.33489125400537
1,2866,39.734426106706195
1,2867,251.99202008079303
1,2868,265.8418778290452
1,2869,49.263777999721164
1,2870,267.60650773636326
1,2871,258.0406961742723
1,2872,247.70937815060998
1,2873,298.6316883900655
1,2874,67.42292648968127
1,2875,343.09557230581936
1,2876,78.05568231581248
1,2877,223.0846199231247
1,2878,378.6371965767596
1,2879,276.9080646338118
1,2880,67.871788391508
1,2881,318.96589384372817
1,2882,125.8684658028989
1,2883,77.47362154333791
1,2884,169.76410538873523
1,2885,381.6052510746093
1,2886,67.99533009579937
1,2887,265.69492210370413
1,2888,287.0341039077718
1,2889,70.35036060565267
1,2890,117.29726551560512
1,2891,216.11568401428252
1,2892,277.97894526989137
1,2893,73.78779766720898
1,2894,206.3980589345109
1,2895,277.0036892621788
1,2896,44.951568227695816
1,2897,60.44227174446158
1,2898,294.29762045296593
1,2899,296.505999250251
1,2900,37.24816925885092
1,2901,71.14404983907572
1,2902,102.26312553220458
1,2903,191.28890461104075
1,2904,43.6767191460857
1,2905,131.64761801872191
1,2906,224.214441544573
1,2907,41.59258601953691
1,2908,49.55145571100847
1,2909,237.79193642611602
1,2910,319.9129999658162
1,2911,227.0146751984273
1,2912,348.094659107191
1,2913,72.83320996725283
1,2914,223.39070180167238
1,2915,323.45694435245014
1,2916,49.97316840174228
1,2917,315.9999963269531
1,2918,43.18360891557452
1,2919,184.8010116680424
1,2920,302.88521541485943
1,2921,105.93767006151967
1,2922,289.87472148821803
1,2923,71.3728832355902
1,2924,309.0688446588107
1,2925,286.19715150559193
1,2926,51.55505685242643
1,2927,168.32528083317547
1,2928,233.41038030353
1,2929,50.97485450114673
1,2930,320.58485389465767
1,2931,53.283684070945014
1,2932,267.16070681012513
1,2933,244.2127659247979
1,2934,294.2063768966369
1,2935,434.590084911731
1,2936,44.69556145547475
1,2937,264.864199230563
1,2938,183.29313671094008
1,2939,316.1721933420716
1,2940,258.91882199490544
1,2941,105.08250922845653
1,2942,277.97697161233407
1,2943,43.46412515657712
1,2944,276.9989688399602
1,2945,52.09475459822997
1,2946,333.3221479386266
1,2947,281.6045877602214
1,2948,35.500203384133656
1,2949,307.9911508313444
1,2950,57.06034658899371
1,2951,265.0145825810028
1,2952,49.324946415401
1,2953,317.9677089912009
1,2954,303.78191779275437
1,2955,34.94521318530106
1,2956,283.3325015473987
1,2957,245.03092140536512
1,2958,307.0279247660018
1,2959,38.07782678684748
1,2960,258.38781326716054
1,2961,38.92288449039352
1,2962,243.5378833963078
1,2963,51.496016639064884
1,2964,248.15831016089572
1,2965,440.5563118481196
1,2966,44.878259287998546
1,2967,271.1809276449393
1,2968,283.3747950854699
1,2969,329.07636353646484
1,2970,52.09687004011815
1,2971,314.58564543877674
1,2972,275.36978466797643
1,2973,65.38734026265286
1,2974,116.03438126015975
1,2975,346.1282424101493
1,2976,289.5176485911664
1,2977,69.51463797341941
1,2978,257.4942994735733
1,2979,30.25317460893342
1,2980,377.11756541437114
1,2981,30.184917739339248
1,2982,355.4604305289332
1,2983,252.2418071003724
1,2984,253.25753598962012
1,2985,276.6211250682579
1,2986,223.2804407588041
1,2987,41.80368244186896
1,2988,225.27849726900354
1,2989,255.43520720058916
1,2990,35.71852904362325
1,2991,225.60452304581509
1,2992,109.47973635008023
1,2993,121.34089129488532
1,2994,283.41796769533676
1,2995,373.7666535087493
1,2996,54.82246528228192
1,2997,115.38837440031497
1,2998,266.1281908011687
1,2999,216.61952774297148
1,3000,263.72505665770956
1,3001,16.733117946130527
1,3002,243.57193342201828
1,3003,96.856360953317
1,3004,37.46659153834362
1,3005,40.08428339058666
1,3006,262.8609057651372
1,3007,31.46545381548013
1,3008,185.27268425471541
1,3009,318.4722676386213
1,3010,13.083690328924225
1,3011,250.88816852566202
1,3012,30.01893083595503
1,3013,340.80012460959307
1,3014,50.31349098249039
1,3015,237.04812253745172
1,3016,36.32989732284274
1,3017,292.9736952489328
1,3018,96.41844227502025
1,3019,216.98011632123598
1,3020,256.68473677706277
1,3021,23.568025721515482
1,3022,138.9971266137017
1,3023,270.27642388021775
1,3024,56.08517989803602
1,3025,193.1255380688033
1,3026,78.58836633163801
1,3027,243.8035440152368
1,3028,236.30563387793822
1,3029,24.094521459738626
1,3030,225.3208858007832
1,3031,161.2096502460681
1,3032,191.99243825356447
1,3033,235.83928187288717
1,3034,54.79055599438148
1,3035,303.1188773934172
1,3036,31.895153611349148
1,3037,173.2583757158726
1,3038,23.740522077705595
1,3039,295.2882238415598
1,3040,182.35414351511946
1,3041,237.2932192910453
1,3042,28.079092142065676
1,3043,235.6082335521998
1,3044,100.46355186472003
1,3045,294.15414535082976
1,3046,30.920361512058477
1,3047,375.58685230815036
1,3048,42.00105932747424
1,3049,262.3760627709199
1,3050,274.4598071001371
1,3051,292.9005042577345
1,3052,192.65981231026075
1,3053,75.39128351842537
1,3054,37.54538409655051
1,3055,267.0753182255696
1,3056,34.7318493834259
1,3057,317.4701376166515
1,3058,172.3180174015185
1,3059,249.04333593774973
1,3060,35.977253314912566
1,3061,253.6652082246952
1,3062,84.71256234597539
1,3063,123.73903174911416
1,3064,252.02805840403585
1,3065,220.59216587908742
1,3066,437.1760003894209
1,3067,16.05278766034775
1,3068,96.0285734555022
1,3069,273.776763557151
1,3070,310.79588091356754
1,3071,379.3719379174437
1,3072,319.5503977474995
1,3073,327.6166220055469
1,3074,323.20445597575156
1,3075,32.130645162079944
1,3076,327.6376119116203
1,3077,39.51346144266464
1,3078,331.6565912404188
1,3079,182.3437706165481
1,3080,323.34314948751046
1,3081,79.62900310791775
1,3082,223.08118997064477
1,3083,270.7015922599629
1,3084,33.06545444011859
1,3085,239.12061697656833
1,3086,324.7756013818157
1,3087,64.47840153190472
1,3088,305.96351462118787
1,3089,54.187620827259295
1,3090,129.09932900966226
1,3091,286.41829876344775
1,3092,321.8160590447351
1,3093,319.95317371759074
1,3094,128.8907673946431
1,3095,24.604828758406835
1,3096,87.77916888233776
1,3097,29.935467648891173
1,3098,222.3021806554346
1,3099,253.71404822299897
1,3100,270.94511003557915
1,3101,112.1786873005594
1,3102,319.5169432193288
1,3103,48.05007007336086
1,3104,209.0538215028971
1,3105,129.28910702019712
1,3106,275.02308769483886
1,3107,32.0661160105089
1,3108,232.76070636350636
1,3109,44.79703263078973
1,3110,163.6790309318798
1,3111,30.126884843624183
1,3112,247.67405730499024
1,3113,258.41354987175583
1,3114,298.15789629844437
1,3115,300.9412004209957
1,3116,271.53784641738224
1,3117,212.43473316112386
1,3118,87.08541892381348
1,3119,257.47056041899805
1,3120,313.19999781542066
1,3121,286.57157503717144
1,3122,34.828016052196084
1,3123,287.72580839573436
1,3124,29.34151972976841
1,3125,289.60773966780766
1,3126,243.09721805097115
1,3127,37.07513644127204
1,3128,228.24924936566885
1,3129,293.704821252656
1,3130,176.3898004896087
1,3131,294.2040429963621
1,3132,304.6838829883115
1,3133,304.0727645541447
1,3134,305.3741090552226
1,3135,127.14243685303616
1,3136,122.37361616597639
1,3137,289.48155300539827
1,3138,186.94086892957534
1,3139,235.23850963076228
1,3140,196.99060848033662
1,3141,109.5909925207515
1,3142,298.34646411566064
1,3143,34.339120804037
1,3144,318.7489796445975
1,3145,273.7933472045995
1,3146,273.2138793250113
1,3147,325.4005496072692
1,3148,332.8491383149033
1,3149,40.23596067897223
1,3150,275.2393165430693
1,3151,94.23178936318212
1,3152,292.575868625088
1,3153,41.84584221337798
1,3154,268.7385058275041
1,3155,63.378102496581576
1,3156,306.1066547824027
1,3157,248.8785597384911
1,3158,63.976238108146326
1,3159,332.2648728774642
1,3160,272.1255838868389
1,3161,304.9555720773579
1,3162,290.05445446176014
1,3163,305.27093504249183
1,3164,45.44698918654255
1,3165,277.5770548907712
1,3166,39.608003423320106
1,3167,279.62066434647375
1,3168,299.59277931871816
1,3169,27.852808314529323
1,3170,141.13066663703125
1,3171,263.7302059821976
1,3172,52.27183089030697
1,3173,181.05831142761645
1,3174,36.0048490673194
1,3175,452.7577680602372
1,3176,36.249610969386616
1,3177,272.7255289497697
1,3178,64.12769003520481
1,3179,356.00387350151095
1,3180,37.69379006418249
1,3181,155.2182007144067
1,3182,308.0407370053365
1,3183,306.99951228719624
1,3184,34.279543424850246
1,3185,38.54231195893
1,3186,290.1160537867494
1,3187,36.84456848680517
1,3188,272.2807288116629
1,3189,38.1346151352554
1,3190,76.12736575902167
1,3191,334.4323140661742
1,3192,49.77292581350089
1,3193,382.2520150261245
1,3194,43.3454692050947
1,3195,272.05531534324757
1,3196,94.01708328442729
1,3197,264.5202030884625
1,3198,238.50526898427304
1,3199,257.5888222808411
1,3200,88.76253930971885
1,3201,202.12232997991532
1,3202,315.33887581431287
1,3203,37.82791238555497
1,3204,238.16380440446744
1,3205,256.44587668520893
1,3206,257.6566196518692
1,3207,99.10107800551106
1,3208,51.515938637044066
1,3209,275.46545951851965
1,3210,244.69134653733198
1,3211,22.0141767318081
1,3212,185.89536810284432
1,3213,204.06320833018395
1,3214,263.057722244046
1,3215,126.99515043258984
1,3216,22.433473297775496
1,3217,278.27267681689
1,3218,102.22448899279897
1,3219,276.1050901606934
1,3220,245.89078629905555
1,3221,267.1146264614013
1,3222,190.1091153976987
1,3223,291.11080956247395
1,3224,88.65224126990603
1,3225,149.8101440872163
1,3226,36.039748115145244
1,3227,235.40509756393146
1,3228,40.9810004298076
1,3229,260.3987698955888
1,3230,33.021803836778275
1,3231,43.62365370768285
1,3232,275.3734732838767
1,3233,256.4693217159779
1,3234,232.89137559478476
1,3235,342.4717245048598
1,3236,108.93475813782405
1,3237,289.34930164627457
1,3238,41.52045205276478
1,3239,275.1053027442073
1,3240,78.16139421031293
1,3241,236.01219954618648
1,3242,251.70346985163076
1,3243,278.96646758774864
1,3244,193.45776843207602
1,3245,315.88726759895303
1,3246,333.01047003314886
1,3247,260.3743653514683
1,3248,320.13522925145
1,3249,430.3201097117178
1,3250,318.2663433512092
1,3251,246.3042566377962
1,3252,58.874652623473054
1,3253,302.84289944476154
1,3254,41.23585787198732
1,3255,277.8773066962269
1,3256,285.92370709961403
1,3257,282.4749329641935
1,3258,39.930666547539346
1,3259,331.25180833780075
1,3260,305.187786487866
1,3261,223.05868572360964
1,3262,314.73628325061446
1,3263,309.92002057401294
1,3264,83.63333142901982
1,3265,59.491262991514375
1,3266,39.98564267639719
1,3267,241.43916775924498
1,3268,239.158999448511
1,3269,269.6872893913677
1,3270,268.09230737419676
1,3271,342.9413716748851
1,3272,276.4989001272173
1,3273,255.07601655166263
1,3274,314.0503059674942
1,3275,19.877399062714833
1,3276,257.9549581663514
1,3277,275.5442216436985
1,3278,300.89546072710425
1,3279,290.7773872085347
1,3280,302.1359875035448
1,3281,29.136467758660107
1,3282,264.9640390524319
1,3283,340.29870573429366
1,3284,60.86382902879037
1,3285,246.5243202159673
1,3286,430.91218937424793
1,3287,362.1820654399898
1,3288,360.9811551854435
1,3289,312.1813325911173
1,3290,61.46988739391585
1,3291,309.3304269007963
1,3292,302.2318591381903
1,3293,286.0648674131626
1,3294,55.50401523714119
1,3295,235.773127494913
1,3296,260.0429026478041
1,3297,298.02064030039844
1,3298,277.42911311790874
1,3299,31.236714828265
1,3300,293.0048988551448
1,3301,32.79547499488937
1,3302,281.33504972882076
1,3303,311.7721100646977
1,3304,362.01998942829266
1,3305,21.518502963874212
1,3306,30.14885965098584
1,3307,272.4340769392917
1,3308,26.321464226290534
1,3309,267.51842575678677
1,3310,235.48170409258017
1,3311,289.3731718651079
1,3312,157.43964305220445
1,3313,321.0291144526327
1,3314,179.93285114462452
1,3315,259.08227802825206
1,3316,51.19586997460724
1,3317,141.69319792886097
1,3318,299.804916228295
1,3319,91.21554588442541
1,3320,208.30662762495794
1,3321,249.85241389520525
1,3322,112.42226911204577
1,3323,61.66225633533181
1,3324,350.0761540903302
1,3325,294.68631327706174
1,3326,262.5156923711752
1,3327,134.09848183874948
1,3328,196.90599295815576
1,3329,98.43720393904354
1,3330,209.20982392437605
1,3331,280.47766347686274
1,3332,37.11657739385969
1,3333,279.34657257845475
1,3334,33.66114090507782
1,3335,248.36217500260102
1,3336,45.13934577413533
1,3337,87.50302504680171
1,3338,258.40832827671
1,3339,287.8562491467976
1,3340,170.8560018165789
1,3341,272.7489713042904
1,3342,242.75517077776212
1,3343,77.2103773652631
1,3344,268.62258458404415
1,3345,263.15318615768996
1,3346,66.82748326457758
1,3347,245.17283606764698
1,3348,261.7577141281601
1,3349,293.5960337985998
1,3350,236.46104856260297
1,3351,258.3689655937894
1,3352,36.16541850432046
1,3353,333.6740241061704
1,3354,48.45955180547181
1,3355,249.9933510106857
1,3356,42.958998085871094
1,3357,237.9519748344477
1,3358,174.32956454533095
1,3359,333.3316949226473
1,3360,37.62576956845393
1,3361,232.86856265649755
1,3362,605.9465742980783
1,3363,391.4608123340488
1,3364,339.19284990427525
1,3365,335.4144296163437
1,3366,49.014723777503775
1,3367,369.16721036450645
1,3368,303.8040530152786
1,3369,308.37809119118594
1,3370,315.9747920861903
1,3371,361.38829564553816
1,3372,72.18141703443219
1,3373,53.20182529746271
1,3374,418.9170110810737
1,3375,265.14727795627505
1,3376,334.3569815407839
1,3377,337.92001926203034
1,3378,265.41867988562825
1,3379,332.60127423746496
1,3380,334.0217030542123
1,3381,181.32130427908305
1,3382,300.1884475666617
1,3383,235.7067931906534
1,3384,416.17133748433184
1,3385,292.16069676049995
1,3386,276.5095172840761
1,3387,316.36420500540953
1,3388,51.29345456285296
1,3389,299.3273794283577
1,3390,305.9008091257366
1,3391,273.728744285685
1,3392,446.1742155353536
1,3393,176.11419763219027
1,3394,229.41780795032412
1,3395,298.65329996924953
1,3396,24.87956349724208
1,3397,105.53389078484221
1,3398,291.70950395252004
1,3399,314.36188489237486
1,3400,312.7494973254493
1,3401,250.81959776630796
1,3402,303.3742918506776
1,3403,289.06654688414
1,3404,36.3599732647162
1,3405,38.31776559723944
1,3406,439.50185189350907
1,3407,146.93110467659287
1,3408,287.0771543149743
1,3409,335.8966509514694
1,3410,29.790164369461014
1,3411,309.3171287708026
1,3412,28.03677154538041
1,3413,103.33548305545472
1,3414,203.56775160424155
1,3415,236.5139538007178
1,3416,251.82785814519062
1,3417,56.87371592806015
1,3418,312.76155911813464
1,3419,74.06969147566988
1,3420,306.10627016599983
1,3421,311.3586649530761
1,3422,60.76423054758821
1,3423,58.4466488532842
1,3424,440.9379808531609
1,3425,318.463377467614
1,3426,59.34228528111254
1,3427,306.38331554393426
1,3428,270.0679847570691
1,3429,354.27611308288544
1,3430,52.24799352466541
1,3431,257.54846027703354
1,3432,57.69729457475554
1,3433,329.4731217176665
1,3434,125.2880819724098
1,3435,336.83456784243685
1,3436,307.3631660253002
1,3437,296.45578908088146
1,3438,266.5779535489477
1,3439,508.7146091045656
1,3440,288.31872586750205
1,3441,341.40544817232995
1,3442,304.2895547221592
1,3443,531.6856653647127
1,3444,24.77874263271749
1,3445,242.3808708400005
1,3446,43.013288176404735
1,3447,306.6333033868921
1,3448,317.4191774065431
1,3449,30.365032218687787
1,3450,259.8717448432322
1,3451,38.83614453847568
1,3452,250.4140417119968
1,3453,106.92424642211265
1,3454,238.88277576609698
1,3455,36.825706849617134
1,3456,309.1089908569604
1,3457,35.47641205532141
1,3458,290.08200295727295
1,3459,33.431317014308625
1,3460,32.53336778056375
1,3461,307.2764592344362
1,3462,176.16919831696015
1,3463,300.7287768094533
1,3464,246.03892244570233
1,3465,245.19180630699697
1,3466,292.8995006950162
1,3467,362.8421218185333
1,3468,323.97491932739473
1,3469,43.07092099183173
1,3470,330.57958808694246
1,3471,55.39236084910179
1,3472,47.36379086913296
1,3473,348.5420198405114
1,3474,88.81929995062927
1,3475,314.8266933311723
1,3476,304.19134814854283
1,3477,64.363685377825
1,3478,307.8620209428602
1,3479,269.42394680312987
1,3480,62.82983822324793
1,3481,255.32274062678943
1,3482,57.10382045047528
1,3483,328.3514784044013
1,3484,331.4496665043716
1,3485,287.16718540429343
1,3486,294.7797030087904
1,3487,177.17104008160553
1,3488,251.07402899053653
1,3489,277.4547287935982
1,3490,295.4660387486489
1,3491,306.16617165327307
1,3492,290.47741844084146
1,3493,194.69712566488204
1,3494,13.613727450174498
1,3495,150.2693762626591
1,3496,278.175139328785
1,3497,294.57594525987236
1,3498,45.461075501269974
1,3499,177.84255991282788
1,3500,302.11971763263557
1,3501,19.51544207912231
1,3502,293.61797892185905
1,3503,59.96441527544105
1,3504,306.7351271753198
1,3505,259.65748856086407
1,3506,115.19454873067585
1,3507,34.89274605793778
1,3508,240.74427667969965
1,3509,38.99097158881415
1,3510,292.84829622351424
1,3511,245.14197872038255
1,3512,301.05259960314027
1,3513,292.96350348023816
1,3514,86.73345107928145
1,3515,292.19946707534683
1,3516,416.83019304501556
1,3517,281.3810445474131
1,3518,270.49624926286947
1,3519,67.48008121817644
1,3520,281.76007080465035
1,3521,284.96988171714696
1,3522,300.11720185396075
1,3523,300.89950872438374
1,3524,62.49549715649083
1,3525,258.781466685119
1,3526,225.65434520693367
1,3527,51.39689864358047
1,3528,273.4770816667278
1,3529,56.15134445275236
1,3530,39.53604060993817
1,3531,334.76254198994275
1,3532,178.12045495986797
1,3533,30.887088343758446
1,3534,35.218222080528214
1,3535,178.90977583063125
1,3536,104.25528368717747
1,3537,38.079701566512526
1,3538,248.721437687725
1,3539,243.70360889219018
1,3540,36.87235948506264
1,3541,289.1368980928554
1,3542,8.561845438082113
1,3543,32.286851122229606
1,3544,308.637624094405
1,3545,31.542086856533786
1,3546,278.7368174633783
1,3547,361.5190148173325
1,3548,112.17590907686713
1,3549,328.5410605705677
1,3550,35.58047586139117
1,3551,274.78821858164554
1,3552,233.6212363464959
1,3553,390.891820400795
1,3554,185.03055759642336
1,3555,278.9154496645932
1,3556,302.37676340501685
1,3557,105.66620915877502
1,3558,280.2575726780974
1,3559,35.512536851589346
1,3560,426.62490481191014
1,3561,35.323161205930546
1,3562,26.235702453518737
1,3563,294.1517804643791
1,3564,301.7690103126134
1,3565,135.4833492002996
1,3566,252.89069136688295
1,3567,226.10971152736917
1,3568,329.4103970449496
1,3569,39.169952913978484
1,3570,247.4959494730391
1,3571,63.38066306424525
1,3572,314.2044632747021
1,3573,265.3301977113611
1,3574,101.68147637378036
1,3575,286.4574470456779
1,3576,288.1960404089742
1,3577,194.51317975632048
1,3578,301.9922665521938
1,3579,173.1007319341544
1,3580,493.08271543599994
1,3581,281.12553486388884
1,3582,414.01041148072
1,3583,477.7146816753078
1,3584,298.3252930907464
1,3585,26.860264618350442
1,3586,271.389387319877
1,3587,257.52939015251746
1,3588,272.8582311647483
1,3589,350.7428387737029
1,3590,40.7986814972077
1,3591,286.1379619495207
1,3592,275.76533287939685
1,3593,273.3318219545083
1,3594,285.89353477978847
1,3595,297.94198159246747
1,3596,175.7211142310884
1,3597,264.01440258766706
1,3598,295.8551892528311
1,3599,264.34662007759994
1,3600,297.7640981368663
1,3601,249.42419386422978
1,3602,214.36104177834576
1,3603,314.04121220330626
1,3604,49.11661047623338
1,3605,248.26595182089798
1,3606,307.0401388570175
1,3607,197.2157376091869
1,3608,275.7928808216648
1,3609,43.113545937021556
1,3610,54.47064060567891
1,3611,77.34000157469563
1,3612,104.40513386133999
1,3613,250.52977589840103
1,3614,258.3778670901615
1,3615,58.466275807940306
1,3616,247.5138450110186
1,3617,39.55658141109194
1,3618,289.4747006969375
1,3619,225.27171112779405
1,3620,223.02383996619346
1,3621,40.17205201534576
1,3622,261.21006115911945
1,3623,35.56186660811334
1,3624,279.48153316748653
1,3625,30.402229269915154
1,3626,224.86669481870888
1,3627,17.348193242156025
1,3628,265.48337939013174
1,3629,204.92107183897411
1,3630,269.37660218728104
1,3631,254.79345369145614
1,3632,55.470871769388694
1,3633,152.94447668547042
1,3634,38.97933903587849
1,3635,312.1027717014091
1,3636,324.11470224535594
1,3637,20.508810107239178
1,3638,236.6353152381762
1,3639,58.170539997994226
1,3640,46.53380214892439
1,3641,140.82695223401925
1,3642,32.388251718925495
1,3643,166.20812324549252
1,3644,38.77286641206973
1,3645,259.02965579077
1,3646,39.1954305184894
1,3647,223.29360467237575
1,3648,173.8306395571409
1,3649,281.53784936459647
1,3650,30.194446191713872
1,3651,230.60978029438488
1,3652,156.04461460514005
1,3653,247.30107506311643
1,3654,61.920138453153136
1,3655,263.4980237038021
1,3656,40.28501708951434
1,3657,57.40762904620768
1,3658,258.7770507820925
1,3659,87.98684857980408
1,3660,254.96433149271792
1,3661,103.78445427834342
1,3662,43.92081919150138
1,3663,246.85394585340356
1,3664,262.59744608237304
1,3665,260.7148284348937
1,3666,317.67870530541734
1,3667,192.10456233890602
1,3668,33.46326953566956
1,3669,219.09715896343403
1,3670,265.85201045204724
1,3671,334.05486903282167
1,3672,249.98556813753248
1,3673,37.00425914880445
1,3674,280.3550130554926
1,3675,21.107451714760767
1,3676,251.951174699178
1,3677,228.57980706605576
1,3678,26.453674929216334
1,3679,315.33497842069386
1,3680,33.84462566133637
1,3681,283.5241251916816
1,3682,539.7050282506017
1,3683,328.6790423722201
1,3684,154.75889586232907
1,3685,317.71060049913046
1,3686,244.40990175279745
1,3687,192.27937406229537
1,3688,336.9960452184167
1,3689,126.26630991897038
1,3690,242.40403905413888
1,3691,51.092171611632736
1,3692,206.09215747638527
1,3693,179.29145570785562
1,3694,351.87130806652306
1,3695,300.8860732968707
1,3696,57.00287600326378
1,3697,308.94358378057757
1,3698,337.5918352518947
1,3699,69.84099816519729
1,3700,262.63233660576975
1,3701,299.1810604228625
1,3702,64.07704987564526
1,3703,240.98336654258065
1,3704,329.22434845499174
1,3705,27.468294386610083
1,3706,298.09074872004396
1,3707,354.3363809227263
1,3708,342.03128749607185
1,3709,293.86493175588885
1,3710,288.48602732558606
1,3711,59.10613242996368
1,3712,254.65101317915997
1,3713,57.88374613008915
1,3714,354.6370612737753
1,3715,247.7479082801841
1,3716,296.3139595937854
1,3717,295.36828940192635
1,3718,347.23211599984654
1,3719,29.55070629330583
1,3720,240.023183288766
1,3721,267.9731289273791
1,3722,30.568747384411047
1,3723,270.25601515595423
1,3724,270.71144641340777
1,3725,61.71845435754505
1,3726,247.1495907231294
1,3727,40.456346062631745
1,3728,254.48920955615614
1,3729,198.2842260690005
1,3730,58.39606567423005
1,3731,183.5198581928068
1,3732,36.61126114760818
1,3733,189.6287537272916
1,3734,185.52754459775207
1,3735,273.0021945154673
1,3736,40.58366423202942
1,3737,232.2549644037927
1,3738,280.1367649578652
1,3739,42.312186817889526
1,3740,226.4025308779967
1,3741,302.6692480343555
1,3742,36.06145705093569
1,3743,280.6333364231687
1,3744,255.57145677756566
1,3745,311.4281410119114
1,3746,25.39505092982441
1,3747,183.3959546718848
1,3748,258.8352437513936
1,3749,173.27083336924088
1,3750,83.08732305200236
1,3751,191.83102911194388
1,3752,288.03113167335164
1,3753,288.2451537554486
1,3754,40.71587982658734
1,3755,276.1649969290994
1,3756,57.25462648814706
1,3757,102.2535015882375
1,3758,302.6220513074469
1,3759,30.006534189104016
1,3760,260.6490552254641
1,3761,36.027298722805654
1,3762,94.8524644916838
1,3763,96.25628686622316
1,3764,306.62622384922497
1,3765,33.950929475304626
1,3766,114.84513281869533
1,3767,284.47605537066613
1,3768,314.84105389332524
1,3769,288.1043288028652
1,3770,258.29664602189416
1,3771,197.86746065958835
1,3772,352.3774311499475
1,3773,251.32144151507703
1,3774,289.638483924753
1,3775,295.29637481491125
1,3776,301.23035085332765
1,3777,336.0081687044361
1,3778,359.82937716392223
1,3779,70.48215077072895
1,3780,293.61508003145434
1,3781,64.26166527482309
1,3782,348.0735161531794
1,3783,70.32887814524739
1,3784,306.34024913135187
1,3785,194.35739356624075
1,3786,327.1480755789384
1,3787,45.120974819861836
1,3788,198.0953284054228
1,3789,309.84396806699124
1,3790,160.86851677405724
1,3791,324.37015118016774
1,3792,313.01368204728954
1,3793,297.90012317964863
1,3794,19.45097881101576
1,3795,271.47596593092067
1,3796,270.82304965847663
1,3797,314.22702575337416
1,3798,46.78739012123559
1,3799,255.45754103344925
1,3800,285.4305768185005
1,3801,197.06162149269505
1,3802,36.76233215658751
1,3803,269.45201658135295
1,3804,291.58608469882313
1,3805,266.9883868423681
1,3806,59.80980633094653
1,3807,339.0829371779029
1,3808,43.29379907336224
1,3809,180.9285725252265
1,3810,295.7086763839715
1,3811,248.70862639571175
1,3812,284.03251035596304
1,3813,42.61017880758031
1,3814,304.58066026955726
1,3815,271.2217205409958
1,3816,30.88646155956843
1,3817,257.37495639951635
1,3818,330.38806767156336
1,3819,250.12964492558618
1,3820,288.04800788123976
1,3821,260.6098455857284
1,3822,43.57124865267997
1,3823,270.36436592110283
1,3824,190.09483649298448
1,3825,203.39042293100022
1,3826,191.51924562860896
1,3827,268.5249232684132
1,3828,52.26080601573713
1,3829,277.46580540319275
1,3830,359.5452432997108
1,3831,44.77042592295149
1,3832,255.31688274288354
1,3833,268.8310221260334
1,3834,72.89232506677838
1,3835,294.4943429053031
1,3836,386.48205493062096
1,3837,358.75467574828025
1,3838,93.22873542021742
1,3839,289.6335387056558
1,3840,129.12552601066497
1,3841,313.57100835986483
1,3842,70.92043541742511
1,3843,316.37447664119975
1,3844,118.20761389861032
1,3845,71.57882677223274
1,3846,98.90411110116924
1,3847,297.3758200797271
1,3848,72.25248917429623
1,3849,38.01361089745124
1,3850,183.69858342393272
1,3851,265.5019075679851
1,3852,514.128097649363
1,3853,319.83551655857127
1,3854,65.45664181326441
1,3855,323.5059148978943
1,3856,67.50568911603804
1,3857,203.4653633279554
1,3858,118.61191810299366
1,3859,338.84050894649033
1,3860,42.68017983655203
1,3861,313.86801055936667
1,3862,48.410700703167045
1,3863,270.3543702254186
1,3864,174.1725047231296
1,3865,279.9920611684483
1,3866,48.08464102699424
1,3867,241.96848420136604
1,3868,77.02857778830662
1,3869,283.71620670712247
1,3870,49.05020013970699
1,3871,276.5149382160283
1,3872,152.68971701073605
1,3873,265.3050672544042
1,3874,312.18988941337363
1,3875,313.88401170448617
1,3876,49.09828491156507
1,3877,190.63747654538935
1,3878,292.1702522505016
1,3879,31.886888993270475
1,3880,269.9563741118275
1,3881,295.75744149203655
1,3882,262.57252933234406
1,3883,281.4293485871152
1,3884,50.836244226400225
1,3885,256.61207123605845
1,3886,315.3299916685862
1,3887,184.335288199874
1,3888,314.14323158719253
1,3889,45.09781341662279
1,3890,194.30837800437905
1,3891,297.99666920754345
1,3892,48.77110693114173
1,3893,122.04639938705031
1,3894,290.9710951047803
1,3895,297.2953738457501
1,3896,296.824990167073
1,3897,341.51650535247654
1,3898,341.79851747697796
1,3899,81.41730806223435
1,3900,255.47505547180026
1,3901,303.0904718245141
1,3902,82.54716848692006
1,3903,289.84987232010957
1,3904,74.18238366771782
1,3905,288.323575912686
1,3906,199.14462307438737
1,3907,321.2236572840377
1,3908,69.94941934886157
1,3909,209.36330619095057
1,3910,316.94752589591843
1,3911,604.1847986868052
1,3912,296.41686119229087
1,3913,283.44928475751044
1,3914,72.18573720210843
1,3915,282.6076895324403
1,3916,78.82630887952799
1,3917,261.60980640504636
1,3918,296.427620762433
1,3919,149.92977152350676
1,3920,53.07049363251953
1,3921,289.32985159043267
1,3922,234.60177790279909
1,3923,238.66293756911188
1,3924,45.42221147867687
1,3925,262.2089967560689
1,3926,423.59907959238296
1,3927,33.557844082090995
1,3928,117.49941517118418
1,3929,198.5089117115952
1,3930,37.083514345368684
1,3931,366.751863620952
1,3932,425.61584175637853
1,3933,51.18150697337183
1,3934,262.2795765357986
1,3935,277.56836618668876
1,3936,308.7521326541589
1,3937,36.128847194200105
1,3938,189.332508431434
1,3939,313.33501427045206
1,3940,337.2231144124111
1,3941,285.97283611946636
1,3942,84.20292768568885
1,3943,283.4477719322327
1,3944,278.0625099765234
1,3945,29.251821694156085
1,3946,326.9367241823719
1,3947,209.9860138659708
1,3948,53.5784869588585
1,3949,303.11126757738054
1,3950,225.98456488018843
1,3951,261.90814735279866
1,3952,91.03285748603373
1,3953,193.38979324466135
1,3954,190.52511679764058
1,3955,48.99741763269853
1,3956,384.0162103851277
1,3957,284.43865200855305
1,3958,317.55503315544206
1,3959,281.74715317595343
1,3960,39.309983434884664
1,3961,284.010693799872
1,3962,57.30105509221439
1,3963,22.85919894279068
1,3964,302.23200339709615
1,3965,255.11731461707393
1,3966,66.99708477971355
1,3967,225.48812048150745
1,3968,224.91338822466253
1,3969,305.7785370863782
1,3970,40.403288955964996
1,3971,46.710725513843
1,3972,392.7034633163282
1,3973,301.8914343658707
1,3974,294.3816517224835
1,3975,35.66830930174074
1,3976,288.808103789568
1,3977,51.22494857256743
1,3978,311.0860317054635
1,3979,283.5631840820484
1,3980,242.17344378248097
1,3981,128.39360390965217
1,3982,302.9604841606176
1,3983,100.1829694804298
1,3984,40.14911934231994
1,3985,266.0526948678536
1,3986,40.447094725128636
1,3987,301.99798615939426
1,3988,311.45985734619717
1,3989,284.9972377213478
1,3990,67.80363372164979
1,3991,282.5432577876064
1,3992,280.50434875288704
1,3993,496.9957776381743
1,3994,347.35332932597163
1,3995,94.13236985745269
1,3996,271.7597695484443
1,3997,131.83708192228613
1,3998,315.7444943224224
1,3999,54.82119422076054
1,4000,285.95779960746916
1,4001,305.1515682001127
1,4002,200.25612844366074
1,4003,366.73660233384203
1,4004,350.19728432033946
1,4005,70.61711487098609
1,4006,327.63604871456363
1,4007,308.5371964262971
1,4008,70.08228971821507
1,4009,322.0139620603037
1,4010,315.3299191567475
1,4011,215.1364555475753
1,4012,260.87839256190597
1,4013,133.21693241751288
1,4014,107.95509018706593
1,4015,276.1349550776413
1,4016,116.6933022128061
1,4017,314.8426637312251
1,4018,50.3683743235601
1,4019,309.4199510445554
1,4020,53.642477221879474
1,4021,302.2121125236209
1,4022,280.08948636202433
1,4023,57.01290267991295
1,4024,291.2636709740611
1,4025,42.85987586103563
1,4026,281.50966580027523
1,4027,48.942636610611416
1,4028,208.10991427483108
1,4029,267.1593442408015
1,4030,151.77276085613957
1,4031,55.17366855998732
1,4032,286.050070779802
1,4033,244.00629263730252
1,4034,219.4740366409231
1,4035,361.1509338542708
1,4036,291.88337035869256
1,4037,54.73505285807592
1,4038,314.76757399815017
1,4039,270.8357884850111
1,4040,193.32375895532778
1,4041,214.85344578355435
1,4042,46.18965403923664
1,4043,304.10306680151825
1,4044,284.13873610438037
1,4045,351.58643339584063
1,4046,19.8610161929279
1,4047,331.3003324707421
1,4048,330.3017942715056
1,4049,53.62052193702726
1,4050,146.18614440157506
1,4051,375.0071312943807
1,4052,56.72005613184898
1,4053,297.1661430985422
1,4054,52.974695331601694
1,4055,174.9342223543851
1,4056,64.04060334521265
1,4057,304.7747924567869
1,4058,291.7996456909206
1,4059,77.74366657971416
1,4060,190.48976514981425
1,4061,102.68730786388873
1,4062,241.11290405301338
1,4063,288.70578162382213
1,4064,285.5680051031178
1,4065,141.2005866122678
1,4066,287.56138750395155
1,4067,51.117530636600335
1,4068,280.36218864881744
1,4069,280.4693490857762
1,4070,43.46116321477707
1,4071,280.56171511361293
1,4072,186.22465418325942
1,4073,272.1680601887298
1,4074,47.91990685576988
1,4075,319.4641636173628
1,4076,290.16147849719033
1,4077,47.99351451752228
1,4078,43.12719708959867
1,4079,323.2204314462219
1,4080,48.10429958590992
1,4081,187.7245028960479
1,4082,295.1241518910045
1,4083,217.8500617132076
1,4084,536.9545794448279
1,4085,286.1005998783519
1,4086,301.1529668217088
1,4087,365.4573871954776
1,4088,411.3064129076171
1,4089,73.57448472175855
1,4090,57.82197408966304
1,4091,318.33670529303635
1,4092,330.9776424015922
1,4093,76.97920289033176
1,4094,292.17680389652025
1,4095,54.603956613742284
1,4096,338.75138834114034
1,4097,321.7274495716765
1,4098,52.03612242436766
1,4099,220.53196428842242
1,4100,73.83488431943479
1,4101,295.4725903018678
1,4102,327.34491558496563
1,4103,73.36458087889615
1,4104,300.07529002685374
1,4105,200.99986542797564
1,4106,319.1265291187574
1,4107,37.05977539205428
1,4108,283.9346621025328
1,4109,346.93536401488393
1,4110,294.673766969388
1,4111,150.74004564118223
1,4112,46.314510079476015
1,4113,216.9467499915216
1,4114,302.347558106562
1,4115,89.60985072288264
1,4116,321.4198689429985
1,4117,310.3915074560497
1,4118,345.65394238245955
1,4119,50.548183488257905
1,4120,234.80102650095904
1,4121,318.15137887257424
1,4122,295.1831053398962
1,4123,214.2718015100777
1,4124,319.3729511774105
1,4125,66.23228185037165
1,4126,124.44575226417652
1,4127,275.3848200019706
1,4128,66.81897890072432
1,4129,274.7435587354284
1,4130,69.40975553881762
1,4131,332.7297203711409
1,4132,70.50458085047094
1,4133,240.01477285697302
1,4134,124.16131590359436
1,4135,107.28475166797213
1,4136,262.88159426484833
1,4137,31.806167829172274
1,4138,119.92446294860561
1,4139,49.4101826348313
1,4140,217.6847095071625
1,4141,46.57097024332067
1,4142,223.19821808069293
1,4143,52.86368497803063
1,4144,276.7455047256437
1,4145,177.2884288550128
1,4146,47.666457376906436
1,4147,118.07691414942354
1,4148,258.3241960614773
1,4149,189.9072463661143
1,4150,76.79355725030547
1,4151,332.54717949167014
1,4152,36.81881948619399
1,4153,319.8830289671725
1,4154,275.8383841175168
1,4155,52.651314570174165
1,4156,230.84232697774758
1,4157,51.12903386831261
1,4158,81.96505453762376
1,4159,300.8777288833531
1,4160,49.1675095512479
1,4161,46.96289517118565
1,4162,290.67362289860813
1,4163,52.02357261908146
1,4164,268.3005943161276
1,4165,89.35551305050382
1,4166,52.00028909559728
1,4167,300.2158554194322
1,4168,293.1200194254708
1,4169,288.32630131627735
1,4170,241.94568973387214
1,4171,229.62849190194376
1,4172,304.64102944447484
1,4173,48.090061170836215
1,4174,295.0774710023024
1,4175,324.6940797645891
1,4176,34.897272286817
1,4177,294.23272268286917
1,4178,266.47087165455014
1,4179,286.9407557778393
1,4180,125.36461943775211
1,4181,257.0284469649583
1,4182,207.57731028265104
1,4183,271.8693615018553
1,4184,273.74099830093456
1,4185,96.7768968893185
1,4186,231.02988603367402
1,4187,29.436623057861674
1,4188,241.7948584350221
1,4189,35.304216578183116
1,4190,133.45209056339726
1,4191,261.3003953001435
1,4192,137.04818302323372
1,4193,258.0566299045317
1,4194,64.92053461009789
1,4195,149.54756020715297
1,4196,93.37224704049618
1,4197,246.19371058968278
1,4198,73.89604846649172
1,4199,238.39265227166933
1,4200,67.97191667164952
1,4201,288.5335758425689
1,4202,228.3349139184486
1,4203,49.51733172431838
1,4204,136.3233698714173
1,4205,262.0252017137336
1,4206,190.3660232900255
1,4207,90.03182233304878
1,4208,244.5375856393
1,4209,67.43919634725738
1,4210,281.45844823806664
1,4211,273.16116340514213
1,4212,52.36044866167903
1,4213,102.60512228455661
1,4214,230.0343617169254
1,4215,48.673429584722726
1,4216,279.39704731426923
1,4217,48.98856166708506
1,4218,311.70397942531133
1,4219,311.93731763236474
1,4220,48.686777950711026
1,4221,243.4524256921457
1,4222,265.839991251874
1,4223,51.67097812872372
1,4224,236.45553368252067
1,4225,55.3262636756845
1,4226,79.63174320203967
1,4227,303.4671378548717
1,4228,49.16967865678734
1,4229,51.363113065959
1,4230,287.849038583869
1,4231,48.463913812274455
1,4232,252.09742891621238
1,4233,88.74868289852986
1,4234,50.79067684820818
1,4235,293.49833321049425
1,4236,323.42747111296933
1,4237,36.90433781878906
1,4238,297.34497686735034
1,4239,306.10253006403997
1,4240,28.550849830455732
1,4241,272.2791070736678
1,4242,282.0936536182757
1,4243,291.50878459407625
1,4244,298.90674138855184
1,4245,241.14663753371423
1,4246,211.77713313629343
1,4247,299.9297448456476
1,4248,50.43827672875264
1,4249,291.94454814181563
1,4250,47.48740381143696
1,4251,55.456027791937856
1,4252,244.2470934186531
1,4253,35.80729035435967
1,4254,119.39765951728145
1,4255,262.30000352125353
1,4256,204.83551650420685
1,4257,219.06603131034382
1,4258,100.03443755085353
1,4259,92.86378706543121
1,4260,260.8635669171454
1,4261,121.61668436496586
1,4262,109.35587538844146
1,4263,295.38891044415834
1,4264,45.758950190051856
1,4265,66.29902573494073
1,4266,268.23827654676995
1,4267,380.90660177682474
1,4268,293.84825386934494
1,4269,61.64581264062238
1,4270,318.6392016180173
1,4271,96.57700358344039
1,4272,353.2788484636543
1,4273,284.33991194795294
1,4274,376.888238847702
1,4275,154.16675645767583
1,4276,315.59763230900137
1,4277,49.33196889663132
1,4278,246.52474142573647
1,4279,271.12609883319817
1,4280,61.92540357553575
1,4281,309.01784000116453
1,4282,67.70030482397736
1,4283,114.69619375962361
1,4284,404.83973264891324
1,4285,312.0984727733162
1,4286,226.88804547673163
1,4287,67.20452593993238
1,4288,308.9835361925825
1,4289,179.99793303379462
1,4290,43.55426415711492
1,4291,313.2442900507431
1,4292,311.5197400601317
1,4293,50.10533450243813
1,4294,362.96492538605844
1,4295,49.005416608391364
1,4296,297.13144778839376
1,4297,34.37434884049178
1,4298,293.1485660882112
1,4299,179.632969514594
1,4300,214.07976112192338
1,4301,284.6228011551375
1,4302,98.96217019910193
1,4303,188.56519799544125
1,4304,34.868666729161575
1,4305,312.3933775737505
1,4306,48.03426899904427
1,4307,185.82035235915714
1,4308,53.38866931208225
1,4309,186.25885166305505
1,4310,289.29809791377
1,4311,35.563384360860596
1,4312,264.2226762821281
1,4313,294.0255614678779
1,4314,22.405950241406437
1,4315,292.0822074247893
1,4316,47.763858022417025
1,4317,30.565749671533773
1,4318,391.5981980995746
1,4319,48.33489125400537
1,4320,39.734426106706195
1,4321,251.99202008079303
1,4322,265.8418778290452
1,4323,49.263777999721164
1,4324,267.60650773636326
1,4325,258.0406961742723
1,4326,247.70937815060998
1,4327,298.6316883900655
1,4328,67.42292648968127
1,4329,343.09557230581936
1,4330,78.05568231581248
1,4331,223.0846199231247
1,4332,378.6371965767596
1,4333,276.9080646338118
1,4334,67.871788391508
1,4335,318.96589384372817
1,4336,125.8684658028989
1,4337,77.47362154333791
1,4338,169.76410538873523
1,4339,381.6052510746093
1,4340,67.99533009579937
1,4341,265.69492210370413
1,4342,287.0341039077718
1,4343,70.35036060565267
1,4344,117.29726551560512
1,4345,216.11568401428252
1,4346,277.97894526989137
1,4347,73.78779766720898
1,4348,206.3980589345109
1,4349,277.0036892621788
1,4350,44.951568227695816
1,4351,60.44227174446158
1,4352,294.29762045296593
1,4353,296.505999250251
1,4354,37.24816925885092
1,4355,71.14404983907572
1,4356,102.26312553220458
1,4357,191.28890461104075
1,4358,43.6767191460857
1,4359,131.64761801872191
1,4360,224.214441544573
1,4361,41.59258601953691
1,4362,49.55145571100847
1,4363,237.79193642611602
1,4364,319.9129999658162
1,4365,227.0146751984273
1,4366,348.094659107191
1,4367,72.83320996725283
1,4368,223.39070180167238
1,4369,323.45694435245014
1,4370,49.97316840174228
1,4371,315.9999963269531
1,4372,43.18360891557452
1,4373,184.8010116680424
1,4374,302.88521541485943
1,4375,105.93767006151967
1,4376,289.87472148821803
1,4377,71.3728832355902
1,4378,309.0688446588107
1,4379,286.19715150559193
1,4380,51.55505685242643
1,4381,168.32528083317547
1,4382,233.41038030353
1,4383,50.97485450114673
1,4384,320.58485389465767
1,4385,53.283684070945014
1,4386,267.16070681012513
1,4387,244.2127659247979
1,4388,294.2063768966369
1,4389,434.590084911731
1,4390,44.69556145547475
1,4391,264.864199230563
1,4392,183.29313671094008
1,4393,316.1721933420716
1,4394,258.91882199490544
1,4395,105.08250922845653
1,4396,277.97697161233407
1,4397,43.46412515657712
1,4398,276.9989688399602
1,4399,52.09475459822997
1,4400,333.3221479386266
1,4401,281.6045877602214
1,4402,35.500203384133656
1,4403,307.9911508313444
1,4404,57.06034658899371
1,4405,265.0145825810028
1,4406,49.324946415401
1,4407,317.9677089912009
1,4408,303.78191779275437
1,4409,34.94521318530106
1,4410,283.3325015473987
1,4411,245.03092140536512
1,4412,307.0279247660018
1,4413,38.07782678684748
1,4414,258.38781326716054
1,4415,38.92288449039352
1,4416,243.5378833963078
1,4417,51.496016639064884
1,4418,248.15831016089572
1,4419,440.5563118481196
1,4420,44.878259287998546
1,4421,271.1809276449393
1,4422,283.3747950854699
1,4423,329.07636353646484
1,4424,52.09687004011815
1,4425,314.58564543877674
1,4426,275.36978466797643
1,4427,65.38734026265286
1,4428,116.03438126015975
1,4429,346.1282424101493
1,4430,289.5176485911664
1,4431,69.51463797341941
1,4432,257.4942994735733
1,4433,30.25317460893342
1,4434,377.11756541437114
1,4435,30.184917739339248
1,4436,355.4604305289332
1,4437,252.2418071003724
1,4438,253.25753598962012
1,4439,276.6211250682579
1,4440,223.2804407588041
1,4441,41.80368244186896
1,4442,225.27849726900354
1,4443,255.43520720058916
1,4444,35.71852904362325
1,4445,225.60452304581509
1,4446,109.47973635008023
1,4447,121.34089129488532
1,4448,283.41796769533676
1,4449,373.7666535087493
1,4450,54.82246528228192
1,4451,115.38837440031497
1,4452,266.1281908011687
1,4453,216.61952774297148
1,4454,263.72505665770956
1,4455,16.733117946130527
1,4456,243.57193342201828
1,4457,96.856360953317
1,4458,37.46659153834362
1,4459,40.08428339058666
1,4460,262.8609057651372
1,4461,31.46545381548013
1,4462,185.27268425471541
1,4463,318.4722676386213
1,4464,13.083690328924225
1,4465,250.88816852566202
1,4466,30.01893083595503
1,4467,340.80012460959307
1,4468,50.31349098249039
1,4469,237.04812253745172
1,4470,36.32989732284274
1,4471,292.9736952489328
1,4472,96.41844227502025
1,4473,216.98011632123598
1,4474,256.68473677706277
1,4475,23.568025721515482
1,4476,138.9971266137017
1,4477,270.27642388021775
1,4478,56.08517989803602
1,4479,193.1255380688033
1,4480,78.58836633163801
1,4481,243.8035440152368
1,4482,236.30563387793822
1,4483,24.094521459738626
1,4484,225.3208858007832
1,4485,161.2096502460681
1,4486,191.99243825356447
1,4487,235.83928187288717
1,4488,54.79055599438148
1,4489,303.1188773934172
1,4490,31.895153611349148
1,4491,173.2583757158726
1,4492,23.740522077705595
1,4493,295.2882238415598
1,4494,182.35414351511946
1,4495,237.2932192910453
1,4496,28.079092142065676
1,4497,235.6082335521998
1,4498,100.46355186472003
1,4499,294.15414535082976
1,4500,30.920361512058477
1,4501,375.58685230815036
1,4502,42.00105932747424
1,4503,262.3760627709199
1,4504,274.4598071001371
1,4505,292.9005042577345
1,4506,192.65981231026075
1,4507,75.39128351842537
1,4508,37.54538409655051
1,4509,267.0753182255696
1,4510,34.7318493834259
1,4511,317.4701376166515
1,4512,172.3180174015185
1,4513,249.04333593774973
1,4514,35.977253314912566
1,4515,253.6652082246952
1,4516,84.71256234597539
1,4517,123.73903174911416
1,4518,252.02805840403585
1,4519,220.59216587908742
1,4520,437.1760003894209
1,4521,16.05278766034775
1,4522,96.0285734555022
1,4523,273.776763557151
1,4524,310.79588091356754
1,4525,379.3719379174437
1,4526,319.5503977474995
1,4527,327.6166220055469
1,4528,323.20445597575156
1,4529,32.130645162079944
1,4530,327.6376119116203
1,4531,39.51346144266464
1,4532,331.6565912404188
1,4533,182.3437706165481
1,4534,323.34314948751046
1,4535,79.62900310791775
1,4536,223.08118997064477
1,4537,270.7015922599629
1,4538,33.06545444011859
1,4539,239.12061697656833
1,4540,324.7756013818157
1,4541,64.47840153190472
1,4542,305.96351462118787
1,4543,54.187620827259295
1,4544,129.09932900966226
1,4545,286.41829876344775
1,4546,321.8160590447351
1,4547,319.95317371759074
1,4548,128.8907673946431
1,4549,24.604828758406835
1,4550,87.77916888233776
1,4551,29.935467648891173
1,4552,222.3021806554346
1,4553,253.71404822299897
1,4554,270.94511003557915
1,4555,112.1786873005594
1,4556,319.5169432193288
1,4557,48.05007007336086
1,4558,209.0538215028971
1,4559,129.28910702019712
1,4560,275.02308769483886
1,4561,32.0661160105089
1,4562,232.76070636350636
1,4563,44.79703263078973
1,4564,163.6790309318798
1,4565,30.126884843624183
1,4566,247.67405730499024
1,4567,258.41354987175583
1,4568,298.15789629844437
1,4569,300.9412004209957
1,4570,271.53784641738224
1,4571,212.43473316112386
1,4572,87.08541892381348
1,4573,257.47056041899805
1,4574,313.19999781542066
1,4575,286.57157503717144
1,4576,34.828016052196084
1,4577,287.72580839573436
1,4578,29.34151972976841
1,4579,289.60773966780766
1,4580,243.09721805097115
1,4581,37.07513644127204
1,4582,228.24924936566885
1,4583,293.704821252656
1,4584,176.3898004896087
1,4585,294.2040429963621
1,4586,304.6838829883115
1,4587,304.0727645541447
1,4588,305.3741090552226
1,4589,127.14243685303616
1,4590,122.37361616597639
1,4591,289.48155300539827
1,4592,186.94086892957534
1,4593,235.23850963076228
1,4594,196.99060848033662
1,4595,109.5909925207515
1,4596,298.34646411566064
1,4597,34.339120804037
1,4598,318.7489796445975
1,4599,273.7933472045995
1,4600,273.2138793250113
1,4601,325.4005496072692
1,4602,332.8491383149033
1,4603,40.23596067897223
1,4604,275.2393165430693
1,4605,94.23178936318212
1,4606,292.575868625088
1,4607,41.84584221337798
1,4608,268.7385058275041
1,4609,63.378102496581576
1,4610,306.1066547824027
1,4611,248.8785597384911
1,4612,63.976238108146326
1,4613,332.2648728774642
1,4614,272.1255838868389
1,4615,304.9555720773579
1,4616,290.05445446176014
1,4617,305.27093504249183
1,4618,45.44698918654255
1,4619,277.5770548907712
1,4620,39.608003423320106
1,4621,279.62066434647375
1,4622,299.59277931871816
1,4623,27.852808314529323
1,4624,141.13066663703125
1,4625,263.7302059821976
1,4626,52.27183089030697
1,4627,181.05831142761645
1,4628,36.0048490673194
1,4629,452.7577680602372
1,4630,36.249610969386616
1,4631,272.7255289497697
1,4632,64.12769003520481
1,4633,356.00387350151095
1,4634,37.69379006418249
1,4635,155.2182007144067
1,4636,308.0407370053365
1,4637,306.99951228719624
1,4638,34.279543424850246
1,4639,38.54231195893
1,4640,290.1160537867494
1,4641,36.84456848680517
1,4642,272.2807288116629
1,4643,38.1346151352554
1,4644,76.12736575902167
1,4645,334.4323140661742
1,4646,49.77292581350089
1,4647,382.2520150261245
1,4648,43.3454692050947
1,4649,272.05531534324757
1,4650,94.01708328442729
1,4651,264.5202030884625
1,4652,238.50526898427304
1,4653,257.5888222808411
1,4654,88.76253930971885
1,4655,202.12232997991532
1,4656,315.33887581431287
1,4657,37.82791238555497
1,4658,238.16380440446744
1,4659,256.44587668520893
1,4660,257.6566196518692
1,4661,99.10107800551106
1,4662,51.515938637044066
1,4663,275.46545951851965
1,4664,244.69134653733198
1,4665,22.0141767318081
1,4666,185.89536810284432
1,4667,204.06320833018395
1,4668,263.057722244046
1,4669,126.99515043258984
1,4670,22.433473297775496
1,4671,278.27267681689
1,4672,102.22448899279897
1,4673,276.1050901606934
1,4674,245.89078629905555
1,4675,267.1146264614013
1,4676,190.1091153976987
1,4677,291.11080956247395
1,4678,88.65224126990603
1,4679,149.8101440872163
1,4680,36.039748115145244
1,4681,235.40509756393146
1,4682,40.9810004298076
1,4683,260.3987698955888
1,4684,33.021803836778275
1,4685,43.62365370768285
1,4686,275.3734732838767
1,4687,256.4693217159779
1,4688,232.89137559478476
1,4689,342.4717245048598
1,4690,108.93475813782405
1,4691,289.34930164627457
1,4692,41.52045205276478
1,4693,275.1053027442073
1,4694,78.16139421031293
1,4695,236.01219954618648
1,4696,251.70346985163076
1,4697,278.96646758774864
1,4698,193.45776843207602
1,4699,315.88726759895303
1,4700,333.01047003314886
1,4701,260.3743653514683
1,4702,320.13522925145
1,4703,430.3201097117178
1,4704,318.2663433512092
1,4705,246.3042566377962
1,4706,58.874652623473054
1,4707,302.84289944476154
1,4708,41.23585787198732
1,4709,277.8773066962269
1,4710,285.92370709961403
1,4711,282.4749329641935
1,4712,39.930666547539346
1,4713,331.25180833780075
1,4714,305.187786487866
1,4715,223.05868572360964
1,4716,314.73628325061446
1,4717,309.92002057401294
1,4718,83.63333142901982
1,4719,59.491262991514375
1,4720,39.98564267639719
1,4721,241.43916775924498
1,4722,239.158999448511
1,4723,269.6872893913677
1,4724,268.09230737419676
1,4725,342.9413716748851
1,4726,276.4989001272173
1,4727,255.07601655166263
1,4728,314.0503059674942
1,4729,19.877399062714833
1,4730,257.9549581663514
1,4731,275.5442216436985
1,4732,300.89546072710425
1,4733,290.7773872085347
1,4734,302.1359875035448
1,4735,29.136467758660107
1,4736,264.9640390524319
1,4737,340.29870573429366
1,4738,60.86382902879037
1,4739,246.5243202159673
1,4740,430.91218937424793
1,4741,362.1820654399898
1,4742,360.9811551854435
1,4743,312.1813325911173
1,4744,61.46988739391585
1,4745,309.3304269007963
1,4746,302.2318591381903
1,4747,286.0648674131626
1,4748,55.50401523714119
1,4749,235.773127494913
1,4750,260.0429026478041
1,4751,298.02064030039844
1,4752,277.42911311790874
1,4753,31.236714828265
1,4754,293.0048988551448
1,4755,32.79547499488937
1,4756,281.33504972882076
1,4757,311.7721100646977
1,4758,362.01998942829266
1,4759,21.518502963874212
1,4760,30.14885965098584
1,4761,272.4340769392917
1,4762,26.321464226290534
1,4763,267.51842575678677
1,4764,235.48170409258017
1,4765,289.3731718651079
1,4766,157.43964305220445
1,4767,321.0291144526327
1,4768,179.93285114462452
1,4769,259.08227802825206
1,4770,51.19586997460724
1,4771,141.69319792886097
1,4772,299.804916228295
1,4773,91.21554588442541
1,4774,208.30662762495794
1,4775,249.85241389520525
1,4776,112.42226911204577
1,4777,61.66225633533181
1,4778,350.0761540903302
1,4779,294.68631327706174
1,4780,262.5156923711752
1,4781,134.09848183874948
1,4782,196.90599295815576
1,4783,98.43720393904354
1,4784,209.20982392437605
1,4785,280.47766347686274
1,4786,37.11657739385969
1,4787,279.34657257845475
1,4788,33.66114090507782
1,4789,248.36217500260102
1,4790,45.13934577413533
1,4791,87.50302504680171
1,4792,258.40832827671
1,4793,287.8562491467976
1,4794,170.8560018165789
1,4795,272.7489713042904
1,4796,242.75517077776212
1,4797,77.2103773652631
1,4798,268.62258458404415
1,4799,263.15318615768996
1,4800,66.82748326457758
1,4801,245.17283606764698
1,4802,261.7577141281601
1,4803,293.5960337985998
1,4804,236.46104856260297
1,4805,258.3689655937894
1,4806,36.16541850432046
1,4807,333.6740241061704
1,4808,48.45955180547181
1,4809,249.9933510106857
1,4810,42.958998085871094
1,4811,237.9519748344477
1,4812,174.32956454533095
1,4813,333.3316949226473
1,4814,37.62576956845393
1,4815,232.86856265649755
1,4816,605.9465742980783
1,4817,391.4608123340488
1,4818,339.19284990427525
1,4819,335.4144296163437
1,4820,49.014723777503775
1,4821,369.16721036450645
1,4822,303.8040530152786
1,4823,308.37809119118594
1,4824,315.9747920861903
1,4825,361.38829564553816
1,4826,72.18141703443219
1,4827,53.20182529746271
1,4828,418.9170110810737
1,4829,265.14727795627505
1,4830,334.3569815407839
1,4831,337.92001926203034
1,4832,265.41867988562825
1,4833,332.60127423746496
1,4834,334.0217030542123
1,4835,181.32130427908305
1,4836,300.1884475666617
1,4837,235.7067931906534
1,4838,416.17133748433184
1,4839,292.16069676049995
1,4840,276.5095172840761
1,4841,316.36420500540953
1,4842,51.29345456285296
1,4843,299.3273794283577
1,4844,305.9008091257366
1,4845,273.728744285685
1,4846,446.1742155353536
1,4847,176.11419763219027
1,4848,229.41780795032412
1,4849,298.65329996924953
1,4850,24.87956349724208
1,4851,105.53389078484221
1,4852,291.70950395252004
1,4853,314.36188489237486
1,4854,312.7494973254493
1,4855,250.81959776630796
1,4856,303.3742918506776
1,4857,289.06654688414
1,4858,36.3599732647162
1,4859,38.31776559723944
1,4860,439.50185189350907
1,4861,146.93110467659287
1,4862,287.0771543149743
1,4863,335.8966509514694
1,4864,29.790164369461014
1,4865,309.3171287708026
1,4866,28.03677154538041
1,4867,103.33548305545472
1,4868,203.56775160424155
1,4869,236.5139538007178
1,4870,251.82785814519062
1,4871,56.87371592806015
1,4872,312.76155911813464
1,4873,74.06969147566988
1,4874,306.10627016599983
1,4875,311.3586649530761
1,4876,60.76423054758821
1,4877,58.4466488532842
1,4878,440.9379808531609
1,4879,318.463377467614
1,4880,59.34228528111254
1,4881,306.38331554393426
1,4882,270.0679847570691
1,4883,354.27611308288544
1,4884,52.24799352466541
1,4885,257.54846027703354
1,4886,57.69729457475554
1,4887,329.4731217176665
1,4888,125.2880819724098
1,4889,336.83456784243685
1,4890,307.3631660253002
1,4891,296.45578908088146
1,4892,266.5779535489477
1,4893,508.7146091045656
1,4894,288.31872586750205
1,4895,341.40544817232995
1,4896,304.2895547221592
1,4897,531.6856653647127
1,4898,24.77874263271749
1,4899,242.3808708400005
1,4900,43.013288176404735
1,4901,306.6333033868921
1,4902,317.4191774065431
1,4903,30.365032218687787
1,4904,259.8717448432322
1,4905,38.83614453847568
1,4906,250.4140417119968
1,4907,106.92424642211265
1,4908,238.88277576609698
1,4909,36.825706849617134
1,4910,309.1089908569604
1,4911,35.47641205532141
1,4912,290.08200295727295
1,4913,33.431317014308625
1,4914,32.53336778056375
1,4915,307.2764592344362
1,4916,176.16919831696015
1,4917,300.7287768094533
1,4918,246.03892244570233
1,4919,245.19180630699697
1,4920,292.8995006950162
1,4921,362.8421218185333
1,4922,323.97491932739473
1,4923,43.07092099183173
1,4924,330.57958808694246
1,4925,55.39236084910179
1,4926,47.36379086913296
1,4927,348.5420198405114
1,4928,88.81929995062927
1,4929,314.8266933311723
1,4930,304.19134814854283
1,4931,64.363685377825
1,4932,307.8620209428602
1,4933,269.42394680312987
1,4934,62.82983822324793
1,4935,255.32274062678943
1,4936,57.10382045047528
1,4937,328.3514784044013
1,4938,331.4496665043716
1,4939,287.16718540429343
1,4940,294.7797030087904
1,4941,177.17104008160553
1,4942,251.07402899053653
1,4943,277.4547287935982
1,4944,295.4660387486489
1,4945,306.16617165327307
1,4946,290.47741844084146
1,4947,194.69712566488204
1,4948,13.613727450174498
1,4949,150.2693762626591
1,4950,278.175139328785
1,4951,294.57594525987236
1,4952,45.461075501269974
1,4953,177.84255991282788
1,4954,302.11971763263557
1,4955,19.51544207912231
1,4956,293.61797892185905
1,4957,59.96441527544105
1,4958,306.7351271753198
1,4959,259.65748856086407
1,4960,115.19454873067585
1,4961,34.89274605793778
1,4962,240.74427667969965
1,4963,38.99097158881415
1,4964,292.84829622351424
1,4965,245.14197872038255
1,4966,301.05259960314027
1,4967,292.96350348023816
1,4968,86.73345107928145
1,4969,292.19946707534683
1,4970,416.83019304501556
1,4971,281.3810445474131
1,4972,270.49624926286947
1,4973,67.48008121817644
1,4974,281.76007080465035
1,4975,284.96988171714696
1,4976,300.11720185396075
1,4977,300.89950872438374
1,4978,62.49549715649083
1,4979,258.781466685119
1,4980,225.65434520693367
1,4981,51.39689864358047
1,4982,273.4770816667278
1,4983,56.15134445275236
1,4984,39.53604060993817
1,4985,334.76254198994275
1,4986,178.12045495986797
1,4987,30.887088343758446
1,4988,35.218222080528214
1,4989,178.90977583063125
1,4990,104.25528368717747
1,4991,38.079701566512526
1,4992,248.721437687725
1,4993,243.70360889219018
1,4994,36.87235948506264
1,4995,289.1368980928554
1,4996,8.561845438082113
1,4997,32.286851122229606
1,4998,308.637624094405
1,4999,31.542086856533786
1,5000,278.7368174633783
1,5001,361.5190148173325
1,5002,112.17590907686713
1,5003,328.5410605705677
1,5004,35.58047586139117
1,5005,274.78821858164554
1,5006,233.6212363464959
1,5007,390.891820400795
1,5008,185.03055759642336
1,5009,278.9154496645932
1,5010,302.37676340501685
1,5011,105.66620915877502
1,5012,280.2575726780974
1,5013,35.512536851589346
1,5014,426.62490481191014
1,5015,35.323161205930546
1,5016,26.235702453518737
1,5017,294.1517804643791
1,5018,301.7690103126134
1,5019,135.4833492002996
1,5020,252.89069136688295
1,5021,226.10971152736917
1,5022,329.4103970449496
1,5023,39.169952913978484
1,5024,247.4959494730391
1,5025,63.38066306424525
1,5026,314.2044632747021
1,5027,265.3301977113611
1,5028,101.68147637378036
1,5029,286.4574470456779
1,5030,288.1960404089742
1,5031,194.51317975632048
1,5032,301.9922665521938
1,5033,173.1007319341544
1,5034,493.08271543599994
1,5035,281.12553486388884
1,5036,414.01041148072
1,5037,477.7146816753078
1,5038,298.3252930907464
1,5039,26.860264618350442
1,5040,271.389387319877
1,5041,257.52939015251746
1,5042,272.8582311647483
1,5043,350.7428387737029
1,5044,40.7986814972077
1,5045,286.1379619495207
1,5046,275.76533287939685
1,5047,273.3318219545083
1,5048,285.89353477978847
1,5049,297.94198159246747
1,5050,175.7211142310884
1,5051,264.01440258766706
1,5052,295.8551892528311
1,5053,264.34662007759994
1,5054,297.7640981368663
1,5055,249.42419386422978
1,5056,214.36104177834576
1,5057,314.04121220330626
1,5058,49.11661047623338
1,5059,248.26595182089798
1,5060,307.0401388570175
1,5061,197.2157376091869
1,5062,275.7928808216648
1,5063,43.113545937021556
1,5064,54.47064060567891
1,5065,77.34000157469563
1,5066,104.40513386133999
1,5067,250.52977589840103
1,5068,258.3778670901615
1,5069,58.466275807940306
1,5070,247.5138450110186
1,5071,39.55658141109194
1,5072,289.4747006969375
1,5073,225.27171112779405
1,5074,223.02383996619346
1,5075,40.17205201534576
1,5076,261.21006115911945
1,5077,35.56186660811334
1,5078,279.48153316748653
1,5079,30.402229269915154
1,5080,224.86669481870888
1,5081,17.348193242156025
1,5082,265.48337939013174
1,5083,204.92107183897411
1,5084,269.37660218728104
1,5085,254.79345369145614
1,5086,55.470871769388694
1,5087,152.94447668547042
1,5088,38.97933903587849
1,5089,312.1027717014091
1,5090,324.11470224535594
1,5091,20.508810107239178
1,5092,236.6353152381762
1,5093,58.170539997994226
1,5094,46.53380214892439
1,5095,140.82695223401925
1,5096,32.388251718925495
1,5097,166.20812324549252
1,5098,38.77286641206973
1,5099,259.02965579077
1,5100,39.1954305184894
1,5101,223.29360467237575
1,5102,173.8306395571409
1,5103,281.53784936459647
1,5104,30.194446191713872
1,5105,230.60978029438488
1,5106,156.04461460514005
1,5107,247.30107506311643
1,5108,61.920138453153136
1,5109,263.4980237038021
1,5110,40.28501708951434
1,5111,57.40762904620768
1,5112,258.7770507820925
1,5113,87.98684857980408
1,5114,254.96433149271792
1,5115,103.78445427834342
1,5116,43.92081919150138
1,5117,246.85394585340356
1,5118,262.59744608237304
1,5119,260.7148284348937
1,5120,317.67870530541734
1,5121,192.10456233890602
1,5122,33.46326953566956
1,5123,219.09715896343403
1,5124,265.85201045204724
1,5125,334.05486903282167
1,5126,249.98556813753248
1,5127,37.00425914880445
1,5128,280.3550130554926
1,5129,21.107451714760767
1,5130,251.951174699178
1,5131,228.57980706605576
1,5132,26.453674929216334
1,5133,315.33497842069386
1,5134,33.84462566133637
1,5135,283.5241251916816
1,5136,539.7050282506017
1,5137,328.6790423722201
1,5138,154.75889586232907
1,5139,317.71060049913046
1,5140,244.40990175279745
1,5141,192.27937406229537
1,5142,336.9960452184167
1,5143,126.26630991897038
1,5144,242.40403905413888
1,5145,51.092171611632736
1,5146,206.09215747638527
1,5147,179.29145570785562
1,5148,351.87130806652306
1,5149,300.8860732968707
1,5150,57.00287600326378
1,5151,308.94358378057757
1,5152,337.5918352518947
1,5153,69.84099816519729
1,5154,262.63233660576975
1,5155,299.1810604228625
1,5156,64.07704987564526
1,5157,240.98336654258065
1,5158,329.22434845499174
1,5159,27.468294386610083
1,5160,298.09074872004396
1,5161,354.3363809227263
1,5162,342.03128749607185
1,5163,293.86493175588885
1,5164,288.48602732558606
1,5165,59.10613242996368
1,5166,254.65101317915997
1,5167,57.88374613008915
1,5168,354.6370612737753
1,5169,247.7479082801841
1,5170,296.3139595937854
1,5171,295.36828940192635
1,5172,347.23211599984654
1,5173,29.55070629330583
1,5174,240.023183288766
1,5175,267.9731289273791
1,5176,30.568747384411047
1,5177,270.25601515595423
1,5178,270.71144641340777
1,5179,61.71845435754505
1,5180,247.1495907231294
1,5181,40.456346062631745
1,5182,254.48920955615614
1,5183,198.2842260690005
1,5184,58.39606567423005
1,5185,183.5198581928068
1,5186,36.61126114760818
1,5187,189.6287537272916
1,5188,185.52754459775207
1,5189,273.0021945154673
1,5190,40.58366423202942
1,5191,232.2549644037927
1,5192,280.1367649578652
1,5193,42.312186817889526
1,5194,226.4025308779967
1,5195,302.6692480343555
1,5196,36.06145705093569
1,5197,280.6333364231687
1,5198,255.57145677756566
1,5199,311.4281410119114
1,5200,25.39505092982441
1,5201,183.3959546718848
1,5202,258.8352437513936
1,5203,173.27083336924088
1,5204,83.08732305200236
1,5205,191.83102911194388
1,5206,288.03113167335164
1,5207,288.2451537554486
1,5208,40.71587982658734
1,5209,276.1649969290994
1,5210,57.25462648814706
1,5211,102.2535015882375
1,5212,302.6220513074469
1,5213,30.006534189104016
1,5214,260.6490552254641
1,5215,36.027298722805654
1,5216,94.8524644916838
1,5217,96.25628686622316
1,5218,306.62622384922497
1,5219,33.950929475304626
1,5220,114.84513281869533
1,5221,284.47605537066613
1,5222,314.84105389332524
1,5223,288.1043288028652
1,5224,525.9964237973431
1,5225,51.50345868186873
1,5226,269.89067039662376
1,5227,243.543141238141
1,5228,295.5506816041101
1,5229,70.29117491875076
1,5230,262.84189033308826
1,5231,302.60642904090855
1,5232,158.19105999966968
1,5233,340.59261338867157
1,5234,300.16738792920177
1,5235,194.23911792062702
1,5236,299.21876049569426
1,5237,63.31181771361852
1,5238,256.44673875865277
1,5239,93.60965543061681
1,5240,62.107779355609566
1,5241,204.8718980677865
1,5242,131.24236387296054
1,5243,231.75648086673607
1,5244,273.91475879992385
1,5245,293.74080878260196
1,5246,294.60231832110384
1,5247,65.51046054566748
1,5248,352.6531630692856
1,5249,42.55266647460435
1,5250,164.9259006911949
1,5251,40.430070257630206
1,5252,29.96324629936138
1,5253,232.98485209865768
1,5254,226.29035905304795
1,5255,43.508584954614605
1,5256,256.3913596479644
1,5257,66.77947769610921
1,5258,195.6740971835917
1,5259,348.3921280676169
1,5260,273.19614261545144
1,5261,123.7206800627258
1,5262,60.44361080044865
1,5263,353.1531457313814
1,5264,242.14737624526617
1,5265,278.6037126200359
1,5266,45.55249974002655
1,5267,335.9692946311089
1,5268,249.53832344427906
1,5269,222.61828607557294
1,5270,155.4338473370231
1,5271,206.5519884716211
1,5272,252.41481028480956
1,5273,230.4787139532284
1,5274,108.88867802115385
1,5275,267.88975076300216
1,5276,258.14217994519464
1,5277,39.245845393821945
1,5278,139.46954241531142
1,5279,216.0934457427776
1,5280,230.40250037772364
1,5281,290.6175154497801
1,5282,175.5196257142234
1,5283,61.844421014610745
1,5284,249.11717215322324
1,5285,47.29864770514326
1,5286,50.794809845228286
1,5287,209.43631358345579
1,5288,36.68453283331395
1,5289,260.0535968540939
1,5290,238.3797288601811
1,5291,39.537364778895444
1,5292,144.3771635433531
1,5293,257.56038339452965
1,5294,66.1460205297394
1,5295,212.0041801961586
1,5296,82.13957770813917
1,5297,229.9094013361512
1,5298,88.65728718444069
1,5299,370.5747598323266
1,5300,187.50228959033547
1,5301,60.64111774685341
1,5302,271.52960813948056
1,5303,254.80631710204682
1,5304,39.173436479909796
1,5305,60.480378136240475
1,5306,232.69463071285054
1,5307,156.20370845251972
1,5308,253.0562548764349
1,5309,233.05148712871886
1,5310,226.2594985952873
1,5311,280.4048774575494
1,5312,186.10790743847195
1,5313,35.336234385354416
1,5314,171.2712314955257
1,5315,249.32696531526
1,5316,312.29388144774475
1,5317,160.12384875679587
1,5318,273.5605532606199
1,5319,244.2409532838763
1,5320,46.26320133138638
1,5321,112.0699784447668
1,5322,28.35862358651114
1,5323,74.73342384733417
1,5324,345.7469815229376
1,5325,309.37622209320506
1,5326,206.15974309977958
1,5327,50.14144969398805
1,5328,102.66788597954366
1,5329,42.38424867217496
1,5330,311.48052839878613
1,5331,44.193783120916834
1,5332,166.19815548981273
1,5333,239.1243909908086
1,5334,246.6432243466151
1,5335,162.81169304367785
1,5336,325.8116324277616
1,5337,303.1693686304906
1,5338,47.05444247514953
1,5339,32.49497711096423
1,5340,293.1161428751581
1,5341,50.14095623396217
1,5342,52.13464496490496
1,5343,228.42498962951439
1,5344,31.08805235509176
1,5345,404.9418762357401
1,5346,48.69617229429366
1,5347,272.0982332314408
1,5348,219.01004648939394
1,5349,250.185215231899
1,5350,81.87889473059386
1,5351,250.6139155431892
1,5352,15.330960429174228
1,5353,327.85370057736293
1,5354,91.6275826551495
1,5355,179.2638454347427
1,5356,140.72732047029635
1,5357,73.24726321346564
1,5358,373.61084837617483
1,5359,41.71655816725808
1,5360,120.28129431431745
1,5361,258.8236167224576
1,5362,85.85593514610727
1,5363,372.08051200669456
1,5364,39.74920177178272
1,5365,262.68064029815935
1,5366,247.75963188198665
1,5367,140.94086910752924
1,5368,172.62733204031278
1,5369,353.3301498644773
1,5370,204.5145677985126
1,5371,89.34453277864367
1,5372,250.9831710962622
1,5373,262.0425964902179
1,5374,62.58117038434345
1,5375,207.3284403816677
1,5376,63.53931207929472
1,5377,289.84227318059607
1,5378,272.91997299405887
1,5379,112.7786093362903
1,5380,374.864780747008
1,5381,123.43959128812762
1,5382,328.0139531114852
1,5383,317.3433798384932
1,5384,362.4904476759175
1,5385,284.532799279217
1,5386,68.0787723161443
1,5387,100.56888816562426
1,5388,225.22436771884202
1,5389,239.79362729782065
1,5390,71.69680021713093
1,5391,239.3349920559466
1,5392,95.85713260423069
1,5393,317.1702158426873
1,5394,248.54049018530537
1,5395,209.23172281954004
1,5396,59.57866162176772
1,5397,28.41247515941161
1,5398,320.002911711979
1,5399,255.62358401548948
1,5400,40.76089472573014
1,5401,277.11089565713917
1,5402,70.36178023491506
1,5403,346.52693675825435
1,5404,291.7228550134599
1,5405,33.93204096561701
1,5406,259.53472701938273
1,5407,145.7305539248644
1,5408,254.0618590824514
1,5409,49.5370613915787
1,5410,259.4566439076574
1,5411,50.41567854679884
1,5412,417.7407280383199
1,5413,39.20936825438615
1,5414,187.49586491618143
1,5415,194.73575449234391
1,5416,115.41980434606694
1,5417,210.8990811256307
1,5418,296.9958628238552
1,5419,44.949603942640096
1,5420,331.0892064263032
1,5421,153.70881711359664
1,5422,298.47542558608734
1,5423,247.5391195521795
1,5424,103.02591014853476
1,5425,155.34873364214644
1,5426,93.20728665632343
1,5427,304.58530902327044
1,5428,354.88862491554937
1,5429,51.791917626531394
1,5430,256.4597524223802
1,5431,37.825445052459685
1,5432,75.63875674074893
1,5433,343.82423976228654
1,5434,106.15714308971113
1,5435,94.58778123906305
1,5436,88.23677613730857
1,5437,135.75701833809597
1,5438,222.5488971509462
1,5439,40.188517728660784
1,5440,273.0105292015455
1,5441,71.27208590533878
1,5442,370.8317302306132
1,5443,47.100253502008314
1,5444,80.62764253892855
1,5445,83.29488859422726
1,5446,40.81921344342294
1,5447,109.78815922878334
1,5448,52.551161710301116
1,5449,78.52075036906922
1,5450,250.99891320480222
1,5451,48.37801467815527
1,5452,281.01204989248436
1,5453,307.42222442332667
1,5454,99.24370287848538
1,5455,64.36153024398924
1,5456,290.7421004624127
1,5457,275.07830820074867
1,5458,36.42144050882576
1,5459,290.44097679932065
1,5460,36.5558501992217
1,5461,273.55754933277717
1,5462,50.228900090203
1,5463,109.43500507206873
1,5464,379.07624874483196
1,5465,319.88623127907306
1,5466,47.41315941092179
1,5467,198.32521253072582
1,5468,98.67942225740299
1,5469,286.27420890978175
1,5470,41.74355101236918
1,5471,266.6774958031106
1,5472,49.90052534169733
1,5473,260.26404990887715
1,5474,48.453760951558024
1,5475,218.43524164364067
1,5476,176.16114322610227
1,5477,333.9167811685759
1,5478,299.3125861982295
1,5479,68.99975821882384
1,5480,225.13725355583665
1,5481,247.81638940048975
1,5482,274.062730126279
1,5483,331.0425317039394
1,5484,137.97069697642542
1,5485,329.01792091728925
1,5486,68.25778117590208
1,5487,381.17974058962454
1,5488,64.84607973166649
1,5489,360.4591462648983
1,5490,68.5800102042098
1,5491,278.7326117642416
1,5492,65.67028091341754
1,5493,87.17712870093739
1,5494,261.34342482752453
1,5495,57.65203416692487
1,5496,69.67346932715196
1,5497,87.76129095407688
1,5498,176.51456918776182
1,5499,48.74374359849227
1,5500,101.75764611623617
1,5501,43.053556120176424
1,5502,264.97495108367076
1,5503,98.11246066700824
1,5504,88.02172562152589
1,5505,307.85516753038473
1,5506,97.44895576803464
1,5507,50.36278209013389
1,5508,285.44671024346326
1,5509,262.5017438570273
1,5510,60.735731333464656
1,5511,111.77583917830731
1,5512,40.97523846052353
1,5513,250.33185691643774
1,5514,204.887755086846
1,5515,101.3103937757999
1,5516,346.6639289737867
1,5517,50.30592536914214
1,5518,66.3489352992263
1,5519,341.5191058939869
1,5520,265.0788280981936
1,5521,61.95424467559155
1,5522,247.69092916955944
1,5523,53.91427237666198
1,5524,235.47289165479918
1,5525,47.88950722274879
1,5526,310.60205467990227
1,5527,312.5058735683659
1,5528,45.585759112545475
1,5529,318.13958916401543
1,5530,45.513702847591446
1,5531,215.9256672068697
1,5532,284.3144853837406
1,5533,361.4652238085531
1,5534,52.50317252497668
1,5535,232.47260390974736
1,5536,139.7499550772691
1,5537,43.13873711497106
1,5538,293.45364366996563
1,5539,50.31920691278778
1,5540,288.94464887046104
1,5541,52.3193437396459
1,5542,285.66448608580424
1,5543,101.03473971380902
1,5544,20.217155635583474
1,5545,288.9507023368533
1,5546,305.42197488941736
1,5547,247.25385601189052
1,5548,36.9482564922049
1,5549,67.88150554923331
1,5550,283.6495817876829
1,5551,260.2398952337984
1,5552,57.99393234832549
1,5553,271.8879117197581
1,5554,107.08935947742923
1,5555,105.29643935849299
1,5556,468.13421359273224
1,5557,87.99131673646983
1,5558,45.25752168658536
1,5559,284.69030551887545
1,5560,192.13333255932912
1,5561,317.986779764667
1,5562,49.98649379060045
1,5563,277.0092216245605
1,5564,143.18346023162138
1,5565,301.3484219900545
1,5566,47.87108324142858
1,5567,270.16658790676513
1,5568,294.3506386059257
1,5569,351.28897552202034
1,5570,328.4017050988747
1,5571,307.31522998136194
1,5572,73.62141414879048
1,5573,112.2433059873322
1,5574,81.88888629114768
1,5575,213.15995897817675
1,5576,145.2025288856666
1,5577,289.9767166930326
1,5578,55.00866375023814
1,5579,249.63516081389082
1,5580,85.41593390109666
1,5581,289.10478505087616
1,5582,68.89747329808324
1,5583,256.8773134093409
1,5584,235.64872406573832
1,5585,70.24961314365206
1,5586,324.38997914905747
1,5587,225.97787549413363
1,5588,244.32758319672274
1,5589,322.5105615349307
1,5590,47.57622990290851
1,5591,289.3569974049768
1,5592,312.39221518558446
1,5593,212.99638149232752
1,5594,434.3740256520623
1,5595,106.08816290107663
1,5596,291.0215973531598
1,5597,42.54569934019068
1,5598,252.54107287577358
1,5599,230.81052016232707
1,5600,119.71866932287682
1,5601,56.050479272112014
1,5602,266.4923550765933
1,5603,258.17600300239496
1,5604,250.34179784884572
1,5605,232.17174250583068
1,5606,31.778705113090574
1,5607,280.61352459977616
1,5608,246.88920420163285
1,5609,35.31102053738019
1,5610,286.48307779837205
1,5611,285.537567533814
1,5612,198.1472472108482
1,5613,182.3758106543579
1,5614,297.27136183847614
1,5615,327.7599008496766
1,5616,128.19347261930534
1,5617,30.885815662186936
1,5618,361.6647038035155
1,5619,48.679488804293975
1,5620,354.2193009429532
1,5621,45.91485329003894
1,5622,306.8576004200987
1,5623,46.86434777541862
1,5624,59.61140755647256
1,5625,280.9715685481066
1,5626,285.66786667567203
1,5627,49.82214246308011
1,5628,175.80118015079626
1,5629,34.11589624716262
1,5630,241.52918473878447
1,5631,84.69088016365566
1,5632,104.74296334177069
1,5633,127.0593217841778
1,5634,234.6037069313275
1,5635,337.021262457871
1,5636,55.827137471461654
1,5637,53.81308127159686
1,5638,73.64032523252153
1,5639,306.36746127475044
1,5640,37.58482809237749
1,5641,263.0855207938247
1,5642,133.1619625314548
1,5643,305.3751144523035
1,5644,64.00850518182897
1,5645,256.4582101413175
1,5646,196.01426979355807
1,5647,375.51309169401827
1,5648,99.57652138481154
1,5649,49.4303336240809
1,5650,322.42721962668435
1,5651,124.35952486322958
1,5652,372.5462745947629
1,5653,237.0391679373182
1,5654,195.90806879050416
1,5655,289.5176485911664
1,5656,69.51463797341941
1,5657,257.4942994735733
1,5658,30.25317460893342
1,5659,377.11756541437114
1,5660,30.184917739339248
1,5661,355.4604305289332
1,5662,252.2418071003724
1,5663,253.25753598962012
1,5664,276.6211250682579
1,5665,223.2804407588041
1,5666,41.80368244186896
1,5667,225.27849726900354
1,5668,255.43520720058916
1,5669,35.71852904362325
1,5670,225.60452304581509
1,5671,109.47973635008023
1,5672,121.34089129488532
1,5673,283.41796769533676
1,5674,373.7666535087493
1,5675,54.82246528228192
1,5676,115.38837440031497
1,5677,266.1281908011687
1,5678,216.61952774297148
1,5679,263.72505665770956
1,5680,16.733117946130527
1,5681,243.57193342201828
1,5682,96.856360953317
1,5683,37.46659153834362
1,5684,40.08428339058666
1,5685,262.8609057651372
1,5686,31.46545381548013
1,5687,185.27268425471541
1,5688,318.4722676386213
1,5689,13.083690328924225
1,5690,250.88816852566202
1,5691,30.01893083595503
1,5692,340.80012460959307
1,5693,50.31349098249039
1,5694,237.04812253745172
1,5695,36.32989732284274
1,5696,292.9736952489328
1,5697,96.41844227502025
1,5698,216.98011632123598
1,5699,256.68473677706277
1,5700,23.568025721515482
1,5701,138.9971266137017
1,5702,270.27642388021775
1,5703,56.08517989803602
1,5704,193.1255380688033
1,5705,78.58836633163801
1,5706,243.8035440152368
1,5707,236.30563387793822
1,5708,24.094521459738626
1,5709,225.3208858007832
1,5710,161.2096502460681
1,5711,191.99243825356447
1,5712,235.83928187288717
1,5713,54.79055599438148
1,5714,303.1188773934172
1,5715,31.895153611349148
1,5716,173.2583757158726
1,5717,23.740522077705595
1,5718,295.2882238415598
1,5719,182.35414351511946
1,5720,237.2932192910453
1,5721,28.079092142065676
1,5722,235.6082335521998
1,5723,100.46355186472003
1,5724,294.15414535082976
1,5725,30.920361512058477
1,5726,375.58685230815036
1,5727,42.00105932747424
1,5728,262.3760627709199
1,5729,274.4598071001371
1,5730,292.9005042577345
1,5731,192.65981231026075
1,5732,75.39128351842537
1,5733,37.54538409655051
1,5734,267.0753182255696
1,5735,34.7318493834259
1,5736,317.4701376166515
1,5737,172.3180174015185
1,5738,249.04333593774973
1,5739,35.977253314912566
1,5740,253.6652082246952
1,5741,84.71256234597539
1,5742,123.73903174911416
1,5743,252.02805840403585
1,5744,220.59216587908742
1,5745,437.1760003894209
1,5746,16.05278766034775
1,5747,96.0285734555022
1,5748,273.776763557151
1,5749,310.79588091356754
1,5750,379.3719379174437
1,5751,319.5503977474995
1,5752,327.6166220055469
1,5753,323.20445597575156
1,5754,32.130645162079944
1,5755,327.6376119116203
1,5756,39.51346144266464
1,5757,331.6565912404188
1,5758,182.3437706165481
1,5759,323.34314948751046
1,5760,79.62900310791775
1,5761,223.08118997064477
1,5762,270.7015922599629
1,5763,33.06545444011859
1,5764,239.12061697656833
1,5765,324.7756013818157
1,5766,64.47840153190472
1,5767,305.96351462118787
1,5768,54.187620827259295
1,5769,129.09932900966226
1,5770,286.41829876344775
1,5771,321.8160590447351
1,5772,319.95317371759074
1,5773,128.8907673946431
1,5774,24.604828758406835
1,5775,87.77916888233776
1,5776,29.935467648891173
1,5777,222.3021806554346
1,5778,253.71404822299897
1,5779,270.94511003557915
1,5780,112.1786873005594
1,5781,319.5169432193288
1,5782,48.05007007336086
1,5783,209.0538215028971
1,5784,129.28910702019712
1,5785,275.02308769483886
1,5786,32.0661160105089
1,5787,232.76070636350636
1,5788,44.79703263078973
1,5789,163.6790309318798
1,5790,30.126884843624183
1,5791,247.67405730499024
1,5792,258.41354987175583
1,5793,298.15789629844437
1,5794,300.9412004209957
1,5795,271.53784641738224
1,5796,212.43473316112386
1,5797,87.08541892381348
1,5798,257.47056041899805
1,5799,313.19999781542066
1,5800,286.57157503717144
1,5801,34.828016052196084
1,5802,287.72580839573436
1,5803,29.34151972976841
1,5804,289.60773966780766
1,5805,243.09721805097115
1,5806,37.07513644127204
1,5807,228.24924936566885
1,5808,293.704821252656
1,5809,176.3898004896087
1,5810,294.2040429963621
1,5811,304.6838829883115
1,5812,304.0727645541447
1,5813,305.3741090552226
1,5814,127.14243685303616
1,5815,122.37361616597639
1,5816,289.48155300539827
1,5817,186.94086892957534
1,5818,235.23850963076228
1,5819,196.99060848033662
1,5820,109.5909925207515
1,5821,298.34646411566064
1,5822,34.339120804037
1,5823,318.7489796445975
1,5824,273.7933472045995
1,5825,273.2138793250113
1,5826,325.4005496072692
1,5827,332.8491383149033
1,5828,40.23596067897223
1,5829,275.2393165430693
1,5830,94.23178936318212
1,5831,292.575868625088
1,5832,41.84584221337798
1,5833,268.7385058275041
1,5834,63.378102496581576
1,5835,306.1066547824027
1,5836,248.8785597384911
1,5837,63.976238108146326
1,5838,332.2648728774642
1,5839,272.1255838868389
1,5840,304.9555720773579
1,5841,290.05445446176014
1,5842,305.27093504249183
1,5843,45.44698918654255
1,5844,277.5770548907712
1,5845,39.608003423320106
1,5846,279.62066434647375
1,5847,299.59277931871816
1,5848,27.852808314529323
1,5849,141.13066663703125
1,5850,263.7302059821976
1,5851,52.27183089030697
1,5852,181.05831142761645
1,5853,36.0048490673194
1,5854,452.7577680602372
1,5855,36.249610969386616
1,5856,272.7255289497697
1,5857,64.12769003520481
1,5858,356.00387350151095
1,5859,37.69379006418249
1,5860,155.2182007144067
1,5861,308.0407370053365
1,5862,306.99951228719624
1,5863,34.279543424850246
1,5864,38.54231195893
1,5865,290.1160537867494
1,5866,36.84456848680517
1,5867,272.2807288116629
1,5868,38.1346151352554
1,5869,76.12736575902167
1,5870,334.4323140661742
1,5871,49.77292581350089
1,5872,382.2520150261245
1,5873,43.3454692050947
1,5874,272.05531534324757
1,5875,94.01708328442729
1,5876,264.5202030884625
1,5877,238.50526898427304
1,5878,257.5888222808411
1,5879,88.76253930971885
1,5880,202.12232997991532
1,5881,315.33887581431287
1,5882,37.82791238555497
1,5883,238.16380440446744
1,5884,256.44587668520893
1,5885,257.6566196518692
1,5886,99.10107800551106
1,5887,51.515938637044066
1,5888,275.46545951851965
1,5889,244.69134653733198
1,5890,22.0141767318081
1,5891,185.89536810284432
1,5892,204.06320833018395
1,5893,263.057722244046
1,5894,126.99515043258984
1,5895,22.433473297775496
1,5896,278.27267681689
1,5897,102.22448899279897
1,5898,276.1050901606934
1,5899,245.89078629905555
1,5900,267.1146264614013
1,5901,190.1091153976987
1,5902,291.11080956247395
1,5903,88.65224126990603
1,5904,149.8101440872163
1,5905,36.039748115145244
1,5906,235.40509756393146
1,5907,40.9810004298076
1,5908,260.3987698955888
1,5909,33.021803836778275
1,5910,43.62365370768285
1,5911,275.3734732838767
1,5912,256.4693217159779
1,5913,232.89137559478476
1,5914,342.4717245048598
1,5915,108.93475813782405
1,5916,289.34930164627457
1,5917,41.52045205276478
1,5918,275.1053027442073
1,5919,78.16139421031293
1,5920,236.01219954618648
1,5921,251.70346985163076
1,5922,278.96646758774864
1,5923,193.45776843207602
1,5924,315.88726759895303
1,5925,333.01047003314886
1,5926,260.3743653514683
1,5927,320.13522925145
1,5928,430.3201097117178
1,5929,318.2663433512092
1,5930,246.3042566377962
1,5931,58.874652623473054
1,5932,302.84289944476154
1,5933,41.23585787198732
1,5934,277.8773066962269
1,5935,285.92370709961403
1,5936,282.4749329641935
1,5937,39.930666547539346
1,5938,331.25180833780075
1,5939,305.187786487866
1,5940,223.05868572360964
1,5941,314.73628325061446
1,5942,309.92002057401294
1,5943,83.63333142901982
1,5944,59.491262991514375
1,5945,39.98564267639719
1,5946,241.43916775924498
1,5947,239.158999448511
1,5948,269.6872893913677
1,5949,268.09230737419676
1,5950,342.9413716748851
1,5951,276.4989001272173
1,5952,255.07601655166263
1,5953,314.0503059674942
1,5954,19.877399062714833
1,5955,257.9549581663514
1,5956,275.5442216436985
1,5957,300.89546072710425
1,5958,290.7773872085347
1,5959,302.1359875035448
1,5960,29.136467758660107
1,5961,264.9640390524319
1,5962,340.29870573429366
1,5963,60.86382902879037
1,5964,246.5243202159673
1,5965,430.91218937424793
1,5966,362.1820654399898
1,5967,360.9811551854435
1,5968,312.1813325911173
1,5969,61.46988739391585
1,5970,309.3304269007963
1,5971,302.2318591381903
1,5972,286.0648674131626
1,5973,55.50401523714119
1,5974,235.773127494913
1,5975,260.0429026478041
1,5976,298.02064030039844
1,5977,277.42911311790874
1,5978,31.236714828265
1,5979,293.0048988551448
1,5980,32.79547499488937
1,5981,281.33504972882076
1,5982,311.7721100646977
1,5983,362.01998942829266
1,5984,21.518502963874212
1,5985,30.14885965098584
1,5986,272.4340769392917
1,5987,26.321464226290534
1,5988,267.51842575678677
1,5989,235.48170409258017
1,5990,289.3731718651079
1,5991,157.43964305220445
1,5992,321.0291144526327
1,5993,179.93285114462452
1,5994,259.08227802825206
1,5995,51.19586997460724
1,5996,141.69319792886097
1,5997,299.804916228295
1,5998,91.21554588442541
1,5999,208.30662762495794
1,6000,249.85241389520525
1,6001,112.42226911204577
1,6002,61.66225633533181
1,6003,350.0761540903302
1,6004,294.68631327706174
1,6005,262.5156923711752
1,6006,134.09848183874948
1,6007,196.90599295815576
1,6008,98.43720393904354
1,6009,209.20982392437605
1,6010,280.47766347686274
1,6011,37.11657739385969
1,6012,279.34657257845475
1,6013,33.66114090507782
1,6014,248.36217500260102
1,6015,45.13934577413533
1,6016,87.50302504680171
1,6017,258.40832827671
1,6018,287.8562491467976
1,6019,170.8560018165789
1,6020,272.7489713042904
1,6021,242.75517077776212
1,6022,77.2103773652631
1,6023,268.62258458404415
1,6024,263.15318615768996
1,6025,66.82748326457758
1,6026,245.17283606764698
1,6027,261.7577141281601
1,6028,293.5960337985998
1,6029,236.46104856260297
1,6030,258.3689655937894
1,6031,36.16541850432046
1,6032,333.6740241061704
1,6033,48.45955180547181
1,6034,249.9933510106857
1,6035,42.958998085871094
1,6036,237.9519748344477
1,6037,174.32956454533095
1,6038,333.3316949226473
1,6039,37.62576956845393
1,6040,232.86856265649755
1,6041,605.9465742980783
1,6042,391.4608123340488
1,6043,339.19284990427525
1,6044,335.4144296163437
1,6045,49.014723777503775
1,6046,369.16721036450645
1,6047,303.8040530152786
1,6048,308.37809119118594
1,6049,315.9747920861903
1,6050,361.38829564553816
1,6051,72.18141703443219
1,6052,53.20182529746271
1,6053,418.9170110810737
1,6054,265.14727795627505
1,6055,334.3569815407839
1,6056,337.92001926203034
1,6057,265.41867988562825
1,6058,332.60127423746496
1,6059,334.0217030542123
1,6060,181.32130427908305
1,6061,300.1884475666617
1,6062,235.7067931906534
1,6063,416.17133748433184
1,6064,292.16069676049995
1,6065,276.5095172840761
1,6066,316.36420500540953
1,6067,51.29345456285296
1,6068,299.3273794283577
1,6069,305.9008091257366
1,6070,273.728744285685
1,6071,446.1742155353536
1,6072,176.11419763219027
1,6073,229.41780795032412
1,6074,298.65329996924953
1,6075,24.87956349724208
1,6076,105.53389078484221
1,6077,291.70950395252004
1,6078,314.36188489237486
1,6079,312.7494973254493
1,6080,250.81959776630796
1,6081,303.3742918506776
1,6082,289.06654688414
1,6083,36.3599732647162
1,6084,38.31776559723944
1,6085,439.50185189350907
1,6086,146.93110467659287
1,6087,287.0771543149743
1,6088,335.8966509514694
1,6089,29.790164369461014
1,6090,309.3171287708026
1,6091,28.03677154538041
1,6092,103.33548305545472
1,6093,203.56775160424155
1,6094,236.5139538007178
1,6095,251.82785814519062
1,6096,56.87371592806015
1,6097,312.76155911813464
1,6098,74.06969147566988
1,6099,306.10627016599983
1,6100,311.3586649530761
1,6101,60.76423054758821
1,6102,58.4466488532842
1,6103,440.9379808531609
1,6104,318.463377467614
1,6105,59.34228528111254
1,6106,306.38331554393426
1,6107,270.0679847570691
1,6108,354.27611308288544
1,6109,52.24799352466541
1,6110,257.54846027703354
1,6111,57.69729457475554
1,6112,329.4731217176665
1,6113,125.2880819724098
1,6114,336.83456784243685
1,6115,307.3631660253002
1,6116,296.45578908088146
1,6117,266.5779535489477
1,6118,508.7146091045656
1,6119,288.31872586750205
1,6120,341.40544817232995
1,6121,304.2895547221592
1,6122,531.6856653647127
1,6123,24.77874263271749
1,6124,242.3808708400005
1,6125,43.013288176404735
1,6126,306.6333033868921
1,6127,317.4191774065431
1,6128,30.365032218687787
1,6129,259.8717448432322
1,6130,38.83614453847568
1,6131,250.4140417119968
1,6132,106.92424642211265
1,6133,238.88277576609698
1,6134,36.825706849617134
1,6135,309.1089908569604
1,6136,35.47641205532141
1,6137,290.08200295727295
1,6138,33.431317014308625
1,6139,32.53336778056375
1,6140,307.2764592344362
1,6141,176.16919831696015
1,6142,300.7287768094533
1,6143,246.03892244570233
1,6144,245.19180630699697
1,6145,292.8995006950162
1,6146,362.8421218185333
1,6147,323.97491932739473
1,6148,43.07092099183173
1,6149,330.57958808694246
1,6150,55.39236084910179
1,6151,47.36379086913296
1,6152,348.5420198405114
1,6153,88.81929995062927
1,6154,314.8266933311723
1,6155,304.19134814854283
1,6156,64.363685377825
1,6157,307.8620209428602
1,6158,269.42394680312987
1,6159,62.82983822324793
1,6160,255.32274062678943
1,6161,57.10382045047528
1,6162,328.3514784044013
1,6163,331.4496665043716
1,6164,287.16718540429343
1,6165,294.7797030087904
1,6166,177.17104008160553
1,6167,251.07402899053653
1,6168,277.4547287935982
1,6169,295.4660387486489
1,6170,306.16617165327307
1,6171,290.47741844084146
1,6172,194.69712566488204
1,6173,13.613727450174498
1,6174,150.2693762626591
1,6175,278.175139328785
1,6176,294.57594525987236
1,6177,45.461075501269974
1,6178,177.84255991282788
1,6179,302.11971763263557
1,6180,19.51544207912231
1,6181,293.61797892185905
1,6182,59.96441527544105
1,6183,306.7351271753198
1,6184,259.65748856086407
1,6185,115.19454873067585
1,6186,34.89274605793778
1,6187,240.74427667969965
1,6188,38.99097158881415
1,6189,292.84829622351424
1,6190,245.14197872038255
1,6191,301.05259960314027
1,6192,292.96350348023816
1,6193,86.73345107928145
1,6194,292.19946707534683
1,6195,416.83019304501556
1,6196,281.3810445474131
1,6197,270.49624926286947
1,6198,67.48008121817644
1,6199,281.76007080465035
1,6200,284.96988171714696
1,6201,300.11720185396075
1,6202,300.89950872438374
1,6203,62.49549715649083
1,6204,258.781466685119
1,6205,225.65434520693367
1,6206,51.39689864358047
1,6207,273.4770816667278
1,6208,56.15134445275236
1,6209,39.53604060993817
1,6210,334.76254198994275
1,6211,178.12045495986797
1,6212,30.887088343758446
1,6213,35.218222080528214
1,6214,178.90977583063125
1,6215,104.25528368717747
1,6216,38.079701566512526
1,6217,248.721437687725
1,6218,243.70360889219018
1,6219,36.87235948506264
1,6220,289.1368980928554
1,6221,8.561845438082113
1,6222,32.286851122229606
1,6223,308.637624094405
1,6224,31.542086856533786
1,6225,278.7368174633783
1,6226,361.5190148173325
1,6227,112.17590907686713
1,6228,328.5410605705677
1,6229,35.58047586139117
1,6230,274.78821858164554
1,6231,233.6212363464959
1,6232,390.891820400795
1,6233,185.03055759642336
1,6234,278.9154496645932
1,6235,302.37676340501685
1,6236,105.66620915877502
1,6237,280.2575726780974
1,6238,35.512536851589346
1,6239,426.62490481191014
1,6240,35.323161205930546
1,6241,26.235702453518737
1,6242,294.1517804643791
1,6243,301.7690103126134
1,6244,135.4833492002996
1,6245,252.89069136688295
1,6246,226.10971152736917
1,6247,329.4103970449496
1,6248,39.169952913978484
1,6249,247.4959494730391
1,6250,63.38066306424525
1,6251,314.2044632747021
1,6252,265.3301977113611
1,6253,101.68147637378036
1,6254,286.4574470456779
1,6255,288.1960404089742
1,6256,194.51317975632048
1,6257,301.9922665521938
1,6258,173.1007319341544
1,6259,493.08271543599994
1,6260,281.12553486388884
1,6261,414.01041148072
1,6262,477.7146816753078
1,6263,298.3252930907464
1,6264,26.860264618350442
1,6265,271.389387319877
1,6266,257.52939015251746
1,6267,272.8582311647483
1,6268,350.7428387737029
1,6269,40.7986814972077
1,6270,286.1379619495207
1,6271,275.76533287939685
1,6272,273.3318219545083
1,6273,285.89353477978847
1,6274,297.94198159246747
1,6275,175.7211142310884
1,6276,264.01440258766706
1,6277,295.8551892528311
1,6278,264.34662007759994
1,6279,297.7640981368663
1,6280,249.42419386422978
1,6281,214.36104177834576
1,6282,314.04121220330626
1,6283,49.11661047623338
1,6284,248.26595182089798
1,6285,307.0401388570175
1,6286,197.2157376091869
1,6287,275.7928808216648
1,6288,43.113545937021556
1,6289,54.47064060567891
1,6290,77.34000157469563
1,6291,104.40513386133999
1,6292,250.52977589840103
1,6293,258.3778670901615
1,6294,58.466275807940306
1,6295,247.5138450110186
1,6296,39.55658141109194
1,6297,289.4747006969375
1,6298,225.27171112779405
1,6299,223.02383996619346
1,6300,40.17205201534576
1,6301,261.21006115911945
1,6302,35.56186660811334
1,6303,279.48153316748653
1,6304,30.402229269915154
1,6305,224.86669481870888
1,6306,17.348193242156025
1,6307,265.48337939013174
1,6308,204.92107183897411
1,6309,269.37660218728104
1,6310,254.79345369145614
1,6311,55.470871769388694
1,6312,152.94447668547042
1,6313,38.97933903587849
1,6314,312.1027717014091
1,6315,324.11470224535594
1,6316,20.508810107239178
1,6317,236.6353152381762
1,6318,58.170539997994226
1,6319,46.53380214892439
1,6320,140.82695223401925
1,6321,32.388251718925495
1,6322,166.20812324549252
1,6323,38.77286641206973
1,6324,259.02965579077
1,6325,39.1954305184894
1,6326,223.29360467237575
1,6327,173.8306395571409
1,6328,281.53784936459647
1,6329,30.194446191713872
1,6330,230.60978029438488
1,6331,156.04461460514005
1,6332,247.30107506311643
1,6333,61.920138453153136
1,6334,263.4980237038021
1,6335,40.28501708951434
1,6336,57.40762904620768
1,6337,258.7770507820925
1,6338,87.98684857980408
1,6339,254.96433149271792
1,6340,103.78445427834342
1,6341,43.92081919150138
1,6342,246.85394585340356
1,6343,262.59744608237304
1,6344,260.7148284348937
1,6345,317.67870530541734
1,6346,192.10456233890602
1,6347,33.46326953566956
1,6348,219.09715896343403
1,6349,265.85201045204724
1,6350,334.05486903282167
1,6351,249.98556813753248
1,6352,37.00425914880445
1,6353,280.3550130554926
1,6354,21.107451714760767
1,6355,251.951174699178
1,6356,228.57980706605576
1,6357,26.453674929216334
1,6358,315.33497842069386
1,6359,33.84462566133637
1,6360,283.5241251916816
1,6361,539.7050282506017
1,6362,328.6790423722201
1,6363,154.75889586232907
1,6364,317.71060049913046
1,6365,244.40990175279745
1,6366,192.27937406229537
1,6367,336.9960452184167
1,6368,126.26630991897038
1,6369,242.40403905413888
1,6370,51.092171611632736
1,6371,206.09215747638527
1,6372,179.29145570785562
1,6373,351.87130806652306
1,6374,300.8860732968707
1,6375,57.00287600326378
1,6376,308.94358378057757
1,6377,337.5918352518947
1,6378,69.84099816519729
1,6379,262.63233660576975
1,6380,299.1810604228625
1,6381,64.07704987564526
1,6382,240.98336654258065
1,6383,329.22434845499174
1,6384,27.468294386610083
1,6385,298.09074872004396
1,6386,354.3363809227263
1,6387,342.03128749607185
1,6388,293.86493175588885
1,6389,288.48602732558606
1,6390,59.10613242996368
1,6391,254.65101317915997
1,6392,57.88374613008915
1,6393,354.6370612737753
1,6394,247.7479082801841
1,6395,296.3139595937854
1,6396,295.36828940192635
1,6397,347.23211599984654
1,6398,29.55070629330583
1,6399,240.023183288766
1,6400,267.9731289273791
1,6401,30.568747384411047
1,6402,270.25601515595423
1,6403,270.71144641340777
1,6404,61.71845435754505
1,6405,247.1495907231294
1,6406,40.456346062631745
1,6407,254.48920955615614
1,6408,198.2842260690005
1,6409,58.39606567423005
1,6410,183.5198581928068
1,6411,36.61126114760818
1,6412,189.6287537272916
1,6413,185.52754459775207
1,6414,273.0021945154673
1,6415,40.58366423202942
1,6416,232.2549644037927
1,6417,280.1367649578652
1,6418,42.312186817889526
1,6419,226.4025308779967
1,6420,302.6692480343555
1,6421,36.06145705093569
1,6422,280.6333364231687
1,6423,255.57145677756566
1,6424,311.4281410119114
1,6425,25.39505092982441
1,6426,183.3959546718848
1,6427,258.8352437513936
1,6428,173.27083336924088
1,6429,83.08732305200236
1,6430,191.83102911194388
1,6431,288.03113167335164
1,6432,288.2451537554486
1,6433,40.71587982658734
1,6434,276.1649969290994
1,6435,57.25462648814706
1,6436,102.2535015882375
1,6437,302.6220513074469
1,6438,30.006534189104016
1,6439,260.6490552254641
1,6440,36.027298722805654
1,6441,94.8524644916838
1,6442,96.25628686622316
1,6443,306.62622384922497
1,6444,33.950929475304626
1,6445,114.84513281869533
1,6446,284.47605537066613
1,6447,314.84105389332524
1,6448,288.1043288028652
1,6449,258.29664602189416
1,6450,197.86746065958835
1,6451,352.3774311499475
1,6452,251.32144151507703
1,6453,289.638483924753
1,6454,295.29637481491125
1,6455,301.23035085332765
1,6456,336.0081687044361
1,6457,359.82937716392223
1,6458,70.48215077072895
1,6459,293.61508003145434
1,6460,64.26166527482309
1,6461,348.0735161531794
1,6462,70.32887814524739
1,6463,306.34024913135187
1,6464,194.35739356624075
1,6465,327.1480755789384
1,6466,45.120974819861836
1,6467,198.0953284054228
1,6468,309.84396806699124
1,6469,160.86851677405724
1,6470,324.37015118016774
1,6471,313.01368204728954
1,6472,297.90012317964863
1,6473,19.45097881101576
1,6474,271.47596593092067
1,6475,270.82304965847663
1,6476,314.22702575337416
1,6477,46.78739012123559
1,6478,255.45754103344925
1,6479,285.4305768185005
1,6480,197.06162149269505
1,6481,36.76233215658751
1,6482,269.45201658135295
1,6483,291.58608469882313
1,6484,266.9883868423681
1,6485,59.80980633094653
1,6486,339.0829371779029
1,6487,43.29379907336224
1,6488,180.9285725252265
1,6489,295.7086763839715
1,6490,248.70862639571175
1,6491,284.03251035596304
1,6492,42.61017880758031
1,6493,304.58066026955726
1,6494,271.2217205409958
1,6495,30.88646155956843
1,6496,257.37495639951635
1,6497,330.38806767156336
1,6498,250.12964492558618
1,6499,288.04800788123976
1,6500,260.6098455857284
1,6501,43.57124865267997
1,6502,270.36436592110283
1,6503,190.09483649298448
1,6504,203.39042293100022
1,6505,191.51924562860896
1,6506,268.5249232684132
1,6507,52.26080601573713
1,6508,277.46580540319275
1,6509,359.5452432997108
1,6510,44.77042592295149
1,6511,255.31688274288354
1,6512,268.8310221260334
1,6513,72.89232506677838
1,6514,294.4943429053031
1,6515,386.48205493062096
1,6516,358.75467574828025
1,6517,93.22873542021742
1,6518,289.6335387056558
1,6519,129.12552601066497
1,6520,313.57100835986483
1,6521,70.92043541742511
1,6522,316.37447664119975
1,6523,118.20761389861032
1,6524,71.57882677223274
1,6525,98.90411110116924
1,6526,297.3758200797271
1,6527,72.25248917429623
1,6528,38.01361089745124
1,6529,183.69858342393272
1,6530,265.5019075679851
1,6531,514.128097649363
1,6532,319.83551655857127
1,6533,65.45664181326441
1,6534,323.5059148978943
1,6535,67.50568911603804
1,6536,203.4653633279554
1,6537,118.61191810299366
1,6538,338.84050894649033
1,6539,42.68017983655203
1,6540,313.86801055936667
1,6541,48.410700703167045
1,6542,270.3543702254186
1,6543,174.1725047231296
1,6544,279.9920611684483
1,6545,48.08464102699424
1,6546,241.96848420136604
1,6547,77.02857778830662
1,6548,283.71620670712247
1,6549,49.05020013970699
1,6550,276.5149382160283
1,6551,152.68971701073605
1,6552,265.3050672544042
1,6553,312.18988941337363
1,6554,313.88401170448617
1,6555,49.09828491156507
1,6556,190.63747654538935
1,6557,292.1702522505016
1,6558,31.886888993270475
1,6559,269.9563741118275
1,6560,295.75744149203655
1,6561,262.57252933234406
1,6562,281.4293485871152
1,6563,50.836244226400225
1,6564,256.61207123605845
1,6565,315.3299916685862
1,6566,184.335288199874
1,6567,314.14323158719253
1,6568,45.09781341662279
1,6569,194.30837800437905
1,6570,297.99666920754345
1,6571,48.77110693114173
1,6572,122.04639938705031
1,6573,290.9710951047803
1,6574,297.2953738457501
1,6575,296.824990167073
1,6576,341.51650535247654
1,6577,341.79851747697796
1,6578,81.41730806223435
1,6579,255.47505547180026
1,6580,303.0904718245141
1,6581,82.54716848692006
1,6582,289.84987232010957
1,6583,74.18238366771782
1,6584,288.323575912686
1,6585,199.14462307438737
1,6586,321.2236572840377
1,6587,69.94941934886157
1,6588,209.36330619095057
1,6589,316.94752589591843
1,6590,604.1847986868052
1,6591,296.41686119229087
1,6592,283.44928475751044
1,6593,72.18573720210843
1,6594,282.6076895324403
1,6595,78.82630887952799
1,6596,261.60980640504636
1,6597,296.427620762433
1,6598,149.92977152350676
1,6599,53.07049363251953
1,6600,289.32985159043267
1,6601,234.60177790279909
1,6602,238.66293756911188
1,6603,45.42221147867687
1,6604,262.2089967560689
1,6605,423.59907959238296
1,6606,33.557844082090995
1,6607,117.49941517118418
1,6608,198.5089117115952
1,6609,37.083514345368684
1,6610,366.751863620952
1,6611,425.61584175637853
1,6612,51.18150697337183
1,6613,262.2795765357986
1,6614,277.56836618668876
1,6615,308.7521326541589
1,6616,36.128847194200105
1,6617,189.332508431434
1,6618,313.33501427045206
1,6619,337.2231144124111
1,6620,285.97283611946636
1,6621,84.20292768568885
1,6622,283.4477719322327
1,6623,278.0625099765234
1,6624,29.251821694156085
1,6625,326.9367241823719
1,6626,209.9860138659708
1,6627,53.5784869588585
1,6628,303.11126757738054
1,6629,225.98456488018843
1,6630,261.90814735279866
1,6631,91.03285748603373
1,6632,193.38979324466135
1,6633,190.52511679764058
1,6634,48.99741763269853
1,6635,384.0162103851277
1,6636,284.43865200855305
1,6637,317.55503315544206
1,6638,281.74715317595343
1,6639,39.309983434884664
1,6640,284.010693799872
1,6641,57.30105509221439
1,6642,22.85919894279068
1,6643,302.23200339709615
1,6644,255.11731461707393
1,6645,66.99708477971355
1,6646,225.48812048150745
1,6647,224.91338822466253
1,6648,305.7785370863782
1,6649,40.403288955964996
1,6650,46.710725513843
1,6651,392.7034633163282
1,6652,301.8914343658707
1,6653,294.3816517224835
1,6654,35.66830930174074
1,6655,288.808103789568
1,6656,51.22494857256743
1,6657,311.0860317054635
1,6658,283.5631840820484
1,6659,242.17344378248097
1,6660,128.39360390965217
1,6661,302.9604841606176
1,6662,100.1829694804298
1,6663,40.14911934231994
1,6664,266.0526948678536
1,6665,40.447094725128636
1,6666,301.99798615939426
1,6667,311.45985734619717
1,6668,284.9972377213478
1,6669,67.80363372164979
1,6670,282.5432577876064
1,6671,280.50434875288704
1,6672,496.9957776381743
1,6673,347.35332932597163
1,6674,94.13236985745269
1,6675,271.7597695484443
1,6676,131.83708192228613
1,6677,315.7444943224224
1,6678,54.82119422076054
1,6679,285.95779960746916
1,6680,305.1515682001127
1,6681,200.25612844366074
1,6682,366.73660233384203
1,6683,350.19728432033946
1,6684,70.61711487098609
1,6685,327.63604871456363
1,6686,308.5371964262971
1,6687,70.08228971821507
1,6688,322.0139620603037
1,6689,315.3299191567475
1,6690,215.1364555475753
1,6691,260.87839256190597
1,6692,133.21693241751288
1,6693,107.95509018706593
1,6694,276.1349550776413
1,6695,116.6933022128061
1,6696,314.8426637312251
1,6697,50.3683743235601
1,6698,309.4199510445554
1,6699,53.642477221879474
1,6700,302.2121125236209
1,6701,280.08948636202433
1,6702,57.01290267991295
1,6703,291.2636709740611
1,6704,42.85987586103563
1,6705,281.50966580027523
1,6706,48.942636610611416
1,6707,208.10991427483108
1,6708,267.1593442408015
1,6709,151.77276085613957
1,6710,55.17366855998732
1,6711,286.050070779802
1,6712,244.00629263730252
1,6713,219.4740366409231
1,6714,361.1509338542708
1,6715,291.88337035869256
1,6716,54.73505285807592
1,6717,314.76757399815017
1,6718,270.8357884850111
1,6719,193.32375895532778
1,6720,214.85344578355435
1,6721,46.18965403923664
1,6722,304.10306680151825
1,6723,284.13873610438037
1,6724,351.58643339584063
1,6725,19.8610161929279
1,6726,331.3003324707421
1,6727,330.3017942715056
1,6728,53.62052193702726
1,6729,146.18614440157506
1,6730,375.0071312943807
1,6731,56.72005613184898
1,6732,297.1661430985422
1,6733,52.974695331601694
1,6734,174.9342223543851
1,6735,64.04060334521265
1,6736,304.7747924567869
1,6737,291.7996456909206
1,6738,77.74366657971416
1,6739,190.48976514981425
1,6740,102.68730786388873
1,6741,241.11290405301338
1,6742,288.70578162382213
1,6743,285.5680051031178
1,6744,141.2005866122678
1,6745,287.56138750395155
1,6746,51.117530636600335
1,6747,280.36218864881744
1,6748,280.4693490857762
1,6749,43.46116321477707
1,6750,280.56171511361293
1,6751,186.22465418325942
1,6752,272.1680601887298
1,6753,47.91990685576988
1,6754,319.4641636173628
1,6755,290.16147849719033
1,6756,47.99351451752228
1,6757,43.12719708959867
1,6758,323.2204314462219
1,6759,48.10429958590992
1,6760,187.7245028960479
1,6761,295.1241518910045
1,6762,217.8500617132076
1,6763,536.9545794448279
1,6764,286.1005998783519
1,6765,301.1529668217088
1,6766,365.4573871954776
1,6767,411.3064129076171
1,6768,73.57448472175855
1,6769,57.82197408966304
1,6770,318.33670529303635
1,6771,330.9776424015922
1,6772,76.97920289033176
1,6773,292.17680389652025
1,6774,54.603956613742284
1,6775,338.75138834114034
1,6776,321.7274495716765
1,6777,52.03612242436766
1,6778,220.53196428842242
1,6779,73.83488431943479
1,6780,295.4725903018678
1,6781,327.34491558496563
1,6782,73.36458087889615
1,6783,300.07529002685374
1,6784,200.99986542797564
1,6785,319.1265291187574
1,6786,37.05977539205428
1,6787,283.9346621025328
1,6788,346.93536401488393
1,6789,294.673766969388
1,6790,150.74004564118223
1,6791,46.314510079476015
1,6792,216.9467499915216
1,6793,302.347558106562
1,6794,89.60985072288264
1,6795,321.4198689429985
1,6796,310.3915074560497
1,6797,345.65394238245955
1,6798,50.548183488257905
1,6799,234.80102650095904
1,6800,318.15137887257424
1,6801,295.1831053398962
1,6802,214.2718015100777
1,6803,319.3729511774105
1,6804,66.23228185037165
1,6805,124.44575226417652
1,6806,275.3848200019706
1,6807,66.81897890072432
1,6808,274.7435587354284
1,6809,69.40975553881762
1,6810,332.7297203711409
1,6811,70.50458085047094
1,6812,240.01477285697302
1,6813,124.16131590359436
1,6814,107.28475166797213
1,6815,262.88159426484833
1,6816,31.806167829172274
1,6817,119.92446294860561
1,6818,49.4101826348313
1,6819,217.6847095071625
1,6820,46.57097024332067
1,6821,223.19821808069293
1,6822,52.86368497803063
1,6823,276.7455047256437
1,6824,177.2884288550128
1,6825,47.666457376906436
1,6826,118.07691414942354
1,6827,258.3241960614773
1,6828,189.9072463661143
1,6829,76.79355725030547
1,6830,332.54717949167014
1,6831,36.81881948619399
1,6832,319.8830289671725
1,6833,275.8383841175168
1,6834,52.651314570174165
1,6835,230.84232697774758
1,6836,51.12903386831261
1,6837,81.96505453762376
1,6838,300.8777288833531
1,6839,49.1675095512479
1,6840,46.96289517118565
1,6841,290.67362289860813
1,6842,52.02357261908146
1,6843,268.3005943161276
1,6844,89.35551305050382
1,6845,52.00028909559728
1,6846,300.2158554194322
1,6847,293.1200194254708
1,6848,288.32630131627735
1,6849,241.94568973387214
1,6850,229.62849190194376
1,6851,304.64102944447484
1,6852,48.090061170836215
1,6853,295.0774710023024
1,6854,324.6940797645891
1,6855,34.897272286817
1,6856,294.23272268286917
1,6857,266.47087165455014
1,6858,286.9407557778393
1,6859,125.36461943775211
1,6860,257.0284469649583
1,6861,207.57731028265104
1,6862,271.8693615018553
1,6863,273.74099830093456
1,6864,96.7768968893185
1,6865,231.02988603367402
1,6866,29.436623057861674
1,6867,241.7948584350221
1,6868,35.304216578183116
1,6869,133.45209056339726
1,6870,261.3003953001435
1,6871,137.04818302323372
1,6872,258.0566299045317
1,6873,64.92053461009789
1,6874,149.54756020715297
1,6875,93.37224704049618
1,6876,246.19371058968278
1,6877,73.89604846649172
1,6878,238.39265227166933
1,6879,67.97191667164952
1,6880,288.5335758425689
1,6881,228.3349139184486
1,6882,49.51733172431838
1,6883,136.3233698714173
1,6884,262.0252017137336
1,6885,190.3660232900255
1,6886,90.03182233304878
1,6887,244.5375856393
1,6888,67.43919634725738
1,6889,281.45844823806664
1,6890,273.16116340514213
1,6891,52.36044866167903
1,6892,102.60512228455661
1,6893,230.0343617169254
1,6894,48.673429584722726
1,6895,279.39704731426923
1,6896,48.98856166708506
1,6897,311.70397942531133
1,6898,311.93731763236474
1,6899,48.686777950711026
1,6900,243.4524256921457
1,6901,265.839991251874
1,6902,51.67097812872372
1,6903,236.45553368252067
1,6904,55.3262636756845
1,6905,79.63174320203967
1,6906,303.4671378548717
1,6907,49.16967865678734
1,6908,51.363113065959
1,6909,287.849038583869
1,6910,48.463913812274455
1,6911,252.09742891621238
1,6912,88.74868289852986
1,6913,50.79067684820818
1,6914,293.49833321049425
1,6915,323.42747111296933
1,6916,36.90433781878906
1,6917,297.34497686735034
1,6918,306.10253006403997
1,6919,28.550849830455732
1,6920,272.2791070736678
1,6921,282.0936536182757
1,6922,291.50878459407625
1,6923,298.90674138855184
1,6924,241.14663753371423
1,6925,211.77713313629343
1,6926,299.9297448456476
1,6927,50.43827672875264
1,6928,291.94454814181563
1,6929,47.48740381143696
1,6930,55.456027791937856
1,6931,244.2470934186531
1,6932,35.80729035435967
1,6933,119.39765951728145
1,6934,262.30000352125353
1,6935,204.83551650420685
1,6936,219.06603131034382
1,6937,100.03443755085353
1,6938,92.86378706543121
1,6939,260.8635669171454
1,6940,121.61668436496586
1,6941,109.35587538844146
1,6942,295.38891044415834
1,6943,45.758950190051856
1,6944,66.29902573494073
1,6945,268.23827654676995
1,6946,380.90660177682474
1,6947,293.84825386934494
1,6948,61.64581264062238
1,6949,318.6392016180173
1,6950,96.57700358344039
1,6951,353.2788484636543
1,6952,284.33991194795294
1,6953,376.888238847702
1,6954,154.16675645767583
1,6955,315.59763230900137
1,6956,49.33196889663132
1,6957,246.52474142573647
1,6958,271.12609883319817
1,6959,61.92540357553575
1,6960,309.01784000116453
1,6961,67.70030482397736
1,6962,114.69619375962361
1,6963,404.83973264891324
1,6964,312.0984727733162
1,6965,226.88804547673163
1,6966,67.20452593993238
1,6967,308.9835361925825
1,6968,179.99793303379462
1,6969,43.55426415711492
1,6970,313.2442900507431
1,6971,311.5197400601317
1,6972,50.10533450243813
1,6973,362.96492538605844
1,6974,49.005416608391364
1,6975,297.13144778839376
1,6976,34.37434884049178
1,6977,293.1485660882112
1,6978,179.632969514594
1,6979,214.07976112192338
1,6980,284.6228011551375
1,6981,98.96217019910193
1,6982,188.56519799544125
1,6983,34.868666729161575
1,6984,312.3933775737505
1,6985,48.03426899904427
1,6986,185.82035235915714
1,6987,53.38866931208225
1,6988,186.25885166305505
1,6989,289.29809791377
1,6990,35.563384360860596
1,6991,264.2226762821281
1,6992,294.0255614678779
1,6993,22.405950241406437
1,6994,292.0822074247893
1,6995,47.763858022417025
1,6996,30.565749671533773
1,6997,391.5981980995746
1,6998,48.33489125400537
1,6999,39.734426106706195
1,7000,251.99202008079303
1,7001,265.8418778290452
1,7002,49.263777999721164
1,7003,267.60650773636326
1,7004,258.0406961742723
1,7005,247.70937815060998
1,7006,298.6316883900655
1,7007,67.42292648968127
1,7008,343.09557230581936
1,7009,78.05568231581248
1,7010,223.0846199231247
1,7011,378.6371965767596
1,7012,276.9080646338118
1,7013,67.871788391508
1,7014,318.96589384372817
1,7015,125.8684658028989
1,7016,77.47362154333791
1,7017,169.76410538873523
1,7018,381.6052510746093
1,7019,67.99533009579937
1,7020,265.69492210370413
1,7021,287.0341039077718
1,7022,70.35036060565267
1,7023,117.29726551560512
1,7024,216.11568401428252
1,7025,277.97894526989137
1,7026,73.78779766720898
1,7027,206.3980589345109
1,7028,277.0036892621788
1,7029,44.951568227695816
1,7030,60.44227174446158
1,7031,294.29762045296593
1,7032,296.505999250251
1,7033,37.24816925885092
1,7034,71.14404983907572
1,7035,102.26312553220458
1,7036,191.28890461104075
1,7037,43.6767191460857
1,7038,131.64761801872191
1,7039,224.214441544573
1,7040,41.59258601953691
1,7041,49.55145571100847
1,7042,237.79193642611602
1,7043,319.9129999658162
1,7044,227.0146751984273
1,7045,348.094659107191
1,7046,72.83320996725283
1,7047,223.39070180167238
1,7048,323.45694435245014
1,7049,49.97316840174228
1,7050,315.9999963269531
1,7051,43.18360891557452
1,7052,184.8010116680424
1,7053,302.88521541485943
1,7054,105.93767006151967
1,7055,289.87472148821803
1,7056,71.3728832355902
1,7057,309.0688446588107
1,7058,286.19715150559193
1,7059,51.55505685242643
1,7060,168.32528083317547
1,7061,233.41038030353
1,7062,50.97485450114673
1,7063,320.58485389465767
1,7064,53.283684070945014
1,7065,267.16070681012513
1,7066,244.2127659247979
1,7067,294.2063768966369
1,7068,434.590084911731
1,7069,44.69556145547475
1,7070,264.864199230563
1,7071,183.29313671094008
1,7072,316.1721933420716
1,7073,258.91882199490544
1,7074,105.08250922845653
1,7075,277.97697161233407
1,7076,43.46412515657712
1,7077,276.9989688399602
1,7078,52.09475459822997
1,7079,333.3221479386266
1,7080,281.6045877602214
1,7081,35.500203384133656
1,7082,307.9911508313444
1,7083,57.06034658899371
1,7084,265.0145825810028
1,7085,49.324946415401
1,7086,317.9677089912009
1,7087,303.78191779275437
1,7088,34.94521318530106
1,7089,283.3325015473987
1,7090,245.03092140536512
1,7091,307.0279247660018
1,7092,38.07782678684748
1,7093,258.38781326716054
1,7094,38.92288449039352
1,7095,243.5378833963078
1,7096,51.496016639064884
1,7097,248.15831016089572
1,7098,440.5563118481196
1,7099,44.878259287998546
1,7100,271.1809276449393
1,7101,283.3747950854699
1,7102,329.07636353646484
1,7103,52.09687004011815
1,7104,314.58564543877674
1,7105,275.36978466797643
1,7106,65.38734026265286
1,7107,116.03438126015975
1,7108,346.1282424101493
1,7109,525.9964237973431
1,7110,51.50345868186873
1,7111,269.89067039662376
1,7112,243.543141238141
1,7113,295.5506816041101
1,7114,70.29117491875076
1,7115,262.84189033308826
1,7116,302.60642904090855
1,7117,158.19105999966968
1,7118,340.59261338867157
1,7119,300.16738792920177
1,7120,194.23911792062702
1,7121,299.21876049569426
1,7122,63.31181771361852
1,7123,256.44673875865277
1,7124,93.60965543061681
1,7125,62.107779355609566
1,7126,204.8718980677865
1,7127,131.24236387296054
1,7128,231.75648086673607
1,7129,273.91475879992385
1,7130,293.74080878260196
1,7131,294.60231832110384
1,7132,65.51046054566748
1,7133,352.6531630692856
1,7134,42.55266647460435
1,7135,164.9259006911949
1,7136,40.430070257630206
1,7137,29.96324629936138
1,7138,232.98485209865768
1,7139,226.29035905304795
1,7140,43.508584954614605
1,7141,256.3913596479644
1,7142,66.77947769610921
1,7143,195.6740971835917
1,7144,348.3921280676169
1,7145,273.19614261545144
1,7146,123.7206800627258
1,7147,60.44361080044865
1,7148,353.1531457313814
1,7149,242.14737624526617
1,7150,278.6037126200359
1,7151,45.55249974002655
1,7152,335.9692946311089
1,7153,249.53832344427906
1,7154,222.61828607557294
1,7155,155.4338473370231
1,7156,206.5519884716211
1,7157,252.41481028480956
1,7158,230.4787139532284
1,7159,108.88867802115385
1,7160,267.88975076300216
1,7161,258.14217994519464
1,7162,39.245845393821945
1,7163,139.46954241531142
1,7164,216.0934457427776
1,7165,230.40250037772364
1,7166,290.6175154497801
1,7167,175.5196257142234
1,7168,61.844421014610745
1,7169,249.11717215322324
1,7170,47.29864770514326
1,7171,50.794809845228286
1,7172,209.43631358345579
1,7173,36.68453283331395
1,7174,260.0535968540939
1,7175,238.3797288601811
1,7176,39.537364778895444
1,7177,144.3771635433531
1,7178,257.56038339452965
1,7179,66.1460205297394
1,7180,212.0041801961586
1,7181,82.13957770813917
1,7182,229.9094013361512
1,7183,88.65728718444069
1,7184,370.5747598323266
1,7185,187.50228959033547
1,7186,60.64111774685341
1,7187,271.52960813948056
1,7188,254.80631710204682
1,7189,39.173436479909796
1,7190,60.480378136240475
1,7191,232.69463071285054
1,7192,156.20370845251972
1,7193,253.0562548764349
1,7194,233.05148712871886
1,7195,226.2594985952873
1,7196,280.4048774575494
1,7197,186.10790743847195
1,7198,35.336234385354416
1,7199,171.2712314955257
1,7200,249.32696531526
1,7201,312.29388144774475
1,7202,160.12384875679587
1,7203,273.5605532606199
1,7204,244.2409532838763
1,7205,46.26320133138638
1,7206,112.0699784447668
1,7207,28.35862358651114
1,7208,74.73342384733417
1,7209,345.7469815229376
1,7210,309.37622209320506
1,7211,206.15974309977958
1,7212,50.14144969398805
1,7213,102.66788597954366
1,7214,42.38424867217496
1,7215,311.48052839878613
1,7216,44.193783120916834
1,7217,166.19815548981273
1,7218,239.1243909908086
1,7219,246.6432243466151
1,7220,162.81169304367785
1,7221,325.8116324277616
1,7222,303.1693686304906
1,7223,47.05444247514953
1,7224,32.49497711096423
1,7225,293.1161428751581
1,7226,50.14095623396217
1,7227,52.13464496490496
1,7228,228.42498962951439
1,7229,31.08805235509176
1,7230,404.9418762357401
1,7231,48.69617229429366
1,7232,272.0982332314408
1,7233,219.01004648939394
1,7234,250.185215231899
1,7235,81.87889473059386
1,7236,250.6139155431892
1,7237,15.330960429174228
1,7238,327.85370057736293
1,7239,91.6275826551495
1,7240,179.2638454347427
1,7241,140.72732047029635
1,7242,73.24726321346564
1,7243,373.61084837617483
1,7244,41.71655816725808
1,7245,120.28129431431745
1,7246,258.8236167224576
1,7247,85.85593514610727
1,7248,372.08051200669456
1,7249,39.74920177178272
1,7250,262.68064029815935
1,7251,247.75963188198665
1,7252,140.94086910752924
1,7253,172.62733204031278
1,7254,353.3301498644773
1,7255,204.5145677985126
1,7256,89.34453277864367
1,7257,250.9831710962622
1,7258,262.0425964902179
1,7259,62.58117038434345
1,7260,207.3284403816677
1,7261,63.53931207929472
1,7262,289.84227318059607
1,7263,272.91997299405887
1,7264,112.7786093362903
1,7265,374.864780747008
1,7266,123.43959128812762
1,7267,328.0139531114852
1,7268,317.3433798384932
1,7269,362.4904476759175
1,7270,284.532799279217
1,7271,68.0787723161443
1,7272,100.56888816562426
1,7273,225.22436771884202
1,7274,239.79362729782065
1,7275,71.69680021713093
1,7276,239.3349920559466
1,7277,95.85713260423069
1,7278,317.1702158426873
1,7279,248.54049018530537
1,7280,209.23172281954004
1,7281,59.57866162176772
1,7282,28.41247515941161
1,7283,320.002911711979
1,7284,255.62358401548948
1,7285,40.76089472573014
1,7286,277.11089565713917
1,7287,70.36178023491506
1,7288,346.52693675825435
1,7289,291.7228550134599
1,7290,33.93204096561701
1,7291,259.53472701938273
1,7292,145.7305539248644
1,7293,254.0618590824514
1,7294,49.5370613915787
1,7295,259.4566439076574
1,7296,50.41567854679884
1,7297,417.7407280383199
1,7298,39.20936825438615
1,7299,187.49586491618143
1,7300,194.73575449234391
1,7301,115.41980434606694
1,7302,210.8990811256307
1,7303,296.9958628238552
1,7304,44.949603942640096
1,7305,331.0892064263032
1,7306,153.70881711359664
1,7307,298.47542558608734
1,7308,247.5391195521795
1,7309,103.02591014853476
1,7310,155.34873364214644
1,7311,93.20728665632343
1,7312,304.58530902327044
1,7313,354.88862491554937
1,7314,51.791917626531394
1,7315,256.4597524223802
1,7316,37.825445052459685
1,7317,75.63875674074893
1,7318,343.82423976228654
1,7319,106.15714308971113
1,7320,94.58778123906305
1,7321,88.23677613730857
1,7322,135.75701833809597
1,7323,222.5488971509462
1,7324,40.188517728660784
1,7325,273.0105292015455
1,7326,71.27208590533878
1,7327,370.8317302306132
1,7328,47.100253502008314
1,7329,80.62764253892855
1,7330,83.29488859422726
1,7331,40.81921344342294
1,7332,109.78815922878334
1,7333,52.551161710301116
1,7334,78.52075036906922
1,7335,250.99891320480222
1,7336,48.37801467815527
1,7337,281.01204989248436
1,7338,307.42222442332667
1,7339,99.24370287848538
1,7340,64.36153024398924
1,7341,290.7421004624127
1,7342,275.07830820074867
1,7343,36.42144050882576
1,7344,290.44097679932065
1,7345,36.5558501992217
1,7346,273.55754933277717
1,7347,50.228900090203
1,7348,109.43500507206873
1,7349,379.07624874483196
1,7350,319.88623127907306
1,7351,47.41315941092179
1,7352,198.32521253072582
1,7353,98.67942225740299
1,7354,286.27420890978175
1,7355,41.74355101236918
1,7356,266.6774958031106
1,7357,49.90052534169733
1,7358,260.26404990887715
1,7359,48.453760951558024
1,7360,218.43524164364067
1,7361,176.16114322610227
1,7362,333.9167811685759
1,7363,299.3125861982295
1,7364,68.99975821882384
1,7365,225.13725355583665
1,7366,247.81638940048975
1,7367,274.062730126279
1,7368,331.0425317039394
1,7369,137.97069697642542
1,7370,329.01792091728925
1,7371,68.25778117590208
1,7372,381.17974058962454
1,7373,64.84607973166649
1,7374,360.4591462648983
1,7375,68.5800102042098
1,7376,278.7326117642416
1,7377,65.67028091341754
1,7378,87.17712870093739
1,7379,261.34342482752453
1,7380,57.65203416692487
1,7381,69.67346932715196
1,7382,87.76129095407688
1,7383,176.51456918776182
1,7384,48.74374359849227
1,7385,101.75764611623617
1,7386,43.053556120176424
1,7387,264.97495108367076
1,7388,98.11246066700824
1,7389,88.02172562152589
1,7390,307.85516753038473
1,7391,97.44895576803464
1,7392,50.36278209013389
1,7393,285.44671024346326
1,7394,262.5017438570273
1,7395,60.735731333464656
1,7396,111.77583917830731
1,7397,40.97523846052353
1,7398,250.33185691643774
1,7399,204.887755086846
1,7400,101.3103937757999
1,7401,346.6639289737867
1,7402,50.30592536914214
1,7403,66.3489352992263
1,7404,341.5191058939869
1,7405,265.0788280981936
1,7406,61.95424467559155
1,7407,247.69092916955944
1,7408,53.91427237666198
1,7409,235.47289165479918
1,7410,47.88950722274879
1,7411,310.60205467990227
1,7412,312.5058735683659
1,7413,45.585759112545475
1,7414,318.13958916401543
1,7415,45.513702847591446
1,7416,215.9256672068697
1,7417,284.3144853837406
1,7418,361.4652238085531
1,7419,52.50317252497668
1,7420,232.47260390974736
1,7421,139.7499550772691
1,7422,43.13873711497106
1,7423,293.45364366996563
1,7424,50.31920691278778
1,7425,288.94464887046104
1,7426,52.3193437396459
1,7427,285.66448608580424
1,7428,101.03473971380902
1,7429,20.217155635583474
1,7430,288.9507023368533
1,7431,305.42197488941736
1,7432,247.25385601189052
1,7433,36.9482564922049
1,7434,67.88150554923331
1,7435,283.6495817876829
1,7436,260.2398952337984
1,7437,57.99393234832549
1,7438,271.8879117197581
1,7439,107.08935947742923
1,7440,105.29643935849299
1,7441,468.13421359273224
1,7442,87.99131673646983
1,7443,45.25752168658536
1,7444,284.69030551887545
1,7445,192.13333255932912
1,7446,317.986779764667
1,7447,49.98649379060045
1,7448,277.0092216245605
1,7449,143.18346023162138
1,7450,301.3484219900545
1,7451,47.87108324142858
1,7452,270.16658790676513
1,7453,294.3506386059257
1,7454,351.28897552202034
1,7455,328.4017050988747
1,7456,307.31522998136194
1,7457,73.62141414879048
1,7458,112.2433059873322
1,7459,81.88888629114768
1,7460,213.15995897817675
1,7461,145.2025288856666
1,7462,289.9767166930326
1,7463,55.00866375023814
1,7464,249.63516081389082
1,7465,85.41593390109666
1,7466,289.10478505087616
1,7467,68.89747329808324
1,7468,256.8773134093409
1,7469,235.64872406573832
1,7470,70.24961314365206
1,7471,324.38997914905747
1,7472,225.97787549413363
1,7473,244.32758319672274
1,7474,322.5105615349307
1,7475,47.57622990290851
1,7476,289.3569974049768
1,7477,312.39221518558446
1,7478,212.99638149232752
1,7479,434.3740256520623
1,7480,106.08816290107663
1,7481,291.0215973531598
1,7482,42.54569934019068
1,7483,252.54107287577358
1,7484,230.81052016232707
1,7485,119.71866932287682
1,7486,56.050479272112014
1,7487,266.4923550765933
1,7488,258.17600300239496
1,7489,250.34179784884572
1,7490,232.17174250583068
1,7491,31.778705113090574
1,7492,280.61352459977616
1,7493,246.88920420163285
1,7494,35.31102053738019
1,7495,286.48307779837205
1,7496,285.537567533814
1,7497,198.1472472108482
1,7498,182.3758106543579
1,7499,297.27136183847614
1,7500,327.7599008496766
1,7501,128.19347261930534
1,7502,30.885815662186936
1,7503,361.6647038035155
1,7504,48.679488804293975
1,7505,354.2193009429532
1,7506,45.91485329003894
1,7507,306.8576004200987
1,7508,46.86434777541862
1,7509,59.61140755647256
1,7510,280.9715685481066
1,7511,285.66786667567203
1,7512,49.82214246308011
1,7513,175.80118015079626
1,7514,34.11589624716262
1,7515,241.52918473878447
1,7516,84.69088016365566
1,7517,104.74296334177069
1,7518,127.0593217841778
1,7519,234.6037069313275
1,7520,337.021262457871
1,7521,55.827137471461654
1,7522,53.81308127159686
1,7523,73.64032523252153
1,7524,306.36746127475044
1,7525,37.58482809237749
1,7526,263.0855207938247
1,7527,133.1619625314548
1,7528,305.3751144523035
1,7529,64.00850518182897
1,7530,256.4582101413175
1,7531,196.01426979355807
1,7532,375.51309169401827
1,7533,99.57652138481154
1,7534,49.4303336240809
1,7535,322.42721962668435
1,7536,124.35952486322958
1,7537,372.5462745947629
1,7538,237.0391679373182
1,7539,195.90806879050416
1,7540,289.5176485911664
1,7541,69.51463797341941
1,7542,257.4942994735733
1,7543,30.25317460893342
1,7544,377.11756541437114
1,7545,30.184917739339248
1,7546,355.4604305289332
1,7547,252.2418071003724
1,7548,253.25753598962012
1,7549,276.6211250682579
1,7550,223.2804407588041
1,7551,41.80368244186896
1,7552,225.27849726900354
1,7553,255.43520720058916
1,7554,35.71852904362325
1,7555,225.60452304581509
1,7556,109.47973635008023
1,7557,121.34089129488532
1,7558,283.41796769533676
1,7559,373.7666535087493
1,7560,54.82246528228192
1,7561,115.38837440031497
1,7562,266.1281908011687
1,7563,216.61952774297148
1,7564,263.72505665770956
1,7565,16.733117946130527
1,7566,243.57193342201828
1,7567,96.856360953317
1,7568,37.46659153834362
1,7569,40.08428339058666
1,7570,262.8609057651372
1,7571,31.46545381548013
1,7572,185.27268425471541
1,7573,318.4722676386213
1,7574,13.083690328924225
1,7575,250.88816852566202
1,7576,30.01893083595503
1,7577,340.80012460959307
1,7578,50.31349098249039
1,7579,237.04812253745172
1,7580,36.32989732284274
1,7581,292.9736952489328
1,7582,96.41844227502025
1,7583,216.98011632123598
1,7584,256.68473677706277
1,7585,23.568025721515482
1,7586,138.9971266137017
1,7587,270.27642388021775
1,7588,56.08517989803602
1,7589,193.1255380688033
1,7590,78.58836633163801
1,7591,243.8035440152368
1,7592,236.30563387793822
1,7593,24.094521459738626
1,7594,225.3208858007832
1,7595,161.2096502460681
1,7596,191.99243825356447
1,7597,235.83928187288717
1,7598,54.79055599438148
1,7599,303.1188773934172
1,7600,31.895153611349148
1,7601,173.2583757158726
1,7602,23.740522077705595
1,7603,295.2882238415598
1,7604,182.35414351511946
1,7605,237.2932192910453
1,7606,28.079092142065676
1,7607,235.6082335521998
1,7608,100.46355186472003
1,7609,294.15414535082976
1,7610,30.920361512058477
1,7611,375.58685230815036
1,7612,42.00105932747424
1,7613,262.3760627709199
1,7614,274.4598071001371
1,7615,292.9005042577345
1,7616,192.65981231026075
1,7617,75.39128351842537
1,7618,37.54538409655051
1,7619,267.0753182255696
1,7620,34.7318493834259
1,7621,317.4701376166515
1,7622,172.3180174015185
1,7623,249.04333593774973
1,7624,35.977253314912566
1,7625,253.6652082246952
1,7626,84.71256234597539
1,7627,123.73903174911416
1,7628,252.02805840403585
1,7629,220.59216587908742
1,7630,437.1760003894209
1,7631,16.05278766034775
1,7632,96.0285734555022
1,7633,273.776763557151
1,7634,310.79588091356754
1,7635,379.3719379174437
1,7636,319.5503977474995
1,7637,327.6166220055469
1,7638,323.20445597575156
1,7639,32.130645162079944
1,7640,327.6376119116203
1,7641,39.51346144266464
1,7642,331.6565912404188
1,7643,182.3437706165481
1,7644,323.34314948751046
1,7645,79.62900310791775
1,7646,223.08118997064477
1,7647,270.7015922599629
1,7648,33.06545444011859
1,7649,239.12061697656833
1,7650,324.7756013818157
1,7651,64.47840153190472
1,7652,305.96351462118787
1,7653,54.187620827259295
1,7654,129.09932900966226
1,7655,286.41829876344775
1,7656,321.8160590447351
1,7657,319.95317371759074
1,7658,128.8907673946431
1,7659,24.604828758406835
1,7660,87.77916888233776
1,7661,29.935467648891173
1,7662,222.3021806554346
1,7663,253.71404822299897
1,7664,270.94511003557915
1,7665,112.1786873005594
1,7666,319.5169432193288
1,7667,48.05007007336086
1,7668,209.0538215028971
1,7669,129.28910702019712
1,7670,275.02308769483886
1,7671,32.0661160105089
1,7672,232.76070636350636
1,7673,44.79703263078973
1,7674,163.6790309318798
1,7675,30.126884843624183
1,7676,247.67405730499024
1,7677,258.41354987175583
1,7678,298.15789629844437
1,7679,300.9412004209957
1,7680,271.53784641738224
1,7681,212.43473316112386
1,7682,87.08541892381348
1,7683,257.47056041899805
1,7684,313.19999781542066
1,7685,286.57157503717144
1,7686,34.828016052196084
1,7687,287.72580839573436
1,7688,29.34151972976841
1,7689,289.60773966780766
1,7690,243.09721805097115
1,7691,37.07513644127204
1,7692,228.24924936566885
1,7693,293.704821252656
1,7694,176.3898004896087
1,7695,294.2040429963621
1,7696,304.6838829883115
1,7697,304.0727645541447
1,7698,305.3741090552226
1,7699,127.14243685303616
1,7700,122.37361616597639
1,7701,289.48155300539827
1,7702,186.94086892957534
1,7703,235.23850963076228
1,7704,196.99060848033662
1,7705,109.5909925207515
1,7706,298.34646411566064
1,7707,34.339120804037
1,7708,318.7489796445975
1,7709,273.7933472045995
1,7710,273.2138793250113
1,7711,325.4005496072692
1,7712,332.8491383149033
1,7713,40.23596067897223
1,7714,275.2393165430693
1,7715,94.23178936318212
1,7716,292.575868625088
1,7717,41.84584221337798
1,7718,268.7385058275041
1,7719,63.378102496581576
1,7720,306.1066547824027
1,7721,248.8785597384911
1,7722,63.976238108146326
1,7723,332.2648728774642
1,7724,272.1255838868389
1,7725,304.9555720773579
1,7726,290.05445446176014
1,7727,305.27093504249183
1,7728,45.44698918654255
1,7729,277.5770548907712
1,7730,39.608003423320106
1,7731,279.62066434647375
1,7732,299.59277931871816
1,7733,27.852808314529323
1,7734,141.13066663703125
1,7735,263.7302059821976
1,7736,52.27183089030697
1,7737,181.05831142761645
1,7738,36.0048490673194
1,7739,452.7577680602372
1,7740,36.249610969386616
1,7741,272.7255289497697
1,7742,64.12769003520481
1,7743,356.00387350151095
1,7744,37.69379006418249
1,7745,155.2182007144067
1,7746,308.0407370053365
1,7747,306.99951228719624
1,7748,34.279543424850246
1,7749,38.54231195893
1,7750,290.1160537867494
1,7751,36.84456848680517
1,7752,272.2807288116629
1,7753,38.1346151352554
1,7754,76.12736575902167
1,7755,334.4323140661742
1,7756,49.77292581350089
1,7757,382.2520150261245
1,7758,43.3454692050947
1,7759,272.05531534324757
1,7760,94.01708328442729
1,7761,264.5202030884625
1,7762,238.50526898427304
1,7763,257.5888222808411
1,7764,88.76253930971885
1,7765,202.12232997991532
1,7766,315.33887581431287
1,7767,37.82791238555497
1,7768,238.16380440446744
1,7769,256.44587668520893
1,7770,257.6566196518692
1,7771,99.10107800551106
1,7772,51.515938637044066
1,7773,275.46545951851965
1,7774,244.69134653733198
1,7775,22.0141767318081
1,7776,185.89536810284432
1,7777,204.06320833018395
1,7778,263.057722244046
1,7779,126.99515043258984
1,7780,22.433473297775496
1,7781,278.27267681689
1,7782,102.22448899279897
1,7783,276.1050901606934
1,7784,245.89078629905555
1,7785,267.1146264614013
1,7786,190.1091153976987
1,7787,291.11080956247395
1,7788,88.65224126990603
1,7789,149.8101440872163
1,7790,36.039748115145244
1,7791,235.40509756393146
1,7792,40.9810004298076
1,7793,260.3987698955888
1,7794,33.021803836778275
1,7795,43.62365370768285
1,7796,275.3734732838767
1,7797,256.4693217159779
1,7798,232.89137559478476
1,7799,342.4717245048598
1,7800,108.93475813782405
1,7801,289.34930164627457
1,7802,41.52045205276478
1,7803,275.1053027442073
1,7804,78.16139421031293
1,7805,236.01219954618648
1,7806,251.70346985163076
1,7807,278.96646758774864
1,7808,193.45776843207602
1,7809,315.88726759895303
1,7810,333.01047003314886
1,7811,260.3743653514683
1,7812,320.13522925145
1,7813,430.3201097117178
1,7814,318.2663433512092
1,7815,246.3042566377962
1,7816,58.874652623473054
1,7817,302.84289944476154
1,7818,41.23585787198732
1,7819,277.8773066962269
1,7820,285.92370709961403
1,7821,282.4749329641935
1,7822,39.930666547539346
1,7823,331.25180833780075
1,7824,305.187786487866
1,7825,223.05868572360964
1,7826,314.73628325061446
1,7827,309.92002057401294
1,7828,83.63333142901982
1,7829,59.491262991514375
1,7830,39.98564267639719
1,7831,241.43916775924498
1,7832,239.158999448511
1,7833,269.6872893913677
1,7834,268.09230737419676
1,7835,342.9413716748851
1,7836,276.4989001272173
1,7837,255.07601655166263
1,7838,314.0503059674942
1,7839,19.877399062714833
1,7840,257.9549581663514
1,7841,275.5442216436985
1,7842,300.89546072710425
1,7843,290.7773872085347
1,7844,302.1359875035448
1,7845,29.136467758660107
1,7846,264.9640390524319
1,7847,340.29870573429366
1,7848,60.86382902879037
1,7849,246.5243202159673
1,7850,430.91218937424793
1,7851,362.1820654399898
1,7852,360.9811551854435
1,7853,312.1813325911173
1,7854,61.46988739391585
1,7855,309.3304269007963
1,7856,302.2318591381903
1,7857,286.0648674131626
1,7858,55.50401523714119
1,7859,235.773127494913
1,7860,260.0429026478041
1,7861,298.02064030039844
1,7862,277.42911311790874
1,7863,31.236714828265
1,7864,293.0048988551448
1,7865,32.79547499488937
1,7866,281.33504972882076
1,7867,311.7721100646977
1,7868,362.01998942829266
1,7869,21.518502963874212
1,7870,30.14885965098584
1,7871,272.4340769392917
1,7872,26.321464226290534
1,7873,267.51842575678677
1,7874,235.48170409258017
1,7875,289.3731718651079
1,7876,157.43964305220445
1,7877,321.0291144526327
1,7878,179.93285114462452
1,7879,259.08227802825206
1,7880,51.19586997460724
1,7881,141.69319792886097
1,7882,299.804916228295
1,7883,91.21554588442541
1,7884,208.30662762495794
1,7885,249.85241389520525
1,7886,112.42226911204577
1,7887,61.66225633533181
1,7888,350.0761540903302
1,7889,294.68631327706174
1,7890,262.5156923711752
1,7891,134.09848183874948
1,7892,196.90599295815576
1,7893,98.43720393904354
1,7894,209.20982392437605
1,7895,280.47766347686274
1,7896,37.11657739385969
1,7897,279.34657257845475
1,7898,33.66114090507782
1,7899,248.36217500260102
1,7900,45.13934577413533
1,7901,87.50302504680171
1,7902,258.40832827671
1,7903,287.8562491467976
1,7904,170.8560018165789
1,7905,272.7489713042904
1,7906,242.75517077776212
1,7907,77.2103773652631
1,7908,268.62258458404415
1,7909,263.15318615768996
1,7910,66.82748326457758
1,7911,245.17283606764698
1,7912,261.7577141281601
1,7913,293.5960337985998
1,7914,236.46104856260297
1,7915,258.3689655937894
1,7916,36.16541850432046
1,7917,333.6740241061704
1,7918,48.45955180547181
1,7919,249.9933510106857
1,7920,42.958998085871094
1,7921,237.9519748344477
1,7922,174.32956454533095
1,7923,333.3316949226473
1,7924,37.62576956845393
1,7925,232.86856265649755
1,7926,605.9465742980783
1,7927,391.4608123340488
1,7928,339.19284990427525
1,7929,335.4144296163437
1,7930,49.014723777503775
1,7931,369.16721036450645
1,7932,303.8040530152786
1,7933,308.37809119118594
1,7934,315.9747920861903
1,7935,361.38829564553816
1,7936,72.18141703443219
1,7937,53.20182529746271
1,7938,418.9170110810737
1,7939,265.14727795627505
1,7940,334.3569815407839
1,7941,337.92001926203034
1,7942,265.41867988562825
1,7943,332.60127423746496
1,7944,334.0217030542123
1,7945,181.32130427908305
1,7946,300.1884475666617
1,7947,235.7067931906534
1,7948,416.17133748433184
1,7949,292.16069676049995
1,7950,276.5095172840761
1,7951,316.36420500540953
1,7952,51.29345456285296
1,7953,299.3273794283577
1,7954,305.9008091257366
1,7955,273.728744285685
1,7956,446.1742155353536
1,7957,176.11419763219027
1,7958,229.41780795032412
1,7959,298.65329996924953
1,7960,24.87956349724208
1,7961,105.53389078484221
1,7962,291.70950395252004
1,7963,314.36188489237486
1,7964,312.7494973254493
1,7965,250.81959776630796
1,7966,303.3742918506776
1,7967,289.06654688414
1,7968,36.3599732647162
1,7969,38.31776559723944
1,7970,439.50185189350907
1,7971,146.93110467659287
1,7972,287.0771543149743
1,7973,335.8966509514694
1,7974,29.790164369461014
1,7975,309.3171287708026
1,7976,28.03677154538041
1,7977,103.33548305545472
1,7978,203.56775160424155
1,7979,236.5139538007178
1,7980,251.82785814519062
1,7981,56.87371592806015
1,7982,312.76155911813464
1,7983,74.06969147566988
1,7984,306.10627016599983
1,7985,311.3586649530761
1,7986,60.76423054758821
1,7987,58.4466488532842
1,7988,440.9379808531609
1,7989,318.463377467614
1,7990,59.34228528111254
1,7991,306.38331554393426
1,7992,270.0679847570691
1,7993,354.27611308288544
1,7994,52.24799352466541
1,7995,257.54846027703354
1,7996,57.69729457475554
1,7997,329.4731217176665
1,7998,125.2880819724098
1,7999,336.83456784243685
1,8000,307.3631660253002
1,8001,296.45578908088146
1,8002,266.5779535489477
1,8003,508.7146091045656
1,8004,288.31872586750205
1,8005,341.40544817232995
1,8006,304.2895547221592
1,8007,531.6856653647127
1,8008,24.77874263271749
1,8009,242.3808708400005
1,8010,43.013288176404735
1,8011,306.6333033868921
1,8012,317.4191774065431
1,8013,30.365032218687787
1,8014,259.8717448432322
1,8015,38.83614453847568
1,8016,250.4140417119968
1,8017,106.92424642211265
1,8018,238.88277576609698
1,8019,36.825706849617134
1,8020,309.1089908569604
1,8021,35.47641205532141
1,8022,290.08200295727295
1,8023,33.431317014308625
1,8024,32.53336778056375
1,8025,307.2764592344362
1,8026,176.16919831696015
1,8027,300.7287768094533
1,8028,246.03892244570233
1,8029,245.19180630699697
1,8030,292.8995006950162
1,8031,362.8421218185333
1,8032,323.97491932739473
1,8033,43.07092099183173
1,8034,330.57958808694246
1,8035,55.39236084910179
1,8036,47.36379086913296
1,8037,348.5420198405114
1,8038,88.81929995062927
1,8039,314.8266933311723
1,8040,304.19134814854283
1,8041,64.363685377825
1,8042,307.8620209428602
1,8043,269.42394680312987
1,8044,62.82983822324793
1,8045,255.32274062678943
1,8046,57.10382045047528
1,8047,328.3514784044013
1,8048,331.4496665043716
1,8049,287.16718540429343
1,8050,294.7797030087904
1,8051,177.17104008160553
1,8052,251.07402899053653
1,8053,277.4547287935982
1,8054,295.4660387486489
1,8055,306.16617165327307
1,8056,290.47741844084146
1,8057,194.69712566488204
1,8058,13.613727450174498
1,8059,150.2693762626591
1,8060,278.175139328785
1,8061,294.57594525987236
1,8062,45.461075501269974
1,8063,177.84255991282788
1,8064,302.11971763263557
1,8065,19.51544207912231
1,8066,293.61797892185905
1,8067,59.96441527544105
1,8068,306.7351271753198
1,8069,259.65748856086407
1,8070,115.19454873067585
1,8071,34.89274605793778
1,8072,240.74427667969965
1,8073,38.99097158881415
1,8074,292.84829622351424
1,8075,245.14197872038255
1,8076,301.05259960314027
1,8077,292.96350348023816
1,8078,86.73345107928145
1,8079,292.19946707534683
1,8080,416.83019304501556
1,8081,281.3810445474131
1,8082,270.49624926286947
1,8083,67.48008121817644
1,8084,281.76007080465035
1,8085,284.96988171714696
1,8086,300.11720185396075
1,8087,300.89950872438374
1,8088,62.49549715649083
1,8089,258.781466685119
1,8090,225.65434520693367
1,8091,51.39689864358047
1,8092,273.4770816667278
1,8093,56.15134445275236
1,8094,39.53604060993817
1,8095,334.76254198994275
1,8096,178.12045495986797
1,8097,30.887088343758446
1,8098,35.218222080528214
1,8099,178.90977583063125
1,8100,104.25528368717747
1,8101,38.079701566512526
1,8102,248.721437687725
1,8103,243.70360889219018
1,8104,36.87235948506264
1,8105,289.1368980928554
1,8106,8.561845438082113
1,8107,32.286851122229606
1,8108,308.637624094405
1,8109,31.542086856533786
1,8110,278.7368174633783
1,8111,361.5190148173325
1,8112,112.17590907686713
1,8113,328.5410605705677
1,8114,35.58047586139117
1,8115,274.78821858164554
1,8116,233.6212363464959
1,8117,390.891820400795
1,8118,185.03055759642336
1,8119,278.9154496645932
1,8120,302.37676340501685
1,8121,105.66620915877502
1,8122,280.2575726780974
1,8123,35.512536851589346
1,8124,426.62490481191014
1,8125,35.323161205930546
1,8126,26.235702453518737
1,8127,294.1517804643791
1,8128,301.7690103126134
1,8129,135.4833492002996
1,8130,252.89069136688295
1,8131,226.10971152736917
1,8132,329.4103970449496
1,8133,39.169952913978484
1,8134,247.4959494730391
1,8135,63.38066306424525
1,8136,314.2044632747021
1,8137,265.3301977113611
1,8138,101.68147637378036
1,8139,286.4574470456779
1,8140,288.1960404089742
1,8141,194.51317975632048
1,8142,301.9922665521938
1,8143,173.1007319341544
1,8144,493.08271543599994
1,8145,281.12553486388884
1,8146,414.01041148072
1,8147,477.7146816753078
1,8148,298.3252930907464
1,8149,26.860264618350442
1,8150,271.389387319877
1,8151,257.52939015251746
1,8152,272.8582311647483
1,8153,350.7428387737029
1,8154,40.7986814972077
1,8155,286.1379619495207
1,8156,275.76533287939685
1,8157,273.3318219545083
1,8158,285.89353477978847
1,8159,297.94198159246747
1,8160,175.7211142310884
1,8161,264.01440258766706
1,8162,295.8551892528311
1,8163,264.34662007759994
1,8164,297.7640981368663
1,8165,249.42419386422978
1,8166,214.36104177834576
1,8167,314.04121220330626
1,8168,49.11661047623338
1,8169,248.26595182089798
1,8170,307.0401388570175
1,8171,197.2157376091869
1,8172,275.7928808216648
1,8173,43.113545937021556
1,8174,54.47064060567891
1,8175,77.34000157469563
1,8176,104.40513386133999
1,8177,250.52977589840103
1,8178,258.3778670901615
1,8179,58.466275807940306
1,8180,247.5138450110186
1,8181,39.55658141109194
1,8182,289.4747006969375
1,8183,225.27171112779405
1,8184,223.02383996619346
1,8185,40.17205201534576
1,8186,261.21006115911945
1,8187,35.56186660811334
1,8188,279.48153316748653
1,8189,30.402229269915154
1,8190,224.86669481870888
1,8191,17.348193242156025
1,8192,265.48337939013174
1,8193,204.92107183897411
1,8194,269.37660218728104
1,8195,254.79345369145614
1,8196,55.470871769388694
1,8197,152.94447668547042
1,8198,38.97933903587849
1,8199,312.1027717014091
1,8200,324.11470224535594
1,8201,20.508810107239178
1,8202,236.6353152381762
1,8203,58.170539997994226
1,8204,46.53380214892439
1,8205,140.82695223401925
1,8206,32.388251718925495
1,8207,166.20812324549252
1,8208,38.77286641206973
1,8209,259.02965579077
1,8210,39.1954305184894
1,8211,223.29360467237575
1,8212,173.8306395571409
1,8213,281.53784936459647
1,8214,30.194446191713872
1,8215,230.60978029438488
1,8216,156.04461460514005
1,8217,247.30107506311643
1,8218,61.920138453153136
1,8219,263.4980237038021
1,8220,40.28501708951434
1,8221,57.40762904620768
1,8222,258.7770507820925
1,8223,87.98684857980408
1,8224,254.96433149271792
1,8225,103.78445427834342
1,8226,43.92081919150138
1,8227,246.85394585340356
1,8228,262.59744608237304
1,8229,260.7148284348937
1,8230,317.67870530541734
1,8231,192.10456233890602
1,8232,33.46326953566956
1,8233,219.09715896343403
1,8234,265.85201045204724
1,8235,334.05486903282167
1,8236,249.98556813753248
1,8237,37.00425914880445
1,8238,280.3550130554926
1,8239,21.107451714760767
1,8240,251.951174699178
1,8241,228.57980706605576
1,8242,26.453674929216334
1,8243,315.33497842069386
1,8244,33.84462566133637
1,8245,283.5241251916816
1,8246,539.7050282506017
1,8247,328.6790423722201
1,8248,154.75889586232907
1,8249,317.71060049913046
1,8250,244.40990175279745
1,8251,192.27937406229537
1,8252,336.9960452184167
1,8253,126.26630991897038
1,8254,242.40403905413888
1,8255,51.092171611632736
1,8256,206.09215747638527
1,8257,179.29145570785562
1,8258,351.87130806652306
1,8259,300.8860732968707
1,8260,57.00287600326378
1,8261,308.94358378057757
1,8262,337.5918352518947
1,8263,69.84099816519729
1,8264,262.63233660576975
1,8265,299.1810604228625
1,8266,64.07704987564526
1,8267,240.98336654258065
1,8268,329.22434845499174
1,8269,27.468294386610083
1,8270,298.09074872004396
1,8271,354.3363809227263
1,8272,342.03128749607185
1,8273,293.86493175588885
1,8274,288.48602732558606
1,8275,59.10613242996368
1,8276,254.65101317915997
1,8277,57.88374613008915
1,8278,354.6370612737753
1,8279,247.7479082801841
1,8280,296.3139595937854
1,8281,295.36828940192635
1,8282,347.23211599984654
1,8283,29.55070629330583
1,8284,240.023183288766
1,8285,267.9731289273791
1,8286,30.568747384411047
1,8287,270.25601515595423
1,8288,270.71144641340777
1,8289,61.71845435754505
1,8290,247.1495907231294
1,8291,40.456346062631745
1,8292,254.48920955615614
1,8293,198.2842260690005
1,8294,58.39606567423005
1,8295,183.5198581928068
1,8296,36.61126114760818
1,8297,189.6287537272916
1,8298,185.52754459775207
1,8299,273.0021945154673
1,8300,40.58366423202942
1,8301,232.2549644037927
1,8302,280.1367649578652
1,8303,42.312186817889526
1,8304,226.4025308779967
1,8305,302.6692480343555
1,8306,36.06145705093569
1,8307,280.6333364231687
1,8308,255.57145677756566
1,8309,311.4281410119114
1,8310,25.39505092982441
1,8311,183.3959546718848
1,8312,258.8352437513936
1,8313,173.27083336924088
1,8314,83.08732305200236
1,8315,191.83102911194388
1,8316,288.03113167335164
1,8317,288.2451537554486
1,8318,40.71587982658734
1,8319,276.1649969290994
1,8320,57.25462648814706
1,8321,102.2535015882375
1,8322,302.6220513074469
1,8323,30.006534189104016
1,8324,260.6490552254641
1,8325,36.027298722805654
1,8326,94.8524644916838
1,8327,96.25628686622316
1,8328,306.62622384922497
1,8329,33.950929475304626
1,8330,114.84513281869533
1,8331,284.47605537066613
1,8332,314.84105389332524
1,8333,288.1043288028652
1,8334,258.29664602189416
1,8335,197.86746065958835
1,8336,352.3774311499475
1,8337,251.32144151507703
1,8338,289.638483924753
1,8339,295.29637481491125
1,8340,301.23035085332765
1,8341,336.0081687044361
1,8342,359.82937716392223
1,8343,70.48215077072895
1,8344,293.61508003145434
1,8345,64.26166527482309
1,8346,348.0735161531794
1,8347,70.32887814524739
1,8348,306.34024913135187
1,8349,194.35739356624075
1,8350,327.1480755789384
1,8351,45.120974819861836
1,8352,198.0953284054228
1,8353,309.84396806699124
1,8354,160.86851677405724
1,8355,324.37015118016774
1,8356,313.01368204728954
1,8357,297.90012317964863
1,8358,19.45097881101576
1,8359,271.47596593092067
1,8360,270.82304965847663
1,8361,314.22702575337416
1,8362,46.78739012123559
1,8363,255.45754103344925
1,8364,285.4305768185005
1,8365,197.06162149269505
1,8366,36.76233215658751
1,8367,269.45201658135295
1,8368,291.58608469882313
1,8369,266.9883868423681
1,8370,59.80980633094653
1,8371,339.0829371779029
1,8372,43.29379907336224
1,8373,180.9285725252265
1,8374,295.7086763839715
1,8375,248.70862639571175
1,8376,284.03251035596304
1,8377,42.61017880758031
1,8378,304.58066026955726
1,8379,271.2217205409958
1,8380,30.88646155956843
1,8381,257.37495639951635
1,8382,330.38806767156336
1,8383,250.12964492558618
1,8384,288.04800788123976
1,8385,260.6098455857284
1,8386,43.57124865267997
1,8387,270.36436592110283
1,8388,190.09483649298448
1,8389,203.39042293100022
1,8390,191.51924562860896
1,8391,268.5249232684132
1,8392,52.26080601573713
1,8393,277.46580540319275
1,8394,359.5452432997108
1,8395,44.77042592295149
1,8396,255.31688274288354
1,8397,268.8310221260334
1,8398,72.89232506677838
1,8399,294.4943429053031
1,8400,386.48205493062096
1,8401,358.75467574828025
1,8402,93.22873542021742
1,8403,289.6335387056558
1,8404,129.12552601066497
1,8405,313.57100835986483
1,8406,70.92043541742511
1,8407,316.37447664119975
1,8408,118.20761389861032
1,8409,71.57882677223274
1,8410,98.90411110116924
1,8411,297.3758200797271
1,8412,72.25248917429623
1,8413,38.01361089745124
1,8414,183.69858342393272
1,8415,265.5019075679851
1,8416,514.128097649363
1,8417,319.83551655857127
1,8418,65.45664181326441
1,8419,323.5059148978943
1,8420,67.50568911603804
1,8421,203.4653633279554
1,8422,118.61191810299366
1,8423,338.84050894649033
1,8424,42.68017983655203
1,8425,313.86801055936667
1,8426,48.410700703167045
1,8427,270.3543702254186
1,8428,174.1725047231296
1,8429,279.9920611684483
1,8430,48.08464102699424
1,8431,241.96848420136604
1,8432,77.02857778830662
1,8433,283.71620670712247
1,8434,49.05020013970699
1,8435,276.5149382160283
1,8436,152.68971701073605
1,8437,265.3050672544042
1,8438,312.18988941337363
1,8439,313.88401170448617
1,8440,49.09828491156507
1,8441,190.63747654538935
1,8442,292.1702522505016
1,8443,31.886888993270475
1,8444,269.9563741118275
1,8445,295.75744149203655
1,8446,262.57252933234406
1,8447,281.4293485871152
1,8448,50.836244226400225
1,8449,256.61207123605845
1,8450,315.3299916685862
1,8451,184.335288199874
1,8452,314.14323158719253
1,8453,45.09781341662279
1,8454,194.30837800437905
1,8455,297.99666920754345
1,8456,48.77110693114173
1,8457,122.04639938705031
1,8458,290.9710951047803
1,8459,297.2953738457501
1,8460,296.824990167073
1,8461,341.51650535247654
1,8462,341.79851747697796
1,8463,81.41730806223435
1,8464,255.47505547180026
1,8465,303.0904718245141
1,8466,82.54716848692006
1,8467,289.84987232010957
1,8468,74.18238366771782
1,8469,288.323575912686
1,8470,199.14462307438737
1,8471,321.2236572840377
1,8472,69.94941934886157
1,8473,209.36330619095057
1,8474,316.94752589591843
1,8475,604.1847986868052
1,8476,296.41686119229087
1,8477,283.44928475751044
1,8478,72.18573720210843
1,8479,282.6076895324403
1,8480,78.82630887952799
1,8481,261.60980640504636
1,8482,296.427620762433
1,8483,149.92977152350676
1,8484,53.07049363251953
1,8485,289.32985159043267
1,8486,234.60177790279909
1,8487,238.66293756911188
1,8488,45.42221147867687
1,8489,262.2089967560689
1,8490,423.59907959238296
1,8491,33.557844082090995
1,8492,117.49941517118418
1,8493,198.5089117115952
1,8494,37.083514345368684
1,8495,366.751863620952
1,8496,425.61584175637853
1,8497,51.18150697337183
1,8498,262.2795765357986
1,8499,277.56836618668876
1,8500,308.7521326541589
1,8501,36.128847194200105
1,8502,189.332508431434
1,8503,313.33501427045206
1,8504,337.2231144124111
1,8505,285.97283611946636
1,8506,84.20292768568885
1,8507,283.4477719322327
1,8508,278.0625099765234
1,8509,29.251821694156085
1,8510,326.9367241823719
1,8511,209.9860138659708
1,8512,53.5784869588585
1,8513,303.11126757738054
1,8514,225.98456488018843
1,8515,261.90814735279866
1,8516,91.03285748603373
1,8517,193.38979324466135
1,8518,190.52511679764058
1,8519,48.99741763269853
1,8520,384.0162103851277
1,8521,284.43865200855305
1,8522,317.55503315544206
1,8523,281.74715317595343
1,8524,39.309983434884664
1,8525,284.010693799872
1,8526,57.30105509221439
1,8527,22.85919894279068
1,8528,302.23200339709615
1,8529,255.11731461707393
1,8530,66.99708477971355
1,8531,225.48812048150745
1,8532,224.91338822466253
1,8533,305.7785370863782
1,8534,40.403288955964996
1,8535,46.710725513843
1,8536,392.7034633163282
1,8537,301.8914343658707
1,8538,294.3816517224835
1,8539,35.66830930174074
1,8540,288.808103789568
1,8541,51.22494857256743
1,8542,311.0860317054635
1,8543,283.5631840820484
1,8544,242.17344378248097
1,8545,128.39360390965217
1,8546,302.9604841606176
1,8547,100.1829694804298
1,8548,40.14911934231994
1,8549,266.0526948678536
1,8550,40.447094725128636
1,8551,301.99798615939426
1,8552,311.45985734619717
1,8553,284.9972377213478
1,8554,67.80363372164979
1,8555,282.5432577876064
1,8556,280.50434875288704
1,8557,496.9957776381743
1,8558,347.35332932597163
1,8559,94.13236985745269
1,8560,271.7597695484443
1,8561,131.83708192228613
1,8562,315.7444943224224
1,8563,54.82119422076054
1,8564,285.95779960746916
1,8565,305.1515682001127
1,8566,200.25612844366074
1,8567,366.73660233384203
1,8568,350.19728432033946
1,8569,70.61711487098609
1,8570,327.63604871456363
1,8571,308.5371964262971
1,8572,70.08228971821507
1,8573,322.0139620603037
1,8574,315.3299191567475
1,8575,215.1364555475753
1,8576,260.87839256190597
1,8577,133.21693241751288
1,8578,107.95509018706593
1,8579,276.1349550776413
1,8580,116.6933022128061
1,8581,314.8426637312251
1,8582,50.3683743235601
1,8583,309.4199510445554
1,8584,53.642477221879474
1,8585,302.2121125236209
1,8586,280.08948636202433
1,8587,57.01290267991295
1,8588,291.2636709740611
1,8589,42.85987586103563
1,8590,281.50966580027523
1,8591,48.942636610611416
1,8592,208.10991427483108
1,8593,267.1593442408015
1,8594,151.77276085613957
1,8595,55.17366855998732
1,8596,286.050070779802
1,8597,244.00629263730252
1,8598,219.4740366409231
1,8599,361.1509338542708
1,8600,291.88337035869256
1,8601,54.73505285807592
1,8602,314.76757399815017
1,8603,270.8357884850111
1,8604,193.32375895532778
1,8605,214.85344578355435
1,8606,46.18965403923664
1,8607,304.10306680151825
1,8608,284.13873610438037
1,8609,351.58643339584063
1,8610,19.8610161929279
1,8611,331.3003324707421
1,8612,330.3017942715056
1,8613,53.62052193702726
1,8614,146.18614440157506
1,8615,375.0071312943807
1,8616,56.72005613184898
1,8617,297.1661430985422
1,8618,52.974695331601694
1,8619,174.9342223543851
1,8620,64.04060334521265
1,8621,304.7747924567869
1,8622,291.7996456909206
1,8623,77.74366657971416
1,8624,190.48976514981425
1,8625,102.68730786388873
1,8626,241.11290405301338
1,8627,288.70578162382213
1,8628,285.5680051031178
1,8629,141.2005866122678
1,8630,287.56138750395155
1,8631,51.117530636600335
1,8632,280.36218864881744
1,8633,280.4693490857762
1,8634,43.46116321477707
1,8635,280.56171511361293
1,8636,186.22465418325942
1,8637,272.1680601887298
1,8638,47.91990685576988
1,8639,319.4641636173628
1,8640,290.16147849719033
1,8641,47.99351451752228
1,8642,43.12719708959867
1,8643,323.2204314462219
1,8644,48.10429958590992
1,8645,187.7245028960479
1,8646,295.1241518910045
1,8647,217.8500617132076
1,8648,536.9545794448279
1,8649,286.1005998783519
1,8650,301.1529668217088
1,8651,365.4573871954776
1,8652,411.3064129076171
1,8653,73.57448472175855
1,8654,57.82197408966304
1,8655,318.33670529303635
1,8656,330.9776424015922
1,8657,76.97920289033176
1,8658,292.17680389652025
1,8659,54.603956613742284
1,8660,338.75138834114034
1,8661,321.7274495716765
1,8662,52.03612242436766
1,8663,220.53196428842242
1,8664,73.83488431943479
1,8665,295.4725903018678
1,8666,327.34491558496563
1,8667,73.36458087889615
1,8668,300.07529002685374
1,8669,200.99986542797564
1,8670,319.1265291187574
1,8671,37.05977539205428
1,8672,283.9346621025328
1,8673,346.93536401488393
1,8674,294.673766969388
1,8675,150.74004564118223
1,8676,46.314510079476015
1,8677,216.9467499915216
1,8678,302.347558106562
1,8679,89.60985072288264
1,8680,321.4198689429985
1,8681,310.3915074560497
1,8682,345.65394238245955
1,8683,50.548183488257905
1,8684,234.80102650095904
1,8685,318.15137887257424
1,8686,295.1831053398962
1,8687,214.2718015100777
1,8688,319.3729511774105
1,8689,66.23228185037165
1,8690,124.44575226417652
1,8691,275.3848200019706
1,8692,66.81897890072432
1,8693,274.7435587354284
1,8694,69.40975553881762
1,8695,332.7297203711409
1,8696,70.50458085047094
1,8697,240.01477285697302
1,8698,124.16131590359436
1,8699,107.28475166797213
1,8700,262.88159426484833
1,8701,31.806167829172274
1,8702,119.92446294860561
1,8703,49.4101826348313
1,8704,217.6847095071625
1,8705,46.57097024332067
1,8706,223.19821808069293
1,8707,52.86368497803063
1,8708,276.7455047256437
1,8709,177.2884288550128
1,8710,47.666457376906436
1,8711,118.07691414942354
1,8712,258.3241960614773
1,8713,189.9072463661143
1,8714,76.79355725030547
1,8715,332.54717949167014
1,8716,36.81881948619399
1,8717,319.8830289671725
1,8718,275.8383841175168
1,8719,52.651314570174165
1,8720,230.84232697774758
1,8721,51.12903386831261
1,8722,81.96505453762376
1,8723,300.8777288833531
1,8724,49.1675095512479
1,8725,46.96289517118565
1,8726,290.67362289860813
1,8727,52.02357261908146
1,8728,268.3005943161276
1,8729,89.35551305050382
1,8730,52.00028909559728
1,8731,300.2158554194322
1,8732,293.1200194254708
1,8733,288.32630131627735
1,8734,241.94568973387214
1,8735,229.62849190194376
1,8736,304.64102944447484
1,8737,48.090061170836215
1,8738,295.0774710023024
1,8739,324.6940797645891
1,8740,34.897272286817
1,8741,294.23272268286917
1,8742,266.47087165455014
1,8743,286.9407557778393
1,8744,125.36461943775211
1,8745,257.0284469649583
1,8746,207.57731028265104
1,8747,271.8693615018553
1,8748,273.74099830093456
1,8749,96.7768968893185
1,8750,231.02988603367402
1,8751,29.436623057861674
1,8752,241.7948584350221
1,8753,35.304216578183116
1,8754,133.45209056339726
1,8755,261.3003953001435
1,8756,137.04818302323372
1,8757,258.0566299045317
1,8758,64.92053461009789
1,8759,149.54756020715297
1,8760,93.37224704049618
1,8761,246.19371058968278
1,8762,73.89604846649172
1,8763,238.39265227166933
1,8764,67.97191667164952
1,8765,288.5335758425689
1,8766,228.3349139184486
1,8767,49.51733172431838
1,8768,136.3233698714173
1,8769,262.0252017137336
1,8770,190.3660232900255
1,8771,90.03182233304878
1,8772,244.5375856393
1,8773,67.43919634725738
1,8774,281.45844823806664
1,8775,273.16116340514213
1,8776,52.36044866167903
1,8777,102.60512228455661
1,8778,230.0343617169254
1,8779,48.673429584722726
1,8780,279.39704731426923
1,8781,48.98856166708506
1,8782,311.70397942531133
1,8783,311.93731763236474
1,8784,48.686777950711026
1,8785,243.4524256921457
1,8786,265.839991251874
1,8787,51.67097812872372
1,8788,236.45553368252067
1,8789,55.3262636756845
1,8790,79.63174320203967
1,8791,303.4671378548717
1,8792,49.16967865678734
1,8793,51.363113065959
1,8794,287.849038583869
1,8795,48.463913812274455
1,8796,252.09742891621238
1,8797,88.74868289852986
1,8798,50.79067684820818
1,8799,293.49833321049425
1,8800,323.42747111296933
1,8801,36.90433781878906
1,8802,297.34497686735034
1,8803,306.10253006403997
1,8804,28.550849830455732
1,8805,272.2791070736678
1,8806,282.0936536182757
1,8807,291.50878459407625
1,8808,298.90674138855184
1,8809,241.14663753371423
1,8810,211.77713313629343
1,8811,299.9297448456476
1,8812,50.43827672875264
1,8813,291.94454814181563
1,8814,47.48740381143696
1,8815,55.456027791937856
1,8816,244.2470934186531
1,8817,35.80729035435967
1,8818,119.39765951728145
1,8819,262.30000352125353
1,8820,204.83551650420685
1,8821,219.06603131034382
1,8822,100.03443755085353
1,8823,92.86378706543121
1,8824,260.8635669171454
1,8825,121.61668436496586
1,8826,109.35587538844146
1,8827,295.38891044415834
1,8828,45.758950190051856
1,8829,66.29902573494073
1,8830,268.23827654676995
1,8831,380.90660177682474
1,8832,293.84825386934494
1,8833,61.64581264062238
1,8834,318.6392016180173
1,8835,96.57700358344039
1,8836,353.2788484636543
1,8837,284.33991194795294
1,8838,376.888238847702
1,8839,154.16675645767583
1,8840,315.59763230900137
1,8841,49.33196889663132
1,8842,246.52474142573647
1,8843,271.12609883319817
1,8844,61.92540357553575
1,8845,309.01784000116453
1,8846,67.70030482397736
1,8847,114.69619375962361
1,8848,404.83973264891324
1,8849,312.0984727733162
1,8850,226.88804547673163
1,8851,67.20452593993238
1,8852,308.9835361925825
1,8853,179.99793303379462
1,8854,43.55426415711492
1,8855,313.2442900507431
1,8856,311.5197400601317
1,8857,50.10533450243813
1,8858,362.96492538605844
1,8859,49.005416608391364
1,8860,297.13144778839376
1,8861,34.37434884049178
1,8862,293.1485660882112
1,8863,179.632969514594
1,8864,214.07976112192338
1,8865,284.6228011551375
1,8866,98.96217019910193
1,8867,188.56519799544125
1,8868,34.868666729161575
1,8869,312.3933775737505
1,8870,48.03426899904427
1,8871,185.82035235915714
1,8872,53.38866931208225
1,8873,186.25885166305505
1,8874,289.29809791377
1,8875,35.563384360860596
1,8876,264.2226762821281
1,8877,294.0255614678779
1,8878,22.405950241406437
1,8879,292.0822074247893
1,8880,47.763858022417025
1,8881,30.565749671533773
1,8882,391.5981980995746
1,8883,48.33489125400537
1,8884,39.734426106706195
1,8885,251.99202008079303
1,8886,265.8418778290452
1,8887,49.263777999721164
1,8888,267.60650773636326
1,8889,258.0406961742723
1,8890,247.70937815060998
1,8891,298.6316883900655
1,8892,67.42292648968127
1,8893,343.09557230581936
1,8894,78.05568231581248
1,8895,223.0846199231247
1,8896,378.6371965767596
1,8897,276.9080646338118
1,8898,67.871788391508
1,8899,318.96589384372817
1,8900,125.8684658028989
1,8901,77.47362154333791
1,8902,169.76410538873523
1,8903,381.6052510746093
1,8904,67.99533009579937
1,8905,265.69492210370413
1,8906,287.0341039077718
1,8907,70.35036060565267
1,8908,117.29726551560512
1,8909,216.11568401428252
1,8910,277.97894526989137
1,8911,73.78779766720898
1,8912,206.3980589345109
1,8913,277.0036892621788
1,8914,44.951568227695816
1,8915,60.44227174446158
1,8916,294.29762045296593
1,8917,296.505999250251
1,8918,37.24816925885092
1,8919,71.14404983907572
1,8920,102.26312553220458
1,8921,191.28890461104075
1,8922,43.6767191460857
1,8923,131.64761801872191
1,8924,224.214441544573
1,8925,41.59258601953691
1,8926,49.55145571100847
1,8927,237.79193642611602
1,8928,319.9129999658162
1,8929,227.0146751984273
1,8930,348.094659107191
1,8931,72.83320996725283
1,8932,223.39070180167238
1,8933,323.45694435245014
1,8934,49.97316840174228
1,8935,315.9999963269531
1,8936,43.18360891557452
1,8937,184.8010116680424
1,8938,302.88521541485943
1,8939,105.93767006151967
1,8940,289.87472148821803
1,8941,71.3728832355902
1,8942,309.0688446588107
1,8943,286.19715150559193
1,8944,51.55505685242643
1,8945,168.32528083317547
1,8946,233.41038030353
1,8947,50.97485450114673
1,8948,320.58485389465767
1,8949,53.283684070945014
1,8950,267.16070681012513
1,8951,244.2127659247979
1,8952,294.2063768966369
1,8953,434.590084911731
1,8954,44.69556145547475
1,8955,264.864199230563
1,8956,183.29313671094008
1,8957,316.1721933420716
1,8958,258.91882199490544
1,8959,105.08250922845653
1,8960,277.97697161233407
1,8961,43.46412515657712
1,8962,276.9989688399602
1,8963,52.09475459822997
1,8964,333.3221479386266
1,8965,281.6045877602214
1,8966,35.500203384133656
1,8967,307.9911508313444
1,8968,57.06034658899371
1,8969,265.0145825810028
1,8970,49.324946415401
1,8971,317.9677089912009
1,8972,303.78191779275437
1,8973,34.94521318530106
1,8974,283.3325015473987
1,8975,245.03092140536512
1,8976,307.0279247660018
1,8977,38.07782678684748
1,8978,258.38781326716054
1,8979,38.92288449039352
1,8980,243.5378833963078
1,8981,51.496016639064884
1,8982,248.15831016089572
1,8983,440.5563118481196
1,8984,44.878259287998546
1,8985,271.1809276449393
1,8986,283.3747950854699
1,8987,329.07636353646484
1,8988,52.09687004011815
1,8989,314.58564543877674
1,8990,275.36978466797643
1,8991,65.38734026265286
1,8992,116.03438126015975
1,8993,346.1282424101493
1,8994,525.9964237973431
1,8995,51.50345868186873
1,8996,269.89067039662376
1,8997,243.543141238141
1,8998,295.5506816041101
1,8999,70.29117491875076
1,9000,262.84189033308826
1,9001,302.60642904090855
1,9002,158.19105999966968
1,9003,340.59261338867157
1,9004,300.16738792920177
1,9005,194.23911792062702
1,9006,299.21876049569426
1,9007,63.31181771361852
1,9008,256.44673875865277
1,9009,93.60965543061681
1,9010,62.107779355609566
1,9011,204.8718980677865
1,9012,131.24236387296054
1,9013,231.75648086673607
1,9014,273.91475879992385
1,9015,293.74080878260196
1,9016,294.60231832110384
1,9017,65.51046054566748
1,9018,352.6531630692856
1,9019,42.55266647460435
1,9020,164.9259006911949
1,9021,40.430070257630206
1,9022,29.96324629936138
1,9023,232.98485209865768
1,9024,226.29035905304795
1,9025,43.508584954614605
1,9026,256.3913596479644
1,9027,66.77947769610921
1,9028,195.6740971835917
1,9029,348.3921280676169
1,9030,273.19614261545144
1,9031,123.7206800627258
1,9032,60.44361080044865
1,9033,353.1531457313814
1,9034,242.14737624526617
1,9035,278.6037126200359
1,9036,45.55249974002655
1,9037,335.9692946311089
1,9038,249.53832344427906
1,9039,222.61828607557294
1,9040,155.4338473370231
1,9041,206.5519884716211
1,9042,252.41481028480956
1,9043,230.4787139532284
1,9044,108.88867802115385
1,9045,267.88975076300216
1,9046,258.14217994519464
1,9047,39.245845393821945
1,9048,139.46954241531142
1,9049,216.0934457427776
1,9050,230.40250037772364
1,9051,290.6175154497801
1,9052,175.5196257142234
1,9053,61.844421014610745
1,9054,249.11717215322324
1,9055,47.29864770514326
1,9056,50.794809845228286
1,9057,209.43631358345579
1,9058,36.68453283331395
1,9059,260.0535968540939
1,9060,238.3797288601811
1,9061,39.537364778895444
1,9062,144.3771635433531
1,9063,257.56038339452965
1,9064,66.1460205297394
1,9065,212.0041801961586
1,9066,82.13957770813917
1,9067,229.9094013361512
1,9068,88.65728718444069
1,9069,370.5747598323266
1,9070,187.50228959033547
1,9071,60.64111774685341
1,9072,271.52960813948056
1,9073,254.80631710204682
1,9074,39.173436479909796
1,9075,60.480378136240475
1,9076,232.69463071285054
1,9077,156.20370845251972
1,9078,253.0562548764349
1,9079,233.05148712871886
1,9080,226.2594985952873
1,9081,280.4048774575494
1,9082,186.10790743847195
1,9083,35.336234385354416
1,9084,171.2712314955257
1,9085,249.32696531526
1,9086,312.29388144774475
1,9087,160.12384875679587
1,9088,273.5605532606199
1,9089,244.2409532838763
1,9090,46.26320133138638
1,9091,112.0699784447668
1,9092,28.35862358651114
1,9093,74.73342384733417
1,9094,345.7469815229376
1,9095,309.37622209320506
1,9096,206.15974309977958
1,9097,50.14144969398805
1,9098,102.66788597954366
1,9099,42.38424867217496
1,9100,311.48052839878613
1,9101,44.193783120916834
1,9102,166.19815548981273
1,9103,239.1243909908086
1,9104,246.6432243466151
1,9105,162.81169304367785
1,9106,325.8116324277616
1,9107,303.1693686304906
1,9108,47.05444247514953
1,9109,32.49497711096423
1,9110,293.1161428751581
1,9111,50.14095623396217
1,9112,52.13464496490496
1,9113,228.42498962951439
1,9114,31.08805235509176
1,9115,404.9418762357401
1,9116,48.69617229429366
1,9117,272.0982332314408
1,9118,219.01004648939394
1,9119,250.185215231899
1,9120,81.87889473059386
1,9121,250.6139155431892
1,9122,15.330960429174228
1,9123,327.85370057736293
1,9124,91.6275826551495
1,9125,179.2638454347427
1,9126,140.72732047029635
1,9127,73.24726321346564
1,9128,373.61084837617483
1,9129,41.71655816725808
1,9130,120.28129431431745
1,9131,258.8236167224576
1,9132,85.85593514610727
1,9133,372.08051200669456
1,9134,39.74920177178272
1,9135,262.68064029815935
1,9136,247.75963188198665
1,9137,140.94086910752924
1,9138,172.62733204031278
1,9139,353.3301498644773
1,9140,204.5145677985126
1,9141,89.34453277864367
1,9142,250.9831710962622
1,9143,262.0425964902179
1,9144,62.58117038434345
1,9145,207.3284403816677
1,9146,63.53931207929472
1,9147,289.84227318059607
1,9148,272.91997299405887
1,9149,112.7786093362903
1,9150,374.864780747008
1,9151,123.43959128812762
1,9152,328.0139531114852
1,9153,317.3433798384932
1,9154,362.4904476759175
1,9155,284.532799279217
1,9156,68.0787723161443
1,9157,100.56888816562426
1,9158,225.22436771884202
1,9159,239.79362729782065
1,9160,71.69680021713093
1,9161,239.3349920559466
1,9162,95.85713260423069
1,9163,317.1702158426873
1,9164,248.54049018530537
1,9165,209.23172281954004
1,9166,59.57866162176772
1,9167,28.41247515941161
1,9168,320.002911711979
1,9169,255.62358401548948
1,9170,40.76089472573014
1,9171,277.11089565713917
1,9172,70.36178023491506
1,9173,346.52693675825435
1,9174,291.7228550134599
1,9175,33.93204096561701
1,9176,259.53472701938273
1,9177,145.7305539248644
1,9178,254.0618590824514
1,9179,49.5370613915787
1,9180,259.4566439076574
1,9181,50.41567854679884
1,9182,417.7407280383199
1,9183,39.20936825438615
1,9184,187.49586491618143
1,9185,194.73575449234391
1,9186,115.41980434606694
1,9187,210.8990811256307
1,9188,296.9958628238552
1,9189,44.949603942640096
1,9190,331.0892064263032
1,9191,153.70881711359664
1,9192,298.47542558608734
1,9193,247.5391195521795
1,9194,103.02591014853476
1,9195,155.34873364214644
1,9196,93.20728665632343
1,9197,304.58530902327044
1,9198,354.88862491554937
1,9199,51.791917626531394
1,9200,256.4597524223802
1,9201,37.825445052459685
1,9202,75.63875674074893
1,9203,343.82423976228654
1,9204,106.15714308971113
1,9205,94.58778123906305
1,9206,88.23677613730857
1,9207,135.75701833809597
1,9208,222.5488971509462
1,9209,40.188517728660784
1,9210,273.0105292015455
1,9211,71.27208590533878
1,9212,370.8317302306132
1,9213,47.100253502008314
1,9214,80.62764253892855
1,9215,83.29488859422726
1,9216,40.81921344342294
1,9217,109.78815922878334
1,9218,52.551161710301116
1,9219,78.52075036906922
1,9220,250.99891320480222
1,9221,48.37801467815527
1,9222,281.01204989248436
1,9223,307.42222442332667
1,9224,99.24370287848538
1,9225,64.36153024398924
1,9226,290.7421004624127
1,9227,275.07830820074867
1,9228,36.42144050882576
1,9229,290.44097679932065
1,9230,36.5558501992217
1,9231,273.55754933277717
1,9232,50.228900090203
1,9233,109.43500507206873
1,9234,379.07624874483196
1,9235,319.88623127907306
1,9236,47.41315941092179
1,9237,198.32521253072582
1,9238,98.67942225740299
1,9239,286.27420890978175
1,9240,41.74355101236918
1,9241,266.6774958031106
1,9242,49.90052534169733
1,9243,260.26404990887715
1,9244,48.453760951558024
1,9245,218.43524164364067
1,9246,176.16114322610227
1,9247,333.9167811685759
1,9248,299.3125861982295
1,9249,68.99975821882384
1,9250,225.13725355583665
1,9251,247.81638940048975
1,9252,274.062730126279
1,9253,331.0425317039394
1,9254,137.97069697642542
1,9255,329.01792091728925
1,9256,68.25778117590208
1,9257,381.17974058962454
1,9258,64.84607973166649
1,9259,360.4591462648983
1,9260,68.5800102042098
1,9261,278.7326117642416
1,9262,65.67028091341754
1,9263,87.17712870093739
1,9264,261.34342482752453
1,9265,57.65203416692487
1,9266,69.67346932715196
1,9267,87.76129095407688
1,9268,176.51456918776182
1,9269,48.74374359849227
1,9270,101.75764611623617
1,9271,43.053556120176424
1,9272,264.97495108367076
1,9273,98.11246066700824
1,9274,88.02172562152589
1,9275,307.85516753038473
1,9276,97.44895576803464
1,9277,50.36278209013389
1,9278,285.44671024346326
1,9279,262.5017438570273
1,9280,60.735731333464656
1,9281,111.77583917830731
1,9282,40.97523846052353
1,9283,250.33185691643774
1,9284,204.887755086846
1,9285,101.3103937757999
1,9286,346.6639289737867
1,9287,50.30592536914214
1,9288,66.3489352992263
1,9289,341.5191058939869
1,9290,265.0788280981936
1,9291,61.95424467559155
1,9292,247.69092916955944
1,9293,53.91427237666198
1,9294,235.47289165479918
1,9295,47.88950722274879
1,9296,310.60205467990227
1,9297,312.5058735683659
1,9298,45.585759112545475
1,9299,318.13958916401543
1,9300,45.513702847591446
1,9301,215.9256672068697
1,9302,284.3144853837406
1,9303,361.4652238085531
1,9304,52.50317252497668
1,9305,232.47260390974736
1,9306,139.7499550772691
1,9307,43.13873711497106
1,9308,293.45364366996563
1,9309,50.31920691278778
1,9310,288.94464887046104
1,9311,52.3193437396459
1,9312,285.66448608580424
1,9313,101.03473971380902
1,9314,20.217155635583474
1,9315,288.9507023368533
1,9316,305.42197488941736
1,9317,247.25385601189052
1,9318,36.9482564922049
1,9319,67.88150554923331
1,9320,283.6495817876829
1,9321,260.2398952337984
1,9322,57.99393234832549
1,9323,271.8879117197581
1,9324,107.08935947742923
1,9325,105.29643935849299
1,9326,468.13421359273224
1,9327,87.99131673646983
1,9328,45.25752168658536
1,9329,284.69030551887545
1,9330,192.13333255932912
1,9331,317.986779764667
1,9332,49.98649379060045
1,9333,277.0092216245605
1,9334,143.18346023162138
1,9335,301.3484219900545
1,9336,47.87108324142858
1,9337,270.16658790676513
1,9338,294.3506386059257
1,9339,351.28897552202034
1,9340,328.4017050988747
1,9341,307.31522998136194
1,9342,73.62141414879048
1,9343,112.2433059873322
1,9344,81.88888629114768
1,9345,213.15995897817675
1,9346,145.2025288856666
1,9347,289.9767166930326
1,9348,55.00866375023814
1,9349,249.63516081389082
1,9350,85.41593390109666
1,9351,289.10478505087616
1,9352,68.89747329808324
1,9353,256.8773134093409
1,9354,235.64872406573832
1,9355,70.24961314365206
1,9356,324.38997914905747
1,9357,225.97787549413363
1,9358,244.32758319672274
1,9359,322.5105615349307
1,9360,47.57622990290851
1,9361,289.3569974049768
1,9362,312.39221518558446
1,9363,212.99638149232752
1,9364,434.3740256520623
1,9365,106.08816290107663
1,9366,291.0215973531598
1,9367,42.54569934019068
1,9368,252.54107287577358
1,9369,230.81052016232707
1,9370,119.71866932287682
1,9371,56.050479272112014
1,9372,266.4923550765933
1,9373,258.17600300239496
1,9374,250.34179784884572
1,9375,232.17174250583068
1,9376,31.778705113090574
1,9377,280.61352459977616
1,9378,246.88920420163285
1,9379,35.31102053738019
1,9380,286.48307779837205
1,9381,285.537567533814
1,9382,198.1472472108482
1,9383,182.3758106543579
1,9384,297.27136183847614
1,9385,327.7599008496766
1,9386,128.19347261930534
1,9387,30.885815662186936
1,9388,361.6647038035155
1,9389,48.679488804293975
1,9390,354.2193009429532
1,9391,45.91485329003894
1,9392,306.8576004200987
1,9393,46.86434777541862
1,9394,59.61140755647256
1,9395,280.9715685481066
1,9396,285.66786667567203
1,9397,49.82214246308011
1,9398,175.80118015079626
1,9399,34.11589624716262
1,9400,241.52918473878447
1,9401,84.69088016365566
1,9402,104.74296334177069
1,9403,127.0593217841778
1,9404,234.6037069313275
1,9405,337.021262457871
1,9406,55.827137471461654
1,9407,53.81308127159686
1,9408,73.64032523252153
1,9409,306.36746127475044
1,9410,37.58482809237749
1,9411,263.0855207938247
1,9412,133.1619625314548
1,9413,305.3751144523035
1,9414,64.00850518182897
1,9415,256.4582101413175
1,9416,196.01426979355807
1,9417,375.51309169401827
1,9418,99.57652138481154
1,9419,49.4303336240809
1,9420,322.42721962668435
1,9421,124.35952486322958
1,9422,372.5462745947629
1,9423,237.0391679373182
1,9424,195.90806879050416
