subtaskID,datapointID,answer
1,0,221.65243904476395
1,1,52.56205304181394
1,2,262.31908767656864
1,3,14.14368528974129
1,4,396.9729438507783
1,5,32.260236822211596
1,6,343.19580522961684
1,7,237.9887951898487
1,8,275.5987181498314
1,9,248.07845495953654
1,10,217.0294173284902
1,11,32.51932791854599
1,12,200.52523067717317
1,13,234.77079808531778
1,14,37.448540829185404
1,15,230.9971860590378
1,16,125.00875777496273
1,17,138.7000406943253
1,18,300.7994180819698
1,19,398.9478050108067
1,20,41.46884138252062
1,21,124.08647490602637
1,22,266.3270853506077
1,23,190.6810740624015
1,24,236.4807367505311
1,25,28.089109782538173
1,26,196.59005196033854
1,27,118.38660567959943
1,28,32.78523843581809
1,29,27.90421789025931
1,30,270.47931463462703
1,31,32.248599895205146
1,32,170.56372688375734
1,33,308.87706278069885
1,34,26.052489104227284
1,35,263.3375372352345
1,36,30.595866468802722
1,37,322.73914580127337
1,38,58.99151505061974
1,39,227.89515070277344
1,40,32.75801366833247
1,41,310.26862472724133
1,42,113.49145788460524
1,43,206.48392676071472
1,44,276.21662502741407
1,45,30.252485885118446
1,46,153.69276958787339
1,47,262.82392612396757
1,48,60.15288768235884
1,49,189.9540861985824
1,50,93.37586851242452
1,51,252.29429566338655
1,52,237.8385740754195
1,53,30.38078564450678
1,54,240.2212126477108
1,55,144.24763450973404
1,56,203.6678982873085
1,57,246.4350946297854
1,58,60.106738345724665
1,59,338.50259396866215
1,60,34.567759776751956
1,61,192.71041380838926
1,62,30.633930188453007
1,63,289.8975116439426
1,64,194.70272851339791
1,65,246.95255335147178
1,66,30.981599931502256
1,67,223.2714532869462
1,68,121.68530459041514
1,69,288.9381776118124
1,70,34.07614462994104
1,71,337.07048227195287
1,72,31.216107599341676
1,73,278.5915734840179
1,74,256.690575332086
1,75,290.591001949216
1,76,208.05714755867814
1,77,84.27632058786037
1,78,30.546813085611873
1,79,263.1041618767234
1,80,35.64989375850226
1,81,345.07967089420725
1,82,185.50704148875917
1,83,241.06560276587766
1,84,31.459427540894936
1,85,271.63535912546956
1,86,98.09032395382974
1,87,130.06144979354485
1,88,257.97758991802357
1,89,244.00342385243636
1,90,415.1345018513901
1,91,31.29046311539641
1,92,100.88353694350047
1,93,286.85108780308735
1,94,267.3063082035797
1,95,374.1059460567981
1,96,342.40801735394393
1,97,311.95806767889303
1,98,293.39264443582823
1,99,40.20661149772957
1,100,292.13224238316997
1,101,42.18943837368715
1,102,320.0583460905756
1,103,201.8353898360157
1,104,289.55718063349883
1,105,80.10497665300625
1,106,190.89020521373882
1,107,266.0777836450154
1,108,40.693901588858495
1,109,236.2937968457901
1,110,304.1556019430951
1,111,54.29754661426037
1,112,294.1037253926854
1,113,45.06629104767873
1,114,132.17043196823718
1,115,267.3849589529905
1,116,334.2204991227583
1,117,304.27051516637437
1,118,150.3989567004379
1,119,31.86545666424933
1,120,95.43727922750176
1,121,34.11301379969272
1,122,217.6645161401629
1,123,287.68721331887923
1,124,272.4671552069742
1,125,127.66140469701637
1,126,337.11196278699947
1,127,36.28134269647039
1,128,205.00473057566984
1,129,141.08392074220308
1,130,272.21055877210557
1,131,36.36686219312338
1,132,234.250448670815
1,133,39.604734830178586
1,134,166.91539582267208
1,135,29.869017940024207
1,136,274.7961528470324
1,137,271.83971329728286
1,138,300.94959898251955
1,139,327.75881322944423
1,140,283.2754109589114
1,141,201.12731394049072
1,142,97.76030625033971
1,143,265.5540123195271
1,144,357.8165660979467
1,145,329.55772421126665
1,146,35.61622110507095
1,147,322.51296228426577
1,148,30.762495647405373
1,149,317.7465025657174
1,150,249.16242956717872
1,151,37.438454250888654
1,152,236.25304812810384
1,153,323.94961483721397
1,154,194.43304130936355
1,155,308.9861175209786
1,156,330.9909279911354
1,157,329.6367923128347
1,158,326.3237440832512
1,159,128.58077236724793
1,160,141.85130257488487
1,161,324.67258226671333
1,162,203.61911644408013
1,163,233.76442970997093
1,164,212.7736487783112
1,165,103.30583031032255
1,166,281.2338137761522
1,167,40.176210703900324
1,168,294.6601055022588
1,169,258.2312463179351
1,170,280.26374196351543
1,171,325.19559728839886
1,172,323.2219028845662
1,173,42.003863627257154
1,174,248.56424287838743
1,175,92.32685994752718
1,176,292.1618627243609
1,177,44.2456596088858
1,178,278.2158880116277
1,179,79.62974347707737
1,180,297.08403407452664
1,181,238.5939921385649
1,182,51.91248405518863
1,183,333.567730937884
1,184,252.44095696840435
1,185,290.59528755526367
1,186,303.94515337843825
1,187,305.74291307284943
1,188,43.97133562633043
1,189,279.9708707067758
1,190,38.820748900614014
1,191,262.849079107941
1,192,307.93547738096083
1,193,34.61045862845994
1,194,168.2681628736064
1,195,266.85459745570085
1,196,49.528540354202946
1,197,185.05486344232796
1,198,36.33722648516312
1,199,372.0008265577169
1,200,36.07402238741532
1,201,273.4842387277405
1,202,76.41391997897841
1,203,364.4615632298949
1,204,45.36356590147602
1,205,160.98632759942757
1,206,339.2540641535479
1,207,329.16579548274444
1,208,39.638469691486854
1,209,36.67842468883839
1,210,304.0587172190859
1,211,35.69912981508008
1,212,266.63282454500404
1,213,35.58390518683186
1,214,110.05726454454648
1,215,345.2406009770348
1,216,46.97142071285785
1,217,399.13183969284364
1,218,40.67979738722881
1,219,291.61181259904527
1,220,126.48101917098646
1,221,237.94406955190834
1,222,245.89267239694396
1,223,281.51854929936155
1,224,106.41924030552497
1,225,218.54932987572153
1,226,330.6527441957216
1,227,36.73405480120104
1,228,242.15642404071963
1,229,238.9463935414953
1,230,275.10813421835326
1,231,127.08487996659903
1,232,63.75520648597856
1,233,278.17451153753564
1,234,248.60049334899753
1,235,31.195759627058628
1,236,182.62155267088
1,237,199.75056825248402
1,238,277.9025139513282
1,239,131.44317008012348
1,240,38.181183303585584
1,241,314.1520041684513
1,242,127.70089945591951
1,243,245.4560892294641
1,244,251.73929586099018
1,245,287.03486918960334
1,246,200.17221420405065
1,247,337.9226220485786
1,248,107.21586543709665
1,249,176.27773063000222
1,250,37.08091402709911
1,251,222.71983544092217
1,252,37.06151819885204
1,253,246.81264665955428
1,254,38.08912444921818
1,255,37.02658110475884
1,256,286.7469830025716
1,257,274.24240293487765
1,258,243.96533184606236
1,259,395.3166870648663
1,260,130.45856582352803
1,261,303.3316525749776
1,262,36.0236428855779
1,263,276.04074716964556
1,264,81.10273535145961
1,265,240.42366789471677
1,266,253.7942367651799
1,267,238.47837854963223
1,268,196.0644298308093
1,269,316.51324161088985
1,270,344.64733696097926
1,271,216.99362202028107
1,272,348.7976332495631
1,273,417.7129423253201
1,274,297.6533273449284
1,275,242.46794603092007
1,276,42.04326983915709
1,277,295.2190091120483
1,278,41.89089614176587
1,279,247.54591463191997
1,280,278.30681101471515
1,281,289.1303559325527
1,282,40.23531005928235
1,283,317.5019375913246
1,284,290.10291431605583
1,285,224.4105729011269
1,286,305.6417408495091
1,287,322.5445587590334
1,288,85.87087201373657
1,289,52.34083900098152
1,290,43.38276052190221
1,291,243.78987362975647
1,292,238.0293264197376
1,293,274.71509060134383
1,294,256.833230984038
1,295,359.7507493950268
1,296,281.68809772614907
1,297,214.0459370127266
1,298,311.8353795682699
1,299,34.756806143033835
1,300,262.9879815642552
1,301,274.4581102818686
1,302,301.1860149080027
1,303,283.450964661775
1,304,314.9765827673252
1,305,35.9567792986284
1,306,239.6648511058179
1,307,339.8074692239985
1,308,75.84295336668535
1,309,247.17454869815
1,310,410.6011714276128
1,311,382.4417944838877
1,312,382.26450379608957
1,313,330.88054641589366
1,314,76.49164750199459
1,315,330.75279885257044
1,316,295.197319288347
1,317,255.28587215527483
1,318,66.383215217838
1,319,224.12187258649212
1,320,260.8160790383588
1,321,323.60927060494026
1,322,306.08120292253005
1,323,36.025008378656906
1,324,325.3641139089177
1,325,40.450342690653486
1,326,327.7772219759737
1,327,363.6673145427461
1,328,371.21896597437467
1,329,36.19144450329634
1,330,30.393823808448914
1,331,284.61749440757035
1,332,36.56841130575603
1,333,274.9558044855344
1,334,202.87758065855115
1,335,311.6502168049573
1,336,154.0213222270857
1,337,315.44804155097677
1,338,169.31277386409383
1,339,251.6912407393204
1,340,40.74989294170813
1,341,135.85752502612462
1,342,301.0338505596812
1,343,100.73985371834368
1,344,218.10585153639715
1,345,251.04176563272716
1,346,118.9623174232366
1,347,41.22848386992933
1,348,330.4883614909859
1,349,317.7663907273021
1,350,253.66095827125275
1,351,131.878233591864
1,352,199.96602116249431
1,353,96.38406920869672
1,354,217.9851659344244
1,355,250.55564458839552
1,356,36.51161581583045
1,357,277.0826200756723
1,358,31.594147071589425
1,359,229.0826131894334
1,360,36.829852203443274
1,361,92.89271055217856
1,362,261.1547658660793
1,363,287.9274864175468
1,364,192.48144007357664
1,365,275.1487638966207
1,366,232.9120464724711
1,367,86.91184370871719
1,368,247.0760973007678
1,369,260.14941691840085
1,370,68.61151558557393
1,371,275.69981028675465
1,372,267.5507423403502
1,373,306.3532918316164
1,374,236.44953206962342
1,375,255.13499499590742
1,376,35.32741204622597
1,377,359.25444121548855
1,378,39.987048392272605
1,379,263.38586547988666
1,380,35.264329138425666
1,381,227.5481076211666
1,382,199.01333955430454
1,383,333.30942284957763
1,384,35.538564844796035
1,385,244.0761852017858
1,386,637.9480477484801
1,387,500.9633690116393
1,388,328.55956200675064
1,389,361.9433677924886
1,390,32.78681379672033
1,391,405.3941978008977
1,392,323.48614212352953
1,393,302.94303458879085
1,394,243.28401257627945
1,395,323.71434682387246
1,396,53.81727755951796
1,397,41.53172323582964
1,398,454.3143246267093
1,399,268.23365856816156
1,400,317.4487546420386
1,401,324.58713875963576
1,402,270.4549545897946
1,403,288.7868308353203
1,404,287.0669467390776
1,405,168.52484849065735
1,406,287.23241118104596
1,407,195.2538653430421
1,408,425.6908135806817
1,409,285.072597947973
1,410,274.32417516597684
1,411,309.43073883038136
1,412,38.8123129150641
1,413,281.5285179555703
1,414,284.3260264581378
1,415,291.52685134951093
1,416,431.95661946844507
1,417,185.71101438079162
1,418,223.85473569847997
1,419,282.36344551102036
1,420,25.662093438791597
1,421,117.30267862149468
1,422,283.7548161891723
1,423,327.393502674834
1,424,354.3736076007032
1,425,256.78407869624573
1,426,293.27691944125445
1,427,278.7165421525257
1,428,32.14911597930438
1,429,35.60492341059202
1,430,436.68158600924227
1,431,179.13817271326946
1,432,276.00493383079646
1,433,356.4327224903214
1,434,30.564775518909496
1,435,356.0371076407289
1,436,30.95925403418748
1,437,117.89333373496103
1,438,229.90075412378127
1,439,255.2885825657291
1,440,266.8893562466294
1,441,44.477135472463885
1,442,240.3137699041333
1,443,53.59408985930472
1,444,306.9691884241125
1,445,291.76443728387085
1,446,38.0195424934067
1,447,44.368456260180096
1,448,455.7957304501765
1,449,279.93781780060874
1,450,44.26432272862808
1,451,297.14499554627486
1,452,258.4986382646831
1,453,332.4373309602337
1,454,38.51960591731431
1,455,236.64620897479392
1,456,43.869557189763114
1,457,307.5629017932264
1,458,130.1291350133916
1,459,277.0366597139944
1,460,280.05870970032754
1,461,279.99415879254474
1,462,264.59197694383994
1,463,414.3824051639764
1,464,277.20475026710267
1,465,346.6195800042348
1,466,286.6460636663471
1,467,447.21354665937605
1,468,30.15095854689924
1,469,229.53416339674865
1,470,34.41290347928652
1,471,285.7355834541081
1,472,310.49813802759036
1,473,22.22874198419715
1,474,230.66301237144023
1,475,32.27344152056801
1,476,233.03729416598216
1,477,125.49295683257074
1,478,213.43301417394562
1,479,31.64715597508995
1,480,295.66153788140963
1,481,31.23951663769925
1,482,274.55946875587665
1,483,30.56598003262795
1,484,31.10074674814691
1,485,314.2360289783587
1,486,182.91104280559495
1,487,281.7205960715656
1,488,221.81897254029928
1,489,209.88809117509192
1,490,265.2269342220713
1,491,311.42202324159007
1,492,325.5777696823167
1,493,43.4373163430553
1,494,320.6255642161635
1,495,38.764766648661876
1,496,44.220234366668514
1,497,306.9132308890298
1,498,72.633735945464
1,499,318.0665581232313
1,500,297.63549938697497
1,501,43.10294970599839
1,502,275.46162698063404
1,503,284.56209693926286
1,504,38.28338926765959
1,505,231.0456834257024
1,506,38.69031190181462
1,507,329.96060347861453
1,508,297.2163288036633
1,509,282.2118172132101
1,510,306.46476378946323
1,511,182.7360190704327
1,512,250.92751260881573
1,513,267.45464433443226
1,514,225.73234951765656
1,515,282.0043864172326
1,516,285.25412526357354
1,517,183.97548461719418
1,518,12.078843428968709
1,519,151.94749054136912
1,520,229.87639065559728
1,521,280.86124311529386
1,522,35.91727156841999
1,523,184.26183080425793
1,524,301.80115142860154
1,525,31.421136392223055
1,526,280.62766598983796
1,527,68.94700566848336
1,528,303.39717357884837
1,529,268.3686216040981
1,530,122.47058661741335
1,531,31.50059062072673
1,532,233.85147613496576
1,533,35.49221296136137
1,534,282.10590158165803
1,535,230.29998835656778
1,536,231.76575156590187
1,537,311.72234737868996
1,538,82.80231189584796
1,539,280.27942206606997
1,540,430.55116932482747
1,541,306.3929389537685
1,542,285.6341426062287
1,543,77.26330047370658
1,544,246.32148221014558
1,545,286.6118992788776
1,546,294.5162243300923
1,547,267.35576163157674
1,548,38.50857864238344
1,549,248.88981627828554
1,550,232.12243975311765
1,551,37.94341188031934
1,552,272.5682592950594
1,553,39.231857719781615
1,554,38.57788462715716
1,555,277.14853365739793
1,556,166.57218595336522
1,557,29.593344683480083
1,558,33.53701663861004
1,559,169.5732902248709
1,560,124.69046211561928
1,561,30.139483063995485
1,562,253.4528719608425
1,563,235.72835031303413
1,564,30.01707419534401
1,565,269.63588019148216
1,566,19.337745313805293
1,567,30.063590116028873
1,568,261.6178665227832
1,569,31.603219657296634
1,570,259.41335653399085
1,571,414.89313857272225
1,572,121.72514129490276
1,573,326.93376245951583
1,574,31.688304720335168
1,575,251.74630605928695
1,576,228.22790475639994
1,577,436.77653956764004
1,578,186.94586048663922
1,579,272.31989853460124
1,580,308.428960109605
1,581,122.70992904129461
1,582,281.35312188781785
1,583,31.607403468450457
1,584,436.33606208488277
1,585,31.394106252281816
1,586,31.659454086744756
1,587,324.02264065974896
1,588,307.5806646246322
1,589,144.47091799165995
1,590,262.13417339509397
1,591,228.92793427886897
1,592,322.3712894878223
1,593,31.676453383352015
1,594,258.2095349883858
1,595,72.49949621693565
1,596,305.7909767354214
1,597,270.9468426176368
1,598,118.80597568800883
1,599,293.17834199867747
1,600,283.04898732305753
1,601,193.82958456781185
1,602,274.1406451916073
1,603,183.2601986141272
1,604,442.5920313528972
1,605,306.25954651856057
1,606,448.26734279782954
1,607,467.5713044944061
1,608,283.9814578864042
1,609,32.623065788466164
1,610,274.86882605608196
1,611,258.81223426640724
1,612,283.26728674767776
1,613,316.5815082770097
1,614,47.510124836428375
1,615,325.9574029093048
1,616,291.43723728072405
1,617,290.3638235487874
1,618,325.2948559173442
1,619,357.32149344835943
1,620,187.58042917635467
1,621,271.15906699105096
1,622,287.3876391512428
1,623,181.47329608665677
1,624,287.6917121732162
1,625,227.89522607708886
1,626,187.5097400577675
1,627,291.15622001555573
1,628,55.640970173070706
1,629,229.73051822178536
1,630,285.87427425583473
1,631,200.09503253687757
1,632,262.60463202316
1,633,40.735600475099986
1,634,34.71364057437306
1,635,61.59921927623153
1,636,99.04532841069607
1,637,247.90620958825346
1,638,237.85764046203707
1,639,39.08718755258683
1,640,242.43221167813746
1,641,42.955355153764785
1,642,280.71855434642623
1,643,221.46904964910485
1,644,214.4416804737093
1,645,18.064846532168612
1,646,249.12787395508383
1,647,35.54743782090936
1,648,264.2680179212739
1,649,30.501403328726948
1,650,219.60525684900892
1,651,26.413120840688535
1,652,245.93975128425058
1,653,204.96771929345155
1,654,236.56084098605072
1,655,241.21872088264473
1,656,68.3302145423914
1,657,144.1900912536577
1,658,35.42844510967148
1,659,269.93860917306273
1,660,321.39522977077394
1,661,17.616387978874755
1,662,240.160132883053
1,663,62.50782203516654
1,664,44.105699304704814
1,665,133.33110350685445
1,666,31.70770121073695
1,667,163.50980662236626
1,668,32.75735534495012
1,669,264.1959149573439
1,670,36.25664772557373
1,671,243.56246404253756
1,672,183.30208834290062
1,673,279.0098658936273
1,674,32.54233077433052
1,675,243.54846138996413
1,676,147.2523542297667
1,677,274.335264755475
1,678,62.909964572849454
1,679,240.88713357550512
1,680,36.72942495880731
1,681,63.004919063511075
1,682,276.3834485641212
1,683,95.2429601666199
1,684,267.71849835274446
1,685,119.0788996629149
1,686,37.246106600073745
1,687,235.68705201988192
1,688,279.00341526022385
1,689,259.5343350922715
1,690,356.5890155324977
1,691,196.8013163558088
1,692,33.695595420234625
1,693,206.72196341816334
1,694,279.58941719413053
1,695,336.5517128392368
1,696,254.6851613718147
1,697,33.44251077709933
1,698,255.09830710710708
1,699,34.178503634754534
1,700,252.80439884590123
1,701,219.1118676555232
1,702,25.08079833229494
1,703,311.72766540432224
1,704,33.40433743818497
1,705,290.07853688828936
1,706,845.7904313000479
1,707,343.72153906699003
1,708,174.82082051258456
1,709,328.17953139610614
1,710,232.73701178361176
1,711,197.59204479280038
1,712,330.17133629864253
1,713,161.37927138196486
1,714,243.1865632448368
1,715,40.1656170346407
1,716,182.3901489898689
1,717,173.91821728765618
1,718,334.2471383409934
1,719,304.0906205085301
1,720,38.484265291146855
1,721,320.0791841162748
1,722,232.04725903283625
1,723,51.83535380004689
1,724,271.6457921349316
1,725,287.21843180656913
1,726,37.49273317247052
1,727,243.89665017624375
1,728,314.69294197829083
1,729,33.3117810878946
1,730,299.96895175419843
1,731,339.5016335875063
1,732,333.5428342131355
1,733,280.51087855223045
1,734,280.1976456834412
1,735,38.208254901147455
1,736,239.85598176546597
1,737,43.03125761107235
1,738,378.58711923538016
1,739,260.43172944444035
1,740,280.98395652050397
1,741,281.7117358821032
1,742,352.3753249632791
1,743,33.14074031063801
1,744,224.50669319386316
1,745,285.99028343118846
1,746,29.83033260523564
1,747,251.4281312618819
1,748,272.72611644493617
1,749,57.73959319877016
1,750,239.43643730628747
1,751,32.90334520177136
1,752,219.95368192791605
1,753,202.2991510102965
1,754,69.19983791785353
1,755,202.00479238085728
1,756,37.835678849843646
1,757,203.00512153141892
1,758,168.17847655087598
1,759,274.5528600800312
1,760,33.76295688418435
1,761,227.15381226057906
1,762,249.19143292672018
1,763,32.92237966876915
1,764,223.5988516164668
1,765,323.7089815230672
1,766,36.76271185709248
1,767,250.96686393535776
1,768,241.41221507764908
1,769,341.22575275740195
1,770,36.84835047033194
1,771,186.50805134610084
1,772,251.76599213605647
1,773,180.715013023653
1,774,96.45838990998323
1,775,212.38476742394926
1,776,305.20937224754744
1,777,300.3924268752779
1,778,38.16383692086837
1,779,284.0734489888382
1,780,60.84578958335186
1,781,126.37955808058986
1,782,340.33013944615595
1,783,34.25963927546499
1,784,295.4984996290234
1,785,38.69544378702481
1,786,122.45464867222378
1,787,111.70845066709202
1,788,316.4312871571169
1,789,38.34964174410028
1,790,123.85911432282306
1,791,312.7025657537085
1,792,343.28165284993105
1,793,287.14793276986603
1,794,533.5150379170792
1,795,69.85846849307455
1,796,267.43930821616675
1,797,230.9738867275371
1,798,256.37182661478414
1,799,76.64371445871618
1,800,236.50625582087892
1,801,281.7125240464366
1,802,143.51481525958158
1,803,334.94440401758686
1,804,308.62604360507754
1,805,194.2777904139192
1,806,286.6332745572486
1,807,36.14440303125802
1,808,245.5975084569568
1,809,92.39603323722051
1,810,39.735127092378505
1,811,202.13051111787698
1,812,122.20143228003711
1,813,224.44634023431263
1,814,260.42524924200245
1,815,272.19454621297353
1,816,276.71095570182365
1,817,64.27732682992179
1,818,339.4837200520802
1,819,27.552224874620933
1,820,165.06131843929745
1,821,27.52058832926571
1,822,30.9313937833004
1,823,238.8773868438671
1,824,216.39414704028042
1,825,32.13629991225293
1,826,235.21825278638437
1,827,65.1913035248104
1,828,180.45509507688664
1,829,344.5691025189566
1,830,264.6158481401752
1,831,136.73444920079675
1,832,57.612179279475455
1,833,342.88220298693284
1,834,224.44177444309196
1,835,253.86528340302033
1,836,28.165969754248394
1,837,343.6257614170142
1,838,245.82149261952503
1,839,209.66372641815025
1,840,149.34659046902763
1,841,190.1258364297939
1,842,257.2980983035886
1,843,223.82565728799585
1,844,113.26418637040183
1,845,264.90647858557895
1,846,248.87138531806337
1,847,28.696434612526055
1,848,144.26836464036154
1,849,203.16402558698894
1,850,209.79942383135142
1,851,319.1575845899631
1,852,179.58763965156888
1,853,63.29160407670629
1,854,243.2394802419946
1,855,28.627063694693263
1,856,56.00486686679612
1,857,200.25485072414767
1,858,32.89142429982511
1,859,255.48963082609538
1,860,237.21011413546967
1,861,19.044391860679795
1,862,147.25911077049238
1,863,271.06204923079076
1,864,41.226885599974565
1,865,209.94253196530354
1,866,66.86846542404353
1,867,222.24733751668245
1,868,63.63293928790712
1,869,343.46112567735145
1,870,177.08110154788233
1,871,41.21585466025361
1,872,265.6810838783501
1,873,239.2770288753107
1,874,37.38406899973836
1,875,32.99835309521107
1,876,233.05221450805564
1,877,154.28439623342726
1,878,243.94049881918863
1,879,225.1382009968913
1,880,196.16683581040115
1,881,285.8937823040971
1,882,180.74836152833075
1,883,24.444288007779143
1,884,161.6889476948591
1,885,211.08282255940384
1,886,305.6502318111277
1,887,148.1269907231191
1,888,253.18007926366815
1,889,230.84442627645944
1,890,33.18994843299052
1,891,105.66031078673518
1,892,29.103218848566442
1,893,67.04443385842124
1,894,306.3862162291299
1,895,299.31763482996564
1,896,215.02720317358404
1,897,34.176670057279196
1,898,110.65503782479345
1,899,29.613528085746
1,900,292.09163874165404
1,901,30.0460921720059
1,902,174.79877920944034
1,903,235.3236547826213
1,904,249.52516420294427
1,905,150.6614509747303
1,906,341.69847538776594
1,907,306.8739094894652
1,908,30.234433776647432
1,909,26.341585796404917
1,910,263.5757630643128
1,911,33.42643985278582
1,912,35.085052224676254
1,913,240.0674470478201
1,914,30.298399945908656
1,915,409.8233298006206
1,916,30.30037861117922
1,917,278.0624479975885
1,918,216.22521813383878
1,919,247.68144515094477
1,920,92.96231448920857
1,921,251.18211904033225
1,922,13.52422989668831
1,923,315.1080324325562
1,924,93.16993567641167
1,925,176.69276753940028
1,926,141.5653929625922
1,927,69.84267390262077
1,928,357.423122498693
1,929,32.07525300888054
1,930,127.71400558865174
1,931,275.1491369241053
1,932,94.24538212355606
1,933,432.1179042174228
1,934,34.68637868210892
1,935,256.7866531823226
1,936,241.4747528348401
1,937,141.01519970778594
1,938,180.4221237746164
1,939,328.48304288574036
1,940,213.9632463454816
1,941,78.56635776362594
1,942,244.41575128103955
1,943,243.87410042359826
1,944,41.781856323704005
1,945,184.00760464958034
1,946,37.73341024627872
1,947,216.62971174417504
1,948,252.0698459054817
1,949,112.14201052279584
1,950,366.502085293532
1,951,124.79969819959373
1,952,292.8685004182204
1,953,314.6492331322973
1,954,328.81989545483
1,955,237.77864220326558
1,956,38.45674855809811
1,957,98.27692236738729
1,958,198.94536711455217
1,959,217.73377712020704
1,960,67.83392457871904
1,961,218.96840648971516
1,962,95.70025548341947
1,963,266.6794932595353
1,964,248.24738473627195
1,965,175.4862006585209
1,966,57.433589935523756
1,967,29.552123217910157
1,968,327.4129995758776
1,969,248.87229879214198
1,970,30.87257988715978
1,971,237.36945649426667
1,972,69.11578593320355
1,973,352.24881526027207
1,974,311.3376927171771
1,975,30.745612330770456
1,976,244.73352558251992
1,977,134.384265536582
1,978,245.72350282848913
1,979,29.820329467119425
1,980,195.69189426135213
1,981,30.933094346731636
1,982,423.757633643608
1,983,30.640795107864783
1,984,170.32143273950845
1,985,171.22457938702877
1,986,123.78290535775548
1,987,200.1477772038138
1,988,266.5168429717894
1,989,30.477531163513127
1,990,348.2928897704105
1,991,148.80119155294693
1,992,304.40913569547536
1,993,233.5191887453512
1,994,115.48938687986671
1,995,152.68136259066125
1,996,93.38182397918743
1,997,305.64980668420657
1,998,370.8603411190594
1,999,34.43156031167409
1,1000,269.1967881844644
1,1001,33.07361678714725
1,1002,68.37564157822175
1,1003,353.70764789645693
1,1004,100.0961563899412
1,1005,102.24931825689251
1,1006,94.70847028836536
1,1007,166.45837179750677
1,1008,223.87206415356837
1,1009,27.084086160581396
1,1010,303.1069293545162
1,1011,68.87155841147441
1,1012,367.9566094996523
1,1013,31.23368941080983
1,1014,81.67485872169915
1,1015,96.78209976935776
1,1016,31.029588175779487
1,1017,109.96791324544836
1,1018,35.72389250970737
1,1019,77.58248697605964
1,1020,265.03982182083223
1,1021,31.55674498855622
1,1022,255.17451515637276
1,1023,323.36436940164737
1,1024,113.71354254529587
1,1025,47.94040910978475
1,1026,221.9816531730729
1,1027,263.92064301362086
1,1028,31.2013302870427
1,1029,289.5295609676066
1,1030,26.805753843155426
1,1031,278.72442302905176
1,1032,30.300199744615608
1,1033,111.71631291993316
1,1034,399.438082571068
1,1035,278.58037205490155
1,1036,30.105612305677354
1,1037,191.05439223717218
1,1038,94.12040060359678
1,1039,272.88290961057237
1,1040,33.82433786038599
1,1041,261.19844154325574
1,1042,30.342912918434294
1,1043,243.6911187853484
1,1044,29.543417705417582
1,1045,176.6651863921468
1,1046,162.50846371689693
1,1047,303.0004180878044
1,1048,268.3366630260696
1,1049,37.054679267507936
1,1050,220.86175052854986
1,1051,233.3435430399971
1,1052,250.64657631843698
1,1053,327.9714450781008
1,1054,133.31074358878098
1,1055,344.2757701093189
1,1056,42.08666792205523
1,1057,384.1472942517
1,1058,56.2371034942601
1,1059,307.4916082863321
1,1060,37.79753504169457
1,1061,228.84645885529852
1,1062,38.640586656050225
1,1063,77.58392424122148
1,1064,236.87598829325216
1,1065,42.396744687172394
1,1066,43.98242995742666
1,1067,71.49450617069938
1,1068,173.18325364852313
1,1069,29.67347377266878
1,1070,91.4174877197691
1,1071,29.583966490984146
1,1072,233.77171592970552
1,1073,93.01366455424119
1,1074,74.41883861660583
1,1075,250.27516109506203
1,1076,95.67940435287437
1,1077,29.22203448636008
1,1078,255.8681113789522
1,1079,258.3186070629197
1,1080,50.34467479727705
1,1081,120.31326885598254
1,1082,31.019338623892224
1,1083,236.354682372975
1,1084,184.9802052050622
1,1085,111.69467329956053
1,1086,349.16178930474064
1,1087,30.442235517567283
1,1088,67.02480796517887
1,1089,341.9153282816656
1,1090,256.8995061984702
1,1091,56.6965199980156
1,1092,247.22912497572725
1,1093,34.72410909398518
1,1094,197.95250385719254
1,1095,31.09968220184438
1,1096,264.24646946424633
1,1097,318.9602510035821
1,1098,34.98327138278403
1,1099,306.432862945311
1,1100,35.08267780165943
1,1101,204.9593721909636
1,1102,272.0342085923228
1,1103,355.20175995388433
1,1104,34.23952058471394
1,1105,236.66207075521805
1,1106,121.10739873292678
1,1107,34.55342617575687
1,1108,305.04827401838975
1,1109,31.320199635793536
1,1110,284.91673742393783
1,1111,33.49526747370672
1,1112,262.81041855445244
1,1113,100.78289764247413
1,1114,13.923157239328766
1,1115,282.835130409092
1,1116,278.37226214860084
1,1117,238.8199231120382
1,1118,31.750141125798578
1,1119,58.1271203085207
1,1120,271.8920532535754
1,1121,259.2206375925871
1,1122,71.94246963342809
1,1123,260.22020807781064
1,1124,117.3971602593786
1,1125,100.56131621666377
1,1126,414.67676180833394
1,1127,85.08985807225628
1,1128,32.457080963270634
1,1129,281.8695398656383
1,1130,191.0085964880687
1,1131,341.4663424923897
1,1132,31.36562981589106
1,1133,273.96740397266143
1,1134,148.77979608118727
1,1135,280.02339566725914
1,1136,35.73565330246741
1,1137,252.33419137231044
1,1138,229.76097160735725
1,1139,314.7324176539154
1,1140,336.4206685381281
1,1141,270.48200387927966
1,1142,42.487531943044075
1,1143,120.94225465744304
1,1144,70.74623110351573
1,1145,216.99319831584123
1,1146,127.32256533422691
1,1147,261.9804921122309
1,1148,42.8982185951368
1,1149,228.2444539074951
1,1150,78.18778189008731
1,1151,276.0756313673389
1,1152,38.94572717930032
1,1153,246.6991814319424
1,1154,230.45973336540874
1,1155,42.14949724903514
1,1156,309.0804704238926
1,1157,226.43057550997995
1,1158,238.23892729237363
1,1159,324.576450839893
1,1160,29.608100073423167
1,1161,281.72252505388605
1,1162,285.1787211527442
1,1163,185.34230673883792
1,1164,408.01112210186193
1,1165,109.42323621252638
1,1166,244.8215215154139
1,1167,33.366552852051086
1,1168,223.41351283504054
1,1169,215.77390154506963
1,1170,111.6784764766575
1,1171,31.57105193379214
1,1172,227.4046233768882
1,1173,243.44769156141473
1,1174,247.99894051125483
1,1175,229.94385604055316
1,1176,22.342962280953465
1,1177,258.1595543568777
1,1178,238.37017910378478
1,1179,31.405112195243056
1,1180,285.70946786012706
1,1181,275.38565272206796
1,1182,200.71529762325997
1,1183,178.0925581826931
1,1184,294.0497223599002
1,1185,343.06054121520623
1,1186,112.79711833142099
1,1187,32.08735832695829
1,1188,349.1148111866228
1,1189,30.623750213917837
1,1190,317.7532566057635
1,1191,30.896437108171256
1,1192,308.44206070684083
1,1193,30.898696629812434
1,1194,47.944412280117575
1,1195,249.2129371297823
1,1196,271.42850892991754
1,1197,30.925342225592274
1,1198,161.22421462992284
1,1199,31.123229122394044
1,1200,242.99585006436286
1,1201,86.39041019781439
1,1202,109.79392617280898
1,1203,121.62227171019714
1,1204,238.07696027285755
1,1205,323.10021004898147
1,1206,62.46147075333664
1,1207,31.61928076098068
1,1208,69.57824005049342
1,1209,309.26061720947337
1,1210,31.766983020327284
1,1211,256.2684255319543
1,1212,146.85293347324273
1,1213,274.1448886306174
1,1214,61.19660061699362
1,1215,263.68576209862147
1,1216,191.9687226290816
1,1217,348.46945802257426
1,1218,102.75092922632057
1,1219,34.63286069428344
1,1220,299.48440512488617
1,1221,123.93092543328302
1,1222,339.84249582867716
1,1223,245.23715541323998
1,1224,204.0985748004635
1,1225,224.91234892481958
1,1226,184.77120169362928
1,1227,291.88005425728625
1,1228,252.83373709928577
1,1229,264.9542387094564
1,1230,263.3817565962282
1,1231,313.95093422899873
1,1232,340.52376350333395
1,1233,358.8710106150322
1,1234,34.93569641386432
1,1235,292.4585640504604
1,1236,40.01275460205602
1,1237,331.2803179528426
1,1238,34.88282689779227
1,1239,270.2140292299449
1,1240,188.09824466005455
1,1241,342.639078701905
1,1242,38.37588839263529
1,1243,172.2865114989678
1,1244,308.17817097264424
1,1245,145.47752039596176
1,1246,301.3409138489751
1,1247,273.4386324156957
1,1248,271.04106253141794
1,1249,22.6570567074159
1,1250,247.33543927672224
1,1251,269.7618525269336
1,1252,309.8025434222793
1,1253,29.55918422642714
1,1254,238.13632969377375
1,1255,248.77276640916676
1,1256,177.99737153026624
1,1257,29.77655260809668
1,1258,244.73692729917906
1,1259,275.3237126403676
1,1260,238.4936739000683
1,1261,36.32184927195422
1,1262,363.659374184479
1,1263,30.725273059510453
1,1264,162.13762098389319
1,1265,297.90637498719474
1,1266,256.0440826729701
1,1267,306.2711629516158
1,1268,27.667510386267004
1,1269,297.6131234504644
1,1270,288.56422559070705
1,1271,27.697329818098005
1,1272,256.6457726307607
1,1273,314.8603743944697
1,1274,261.62606657536514
1,1275,291.61597669257685
1,1276,248.83779186306964
1,1277,27.733139285644985
1,1278,272.7991430617194
1,1279,181.3728185544486
1,1280,188.36605986057754
1,1281,180.47488093222842
1,1282,235.87387073640917
1,1283,28.001941020777473
1,1284,288.5590086006382
1,1285,342.52925922114935
1,1286,30.02489608345119
1,1287,247.44939269108886
1,1288,259.4361722149764
1,1289,77.38010503736511
1,1290,317.9676884124389
1,1291,408.23476412808066
1,1292,362.9892734354706
1,1293,47.5184501975303
1,1294,246.90468325236202
1,1295,125.84386270641696
1,1296,280.95703171170493
1,1297,36.21135595264401
1,1298,293.2075530211205
1,1299,115.30452524872857
1,1300,41.60987215012794
1,1301,81.85595507652951
1,1302,303.4009664741687
1,1303,34.5920159038709
1,1304,32.06846348079942
1,1305,175.65097488827408
1,1306,246.4806753289684
1,1307,448.8919470157059
1,1308,314.3713045774713
1,1309,37.034781392104556
1,1310,280.4658100611373
1,1311,39.79761832043107
1,1312,183.34669275338837
1,1313,111.12780766022394
1,1314,331.4171306629515
1,1315,26.74682392176499
1,1316,332.81516335146455
1,1317,27.90497359864638
1,1318,260.0189739421195
1,1319,179.56655641650926
1,1320,286.3163123592601
1,1321,26.960356723895423
1,1322,223.95978188930383
1,1323,73.64878970758889
1,1324,278.5030101544262
1,1325,29.72613679927199
1,1326,290.43206924078737
1,1327,148.01005446605794
1,1328,252.81794305428286
1,1329,294.61007245674807
1,1330,321.3741462625833
1,1331,31.642608694055347
1,1332,167.70767631126074
1,1333,313.1905131917343
1,1334,25.344566319580057
1,1335,277.7661376279966
1,1336,285.3425652597401
1,1337,283.88744158290746
1,1338,281.563579841366
1,1339,28.652065231478346
1,1340,277.91215826037137
1,1341,315.3868806414928
1,1342,180.2114175193819
1,1343,344.09152591044847
1,1344,32.18756138428481
1,1345,167.48361081776204
1,1346,313.12197874916416
1,1347,30.455496542346797
1,1348,116.43522304125355
1,1349,298.28248627690675
1,1350,297.77269618084335
1,1351,294.0638998861108
1,1352,319.2986275652819
1,1353,365.5296298567098
1,1354,89.00177439797474
1,1355,240.4485337175518
1,1356,322.57363249883633
1,1357,64.22013949304845
1,1358,277.405950636576
1,1359,36.52623370930111
1,1360,283.4960395510201
1,1361,192.2351187724517
1,1362,344.5618298593325
1,1363,40.107254542119534
1,1364,174.37541571965318
1,1365,326.31741829995394
1,1366,428.58658735679995
1,1367,252.34759176828544
1,1368,262.0821818743465
1,1369,37.01139426812574
1,1370,260.9413186456324
1,1371,61.98840911272745
1,1372,271.0306908935801
1,1373,297.58516158163013
1,1374,137.83045407979486
1,1375,31.23583537860626
1,1376,264.3742985789976
1,1377,224.37683051321085
1,1378,211.59385152617907
1,1379,31.2937029335463
1,1380,246.15970228626935
1,1381,394.9094424641107
1,1382,28.62416790036076
1,1383,108.91544774208437
1,1384,163.65257420294034
1,1385,25.737444030332895
1,1386,372.12204685870324
1,1387,406.0784034769197
1,1388,29.14483012079469
1,1389,270.83531062430325
1,1390,291.9773839967395
1,1391,330.2894223285107
1,1392,32.06370027432533
1,1393,174.36955983565642
1,1394,318.0977668540711
1,1395,348.7648561807598
1,1396,306.5410132548927
1,1397,54.58882255711295
1,1398,269.4405595678348
1,1399,274.2257532127648
1,1400,29.469772334383883
1,1401,321.47366326974065
1,1402,201.40368716672634
1,1403,29.077827316293366
1,1404,292.9758654975485
1,1405,211.68590619441326
1,1406,248.07752599469046
1,1407,90.94356691544513
1,1408,198.16527204393714
1,1409,184.50398947300366
1,1410,29.142605778823167
1,1411,410.84982747836796
1,1412,293.33784583112094
1,1413,343.2231783077053
1,1414,299.0040088802859
1,1415,25.77452034828869
1,1416,289.69136064835686
1,1417,30.130014375432438
1,1418,25.99272730258894
1,1419,323.05944501232034
1,1420,239.20502461197339
1,1421,59.80547182586233
1,1422,242.0703777159299
1,1423,214.62694456870597
1,1424,305.6833698076943
1,1425,29.998300195631103
1,1426,26.148947932282887
1,1427,349.94952986161707
1,1428,306.2348297492837
1,1429,273.33440689383883
1,1430,30.014181513207674
1,1431,291.2484211686194
1,1432,34.57797404453888
1,1433,287.98862056015525
1,1434,313.1287364463086
1,1435,256.1913562593814
1,1436,113.98745788020453
1,1437,273.95024115160936
1,1438,91.40484372459971
1,1439,32.959678088314114
1,1440,262.0811585208582
1,1441,32.959678088314114
1,1442,295.10479947234455
1,1443,300.2375962242844
1,1444,320.6571823926909
1,1445,49.44551738726958
1,1446,276.1699981259182
1,1447,234.94669718657443
1,1448,499.16909533747787
1,1449,379.2114041385825
1,1450,74.20192752458482
1,1451,241.547040937639
1,1452,136.0804827287436
1,1453,321.62078614713505
1,1454,39.25599035138569
1,1455,284.06142889915964
1,1456,317.3820846438899
1,1457,197.5707160047282
1,1458,315.84631946867813
1,1459,291.7487537341413
1,1460,43.00153198451867
1,1461,317.42086123681327
1,1462,301.3286215909677
1,1463,40.25623351493278
1,1464,280.33631524806356
1,1465,325.5723145634588
1,1466,194.64918790111034
1,1467,233.51415435676273
1,1468,116.63134882348197
1,1469,114.14189308971778
1,1470,249.0724176416572
1,1471,124.98668890947698
1,1472,268.71666691011075
1,1473,31.012143693360322
1,1474,315.8756893101259
1,1475,30.87573298770294
1,1476,299.2385314640776
1,1477,292.18832966022876
1,1478,59.15327604482246
1,1479,280.6622370045096
1,1480,32.43449547510724
1,1481,283.35813249935467
1,1482,35.45798286940463
1,1483,206.81612559057174
1,1484,257.72597040597634
1,1485,152.22813868230506
1,1486,35.880802459526734
1,1487,271.3159904957928
1,1488,237.52658825132468
1,1489,220.4744261678485
1,1490,386.2975398199618
1,1491,260.4272534013827
1,1492,35.43807445838641
1,1493,368.35959345433287
1,1494,247.93318976254585
1,1495,193.6583616839952
1,1496,202.6915643753748
1,1497,35.0914354750324
1,1498,303.0942007010199
1,1499,305.3898509523549
1,1500,320.7096865310573
1,1501,16.338321307017242
1,1502,351.30286715600687
1,1503,318.47001634858134
1,1504,43.40207003542688
1,1505,152.4170812072094
1,1506,387.09767548588934
1,1507,32.18398024693129
1,1508,317.54726720936486
1,1509,32.37884749847282
1,1510,171.17915229274453
1,1511,44.71043799163102
1,1512,322.1589476335136
1,1513,276.6202274303141
1,1514,73.01263743922647
1,1515,173.71473987938188
1,1516,96.10238724629023
1,1517,225.2106011359664
1,1518,296.453688695521
1,1519,308.1359735068941
1,1520,151.9819899257397
1,1521,283.6215314868072
1,1522,32.89941164841025
1,1523,289.6959379423739
1,1524,301.836578181875
1,1525,37.60202870564141
1,1526,273.8728475433675
1,1527,186.6949231354846
1,1528,321.31566249406364
1,1529,32.588989075954785
1,1530,328.311831805361
1,1531,310.9883759313744
1,1532,32.76603820214999
1,1533,37.29523210515253
1,1534,356.16407248416124
1,1535,35.98733153511303
1,1536,177.42438525430373
1,1537,329.96556241481255
1,1538,220.58365860513356
1,1539,333.3378230559114
1,1540,251.08085540509276
1,1541,293.4634255637133
1,1542,298.34913138486615
1,1543,392.7188845591815
1,1544,36.670323311239855
1,1545,33.6698001316229
1,1546,294.1561153655765
1,1547,317.2915430578463
1,1548,37.58059354593017
1,1549,300.4727490998472
1,1550,42.667079911874595
1,1551,357.498161428911
1,1552,286.6124647213012
1,1553,41.28576615394349
1,1554,210.11065576679724
1,1555,39.330995390504256
1,1556,282.19356377163774
1,1557,302.1419971738212
1,1558,37.2927752484953
1,1559,285.0780720611094
1,1560,190.4110895374883
1,1561,309.0652293624296
1,1562,32.13542943682032
1,1563,244.41059790457996
1,1564,326.87111146398377
1,1565,273.56338946537244
1,1566,141.9474019116773
1,1567,32.63707638160577
1,1568,211.56120260945443
1,1569,242.56249743332185
1,1570,48.69829410745423
1,1571,338.68985240719087
1,1572,324.05342686011363
1,1573,373.61549605647804
1,1574,43.333437249680614
1,1575,196.65544999997007
1,1576,323.0440637736141
1,1577,287.5883466673082
1,1578,203.82233897034092
1,1579,346.0286757083598
1,1580,38.51584529931897
1,1581,125.2643909572306
1,1582,253.0813316684144
1,1583,41.72883408368911
1,1584,250.91073092753356
1,1585,42.92163319075827
1,1586,344.8998222685069
1,1587,70.62227130615713
1,1588,227.38214702180014
1,1589,125.36998831755633
1,1590,99.18897061738494
1,1591,257.20068468424085
1,1592,13.05601561670279
1,1593,128.74456032598698
1,1594,32.70886188045545
1,1595,211.7629225224038
1,1596,29.49218620118146
1,1597,209.4967814133558
1,1598,33.12976013561604
1,1599,245.36597483938004
1,1600,152.15556093632932
1,1601,29.630391391228326
1,1602,116.59549773050361
1,1603,252.15452836877319
1,1604,168.52681089069065
1,1605,65.9912812914572
1,1606,317.2353516965628
1,1607,31.02505154904319
1,1608,289.54998572077363
1,1609,262.4216175583716
1,1610,34.593805150212965
1,1611,231.2103943904463
1,1612,30.60499114619204
1,1613,73.54779369496669
1,1614,297.0659342922944
1,1615,30.844171184265978
1,1616,31.529657987511683
1,1617,289.38395327530543
1,1618,30.864283058486116
1,1619,234.4708446062732
1,1620,83.84256745495708
1,1621,30.76548423727009
1,1622,287.3204132411614
1,1623,282.2449552290569
1,1624,275.3530743764467
1,1625,237.20841519092028
1,1626,216.07999063946556
1,1627,302.3461839258873
1,1628,34.35162035525664
1,1629,307.82175490107636
1,1630,320.964341003429
1,1631,31.116200272214183
1,1632,339.2622376558796
1,1633,284.4529823424814
1,1634,319.04330295675857
1,1635,117.94212080136725
1,1636,252.47531659929507
1,1637,164.58056681027156
1,1638,270.09279106552725
1,1639,238.10728690388078
1,1640,84.60800588159171
1,1641,212.8645332388641
1,1642,32.28648422487407
1,1643,246.15157341667327
1,1644,31.64174109827692
1,1645,120.51998527174118
1,1646,252.97052420297277
1,1647,130.67323074616087
1,1648,240.04771874282716
1,1649,66.87278562837307
1,1650,179.7323945723192
1,1651,50.49581043367075
1,1652,236.22249413954225
1,1653,38.05693144073689
1,1654,240.72854460671138
1,1655,44.13201911904413
1,1656,262.3709657938648
1,1657,166.93233072807516
1,1658,39.19204966007074
1,1659,122.63176217748187
1,1660,262.8476910477606
1,1661,164.58979985490856
1,1662,72.13064249325139
1,1663,228.70125485424194
1,1664,38.15776749717341
1,1665,246.43710744138747
1,1666,244.9540860764858
1,1667,38.720104139599385
1,1668,99.52398721373304
1,1669,221.25214731299874
1,1670,29.757762454637415
1,1671,273.13353358383716
1,1672,29.776832448111286
1,1673,288.7780748977444
1,1674,290.7164003804639
1,1675,30.52145788970803
1,1676,230.96276048673423
1,1677,246.94489677542134
1,1678,34.397164118845716
1,1679,238.04109157718915
1,1680,30.695541120203217
1,1681,72.25928168640411
1,1682,277.49639133753135
1,1683,32.49914685318946
1,1684,31.925927273610007
1,1685,288.1353747274702
1,1686,31.791536792919185
1,1687,231.73454979355705
1,1688,84.22347086341412
1,1689,31.378633922410824
1,1690,287.1935391565865
1,1691,321.93312152880435
1,1692,31.45759527546114
1,1693,338.3288568700982
1,1694,310.47582352536983
1,1695,31.440466664798787
1,1696,241.4770683038313
1,1697,258.9824481245395
1,1698,282.951888591787
1,1699,280.92938857025206
1,1700,237.64002884513195
1,1701,216.65618720998404
1,1702,311.55042945081493
1,1703,34.85272202668244
1,1704,323.5132506303348
1,1705,31.56711828186203
1,1706,31.955852509461458
1,1707,244.9819081351498
1,1708,31.815610562374932
1,1709,117.93721297941934
1,1710,252.22318972088524
1,1711,214.3428828101824
1,1712,203.68675811211352
1,1713,84.86269383053954
1,1714,93.6508361387147
1,1715,252.88209223435024
1,1716,118.14728955948583
1,1717,122.36988126484428
1,1718,309.9801114238524
1,1719,32.393476908112035
1,1720,58.94571095142131
1,1721,278.9615379143776
1,1722,408.3804189528524
1,1723,242.91823196195855
1,1724,48.65218409650308
1,1725,338.4483449161162
1,1726,77.56249668356608
1,1727,327.7132930636092
1,1728,283.75230365281874
1,1729,400.53645149143955
1,1730,150.1518767218407
1,1731,278.6579411258242
1,1732,38.29768163681749
1,1733,229.46096053534552
1,1734,259.21240389364766
1,1735,34.045208460451875
1,1736,287.2333515748029
1,1737,41.68172701563175
1,1738,115.723626738344
1,1739,418.5079830944253
1,1740,303.1295437697916
1,1741,194.82881863179512
1,1742,41.86994701073246
1,1743,312.2837608109012
1,1744,181.77451641539022
1,1745,25.577864418470362
1,1746,277.30394378268386
1,1747,291.14045317363923
1,1748,29.047701804012274
1,1749,404.6242198280697
1,1750,29.864040658838324
1,1751,301.6812945728275
1,1752,24.186082716800627
1,1753,282.01854498020646
1,1754,152.51045281697037
1,1755,206.77747861494476
1,1756,247.54581967849344
1,1757,121.76333163552937
1,1758,186.1849043384957
1,1759,31.134644358533603
1,1760,304.88217412808126
1,1761,31.138496725934726
1,1762,187.27308666241169
1,1763,49.889718401566434
1,1764,158.88865182863736
1,1765,328.0035337812154
1,1766,30.80085619219717
1,1767,254.97865370547837
1,1768,300.8748139422604
1,1769,27.214629161782103
1,1770,304.61614531555745
1,1771,30.913845623682747
1,1772,30.890132828519768
1,1773,416.8669655751369
1,1774,30.79136412231697
1,1775,26.956454600671556
1,1776,255.85868246480766
1,1777,258.4430095079986
1,1778,34.67786630193687
1,1779,260.6084659768378
1,1780,243.04817768271408
1,1781,260.6512299667976
1,1782,241.61835716025578
1,1783,48.34401073820885
1,1784,337.7253903182345
1,1785,48.308311291851545
1,1786,168.64202490980642
1,1787,382.98709621977025
1,1788,272.4352779279325
1,1789,39.1449881707982
1,1790,308.74166324279093
1,1791,117.02888849686963
1,1792,49.235934615344746
1,1793,152.41498729244398
1,1794,341.8231365483401
1,1795,42.020790461166825
1,1796,240.72770478213778
1,1797,288.1588423542806
1,1798,38.36949840719805
1,1799,114.0849222789441
1,1800,218.70628442711487
1,1801,277.26880599642584
1,1802,37.8268758900982
1,1803,210.62192746678585
1,1804,248.887398708084
1,1805,29.230673839887917
1,1806,40.3216512041111
1,1807,254.38478897456216
1,1808,294.8430185957491
1,1809,25.594131627453756
1,1810,50.25593357711913
1,1811,122.74259655402771
1,1812,184.38557055575615
1,1813,35.10586309759035
1,1814,119.03632953955724
1,1815,225.85965157344427
1,1816,33.774286579111724
1,1817,32.393323449056105
1,1818,222.4673800418243
1,1819,304.0861202388448
1,1820,220.19387219974317
1,1821,314.6281436526722
1,1822,71.6750435431959
1,1823,219.07510977464543
1,1824,301.5227559083756
1,1825,36.24088779352882
1,1826,346.33317536010463
1,1827,35.58845537004986
1,1828,176.30356706662965
1,1829,311.26219949303606
1,1830,123.27675894562962
1,1831,293.3565783762305
1,1832,63.69531331255884
1,1833,337.38842527960236
1,1834,249.68160832964736
1,1835,33.15572457008973
1,1836,165.6184355826388
1,1837,223.1991947163417
1,1838,33.13544731896752
1,1839,346.5958799501601
1,1840,36.60679445917956
1,1841,269.2472683841574
1,1842,233.47288807067287
1,1843,311.29053196675994
1,1844,448.41239067626753
1,1845,33.54504720323376
1,1846,286.94204855436027
1,1847,184.3706952461917
1,1848,329.64962497564915
1,1849,239.15530288369138
1,1850,124.4264861768628
1,1851,278.35403478212965
1,1852,37.2045179255849
1,1853,277.53229449071074
1,1854,33.97388065713717
1,1855,337.5934584717597
1,1856,284.20444528319155
1,1857,37.34636281819942
1,1858,307.64190274615055
1,1859,33.43176380843577
1,1860,273.1936771878502
1,1861,36.926693790797025
1,1862,303.75301658774407
1,1863,289.4599007873213
1,1864,33.35002357256016
1,1865,260.35582854219945
1,1866,269.518706763649
1,1867,302.6134051615265
1,1868,33.26485361866921
1,1869,263.95175330757405
1,1870,36.62305122888264
1,1871,242.789709656066
1,1872,35.094934156961884
1,1873,241.71283195652424
1,1874,453.10370507651464
1,1875,33.22407072832668
1,1876,288.68147981055614
1,1877,301.9485198491297
1,1878,346.0988973181161
1,1879,35.58292058519429
1,1880,351.6202163926452
1,1881,294.3273125711584
1,1882,62.31033027636232
1,1883,124.72743607916925
1,1884,351.7364532316886
1,1885,533.5150379170792
1,1886,69.85846849307455
1,1887,267.43930821616675
1,1888,230.9738867275371
1,1889,256.37182661478414
1,1890,76.64371445871618
1,1891,236.50625582087892
1,1892,281.7125240464366
1,1893,143.51481525958158
1,1894,334.94440401758686
1,1895,308.62604360507754
1,1896,194.2777904139192
1,1897,286.6332745572486
1,1898,36.14440303125802
1,1899,245.5975084569568
1,1900,92.39603323722051
1,1901,39.735127092378505
1,1902,202.13051111787698
1,1903,122.20143228003711
1,1904,224.44634023431263
1,1905,260.42524924200245
1,1906,272.19454621297353
1,1907,276.71095570182365
1,1908,64.27732682992179
1,1909,339.4837200520802
1,1910,27.552224874620933
1,1911,165.06131843929745
1,1912,27.52058832926571
1,1913,30.9313937833004
1,1914,238.8773868438671
1,1915,216.39414704028042
1,1916,32.13629991225293
1,1917,235.21825278638437
1,1918,65.1913035248104
1,1919,180.45509507688664
1,1920,344.5691025189566
1,1921,264.6158481401752
1,1922,136.73444920079675
1,1923,57.612179279475455
1,1924,342.88220298693284
1,1925,224.44177444309196
1,1926,253.86528340302033
1,1927,28.165969754248394
1,1928,343.6257614170142
1,1929,245.82149261952503
1,1930,209.66372641815025
1,1931,149.34659046902763
1,1932,190.1258364297939
1,1933,257.2980983035886
1,1934,223.82565728799585
1,1935,113.26418637040183
1,1936,264.90647858557895
1,1937,248.87138531806337
1,1938,28.696434612526055
1,1939,144.26836464036154
1,1940,203.16402558698894
1,1941,209.79942383135142
1,1942,319.1575845899631
1,1943,179.58763965156888
1,1944,63.29160407670629
1,1945,243.2394802419946
1,1946,28.627063694693263
1,1947,56.00486686679612
1,1948,200.25485072414767
1,1949,32.89142429982511
1,1950,255.48963082609538
1,1951,237.21011413546967
1,1952,19.044391860679795
1,1953,147.25911077049238
1,1954,271.06204923079076
1,1955,41.226885599974565
1,1956,209.94253196530354
1,1957,66.86846542404353
1,1958,222.24733751668245
1,1959,63.63293928790712
1,1960,343.46112567735145
1,1961,177.08110154788233
1,1962,41.21585466025361
1,1963,265.6810838783501
1,1964,239.2770288753107
1,1965,37.38406899973836
1,1966,32.99835309521107
1,1967,233.05221450805564
1,1968,154.28439623342726
1,1969,243.94049881918863
1,1970,225.1382009968913
1,1971,196.16683581040115
1,1972,285.8937823040971
1,1973,180.74836152833075
1,1974,24.444288007779143
1,1975,161.6889476948591
1,1976,211.08282255940384
1,1977,305.6502318111277
1,1978,148.1269907231191
1,1979,253.18007926366815
1,1980,230.84442627645944
1,1981,33.18994843299052
1,1982,105.66031078673518
1,1983,29.103218848566442
1,1984,67.04443385842124
1,1985,306.3862162291299
1,1986,299.31763482996564
1,1987,215.02720317358404
1,1988,34.176670057279196
1,1989,110.65503782479345
1,1990,29.613528085746
1,1991,292.09163874165404
1,1992,30.0460921720059
1,1993,174.79877920944034
1,1994,235.3236547826213
1,1995,249.52516420294427
1,1996,150.6614509747303
1,1997,341.69847538776594
1,1998,306.8739094894652
1,1999,30.234433776647432
1,2000,26.341585796404917
1,2001,263.5757630643128
1,2002,33.42643985278582
1,2003,35.085052224676254
1,2004,240.0674470478201
1,2005,30.298399945908656
1,2006,409.8233298006206
1,2007,30.30037861117922
1,2008,278.0624479975885
1,2009,216.22521813383878
1,2010,247.68144515094477
1,2011,92.96231448920857
1,2012,251.18211904033225
1,2013,13.52422989668831
1,2014,315.1080324325562
1,2015,93.16993567641167
1,2016,176.69276753940028
1,2017,141.5653929625922
1,2018,69.84267390262077
1,2019,357.423122498693
1,2020,32.07525300888054
1,2021,127.71400558865174
1,2022,275.1491369241053
1,2023,94.24538212355606
1,2024,432.1179042174228
1,2025,34.68637868210892
1,2026,256.7866531823226
1,2027,241.4747528348401
1,2028,141.01519970778594
1,2029,180.4221237746164
1,2030,328.48304288574036
1,2031,213.9632463454816
1,2032,78.56635776362594
1,2033,244.41575128103955
1,2034,243.87410042359826
1,2035,41.781856323704005
1,2036,184.00760464958034
1,2037,37.73341024627872
1,2038,216.62971174417504
1,2039,252.0698459054817
1,2040,112.14201052279584
1,2041,366.502085293532
1,2042,124.79969819959373
1,2043,292.8685004182204
1,2044,314.6492331322973
1,2045,328.81989545483
1,2046,237.77864220326558
1,2047,38.45674855809811
1,2048,98.27692236738729
1,2049,198.94536711455217
1,2050,217.73377712020704
1,2051,67.83392457871904
1,2052,218.96840648971516
1,2053,95.70025548341947
1,2054,266.6794932595353
1,2055,248.24738473627195
1,2056,175.4862006585209
1,2057,57.433589935523756
1,2058,29.552123217910157
1,2059,327.4129995758776
1,2060,248.87229879214198
1,2061,30.87257988715978
1,2062,237.36945649426667
1,2063,69.11578593320355
1,2064,352.24881526027207
1,2065,311.3376927171771
1,2066,30.745612330770456
1,2067,244.73352558251992
1,2068,134.384265536582
1,2069,245.72350282848913
1,2070,29.820329467119425
1,2071,195.69189426135213
1,2072,30.933094346731636
1,2073,423.757633643608
1,2074,30.640795107864783
1,2075,170.32143273950845
1,2076,171.22457938702877
1,2077,123.78290535775548
1,2078,200.1477772038138
1,2079,266.5168429717894
1,2080,30.477531163513127
1,2081,348.2928897704105
1,2082,148.80119155294693
1,2083,304.40913569547536
1,2084,233.5191887453512
1,2085,115.48938687986671
1,2086,152.68136259066125
1,2087,93.38182397918743
1,2088,305.64980668420657
1,2089,370.8603411190594
1,2090,34.43156031167409
1,2091,269.1967881844644
1,2092,33.07361678714725
1,2093,68.37564157822175
1,2094,353.70764789645693
1,2095,100.0961563899412
1,2096,102.24931825689251
1,2097,94.70847028836536
1,2098,166.45837179750677
1,2099,223.87206415356837
1,2100,27.084086160581396
1,2101,303.1069293545162
1,2102,68.87155841147441
1,2103,367.9566094996523
1,2104,31.23368941080983
1,2105,81.67485872169915
1,2106,96.78209976935776
1,2107,31.029588175779487
1,2108,109.96791324544836
1,2109,35.72389250970737
1,2110,77.58248697605964
1,2111,265.03982182083223
1,2112,31.55674498855622
1,2113,255.17451515637276
1,2114,323.36436940164737
1,2115,113.71354254529587
1,2116,47.94040910978475
1,2117,221.9816531730729
1,2118,263.92064301362086
1,2119,31.2013302870427
1,2120,289.5295609676066
1,2121,26.805753843155426
1,2122,278.72442302905176
1,2123,30.300199744615608
1,2124,111.71631291993316
1,2125,399.438082571068
1,2126,278.58037205490155
1,2127,30.105612305677354
1,2128,191.05439223717218
1,2129,94.12040060359678
1,2130,272.88290961057237
1,2131,33.82433786038599
1,2132,261.19844154325574
1,2133,30.342912918434294
1,2134,243.6911187853484
1,2135,29.543417705417582
1,2136,176.6651863921468
1,2137,162.50846371689693
1,2138,303.0004180878044
1,2139,268.3366630260696
1,2140,37.054679267507936
1,2141,220.86175052854986
1,2142,233.3435430399971
1,2143,250.64657631843698
1,2144,327.9714450781008
1,2145,133.31074358878098
1,2146,344.2757701093189
1,2147,42.08666792205523
1,2148,384.1472942517
1,2149,56.2371034942601
1,2150,307.4916082863321
1,2151,37.79753504169457
1,2152,228.84645885529852
1,2153,38.640586656050225
1,2154,77.58392424122148
1,2155,236.87598829325216
1,2156,42.396744687172394
1,2157,43.98242995742666
1,2158,71.49450617069938
1,2159,173.18325364852313
1,2160,29.67347377266878
1,2161,91.4174877197691
1,2162,29.583966490984146
1,2163,233.77171592970552
1,2164,93.01366455424119
1,2165,74.41883861660583
1,2166,250.27516109506203
1,2167,95.67940435287437
1,2168,29.22203448636008
1,2169,255.8681113789522
1,2170,258.3186070629197
1,2171,50.34467479727705
1,2172,120.31326885598254
1,2173,31.019338623892224
1,2174,236.354682372975
1,2175,184.9802052050622
1,2176,111.69467329956053
1,2177,349.16178930474064
1,2178,30.442235517567283
1,2179,67.02480796517887
1,2180,341.9153282816656
1,2181,256.8995061984702
1,2182,56.6965199980156
1,2183,247.22912497572725
1,2184,34.72410909398518
1,2185,197.95250385719254
1,2186,31.09968220184438
1,2187,264.24646946424633
1,2188,318.9602510035821
1,2189,34.98327138278403
1,2190,306.432862945311
1,2191,35.08267780165943
1,2192,204.9593721909636
1,2193,272.0342085923228
1,2194,355.20175995388433
1,2195,34.23952058471394
1,2196,236.66207075521805
1,2197,121.10739873292678
1,2198,34.55342617575687
1,2199,305.04827401838975
1,2200,31.320199635793536
1,2201,284.91673742393783
1,2202,33.49526747370672
1,2203,262.81041855445244
1,2204,100.78289764247413
1,2205,13.923157239328766
1,2206,282.835130409092
1,2207,278.37226214860084
1,2208,238.8199231120382
1,2209,31.750141125798578
1,2210,58.1271203085207
1,2211,271.8920532535754
1,2212,259.2206375925871
1,2213,71.94246963342809
1,2214,260.22020807781064
1,2215,117.3971602593786
1,2216,100.56131621666377
1,2217,414.67676180833394
1,2218,85.08985807225628
1,2219,32.457080963270634
1,2220,281.8695398656383
1,2221,191.0085964880687
1,2222,341.4663424923897
1,2223,31.36562981589106
1,2224,273.96740397266143
1,2225,148.77979608118727
1,2226,280.02339566725914
1,2227,35.73565330246741
1,2228,252.33419137231044
1,2229,229.76097160735725
1,2230,314.7324176539154
1,2231,336.4206685381281
1,2232,270.48200387927966
1,2233,42.487531943044075
1,2234,120.94225465744304
1,2235,70.74623110351573
1,2236,216.99319831584123
1,2237,127.32256533422691
1,2238,261.9804921122309
1,2239,42.8982185951368
1,2240,228.2444539074951
1,2241,78.18778189008731
1,2242,276.0756313673389
1,2243,38.94572717930032
1,2244,246.6991814319424
1,2245,230.45973336540874
1,2246,42.14949724903514
1,2247,309.0804704238926
1,2248,226.43057550997995
1,2249,238.23892729237363
1,2250,324.576450839893
1,2251,29.608100073423167
1,2252,281.72252505388605
1,2253,285.1787211527442
1,2254,185.34230673883792
1,2255,408.01112210186193
1,2256,109.42323621252638
1,2257,244.8215215154139
1,2258,33.366552852051086
1,2259,223.41351283504054
1,2260,215.77390154506963
1,2261,111.6784764766575
1,2262,31.57105193379214
1,2263,227.4046233768882
1,2264,243.44769156141473
1,2265,247.99894051125483
1,2266,229.94385604055316
1,2267,22.342962280953465
1,2268,258.1595543568777
1,2269,238.37017910378478
1,2270,31.405112195243056
1,2271,285.70946786012706
1,2272,275.38565272206796
1,2273,200.71529762325997
1,2274,178.0925581826931
1,2275,294.0497223599002
1,2276,343.06054121520623
1,2277,112.79711833142099
1,2278,32.08735832695829
1,2279,349.1148111866228
1,2280,30.623750213917837
1,2281,317.7532566057635
1,2282,30.896437108171256
1,2283,308.44206070684083
1,2284,30.898696629812434
1,2285,47.944412280117575
1,2286,249.2129371297823
1,2287,271.42850892991754
1,2288,30.925342225592274
1,2289,161.22421462992284
1,2290,31.123229122394044
1,2291,242.99585006436286
1,2292,86.39041019781439
1,2293,109.79392617280898
1,2294,121.62227171019714
1,2295,238.07696027285755
1,2296,323.10021004898147
1,2297,62.46147075333664
1,2298,31.61928076098068
1,2299,69.57824005049342
1,2300,309.26061720947337
1,2301,31.766983020327284
1,2302,256.2684255319543
1,2303,146.85293347324273
1,2304,274.1448886306174
1,2305,61.19660061699362
1,2306,263.68576209862147
1,2307,191.9687226290816
1,2308,348.46945802257426
1,2309,102.75092922632057
1,2310,34.63286069428344
1,2311,299.48440512488617
1,2312,123.93092543328302
1,2313,339.84249582867716
1,2314,245.23715541323998
1,2315,204.0985748004635
1,2316,224.91234892481958
1,2317,184.77120169362928
1,2318,291.88005425728625
1,2319,252.83373709928577
1,2320,264.9542387094564
1,2321,263.3817565962282
1,2322,313.95093422899873
1,2323,340.52376350333395
1,2324,358.8710106150322
1,2325,34.93569641386432
1,2326,292.4585640504604
1,2327,40.01275460205602
1,2328,331.2803179528426
1,2329,34.88282689779227
1,2330,270.2140292299449
1,2331,188.09824466005455
1,2332,342.639078701905
1,2333,38.37588839263529
1,2334,172.2865114989678
1,2335,308.17817097264424
1,2336,145.47752039596176
1,2337,301.3409138489751
1,2338,273.4386324156957
1,2339,271.04106253141794
1,2340,22.6570567074159
1,2341,247.33543927672224
1,2342,269.7618525269336
1,2343,309.8025434222793
1,2344,29.55918422642714
1,2345,238.13632969377375
1,2346,248.77276640916676
1,2347,177.99737153026624
1,2348,29.77655260809668
1,2349,244.73692729917906
1,2350,275.3237126403676
1,2351,238.4936739000683
1,2352,36.32184927195422
1,2353,363.659374184479
1,2354,30.725273059510453
1,2355,162.13762098389319
1,2356,297.90637498719474
1,2357,256.0440826729701
1,2358,306.2711629516158
1,2359,27.667510386267004
1,2360,297.6131234504644
1,2361,288.56422559070705
1,2362,27.697329818098005
1,2363,256.6457726307607
1,2364,314.8603743944697
1,2365,261.62606657536514
1,2366,291.61597669257685
1,2367,248.83779186306964
1,2368,27.733139285644985
1,2369,272.7991430617194
1,2370,181.3728185544486
1,2371,188.36605986057754
1,2372,180.47488093222842
1,2373,235.87387073640917
1,2374,28.001941020777473
1,2375,288.5590086006382
1,2376,342.52925922114935
1,2377,30.02489608345119
1,2378,247.44939269108886
1,2379,259.4361722149764
1,2380,77.38010503736511
1,2381,317.9676884124389
1,2382,408.23476412808066
1,2383,362.9892734354706
1,2384,47.5184501975303
1,2385,246.90468325236202
1,2386,125.84386270641696
1,2387,280.95703171170493
1,2388,36.21135595264401
1,2389,293.2075530211205
1,2390,115.30452524872857
1,2391,41.60987215012794
1,2392,81.85595507652951
1,2393,303.4009664741687
1,2394,34.5920159038709
1,2395,32.06846348079942
1,2396,175.65097488827408
1,2397,246.4806753289684
1,2398,448.8919470157059
1,2399,314.3713045774713
1,2400,37.034781392104556
1,2401,280.4658100611373
1,2402,39.79761832043107
1,2403,183.34669275338837
1,2404,111.12780766022394
1,2405,331.4171306629515
1,2406,26.74682392176499
1,2407,332.81516335146455
1,2408,27.90497359864638
1,2409,260.0189739421195
1,2410,179.56655641650926
1,2411,286.3163123592601
1,2412,26.960356723895423
1,2413,223.95978188930383
1,2414,73.64878970758889
1,2415,278.5030101544262
1,2416,29.72613679927199
1,2417,290.43206924078737
1,2418,148.01005446605794
1,2419,252.81794305428286
1,2420,294.61007245674807
1,2421,321.3741462625833
1,2422,31.642608694055347
1,2423,167.70767631126074
1,2424,313.1905131917343
1,2425,25.344566319580057
1,2426,277.7661376279966
1,2427,285.3425652597401
1,2428,283.88744158290746
1,2429,281.563579841366
1,2430,28.652065231478346
1,2431,277.91215826037137
1,2432,315.3868806414928
1,2433,180.2114175193819
1,2434,344.09152591044847
1,2435,32.18756138428481
1,2436,167.48361081776204
1,2437,313.12197874916416
1,2438,30.455496542346797
1,2439,116.43522304125355
1,2440,298.28248627690675
1,2441,297.77269618084335
1,2442,294.0638998861108
1,2443,319.2986275652819
1,2444,365.5296298567098
1,2445,89.00177439797474
1,2446,240.4485337175518
1,2447,322.57363249883633
1,2448,64.22013949304845
1,2449,277.405950636576
1,2450,36.52623370930111
1,2451,283.4960395510201
1,2452,192.2351187724517
1,2453,344.5618298593325
1,2454,40.107254542119534
1,2455,174.37541571965318
1,2456,326.31741829995394
1,2457,428.58658735679995
1,2458,252.34759176828544
1,2459,262.0821818743465
1,2460,37.01139426812574
1,2461,260.9413186456324
1,2462,61.98840911272745
1,2463,271.0306908935801
1,2464,297.58516158163013
1,2465,137.83045407979486
1,2466,31.23583537860626
1,2467,264.3742985789976
1,2468,224.37683051321085
1,2469,211.59385152617907
1,2470,31.2937029335463
1,2471,246.15970228626935
1,2472,394.9094424641107
1,2473,28.62416790036076
1,2474,108.91544774208437
1,2475,163.65257420294034
1,2476,25.737444030332895
1,2477,372.12204685870324
1,2478,406.0784034769197
1,2479,29.14483012079469
1,2480,270.83531062430325
1,2481,291.9773839967395
1,2482,330.2894223285107
1,2483,32.06370027432533
1,2484,174.36955983565642
1,2485,318.0977668540711
1,2486,348.7648561807598
1,2487,306.5410132548927
1,2488,54.58882255711295
1,2489,269.4405595678348
1,2490,274.2257532127648
1,2491,29.469772334383883
1,2492,321.47366326974065
1,2493,201.40368716672634
1,2494,29.077827316293366
1,2495,292.9758654975485
1,2496,211.68590619441326
1,2497,248.07752599469046
1,2498,90.94356691544513
1,2499,198.16527204393714
1,2500,184.50398947300366
1,2501,29.142605778823167
1,2502,410.84982747836796
1,2503,293.33784583112094
1,2504,343.2231783077053
1,2505,299.0040088802859
1,2506,25.77452034828869
1,2507,289.69136064835686
1,2508,30.130014375432438
1,2509,25.99272730258894
1,2510,323.05944501232034
1,2511,239.20502461197339
1,2512,59.80547182586233
1,2513,242.0703777159299
1,2514,214.62694456870597
1,2515,305.6833698076943
1,2516,29.998300195631103
1,2517,26.148947932282887
1,2518,349.94952986161707
1,2519,306.2348297492837
1,2520,273.33440689383883
1,2521,30.014181513207674
1,2522,291.2484211686194
1,2523,34.57797404453888
1,2524,287.98862056015525
1,2525,313.1287364463086
1,2526,256.1913562593814
1,2527,113.98745788020453
1,2528,273.95024115160936
1,2529,91.40484372459971
1,2530,32.959678088314114
1,2531,262.0811585208582
1,2532,32.959678088314114
1,2533,295.10479947234455
1,2534,300.2375962242844
1,2535,320.6571823926909
1,2536,49.44551738726958
1,2537,276.1699981259182
1,2538,234.94669718657443
1,2539,499.16909533747787
1,2540,379.2114041385825
1,2541,74.20192752458482
1,2542,241.547040937639
1,2543,136.0804827287436
1,2544,321.62078614713505
1,2545,39.25599035138569
1,2546,284.06142889915964
1,2547,317.3820846438899
1,2548,197.5707160047282
1,2549,315.84631946867813
1,2550,291.7487537341413
1,2551,43.00153198451867
1,2552,317.42086123681327
1,2553,301.3286215909677
1,2554,40.25623351493278
1,2555,280.33631524806356
1,2556,325.5723145634588
1,2557,194.64918790111034
1,2558,233.51415435676273
1,2559,116.63134882348197
1,2560,114.14189308971778
1,2561,249.0724176416572
1,2562,124.98668890947698
1,2563,268.71666691011075
1,2564,31.012143693360322
1,2565,315.8756893101259
1,2566,30.87573298770294
1,2567,299.2385314640776
1,2568,292.18832966022876
1,2569,59.15327604482246
1,2570,280.6622370045096
1,2571,32.43449547510724
1,2572,283.35813249935467
1,2573,35.45798286940463
1,2574,206.81612559057174
1,2575,257.72597040597634
1,2576,152.22813868230506
1,2577,35.880802459526734
1,2578,271.3159904957928
1,2579,237.52658825132468
1,2580,220.4744261678485
1,2581,386.2975398199618
1,2582,260.4272534013827
1,2583,35.43807445838641
1,2584,368.35959345433287
1,2585,247.93318976254585
1,2586,193.6583616839952
1,2587,202.6915643753748
1,2588,35.0914354750324
1,2589,303.0942007010199
1,2590,305.3898509523549
1,2591,320.7096865310573
1,2592,16.338321307017242
1,2593,351.30286715600687
1,2594,318.47001634858134
1,2595,43.40207003542688
1,2596,152.4170812072094
1,2597,387.09767548588934
1,2598,32.18398024693129
1,2599,317.54726720936486
1,2600,32.37884749847282
1,2601,171.17915229274453
1,2602,44.71043799163102
1,2603,322.1589476335136
1,2604,276.6202274303141
1,2605,73.01263743922647
1,2606,173.71473987938188
1,2607,96.10238724629023
1,2608,225.2106011359664
1,2609,296.453688695521
1,2610,308.1359735068941
1,2611,151.9819899257397
1,2612,283.6215314868072
1,2613,32.89941164841025
1,2614,289.6959379423739
1,2615,301.836578181875
1,2616,37.60202870564141
1,2617,273.8728475433675
1,2618,186.6949231354846
1,2619,321.31566249406364
1,2620,32.588989075954785
1,2621,328.311831805361
1,2622,310.9883759313744
1,2623,32.76603820214999
1,2624,37.29523210515253
1,2625,356.16407248416124
1,2626,35.98733153511303
1,2627,177.42438525430373
1,2628,329.96556241481255
1,2629,220.58365860513356
1,2630,333.3378230559114
1,2631,251.08085540509276
1,2632,293.4634255637133
1,2633,298.34913138486615
1,2634,392.7188845591815
1,2635,36.670323311239855
1,2636,33.6698001316229
1,2637,294.1561153655765
1,2638,317.2915430578463
1,2639,37.58059354593017
1,2640,300.4727490998472
1,2641,42.667079911874595
1,2642,357.498161428911
1,2643,286.6124647213012
1,2644,41.28576615394349
1,2645,210.11065576679724
1,2646,39.330995390504256
1,2647,282.19356377163774
1,2648,302.1419971738212
1,2649,37.2927752484953
1,2650,285.0780720611094
1,2651,190.4110895374883
1,2652,309.0652293624296
1,2653,32.13542943682032
1,2654,244.41059790457996
1,2655,326.87111146398377
1,2656,273.56338946537244
1,2657,141.9474019116773
1,2658,32.63707638160577
1,2659,211.56120260945443
1,2660,242.56249743332185
1,2661,48.69829410745423
1,2662,338.68985240719087
1,2663,324.05342686011363
1,2664,373.61549605647804
1,2665,43.333437249680614
1,2666,196.65544999997007
1,2667,323.0440637736141
1,2668,287.5883466673082
1,2669,203.82233897034092
1,2670,346.0286757083598
1,2671,38.51584529931897
1,2672,125.2643909572306
1,2673,253.0813316684144
1,2674,41.72883408368911
1,2675,250.91073092753356
1,2676,42.92163319075827
1,2677,344.8998222685069
1,2678,70.62227130615713
1,2679,227.38214702180014
1,2680,125.36998831755633
1,2681,99.18897061738494
1,2682,257.20068468424085
1,2683,13.05601561670279
1,2684,128.74456032598698
1,2685,32.70886188045545
1,2686,211.7629225224038
1,2687,29.49218620118146
1,2688,209.4967814133558
1,2689,33.12976013561604
1,2690,245.36597483938004
1,2691,152.15556093632932
1,2692,29.630391391228326
1,2693,116.59549773050361
1,2694,252.15452836877319
1,2695,168.52681089069065
1,2696,65.9912812914572
1,2697,317.2353516965628
1,2698,31.02505154904319
1,2699,289.54998572077363
1,2700,262.4216175583716
1,2701,34.593805150212965
1,2702,231.2103943904463
1,2703,30.60499114619204
1,2704,73.54779369496669
1,2705,297.0659342922944
1,2706,30.844171184265978
1,2707,31.529657987511683
1,2708,289.38395327530543
1,2709,30.864283058486116
1,2710,234.4708446062732
1,2711,83.84256745495708
1,2712,30.76548423727009
1,2713,287.3204132411614
1,2714,282.2449552290569
1,2715,275.3530743764467
1,2716,237.20841519092028
1,2717,216.07999063946556
1,2718,302.3461839258873
1,2719,34.35162035525664
1,2720,307.82175490107636
1,2721,320.964341003429
1,2722,31.116200272214183
1,2723,339.2622376558796
1,2724,284.4529823424814
1,2725,319.04330295675857
1,2726,117.94212080136725
1,2727,252.47531659929507
1,2728,164.58056681027156
1,2729,270.09279106552725
1,2730,238.10728690388078
1,2731,84.60800588159171
1,2732,212.8645332388641
1,2733,32.28648422487407
1,2734,246.15157341667327
1,2735,31.64174109827692
1,2736,120.51998527174118
1,2737,252.97052420297277
1,2738,130.67323074616087
1,2739,240.04771874282716
1,2740,66.87278562837307
1,2741,179.7323945723192
1,2742,50.49581043367075
1,2743,236.22249413954225
1,2744,38.05693144073689
1,2745,240.72854460671138
1,2746,44.13201911904413
1,2747,262.3709657938648
1,2748,166.93233072807516
1,2749,39.19204966007074
1,2750,122.63176217748187
1,2751,262.8476910477606
1,2752,164.58979985490856
1,2753,72.13064249325139
1,2754,228.70125485424194
1,2755,38.15776749717341
1,2756,246.43710744138747
1,2757,244.9540860764858
1,2758,38.720104139599385
1,2759,99.52398721373304
1,2760,221.25214731299874
1,2761,29.757762454637415
1,2762,273.13353358383716
1,2763,29.776832448111286
1,2764,288.7780748977444
1,2765,290.7164003804639
1,2766,30.52145788970803
1,2767,230.96276048673423
1,2768,246.94489677542134
1,2769,34.397164118845716
1,2770,238.04109157718915
1,2771,30.695541120203217
1,2772,72.25928168640411
1,2773,277.49639133753135
1,2774,32.49914685318946
1,2775,31.925927273610007
1,2776,288.1353747274702
1,2777,31.791536792919185
1,2778,231.73454979355705
1,2779,84.22347086341412
1,2780,31.378633922410824
1,2781,287.1935391565865
1,2782,321.93312152880435
1,2783,31.45759527546114
1,2784,338.3288568700982
1,2785,310.47582352536983
1,2786,31.440466664798787
1,2787,241.4770683038313
1,2788,258.9824481245395
1,2789,282.951888591787
1,2790,280.92938857025206
1,2791,237.64002884513195
1,2792,216.65618720998404
1,2793,311.55042945081493
1,2794,34.85272202668244
1,2795,323.5132506303348
1,2796,31.56711828186203
1,2797,31.955852509461458
1,2798,244.9819081351498
1,2799,31.815610562374932
1,2800,117.93721297941934
1,2801,252.22318972088524
1,2802,214.3428828101824
1,2803,203.68675811211352
1,2804,84.86269383053954
1,2805,93.6508361387147
1,2806,252.88209223435024
1,2807,118.14728955948583
1,2808,122.36988126484428
1,2809,309.9801114238524
1,2810,32.393476908112035
1,2811,58.94571095142131
1,2812,278.9615379143776
1,2813,408.3804189528524
1,2814,242.91823196195855
1,2815,48.65218409650308
1,2816,338.4483449161162
1,2817,77.56249668356608
1,2818,327.7132930636092
1,2819,283.75230365281874
1,2820,400.53645149143955
1,2821,150.1518767218407
1,2822,278.6579411258242
1,2823,38.29768163681749
1,2824,229.46096053534552
1,2825,259.21240389364766
1,2826,34.045208460451875
1,2827,287.2333515748029
1,2828,41.68172701563175
1,2829,115.723626738344
1,2830,418.5079830944253
1,2831,303.1295437697916
1,2832,194.82881863179512
1,2833,41.86994701073246
1,2834,312.2837608109012
1,2835,181.77451641539022
1,2836,25.577864418470362
1,2837,277.30394378268386
1,2838,291.14045317363923
1,2839,29.047701804012274
1,2840,404.6242198280697
1,2841,29.864040658838324
1,2842,301.6812945728275
1,2843,24.186082716800627
1,2844,282.01854498020646
1,2845,152.51045281697037
1,2846,206.77747861494476
1,2847,247.54581967849344
1,2848,121.76333163552937
1,2849,186.1849043384957
1,2850,31.134644358533603
1,2851,304.88217412808126
1,2852,31.138496725934726
1,2853,187.27308666241169
1,2854,49.889718401566434
1,2855,158.88865182863736
1,2856,328.0035337812154
1,2857,30.80085619219717
1,2858,254.97865370547837
1,2859,300.8748139422604
1,2860,27.214629161782103
1,2861,304.61614531555745
1,2862,30.913845623682747
1,2863,30.890132828519768
1,2864,416.8669655751369
1,2865,30.79136412231697
1,2866,26.956454600671556
1,2867,255.85868246480766
1,2868,258.4430095079986
1,2869,34.67786630193687
1,2870,260.6084659768378
1,2871,243.04817768271408
1,2872,260.6512299667976
1,2873,241.61835716025578
1,2874,48.34401073820885
1,2875,337.7253903182345
1,2876,48.308311291851545
1,2877,168.64202490980642
1,2878,382.98709621977025
1,2879,272.4352779279325
1,2880,39.1449881707982
1,2881,308.74166324279093
1,2882,117.02888849686963
1,2883,49.235934615344746
1,2884,152.41498729244398
1,2885,341.8231365483401
1,2886,42.020790461166825
1,2887,240.72770478213778
1,2888,288.1588423542806
1,2889,38.36949840719805
1,2890,114.0849222789441
1,2891,218.70628442711487
1,2892,277.26880599642584
1,2893,37.8268758900982
1,2894,210.62192746678585
1,2895,248.887398708084
1,2896,29.230673839887917
1,2897,40.3216512041111
1,2898,254.38478897456216
1,2899,294.8430185957491
1,2900,25.594131627453756
1,2901,50.25593357711913
1,2902,122.74259655402771
1,2903,184.38557055575615
1,2904,35.10586309759035
1,2905,119.03632953955724
1,2906,225.85965157344427
1,2907,33.774286579111724
1,2908,32.393323449056105
1,2909,222.4673800418243
1,2910,304.0861202388448
1,2911,220.19387219974317
1,2912,314.6281436526722
1,2913,71.6750435431959
1,2914,219.07510977464543
1,2915,301.5227559083756
1,2916,36.24088779352882
1,2917,346.33317536010463
1,2918,35.58845537004986
1,2919,176.30356706662965
1,2920,311.26219949303606
1,2921,123.27675894562962
1,2922,293.3565783762305
1,2923,63.69531331255884
1,2924,337.38842527960236
1,2925,249.68160832964736
1,2926,33.15572457008973
1,2927,165.6184355826388
1,2928,223.1991947163417
1,2929,33.13544731896752
1,2930,346.5958799501601
1,2931,36.60679445917956
1,2932,269.2472683841574
1,2933,233.47288807067287
1,2934,311.29053196675994
1,2935,448.41239067626753
1,2936,33.54504720323376
1,2937,286.94204855436027
1,2938,184.3706952461917
1,2939,329.64962497564915
1,2940,239.15530288369138
1,2941,124.4264861768628
1,2942,278.35403478212965
1,2943,37.2045179255849
1,2944,277.53229449071074
1,2945,33.97388065713717
1,2946,337.5934584717597
1,2947,284.20444528319155
1,2948,37.34636281819942
1,2949,307.64190274615055
1,2950,33.43176380843577
1,2951,273.1936771878502
1,2952,36.926693790797025
1,2953,303.75301658774407
1,2954,289.4599007873213
1,2955,33.35002357256016
1,2956,260.35582854219945
1,2957,269.518706763649
1,2958,302.6134051615265
1,2959,33.26485361866921
1,2960,263.95175330757405
1,2961,36.62305122888264
1,2962,242.789709656066
1,2963,35.094934156961884
1,2964,241.71283195652424
1,2965,453.10370507651464
1,2966,33.22407072832668
1,2967,288.68147981055614
1,2968,301.9485198491297
1,2969,346.0988973181161
1,2970,35.58292058519429
1,2971,351.6202163926452
1,2972,294.3273125711584
1,2973,62.31033027636232
1,2974,124.72743607916925
1,2975,351.7364532316886
1,2976,221.65243904476395
1,2977,52.56205304181394
1,2978,262.31908767656864
1,2979,14.14368528974129
1,2980,396.9729438507783
1,2981,32.260236822211596
1,2982,343.19580522961684
1,2983,237.9887951898487
1,2984,275.5987181498314
1,2985,248.07845495953654
1,2986,217.0294173284902
1,2987,32.51932791854599
1,2988,200.52523067717317
1,2989,234.77079808531778
1,2990,37.448540829185404
1,2991,230.9971860590378
1,2992,125.00875777496273
1,2993,138.7000406943253
1,2994,300.7994180819698
1,2995,398.9478050108067
1,2996,41.46884138252062
1,2997,124.08647490602637
1,2998,266.3270853506077
1,2999,190.6810740624015
1,3000,236.4807367505311
1,3001,28.089109782538173
1,3002,196.59005196033854
1,3003,118.38660567959943
1,3004,32.78523843581809
1,3005,27.90421789025931
1,3006,270.47931463462703
1,3007,32.248599895205146
1,3008,170.56372688375734
1,3009,308.87706278069885
1,3010,26.052489104227284
1,3011,263.3375372352345
1,3012,30.595866468802722
1,3013,322.73914580127337
1,3014,58.99151505061974
1,3015,227.89515070277344
1,3016,32.75801366833247
1,3017,310.26862472724133
1,3018,113.49145788460524
1,3019,206.48392676071472
1,3020,276.21662502741407
1,3021,30.252485885118446
1,3022,153.69276958787339
1,3023,262.82392612396757
1,3024,60.15288768235884
1,3025,189.9540861985824
1,3026,93.37586851242452
1,3027,252.29429566338655
1,3028,237.8385740754195
1,3029,30.38078564450678
1,3030,240.2212126477108
1,3031,144.24763450973404
1,3032,203.6678982873085
1,3033,246.4350946297854
1,3034,60.106738345724665
1,3035,338.50259396866215
1,3036,34.567759776751956
1,3037,192.71041380838926
1,3038,30.633930188453007
1,3039,289.8975116439426
1,3040,194.70272851339791
1,3041,246.95255335147178
1,3042,30.981599931502256
1,3043,223.2714532869462
1,3044,121.68530459041514
1,3045,288.9381776118124
1,3046,34.07614462994104
1,3047,337.07048227195287
1,3048,31.216107599341676
1,3049,278.5915734840179
1,3050,256.690575332086
1,3051,290.591001949216
1,3052,208.05714755867814
1,3053,84.27632058786037
1,3054,30.546813085611873
1,3055,263.1041618767234
1,3056,35.64989375850226
1,3057,345.07967089420725
1,3058,185.50704148875917
1,3059,241.06560276587766
1,3060,31.459427540894936
1,3061,271.63535912546956
1,3062,98.09032395382974
1,3063,130.06144979354485
1,3064,257.97758991802357
1,3065,244.00342385243636
1,3066,415.1345018513901
1,3067,31.29046311539641
1,3068,100.88353694350047
1,3069,286.85108780308735
1,3070,267.3063082035797
1,3071,374.1059460567981
1,3072,342.40801735394393
1,3073,311.95806767889303
1,3074,293.39264443582823
1,3075,40.20661149772957
1,3076,292.13224238316997
1,3077,42.18943837368715
1,3078,320.0583460905756
1,3079,201.8353898360157
1,3080,289.55718063349883
1,3081,80.10497665300625
1,3082,190.89020521373882
1,3083,266.0777836450154
1,3084,40.693901588858495
1,3085,236.2937968457901
1,3086,304.1556019430951
1,3087,54.29754661426037
1,3088,294.1037253926854
1,3089,45.06629104767873
1,3090,132.17043196823718
1,3091,267.3849589529905
1,3092,334.2204991227583
1,3093,304.27051516637437
1,3094,150.3989567004379
1,3095,31.86545666424933
1,3096,95.43727922750176
1,3097,34.11301379969272
1,3098,217.6645161401629
1,3099,287.68721331887923
1,3100,272.4671552069742
1,3101,127.66140469701637
1,3102,337.11196278699947
1,3103,36.28134269647039
1,3104,205.00473057566984
1,3105,141.08392074220308
1,3106,272.21055877210557
1,3107,36.36686219312338
1,3108,234.250448670815
1,3109,39.604734830178586
1,3110,166.91539582267208
1,3111,29.869017940024207
1,3112,274.7961528470324
1,3113,271.83971329728286
1,3114,300.94959898251955
1,3115,327.75881322944423
1,3116,283.2754109589114
1,3117,201.12731394049072
1,3118,97.76030625033971
1,3119,265.5540123195271
1,3120,357.8165660979467
1,3121,329.55772421126665
1,3122,35.61622110507095
1,3123,322.51296228426577
1,3124,30.762495647405373
1,3125,317.7465025657174
1,3126,249.16242956717872
1,3127,37.438454250888654
1,3128,236.25304812810384
1,3129,323.94961483721397
1,3130,194.43304130936355
1,3131,308.9861175209786
1,3132,330.9909279911354
1,3133,329.6367923128347
1,3134,326.3237440832512
1,3135,128.58077236724793
1,3136,141.85130257488487
1,3137,324.67258226671333
1,3138,203.61911644408013
1,3139,233.76442970997093
1,3140,212.7736487783112
1,3141,103.30583031032255
1,3142,281.2338137761522
1,3143,40.176210703900324
1,3144,294.6601055022588
1,3145,258.2312463179351
1,3146,280.26374196351543
1,3147,325.19559728839886
1,3148,323.2219028845662
1,3149,42.003863627257154
1,3150,248.56424287838743
1,3151,92.32685994752718
1,3152,292.1618627243609
1,3153,44.2456596088858
1,3154,278.2158880116277
1,3155,79.62974347707737
1,3156,297.08403407452664
1,3157,238.5939921385649
1,3158,51.91248405518863
1,3159,333.567730937884
1,3160,252.44095696840435
1,3161,290.59528755526367
1,3162,303.94515337843825
1,3163,305.74291307284943
1,3164,43.97133562633043
1,3165,279.9708707067758
1,3166,38.820748900614014
1,3167,262.849079107941
1,3168,307.93547738096083
1,3169,34.61045862845994
1,3170,168.2681628736064
1,3171,266.85459745570085
1,3172,49.528540354202946
1,3173,185.05486344232796
1,3174,36.33722648516312
1,3175,372.0008265577169
1,3176,36.07402238741532
1,3177,273.4842387277405
1,3178,76.41391997897841
1,3179,364.4615632298949
1,3180,45.36356590147602
1,3181,160.98632759942757
1,3182,339.2540641535479
1,3183,329.16579548274444
1,3184,39.638469691486854
1,3185,36.67842468883839
1,3186,304.0587172190859
1,3187,35.69912981508008
1,3188,266.63282454500404
1,3189,35.58390518683186
1,3190,110.05726454454648
1,3191,345.2406009770348
1,3192,46.97142071285785
1,3193,399.13183969284364
1,3194,40.67979738722881
1,3195,291.61181259904527
1,3196,126.48101917098646
1,3197,237.94406955190834
1,3198,245.89267239694396
1,3199,281.51854929936155
1,3200,106.41924030552497
1,3201,218.54932987572153
1,3202,330.6527441957216
1,3203,36.73405480120104
1,3204,242.15642404071963
1,3205,238.9463935414953
1,3206,275.10813421835326
1,3207,127.08487996659903
1,3208,63.75520648597856
1,3209,278.17451153753564
1,3210,248.60049334899753
1,3211,31.195759627058628
1,3212,182.62155267088
1,3213,199.75056825248402
1,3214,277.9025139513282
1,3215,131.44317008012348
1,3216,38.181183303585584
1,3217,314.1520041684513
1,3218,127.70089945591951
1,3219,245.4560892294641
1,3220,251.73929586099018
1,3221,287.03486918960334
1,3222,200.17221420405065
1,3223,337.9226220485786
1,3224,107.21586543709665
1,3225,176.27773063000222
1,3226,37.08091402709911
1,3227,222.71983544092217
1,3228,37.06151819885204
1,3229,246.81264665955428
1,3230,38.08912444921818
1,3231,37.02658110475884
1,3232,286.7469830025716
1,3233,274.24240293487765
1,3234,243.96533184606236
1,3235,395.3166870648663
1,3236,130.45856582352803
1,3237,303.3316525749776
1,3238,36.0236428855779
1,3239,276.04074716964556
1,3240,81.10273535145961
1,3241,240.42366789471677
1,3242,253.7942367651799
1,3243,238.47837854963223
1,3244,196.0644298308093
1,3245,316.51324161088985
1,3246,344.64733696097926
1,3247,216.99362202028107
1,3248,348.7976332495631
1,3249,417.7129423253201
1,3250,297.6533273449284
1,3251,242.46794603092007
1,3252,42.04326983915709
1,3253,295.2190091120483
1,3254,41.89089614176587
1,3255,247.54591463191997
1,3256,278.30681101471515
1,3257,289.1303559325527
1,3258,40.23531005928235
1,3259,317.5019375913246
1,3260,290.10291431605583
1,3261,224.4105729011269
1,3262,305.6417408495091
1,3263,322.5445587590334
1,3264,85.87087201373657
1,3265,52.34083900098152
1,3266,43.38276052190221
1,3267,243.78987362975647
1,3268,238.0293264197376
1,3269,274.71509060134383
1,3270,256.833230984038
1,3271,359.7507493950268
1,3272,281.68809772614907
1,3273,214.0459370127266
1,3274,311.8353795682699
1,3275,34.756806143033835
1,3276,262.9879815642552
1,3277,274.4581102818686
1,3278,301.1860149080027
1,3279,283.450964661775
1,3280,314.9765827673252
1,3281,35.9567792986284
1,3282,239.6648511058179
1,3283,339.8074692239985
1,3284,75.84295336668535
1,3285,247.17454869815
1,3286,410.6011714276128
1,3287,382.4417944838877
1,3288,382.26450379608957
1,3289,330.88054641589366
1,3290,76.49164750199459
1,3291,330.75279885257044
1,3292,295.197319288347
1,3293,255.28587215527483
1,3294,66.383215217838
1,3295,224.12187258649212
1,3296,260.8160790383588
1,3297,323.60927060494026
1,3298,306.08120292253005
1,3299,36.025008378656906
1,3300,325.3641139089177
1,3301,40.450342690653486
1,3302,327.7772219759737
1,3303,363.6673145427461
1,3304,371.21896597437467
1,3305,36.19144450329634
1,3306,30.393823808448914
1,3307,284.61749440757035
1,3308,36.56841130575603
1,3309,274.9558044855344
1,3310,202.87758065855115
1,3311,311.6502168049573
1,3312,154.0213222270857
1,3313,315.44804155097677
1,3314,169.31277386409383
1,3315,251.6912407393204
1,3316,40.74989294170813
1,3317,135.85752502612462
1,3318,301.0338505596812
1,3319,100.73985371834368
1,3320,218.10585153639715
1,3321,251.04176563272716
1,3322,118.9623174232366
1,3323,41.22848386992933
1,3324,330.4883614909859
1,3325,317.7663907273021
1,3326,253.66095827125275
1,3327,131.878233591864
1,3328,199.96602116249431
1,3329,96.38406920869672
1,3330,217.9851659344244
1,3331,250.55564458839552
1,3332,36.51161581583045
1,3333,277.0826200756723
1,3334,31.594147071589425
1,3335,229.0826131894334
1,3336,36.829852203443274
1,3337,92.89271055217856
1,3338,261.1547658660793
1,3339,287.9274864175468
1,3340,192.48144007357664
1,3341,275.1487638966207
1,3342,232.9120464724711
1,3343,86.91184370871719
1,3344,247.0760973007678
1,3345,260.14941691840085
1,3346,68.61151558557393
1,3347,275.69981028675465
1,3348,267.5507423403502
1,3349,306.3532918316164
1,3350,236.44953206962342
1,3351,255.13499499590742
1,3352,35.32741204622597
1,3353,359.25444121548855
1,3354,39.987048392272605
1,3355,263.38586547988666
1,3356,35.264329138425666
1,3357,227.5481076211666
1,3358,199.01333955430454
1,3359,333.30942284957763
1,3360,35.538564844796035
1,3361,244.0761852017858
1,3362,637.9480477484801
1,3363,500.9633690116393
1,3364,328.55956200675064
1,3365,361.9433677924886
1,3366,32.78681379672033
1,3367,405.3941978008977
1,3368,323.48614212352953
1,3369,302.94303458879085
1,3370,243.28401257627945
1,3371,323.71434682387246
1,3372,53.81727755951796
1,3373,41.53172323582964
1,3374,454.3143246267093
1,3375,268.23365856816156
1,3376,317.4487546420386
1,3377,324.58713875963576
1,3378,270.4549545897946
1,3379,288.7868308353203
1,3380,287.0669467390776
1,3381,168.52484849065735
1,3382,287.23241118104596
1,3383,195.2538653430421
1,3384,425.6908135806817
1,3385,285.072597947973
1,3386,274.32417516597684
1,3387,309.43073883038136
1,3388,38.8123129150641
1,3389,281.5285179555703
1,3390,284.3260264581378
1,3391,291.52685134951093
1,3392,431.95661946844507
1,3393,185.71101438079162
1,3394,223.85473569847997
1,3395,282.36344551102036
1,3396,25.662093438791597
1,3397,117.30267862149468
1,3398,283.7548161891723
1,3399,327.393502674834
1,3400,354.3736076007032
1,3401,256.78407869624573
1,3402,293.27691944125445
1,3403,278.7165421525257
1,3404,32.14911597930438
1,3405,35.60492341059202
1,3406,436.68158600924227
1,3407,179.13817271326946
1,3408,276.00493383079646
1,3409,356.4327224903214
1,3410,30.564775518909496
1,3411,356.0371076407289
1,3412,30.95925403418748
1,3413,117.89333373496103
1,3414,229.90075412378127
1,3415,255.2885825657291
1,3416,266.8893562466294
1,3417,44.477135472463885
1,3418,240.3137699041333
1,3419,53.59408985930472
1,3420,306.9691884241125
1,3421,291.76443728387085
1,3422,38.0195424934067
1,3423,44.368456260180096
1,3424,455.7957304501765
1,3425,279.93781780060874
1,3426,44.26432272862808
1,3427,297.14499554627486
1,3428,258.4986382646831
1,3429,332.4373309602337
1,3430,38.51960591731431
1,3431,236.64620897479392
1,3432,43.869557189763114
1,3433,307.5629017932264
1,3434,130.1291350133916
1,3435,277.0366597139944
1,3436,280.05870970032754
1,3437,279.99415879254474
1,3438,264.59197694383994
1,3439,414.3824051639764
1,3440,277.20475026710267
1,3441,346.6195800042348
1,3442,286.6460636663471
1,3443,447.21354665937605
1,3444,30.15095854689924
1,3445,229.53416339674865
1,3446,34.41290347928652
1,3447,285.7355834541081
1,3448,310.49813802759036
1,3449,22.22874198419715
1,3450,230.66301237144023
1,3451,32.27344152056801
1,3452,233.03729416598216
1,3453,125.49295683257074
1,3454,213.43301417394562
1,3455,31.64715597508995
1,3456,295.66153788140963
1,3457,31.23951663769925
1,3458,274.55946875587665
1,3459,30.56598003262795
1,3460,31.10074674814691
1,3461,314.2360289783587
1,3462,182.91104280559495
1,3463,281.7205960715656
1,3464,221.81897254029928
1,3465,209.88809117509192
1,3466,265.2269342220713
1,3467,311.42202324159007
1,3468,325.5777696823167
1,3469,43.4373163430553
1,3470,320.6255642161635
1,3471,38.764766648661876
1,3472,44.220234366668514
1,3473,306.9132308890298
1,3474,72.633735945464
1,3475,318.0665581232313
1,3476,297.63549938697497
1,3477,43.10294970599839
1,3478,275.46162698063404
1,3479,284.56209693926286
1,3480,38.28338926765959
1,3481,231.0456834257024
1,3482,38.69031190181462
1,3483,329.96060347861453
1,3484,297.2163288036633
1,3485,282.2118172132101
1,3486,306.46476378946323
1,3487,182.7360190704327
1,3488,250.92751260881573
1,3489,267.45464433443226
1,3490,225.73234951765656
1,3491,282.0043864172326
1,3492,285.25412526357354
1,3493,183.97548461719418
1,3494,12.078843428968709
1,3495,151.94749054136912
1,3496,229.87639065559728
1,3497,280.86124311529386
1,3498,35.91727156841999
1,3499,184.26183080425793
1,3500,301.80115142860154
1,3501,31.421136392223055
1,3502,280.62766598983796
1,3503,68.94700566848336
1,3504,303.39717357884837
1,3505,268.3686216040981
1,3506,122.47058661741335
1,3507,31.50059062072673
1,3508,233.85147613496576
1,3509,35.49221296136137
1,3510,282.10590158165803
1,3511,230.29998835656778
1,3512,231.76575156590187
1,3513,311.72234737868996
1,3514,82.80231189584796
1,3515,280.27942206606997
1,3516,430.55116932482747
1,3517,306.3929389537685
1,3518,285.6341426062287
1,3519,77.26330047370658
1,3520,246.32148221014558
1,3521,286.6118992788776
1,3522,294.5162243300923
1,3523,267.35576163157674
1,3524,38.50857864238344
1,3525,248.88981627828554
1,3526,232.12243975311765
1,3527,37.94341188031934
1,3528,272.5682592950594
1,3529,39.231857719781615
1,3530,38.57788462715716
1,3531,277.14853365739793
1,3532,166.57218595336522
1,3533,29.593344683480083
1,3534,33.53701663861004
1,3535,169.5732902248709
1,3536,124.69046211561928
1,3537,30.139483063995485
1,3538,253.4528719608425
1,3539,235.72835031303413
1,3540,30.01707419534401
1,3541,269.63588019148216
1,3542,19.337745313805293
1,3543,30.063590116028873
1,3544,261.6178665227832
1,3545,31.603219657296634
1,3546,259.41335653399085
1,3547,414.89313857272225
1,3548,121.72514129490276
1,3549,326.93376245951583
1,3550,31.688304720335168
1,3551,251.74630605928695
1,3552,228.22790475639994
1,3553,436.77653956764004
1,3554,186.94586048663922
1,3555,272.31989853460124
1,3556,308.428960109605
1,3557,122.70992904129461
1,3558,281.35312188781785
1,3559,31.607403468450457
1,3560,436.33606208488277
1,3561,31.394106252281816
1,3562,31.659454086744756
1,3563,324.02264065974896
1,3564,307.5806646246322
1,3565,144.47091799165995
1,3566,262.13417339509397
1,3567,228.92793427886897
1,3568,322.3712894878223
1,3569,31.676453383352015
1,3570,258.2095349883858
1,3571,72.49949621693565
1,3572,305.7909767354214
1,3573,270.9468426176368
1,3574,118.80597568800883
1,3575,293.17834199867747
1,3576,283.04898732305753
1,3577,193.82958456781185
1,3578,274.1406451916073
1,3579,183.2601986141272
1,3580,442.5920313528972
1,3581,306.25954651856057
1,3582,448.26734279782954
1,3583,467.5713044944061
1,3584,283.9814578864042
1,3585,32.623065788466164
1,3586,274.86882605608196
1,3587,258.81223426640724
1,3588,283.26728674767776
1,3589,316.5815082770097
1,3590,47.510124836428375
1,3591,325.9574029093048
1,3592,291.43723728072405
1,3593,290.3638235487874
1,3594,325.2948559173442
1,3595,357.32149344835943
1,3596,187.58042917635467
1,3597,271.15906699105096
1,3598,287.3876391512428
1,3599,181.47329608665677
1,3600,287.6917121732162
1,3601,227.89522607708886
1,3602,187.5097400577675
1,3603,291.15622001555573
1,3604,55.640970173070706
1,3605,229.73051822178536
1,3606,285.87427425583473
1,3607,200.09503253687757
1,3608,262.60463202316
1,3609,40.735600475099986
1,3610,34.71364057437306
1,3611,61.59921927623153
1,3612,99.04532841069607
1,3613,247.90620958825346
1,3614,237.85764046203707
1,3615,39.08718755258683
1,3616,242.43221167813746
1,3617,42.955355153764785
1,3618,280.71855434642623
1,3619,221.46904964910485
1,3620,214.4416804737093
1,3621,18.064846532168612
1,3622,249.12787395508383
1,3623,35.54743782090936
1,3624,264.2680179212739
1,3625,30.501403328726948
1,3626,219.60525684900892
1,3627,26.413120840688535
1,3628,245.93975128425058
1,3629,204.96771929345155
1,3630,236.56084098605072
1,3631,241.21872088264473
1,3632,68.3302145423914
1,3633,144.1900912536577
1,3634,35.42844510967148
1,3635,269.93860917306273
1,3636,321.39522977077394
1,3637,17.616387978874755
1,3638,240.160132883053
1,3639,62.50782203516654
1,3640,44.105699304704814
1,3641,133.33110350685445
1,3642,31.70770121073695
1,3643,163.50980662236626
1,3644,32.75735534495012
1,3645,264.1959149573439
1,3646,36.25664772557373
1,3647,243.56246404253756
1,3648,183.30208834290062
1,3649,279.0098658936273
1,3650,32.54233077433052
1,3651,243.54846138996413
1,3652,147.2523542297667
1,3653,274.335264755475
1,3654,62.909964572849454
1,3655,240.88713357550512
1,3656,36.72942495880731
1,3657,63.004919063511075
1,3658,276.3834485641212
1,3659,95.2429601666199
1,3660,267.71849835274446
1,3661,119.0788996629149
1,3662,37.246106600073745
1,3663,235.68705201988192
1,3664,279.00341526022385
1,3665,259.5343350922715
1,3666,356.5890155324977
1,3667,196.8013163558088
1,3668,33.695595420234625
1,3669,206.72196341816334
1,3670,279.58941719413053
1,3671,336.5517128392368
1,3672,254.6851613718147
1,3673,33.44251077709933
1,3674,255.09830710710708
1,3675,34.178503634754534
1,3676,252.80439884590123
1,3677,219.1118676555232
1,3678,25.08079833229494
1,3679,311.72766540432224
1,3680,33.40433743818497
1,3681,290.07853688828936
1,3682,845.7904313000479
1,3683,343.72153906699003
1,3684,174.82082051258456
1,3685,328.17953139610614
1,3686,232.73701178361176
1,3687,197.59204479280038
1,3688,330.17133629864253
1,3689,161.37927138196486
1,3690,243.1865632448368
1,3691,40.1656170346407
1,3692,182.3901489898689
1,3693,173.91821728765618
1,3694,334.2471383409934
1,3695,304.0906205085301
1,3696,38.484265291146855
1,3697,320.0791841162748
1,3698,232.04725903283625
1,3699,51.83535380004689
1,3700,271.6457921349316
1,3701,287.21843180656913
1,3702,37.49273317247052
1,3703,243.89665017624375
1,3704,314.69294197829083
1,3705,33.3117810878946
1,3706,299.96895175419843
1,3707,339.5016335875063
1,3708,333.5428342131355
1,3709,280.51087855223045
1,3710,280.1976456834412
1,3711,38.208254901147455
1,3712,239.85598176546597
1,3713,43.03125761107235
1,3714,378.58711923538016
1,3715,260.43172944444035
1,3716,280.98395652050397
1,3717,281.7117358821032
1,3718,352.3753249632791
1,3719,33.14074031063801
1,3720,224.50669319386316
1,3721,285.99028343118846
1,3722,29.83033260523564
1,3723,251.4281312618819
1,3724,272.72611644493617
1,3725,57.73959319877016
1,3726,239.43643730628747
1,3727,32.90334520177136
1,3728,219.95368192791605
1,3729,202.2991510102965
1,3730,69.19983791785353
1,3731,202.00479238085728
1,3732,37.835678849843646
1,3733,203.00512153141892
1,3734,168.17847655087598
1,3735,274.5528600800312
1,3736,33.76295688418435
1,3737,227.15381226057906
1,3738,249.19143292672018
1,3739,32.92237966876915
1,3740,223.5988516164668
1,3741,323.7089815230672
1,3742,36.76271185709248
1,3743,250.96686393535776
1,3744,241.41221507764908
1,3745,341.22575275740195
1,3746,36.84835047033194
1,3747,186.50805134610084
1,3748,251.76599213605647
1,3749,180.715013023653
1,3750,96.45838990998323
1,3751,212.38476742394926
1,3752,305.20937224754744
1,3753,300.3924268752779
1,3754,38.16383692086837
1,3755,284.0734489888382
1,3756,60.84578958335186
1,3757,126.37955808058986
1,3758,340.33013944615595
1,3759,34.25963927546499
1,3760,295.4984996290234
1,3761,38.69544378702481
1,3762,122.45464867222378
1,3763,111.70845066709202
1,3764,316.4312871571169
1,3765,38.34964174410028
1,3766,123.85911432282306
1,3767,312.7025657537085
1,3768,343.28165284993105
1,3769,287.14793276986603
1,3770,224.91234892481958
1,3771,184.77120169362928
1,3772,291.88005425728625
1,3773,252.83373709928577
1,3774,264.9542387094564
1,3775,263.3817565962282
1,3776,313.95093422899873
1,3777,340.52376350333395
1,3778,358.8710106150322
1,3779,34.93569641386432
1,3780,292.4585640504604
1,3781,40.01275460205602
1,3782,331.2803179528426
1,3783,34.88282689779227
1,3784,270.2140292299449
1,3785,188.09824466005455
1,3786,342.639078701905
1,3787,38.37588839263529
1,3788,172.2865114989678
1,3789,308.17817097264424
1,3790,145.47752039596176
1,3791,301.3409138489751
1,3792,273.4386324156957
1,3793,271.04106253141794
1,3794,22.6570567074159
1,3795,247.33543927672224
1,3796,269.7618525269336
1,3797,309.8025434222793
1,3798,29.55918422642714
1,3799,238.13632969377375
1,3800,248.77276640916676
1,3801,177.99737153026624
1,3802,29.77655260809668
1,3803,244.73692729917906
1,3804,275.3237126403676
1,3805,238.4936739000683
1,3806,36.32184927195422
1,3807,363.659374184479
1,3808,30.725273059510453
1,3809,162.13762098389319
1,3810,297.90637498719474
1,3811,256.0440826729701
1,3812,306.2711629516158
1,3813,27.667510386267004
1,3814,297.6131234504644
1,3815,288.56422559070705
1,3816,27.697329818098005
1,3817,256.6457726307607
1,3818,314.8603743944697
1,3819,261.62606657536514
1,3820,291.61597669257685
1,3821,248.83779186306964
1,3822,27.733139285644985
1,3823,272.7991430617194
1,3824,181.3728185544486
1,3825,188.36605986057754
1,3826,180.47488093222842
1,3827,235.87387073640917
1,3828,28.001941020777473
1,3829,288.5590086006382
1,3830,342.52925922114935
1,3831,30.02489608345119
1,3832,247.44939269108886
1,3833,259.4361722149764
1,3834,77.38010503736511
1,3835,317.9676884124389
1,3836,408.23476412808066
1,3837,362.9892734354706
1,3838,47.5184501975303
1,3839,246.90468325236202
1,3840,125.84386270641696
1,3841,280.95703171170493
1,3842,36.21135595264401
1,3843,293.2075530211205
1,3844,115.30452524872857
1,3845,41.60987215012794
1,3846,81.85595507652951
1,3847,303.4009664741687
1,3848,34.5920159038709
1,3849,32.06846348079942
1,3850,175.65097488827408
1,3851,246.4806753289684
1,3852,448.8919470157059
1,3853,314.3713045774713
1,3854,37.034781392104556
1,3855,280.4658100611373
1,3856,39.79761832043107
1,3857,183.34669275338837
1,3858,111.12780766022394
1,3859,331.4171306629515
1,3860,26.74682392176499
1,3861,332.81516335146455
1,3862,27.90497359864638
1,3863,260.0189739421195
1,3864,179.56655641650926
1,3865,286.3163123592601
1,3866,26.960356723895423
1,3867,223.95978188930383
1,3868,73.64878970758889
1,3869,278.5030101544262
1,3870,29.72613679927199
1,3871,290.43206924078737
1,3872,148.01005446605794
1,3873,252.81794305428286
1,3874,294.61007245674807
1,3875,321.3741462625833
1,3876,31.642608694055347
1,3877,167.70767631126074
1,3878,313.1905131917343
1,3879,25.344566319580057
1,3880,277.7661376279966
1,3881,285.3425652597401
1,3882,283.88744158290746
1,3883,281.563579841366
1,3884,28.652065231478346
1,3885,277.91215826037137
1,3886,315.3868806414928
1,3887,180.2114175193819
1,3888,344.09152591044847
1,3889,32.18756138428481
1,3890,167.48361081776204
1,3891,313.12197874916416
1,3892,30.455496542346797
1,3893,116.43522304125355
1,3894,298.28248627690675
1,3895,297.77269618084335
1,3896,294.0638998861108
1,3897,319.2986275652819
1,3898,365.5296298567098
1,3899,89.00177439797474
1,3900,240.4485337175518
1,3901,322.57363249883633
1,3902,64.22013949304845
1,3903,277.405950636576
1,3904,36.52623370930111
1,3905,283.4960395510201
1,3906,192.2351187724517
1,3907,344.5618298593325
1,3908,40.107254542119534
1,3909,174.37541571965318
1,3910,326.31741829995394
1,3911,428.58658735679995
1,3912,252.34759176828544
1,3913,262.0821818743465
1,3914,37.01139426812574
1,3915,260.9413186456324
1,3916,61.98840911272745
1,3917,271.0306908935801
1,3918,297.58516158163013
1,3919,137.83045407979486
1,3920,31.23583537860626
1,3921,264.3742985789976
1,3922,224.37683051321085
1,3923,211.59385152617907
1,3924,31.2937029335463
1,3925,246.15970228626935
1,3926,394.9094424641107
1,3927,28.62416790036076
1,3928,108.91544774208437
1,3929,163.65257420294034
1,3930,25.737444030332895
1,3931,372.12204685870324
1,3932,406.0784034769197
1,3933,29.14483012079469
1,3934,270.83531062430325
1,3935,291.9773839967395
1,3936,330.2894223285107
1,3937,32.06370027432533
1,3938,174.36955983565642
1,3939,318.0977668540711
1,3940,348.7648561807598
1,3941,306.5410132548927
1,3942,54.58882255711295
1,3943,269.4405595678348
1,3944,274.2257532127648
1,3945,29.469772334383883
1,3946,321.47366326974065
1,3947,201.40368716672634
1,3948,29.077827316293366
1,3949,292.9758654975485
1,3950,211.68590619441326
1,3951,248.07752599469046
1,3952,90.94356691544513
1,3953,198.16527204393714
1,3954,184.50398947300366
1,3955,29.142605778823167
1,3956,410.84982747836796
1,3957,293.33784583112094
1,3958,343.2231783077053
1,3959,299.0040088802859
1,3960,25.77452034828869
1,3961,289.69136064835686
1,3962,30.130014375432438
1,3963,25.99272730258894
1,3964,323.05944501232034
1,3965,239.20502461197339
1,3966,59.80547182586233
1,3967,242.0703777159299
1,3968,214.62694456870597
1,3969,305.6833698076943
1,3970,29.998300195631103
1,3971,26.148947932282887
1,3972,349.94952986161707
1,3973,306.2348297492837
1,3974,273.33440689383883
1,3975,30.014181513207674
1,3976,291.2484211686194
1,3977,34.57797404453888
1,3978,287.98862056015525
1,3979,313.1287364463086
1,3980,256.1913562593814
1,3981,113.98745788020453
1,3982,273.95024115160936
1,3983,91.40484372459971
1,3984,32.959678088314114
1,3985,262.0811585208582
1,3986,32.959678088314114
1,3987,295.10479947234455
1,3988,300.2375962242844
1,3989,320.6571823926909
1,3990,49.44551738726958
1,3991,276.1699981259182
1,3992,234.94669718657443
1,3993,499.16909533747787
1,3994,379.2114041385825
1,3995,74.20192752458482
1,3996,241.547040937639
1,3997,136.0804827287436
1,3998,321.62078614713505
1,3999,39.25599035138569
1,4000,284.06142889915964
1,4001,317.3820846438899
1,4002,197.5707160047282
1,4003,315.84631946867813
1,4004,291.7487537341413
1,4005,43.00153198451867
1,4006,317.42086123681327
1,4007,301.3286215909677
1,4008,40.25623351493278
1,4009,280.33631524806356
1,4010,325.5723145634588
1,4011,194.64918790111034
1,4012,233.51415435676273
1,4013,116.63134882348197
1,4014,114.14189308971778
1,4015,249.0724176416572
1,4016,124.98668890947698
1,4017,268.71666691011075
1,4018,31.012143693360322
1,4019,315.8756893101259
1,4020,30.87573298770294
1,4021,299.2385314640776
1,4022,292.18832966022876
1,4023,59.15327604482246
1,4024,280.6622370045096
1,4025,32.43449547510724
1,4026,283.35813249935467
1,4027,35.45798286940463
1,4028,206.81612559057174
1,4029,257.72597040597634
1,4030,152.22813868230506
1,4031,35.880802459526734
1,4032,271.3159904957928
1,4033,237.52658825132468
1,4034,220.4744261678485
1,4035,386.2975398199618
1,4036,260.4272534013827
1,4037,35.43807445838641
1,4038,368.35959345433287
1,4039,247.93318976254585
1,4040,193.6583616839952
1,4041,202.6915643753748
1,4042,35.0914354750324
1,4043,303.0942007010199
1,4044,305.3898509523549
1,4045,320.7096865310573
1,4046,16.338321307017242
1,4047,351.30286715600687
1,4048,318.47001634858134
1,4049,43.40207003542688
1,4050,152.4170812072094
1,4051,387.09767548588934
1,4052,32.18398024693129
1,4053,317.54726720936486
1,4054,32.37884749847282
1,4055,171.17915229274453
1,4056,44.71043799163102
1,4057,322.1589476335136
1,4058,276.6202274303141
1,4059,73.01263743922647
1,4060,173.71473987938188
1,4061,96.10238724629023
1,4062,225.2106011359664
1,4063,296.453688695521
1,4064,308.1359735068941
1,4065,151.9819899257397
1,4066,283.6215314868072
1,4067,32.89941164841025
1,4068,289.6959379423739
1,4069,301.836578181875
1,4070,37.60202870564141
1,4071,273.8728475433675
1,4072,186.6949231354846
1,4073,321.31566249406364
1,4074,32.588989075954785
1,4075,328.311831805361
1,4076,310.9883759313744
1,4077,32.76603820214999
1,4078,37.29523210515253
1,4079,356.16407248416124
1,4080,35.98733153511303
1,4081,177.42438525430373
1,4082,329.96556241481255
1,4083,220.58365860513356
1,4084,333.3378230559114
1,4085,251.08085540509276
1,4086,293.4634255637133
1,4087,298.34913138486615
1,4088,392.7188845591815
1,4089,36.670323311239855
1,4090,33.6698001316229
1,4091,294.1561153655765
1,4092,317.2915430578463
1,4093,37.58059354593017
1,4094,300.4727490998472
1,4095,42.667079911874595
1,4096,357.498161428911
1,4097,286.6124647213012
1,4098,41.28576615394349
1,4099,210.11065576679724
1,4100,39.330995390504256
1,4101,282.19356377163774
1,4102,302.1419971738212
1,4103,37.2927752484953
1,4104,285.0780720611094
1,4105,190.4110895374883
1,4106,309.0652293624296
1,4107,32.13542943682032
1,4108,244.41059790457996
1,4109,326.87111146398377
1,4110,273.56338946537244
1,4111,141.9474019116773
1,4112,32.63707638160577
1,4113,211.56120260945443
1,4114,242.56249743332185
1,4115,48.69829410745423
1,4116,338.68985240719087
1,4117,324.05342686011363
1,4118,373.61549605647804
1,4119,43.333437249680614
1,4120,196.65544999997007
1,4121,323.0440637736141
1,4122,287.5883466673082
1,4123,203.82233897034092
1,4124,346.0286757083598
1,4125,38.51584529931897
1,4126,125.2643909572306
1,4127,253.0813316684144
1,4128,41.72883408368911
1,4129,250.91073092753356
1,4130,42.92163319075827
1,4131,344.8998222685069
1,4132,70.62227130615713
1,4133,227.38214702180014
1,4134,125.36998831755633
1,4135,99.18897061738494
1,4136,257.20068468424085
1,4137,13.05601561670279
1,4138,128.74456032598698
1,4139,32.70886188045545
1,4140,211.7629225224038
1,4141,29.49218620118146
1,4142,209.4967814133558
1,4143,33.12976013561604
1,4144,245.36597483938004
1,4145,152.15556093632932
1,4146,29.630391391228326
1,4147,116.59549773050361
1,4148,252.15452836877319
1,4149,168.52681089069065
1,4150,65.9912812914572
1,4151,317.2353516965628
1,4152,31.02505154904319
1,4153,289.54998572077363
1,4154,262.4216175583716
1,4155,34.593805150212965
1,4156,231.2103943904463
1,4157,30.60499114619204
1,4158,73.54779369496669
1,4159,297.0659342922944
1,4160,30.844171184265978
1,4161,31.529657987511683
1,4162,289.38395327530543
1,4163,30.864283058486116
1,4164,234.4708446062732
1,4165,83.84256745495708
1,4166,30.76548423727009
1,4167,287.3204132411614
1,4168,282.2449552290569
1,4169,275.3530743764467
1,4170,237.20841519092028
1,4171,216.07999063946556
1,4172,302.3461839258873
1,4173,34.35162035525664
1,4174,307.82175490107636
1,4175,320.964341003429
1,4176,31.116200272214183
1,4177,339.2622376558796
1,4178,284.4529823424814
1,4179,319.04330295675857
1,4180,117.94212080136725
1,4181,252.47531659929507
1,4182,164.58056681027156
1,4183,270.09279106552725
1,4184,238.10728690388078
1,4185,84.60800588159171
1,4186,212.8645332388641
1,4187,32.28648422487407
1,4188,246.15157341667327
1,4189,31.64174109827692
1,4190,120.51998527174118
1,4191,252.97052420297277
1,4192,130.67323074616087
1,4193,240.04771874282716
1,4194,66.87278562837307
1,4195,179.7323945723192
1,4196,50.49581043367075
1,4197,236.22249413954225
1,4198,38.05693144073689
1,4199,240.72854460671138
1,4200,44.13201911904413
1,4201,262.3709657938648
1,4202,166.93233072807516
1,4203,39.19204966007074
1,4204,122.63176217748187
1,4205,262.8476910477606
1,4206,164.58979985490856
1,4207,72.13064249325139
1,4208,228.70125485424194
1,4209,38.15776749717341
1,4210,246.43710744138747
1,4211,244.9540860764858
1,4212,38.720104139599385
1,4213,99.52398721373304
1,4214,221.25214731299874
1,4215,29.757762454637415
1,4216,273.13353358383716
1,4217,29.776832448111286
1,4218,288.7780748977444
1,4219,290.7164003804639
1,4220,30.52145788970803
1,4221,230.96276048673423
1,4222,246.94489677542134
1,4223,34.397164118845716
1,4224,238.04109157718915
1,4225,30.695541120203217
1,4226,72.25928168640411
1,4227,277.49639133753135
1,4228,32.49914685318946
1,4229,31.925927273610007
1,4230,288.1353747274702
1,4231,31.791536792919185
1,4232,231.73454979355705
1,4233,84.22347086341412
1,4234,31.378633922410824
1,4235,287.1935391565865
1,4236,321.93312152880435
1,4237,31.45759527546114
1,4238,338.3288568700982
1,4239,310.47582352536983
1,4240,31.440466664798787
1,4241,241.4770683038313
1,4242,258.9824481245395
1,4243,282.951888591787
1,4244,280.92938857025206
1,4245,237.64002884513195
1,4246,216.65618720998404
1,4247,311.55042945081493
1,4248,34.85272202668244
1,4249,323.5132506303348
1,4250,31.56711828186203
1,4251,31.955852509461458
1,4252,244.9819081351498
1,4253,31.815610562374932
1,4254,117.93721297941934
1,4255,252.22318972088524
1,4256,214.3428828101824
1,4257,203.68675811211352
1,4258,84.86269383053954
1,4259,93.6508361387147
1,4260,252.88209223435024
1,4261,118.14728955948583
1,4262,122.36988126484428
1,4263,309.9801114238524
1,4264,32.393476908112035
1,4265,58.94571095142131
1,4266,278.9615379143776
1,4267,408.3804189528524
1,4268,242.91823196195855
1,4269,48.65218409650308
1,4270,338.4483449161162
1,4271,77.56249668356608
1,4272,327.7132930636092
1,4273,283.75230365281874
1,4274,400.53645149143955
1,4275,150.1518767218407
1,4276,278.6579411258242
1,4277,38.29768163681749
1,4278,229.46096053534552
1,4279,259.21240389364766
1,4280,34.045208460451875
1,4281,287.2333515748029
1,4282,41.68172701563175
1,4283,115.723626738344
1,4284,418.5079830944253
1,4285,303.1295437697916
1,4286,194.82881863179512
1,4287,41.86994701073246
1,4288,312.2837608109012
1,4289,181.77451641539022
1,4290,25.577864418470362
1,4291,277.30394378268386
1,4292,291.14045317363923
1,4293,29.047701804012274
1,4294,404.6242198280697
1,4295,29.864040658838324
1,4296,301.6812945728275
1,4297,24.186082716800627
1,4298,282.01854498020646
1,4299,152.51045281697037
1,4300,206.77747861494476
1,4301,247.54581967849344
1,4302,121.76333163552937
1,4303,186.1849043384957
1,4304,31.134644358533603
1,4305,304.88217412808126
1,4306,31.138496725934726
1,4307,187.27308666241169
1,4308,49.889718401566434
1,4309,158.88865182863736
1,4310,328.0035337812154
1,4311,30.80085619219717
1,4312,254.97865370547837
1,4313,300.8748139422604
1,4314,27.214629161782103
1,4315,304.61614531555745
1,4316,30.913845623682747
1,4317,30.890132828519768
1,4318,416.8669655751369
1,4319,30.79136412231697
1,4320,26.956454600671556
1,4321,255.85868246480766
1,4322,258.4430095079986
1,4323,34.67786630193687
1,4324,260.6084659768378
1,4325,243.04817768271408
1,4326,260.6512299667976
1,4327,241.61835716025578
1,4328,48.34401073820885
1,4329,337.7253903182345
1,4330,48.308311291851545
1,4331,168.64202490980642
1,4332,382.98709621977025
1,4333,272.4352779279325
1,4334,39.1449881707982
1,4335,308.74166324279093
1,4336,117.02888849686963
1,4337,49.235934615344746
1,4338,152.41498729244398
1,4339,341.8231365483401
1,4340,42.020790461166825
1,4341,240.72770478213778
1,4342,288.1588423542806
1,4343,38.36949840719805
1,4344,114.0849222789441
1,4345,218.70628442711487
1,4346,277.26880599642584
1,4347,37.8268758900982
1,4348,210.62192746678585
1,4349,248.887398708084
1,4350,29.230673839887917
1,4351,40.3216512041111
1,4352,254.38478897456216
1,4353,294.8430185957491
1,4354,25.594131627453756
1,4355,50.25593357711913
1,4356,122.74259655402771
1,4357,184.38557055575615
1,4358,35.10586309759035
1,4359,119.03632953955724
1,4360,225.85965157344427
1,4361,33.774286579111724
1,4362,32.393323449056105
1,4363,222.4673800418243
1,4364,304.0861202388448
1,4365,220.19387219974317
1,4366,314.6281436526722
1,4367,71.6750435431959
1,4368,219.07510977464543
1,4369,301.5227559083756
1,4370,36.24088779352882
1,4371,346.33317536010463
1,4372,35.58845537004986
1,4373,176.30356706662965
1,4374,311.26219949303606
1,4375,123.27675894562962
1,4376,293.3565783762305
1,4377,63.69531331255884
1,4378,337.38842527960236
1,4379,249.68160832964736
1,4380,33.15572457008973
1,4381,165.6184355826388
1,4382,223.1991947163417
1,4383,33.13544731896752
1,4384,346.5958799501601
1,4385,36.60679445917956
1,4386,269.2472683841574
1,4387,233.47288807067287
1,4388,311.29053196675994
1,4389,448.41239067626753
1,4390,33.54504720323376
1,4391,286.94204855436027
1,4392,184.3706952461917
1,4393,329.64962497564915
1,4394,239.15530288369138
1,4395,124.4264861768628
1,4396,278.35403478212965
1,4397,37.2045179255849
1,4398,277.53229449071074
1,4399,33.97388065713717
1,4400,337.5934584717597
1,4401,284.20444528319155
1,4402,37.34636281819942
1,4403,307.64190274615055
1,4404,33.43176380843577
1,4405,273.1936771878502
1,4406,36.926693790797025
1,4407,303.75301658774407
1,4408,289.4599007873213
1,4409,33.35002357256016
1,4410,260.35582854219945
1,4411,269.518706763649
1,4412,302.6134051615265
1,4413,33.26485361866921
1,4414,263.95175330757405
1,4415,36.62305122888264
1,4416,242.789709656066
1,4417,35.094934156961884
1,4418,241.71283195652424
1,4419,453.10370507651464
1,4420,33.22407072832668
1,4421,288.68147981055614
1,4422,301.9485198491297
1,4423,346.0988973181161
1,4424,35.58292058519429
1,4425,351.6202163926452
1,4426,294.3273125711584
1,4427,62.31033027636232
1,4428,124.72743607916925
1,4429,351.7364532316886
1,4430,221.65243904476395
1,4431,52.56205304181394
1,4432,262.31908767656864
1,4433,14.14368528974129
1,4434,396.9729438507783
1,4435,32.260236822211596
1,4436,343.19580522961684
1,4437,237.9887951898487
1,4438,275.5987181498314
1,4439,248.07845495953654
1,4440,217.0294173284902
1,4441,32.51932791854599
1,4442,200.52523067717317
1,4443,234.77079808531778
1,4444,37.448540829185404
1,4445,230.9971860590378
1,4446,125.00875777496273
1,4447,138.7000406943253
1,4448,300.7994180819698
1,4449,398.9478050108067
1,4450,41.46884138252062
1,4451,124.08647490602637
1,4452,266.3270853506077
1,4453,190.6810740624015
1,4454,236.4807367505311
1,4455,28.089109782538173
1,4456,196.59005196033854
1,4457,118.38660567959943
1,4458,32.78523843581809
1,4459,27.90421789025931
1,4460,270.47931463462703
1,4461,32.248599895205146
1,4462,170.56372688375734
1,4463,308.87706278069885
1,4464,26.052489104227284
1,4465,263.3375372352345
1,4466,30.595866468802722
1,4467,322.73914580127337
1,4468,58.99151505061974
1,4469,227.89515070277344
1,4470,32.75801366833247
1,4471,310.26862472724133
1,4472,113.49145788460524
1,4473,206.48392676071472
1,4474,276.21662502741407
1,4475,30.252485885118446
1,4476,153.69276958787339
1,4477,262.82392612396757
1,4478,60.15288768235884
1,4479,189.9540861985824
1,4480,93.37586851242452
1,4481,252.29429566338655
1,4482,237.8385740754195
1,4483,30.38078564450678
1,4484,240.2212126477108
1,4485,144.24763450973404
1,4486,203.6678982873085
1,4487,246.4350946297854
1,4488,60.106738345724665
1,4489,338.50259396866215
1,4490,34.567759776751956
1,4491,192.71041380838926
1,4492,30.633930188453007
1,4493,289.8975116439426
1,4494,194.70272851339791
1,4495,246.95255335147178
1,4496,30.981599931502256
1,4497,223.2714532869462
1,4498,121.68530459041514
1,4499,288.9381776118124
1,4500,34.07614462994104
1,4501,337.07048227195287
1,4502,31.216107599341676
1,4503,278.5915734840179
1,4504,256.690575332086
1,4505,290.591001949216
1,4506,208.05714755867814
1,4507,84.27632058786037
1,4508,30.546813085611873
1,4509,263.1041618767234
1,4510,35.64989375850226
1,4511,345.07967089420725
1,4512,185.50704148875917
1,4513,241.06560276587766
1,4514,31.459427540894936
1,4515,271.63535912546956
1,4516,98.09032395382974
1,4517,130.06144979354485
1,4518,257.97758991802357
1,4519,244.00342385243636
1,4520,415.1345018513901
1,4521,31.29046311539641
1,4522,100.88353694350047
1,4523,286.85108780308735
1,4524,267.3063082035797
1,4525,374.1059460567981
1,4526,342.40801735394393
1,4527,311.95806767889303
1,4528,293.39264443582823
1,4529,40.20661149772957
1,4530,292.13224238316997
1,4531,42.18943837368715
1,4532,320.0583460905756
1,4533,201.8353898360157
1,4534,289.55718063349883
1,4535,80.10497665300625
1,4536,190.89020521373882
1,4537,266.0777836450154
1,4538,40.693901588858495
1,4539,236.2937968457901
1,4540,304.1556019430951
1,4541,54.29754661426037
1,4542,294.1037253926854
1,4543,45.06629104767873
1,4544,132.17043196823718
1,4545,267.3849589529905
1,4546,334.2204991227583
1,4547,304.27051516637437
1,4548,150.3989567004379
1,4549,31.86545666424933
1,4550,95.43727922750176
1,4551,34.11301379969272
1,4552,217.6645161401629
1,4553,287.68721331887923
1,4554,272.4671552069742
1,4555,127.66140469701637
1,4556,337.11196278699947
1,4557,36.28134269647039
1,4558,205.00473057566984
1,4559,141.08392074220308
1,4560,272.21055877210557
1,4561,36.36686219312338
1,4562,234.250448670815
1,4563,39.604734830178586
1,4564,166.91539582267208
1,4565,29.869017940024207
1,4566,274.7961528470324
1,4567,271.83971329728286
1,4568,300.94959898251955
1,4569,327.75881322944423
1,4570,283.2754109589114
1,4571,201.12731394049072
1,4572,97.76030625033971
1,4573,265.5540123195271
1,4574,357.8165660979467
1,4575,329.55772421126665
1,4576,35.61622110507095
1,4577,322.51296228426577
1,4578,30.762495647405373
1,4579,317.7465025657174
1,4580,249.16242956717872
1,4581,37.438454250888654
1,4582,236.25304812810384
1,4583,323.94961483721397
1,4584,194.43304130936355
1,4585,308.9861175209786
1,4586,330.9909279911354
1,4587,329.6367923128347
1,4588,326.3237440832512
1,4589,128.58077236724793
1,4590,141.85130257488487
1,4591,324.67258226671333
1,4592,203.61911644408013
1,4593,233.76442970997093
1,4594,212.7736487783112
1,4595,103.30583031032255
1,4596,281.2338137761522
1,4597,40.176210703900324
1,4598,294.6601055022588
1,4599,258.2312463179351
1,4600,280.26374196351543
1,4601,325.19559728839886
1,4602,323.2219028845662
1,4603,42.003863627257154
1,4604,248.56424287838743
1,4605,92.32685994752718
1,4606,292.1618627243609
1,4607,44.2456596088858
1,4608,278.2158880116277
1,4609,79.62974347707737
1,4610,297.08403407452664
1,4611,238.5939921385649
1,4612,51.91248405518863
1,4613,333.567730937884
1,4614,252.44095696840435
1,4615,290.59528755526367
1,4616,303.94515337843825
1,4617,305.74291307284943
1,4618,43.97133562633043
1,4619,279.9708707067758
1,4620,38.820748900614014
1,4621,262.849079107941
1,4622,307.93547738096083
1,4623,34.61045862845994
1,4624,168.2681628736064
1,4625,266.85459745570085
1,4626,49.528540354202946
1,4627,185.05486344232796
1,4628,36.33722648516312
1,4629,372.0008265577169
1,4630,36.07402238741532
1,4631,273.4842387277405
1,4632,76.41391997897841
1,4633,364.4615632298949
1,4634,45.36356590147602
1,4635,160.98632759942757
1,4636,339.2540641535479
1,4637,329.16579548274444
1,4638,39.638469691486854
1,4639,36.67842468883839
1,4640,304.0587172190859
1,4641,35.69912981508008
1,4642,266.63282454500404
1,4643,35.58390518683186
1,4644,110.05726454454648
1,4645,345.2406009770348
1,4646,46.97142071285785
1,4647,399.13183969284364
1,4648,40.67979738722881
1,4649,291.61181259904527
1,4650,126.48101917098646
1,4651,237.94406955190834
1,4652,245.89267239694396
1,4653,281.51854929936155
1,4654,106.41924030552497
1,4655,218.54932987572153
1,4656,330.6527441957216
1,4657,36.73405480120104
1,4658,242.15642404071963
1,4659,238.9463935414953
1,4660,275.10813421835326
1,4661,127.08487996659903
1,4662,63.75520648597856
1,4663,278.17451153753564
1,4664,248.60049334899753
1,4665,31.195759627058628
1,4666,182.62155267088
1,4667,199.75056825248402
1,4668,277.9025139513282
1,4669,131.44317008012348
1,4670,38.181183303585584
1,4671,314.1520041684513
1,4672,127.70089945591951
1,4673,245.4560892294641
1,4674,251.73929586099018
1,4675,287.03486918960334
1,4676,200.17221420405065
1,4677,337.9226220485786
1,4678,107.21586543709665
1,4679,176.27773063000222
1,4680,37.08091402709911
1,4681,222.71983544092217
1,4682,37.06151819885204
1,4683,246.81264665955428
1,4684,38.08912444921818
1,4685,37.02658110475884
1,4686,286.7469830025716
1,4687,274.24240293487765
1,4688,243.96533184606236
1,4689,395.3166870648663
1,4690,130.45856582352803
1,4691,303.3316525749776
1,4692,36.0236428855779
1,4693,276.04074716964556
1,4694,81.10273535145961
1,4695,240.42366789471677
1,4696,253.7942367651799
1,4697,238.47837854963223
1,4698,196.0644298308093
1,4699,316.51324161088985
1,4700,344.64733696097926
1,4701,216.99362202028107
1,4702,348.7976332495631
1,4703,417.7129423253201
1,4704,297.6533273449284
1,4705,242.46794603092007
1,4706,42.04326983915709
1,4707,295.2190091120483
1,4708,41.89089614176587
1,4709,247.54591463191997
1,4710,278.30681101471515
1,4711,289.1303559325527
1,4712,40.23531005928235
1,4713,317.5019375913246
1,4714,290.10291431605583
1,4715,224.4105729011269
1,4716,305.6417408495091
1,4717,322.5445587590334
1,4718,85.87087201373657
1,4719,52.34083900098152
1,4720,43.38276052190221
1,4721,243.78987362975647
1,4722,238.0293264197376
1,4723,274.71509060134383
1,4724,256.833230984038
1,4725,359.7507493950268
1,4726,281.68809772614907
1,4727,214.0459370127266
1,4728,311.8353795682699
1,4729,34.756806143033835
1,4730,262.9879815642552
1,4731,274.4581102818686
1,4732,301.1860149080027
1,4733,283.450964661775
1,4734,314.9765827673252
1,4735,35.9567792986284
1,4736,239.6648511058179
1,4737,339.8074692239985
1,4738,75.84295336668535
1,4739,247.17454869815
1,4740,410.6011714276128
1,4741,382.4417944838877
1,4742,382.26450379608957
1,4743,330.88054641589366
1,4744,76.49164750199459
1,4745,330.75279885257044
1,4746,295.197319288347
1,4747,255.28587215527483
1,4748,66.383215217838
1,4749,224.12187258649212
1,4750,260.8160790383588
1,4751,323.60927060494026
1,4752,306.08120292253005
1,4753,36.025008378656906
1,4754,325.3641139089177
1,4755,40.450342690653486
1,4756,327.7772219759737
1,4757,363.6673145427461
1,4758,371.21896597437467
1,4759,36.19144450329634
1,4760,30.393823808448914
1,4761,284.61749440757035
1,4762,36.56841130575603
1,4763,274.9558044855344
1,4764,202.87758065855115
1,4765,311.6502168049573
1,4766,154.0213222270857
1,4767,315.44804155097677
1,4768,169.31277386409383
1,4769,251.6912407393204
1,4770,40.74989294170813
1,4771,135.85752502612462
1,4772,301.0338505596812
1,4773,100.73985371834368
1,4774,218.10585153639715
1,4775,251.04176563272716
1,4776,118.9623174232366
1,4777,41.22848386992933
1,4778,330.4883614909859
1,4779,317.7663907273021
1,4780,253.66095827125275
1,4781,131.878233591864
1,4782,199.96602116249431
1,4783,96.38406920869672
1,4784,217.9851659344244
1,4785,250.55564458839552
1,4786,36.51161581583045
1,4787,277.0826200756723
1,4788,31.594147071589425
1,4789,229.0826131894334
1,4790,36.829852203443274
1,4791,92.89271055217856
1,4792,261.1547658660793
1,4793,287.9274864175468
1,4794,192.48144007357664
1,4795,275.1487638966207
1,4796,232.9120464724711
1,4797,86.91184370871719
1,4798,247.0760973007678
1,4799,260.14941691840085
1,4800,68.61151558557393
1,4801,275.69981028675465
1,4802,267.5507423403502
1,4803,306.3532918316164
1,4804,236.44953206962342
1,4805,255.13499499590742
1,4806,35.32741204622597
1,4807,359.25444121548855
1,4808,39.987048392272605
1,4809,263.38586547988666
1,4810,35.264329138425666
1,4811,227.5481076211666
1,4812,199.01333955430454
1,4813,333.30942284957763
1,4814,35.538564844796035
1,4815,244.0761852017858
1,4816,637.9480477484801
1,4817,500.9633690116393
1,4818,328.55956200675064
1,4819,361.9433677924886
1,4820,32.78681379672033
1,4821,405.3941978008977
1,4822,323.48614212352953
1,4823,302.94303458879085
1,4824,243.28401257627945
1,4825,323.71434682387246
1,4826,53.81727755951796
1,4827,41.53172323582964
1,4828,454.3143246267093
1,4829,268.23365856816156
1,4830,317.4487546420386
1,4831,324.58713875963576
1,4832,270.4549545897946
1,4833,288.7868308353203
1,4834,287.0669467390776
1,4835,168.52484849065735
1,4836,287.23241118104596
1,4837,195.2538653430421
1,4838,425.6908135806817
1,4839,285.072597947973
1,4840,274.32417516597684
1,4841,309.43073883038136
1,4842,38.8123129150641
1,4843,281.5285179555703
1,4844,284.3260264581378
1,4845,291.52685134951093
1,4846,431.95661946844507
1,4847,185.71101438079162
1,4848,223.85473569847997
1,4849,282.36344551102036
1,4850,25.662093438791597
1,4851,117.30267862149468
1,4852,283.7548161891723
1,4853,327.393502674834
1,4854,354.3736076007032
1,4855,256.78407869624573
1,4856,293.27691944125445
1,4857,278.7165421525257
1,4858,32.14911597930438
1,4859,35.60492341059202
1,4860,436.68158600924227
1,4861,179.13817271326946
1,4862,276.00493383079646
1,4863,356.4327224903214
1,4864,30.564775518909496
1,4865,356.0371076407289
1,4866,30.95925403418748
1,4867,117.89333373496103
1,4868,229.90075412378127
1,4869,255.2885825657291
1,4870,266.8893562466294
1,4871,44.477135472463885
1,4872,240.3137699041333
1,4873,53.59408985930472
1,4874,306.9691884241125
1,4875,291.76443728387085
1,4876,38.0195424934067
1,4877,44.368456260180096
1,4878,455.7957304501765
1,4879,279.93781780060874
1,4880,44.26432272862808
1,4881,297.14499554627486
1,4882,258.4986382646831
1,4883,332.4373309602337
1,4884,38.51960591731431
1,4885,236.64620897479392
1,4886,43.869557189763114
1,4887,307.5629017932264
1,4888,130.1291350133916
1,4889,277.0366597139944
1,4890,280.05870970032754
1,4891,279.99415879254474
1,4892,264.59197694383994
1,4893,414.3824051639764
1,4894,277.20475026710267
1,4895,346.6195800042348
1,4896,286.6460636663471
1,4897,447.21354665937605
1,4898,30.15095854689924
1,4899,229.53416339674865
1,4900,34.41290347928652
1,4901,285.7355834541081
1,4902,310.49813802759036
1,4903,22.22874198419715
1,4904,230.66301237144023
1,4905,32.27344152056801
1,4906,233.03729416598216
1,4907,125.49295683257074
1,4908,213.43301417394562
1,4909,31.64715597508995
1,4910,295.66153788140963
1,4911,31.23951663769925
1,4912,274.55946875587665
1,4913,30.56598003262795
1,4914,31.10074674814691
1,4915,314.2360289783587
1,4916,182.91104280559495
1,4917,281.7205960715656
1,4918,221.81897254029928
1,4919,209.88809117509192
1,4920,265.2269342220713
1,4921,311.42202324159007
1,4922,325.5777696823167
1,4923,43.4373163430553
1,4924,320.6255642161635
1,4925,38.764766648661876
1,4926,44.220234366668514
1,4927,306.9132308890298
1,4928,72.633735945464
1,4929,318.0665581232313
1,4930,297.63549938697497
1,4931,43.10294970599839
1,4932,275.46162698063404
1,4933,284.56209693926286
1,4934,38.28338926765959
1,4935,231.0456834257024
1,4936,38.69031190181462
1,4937,329.96060347861453
1,4938,297.2163288036633
1,4939,282.2118172132101
1,4940,306.46476378946323
1,4941,182.7360190704327
1,4942,250.92751260881573
1,4943,267.45464433443226
1,4944,225.73234951765656
1,4945,282.0043864172326
1,4946,285.25412526357354
1,4947,183.97548461719418
1,4948,12.078843428968709
1,4949,151.94749054136912
1,4950,229.87639065559728
1,4951,280.86124311529386
1,4952,35.91727156841999
1,4953,184.26183080425793
1,4954,301.80115142860154
1,4955,31.421136392223055
1,4956,280.62766598983796
1,4957,68.94700566848336
1,4958,303.39717357884837
1,4959,268.3686216040981
1,4960,122.47058661741335
1,4961,31.50059062072673
1,4962,233.85147613496576
1,4963,35.49221296136137
1,4964,282.10590158165803
1,4965,230.29998835656778
1,4966,231.76575156590187
1,4967,311.72234737868996
1,4968,82.80231189584796
1,4969,280.27942206606997
1,4970,430.55116932482747
1,4971,306.3929389537685
1,4972,285.6341426062287
1,4973,77.26330047370658
1,4974,246.32148221014558
1,4975,286.6118992788776
1,4976,294.5162243300923
1,4977,267.35576163157674
1,4978,38.50857864238344
1,4979,248.88981627828554
1,4980,232.12243975311765
1,4981,37.94341188031934
1,4982,272.5682592950594
1,4983,39.231857719781615
1,4984,38.57788462715716
1,4985,277.14853365739793
1,4986,166.57218595336522
1,4987,29.593344683480083
1,4988,33.53701663861004
1,4989,169.5732902248709
1,4990,124.69046211561928
1,4991,30.139483063995485
1,4992,253.4528719608425
1,4993,235.72835031303413
1,4994,30.01707419534401
1,4995,269.63588019148216
1,4996,19.337745313805293
1,4997,30.063590116028873
1,4998,261.6178665227832
1,4999,31.603219657296634
1,5000,259.41335653399085
1,5001,414.89313857272225
1,5002,121.72514129490276
1,5003,326.93376245951583
1,5004,31.688304720335168
1,5005,251.74630605928695
1,5006,228.22790475639994
1,5007,436.77653956764004
1,5008,186.94586048663922
1,5009,272.31989853460124
1,5010,308.428960109605
1,5011,122.70992904129461
1,5012,281.35312188781785
1,5013,31.607403468450457
1,5014,436.33606208488277
1,5015,31.394106252281816
1,5016,31.659454086744756
1,5017,324.02264065974896
1,5018,307.5806646246322
1,5019,144.47091799165995
1,5020,262.13417339509397
1,5021,228.92793427886897
1,5022,322.3712894878223
1,5023,31.676453383352015
1,5024,258.2095349883858
1,5025,72.49949621693565
1,5026,305.7909767354214
1,5027,270.9468426176368
1,5028,118.80597568800883
1,5029,293.17834199867747
1,5030,283.04898732305753
1,5031,193.82958456781185
1,5032,274.1406451916073
1,5033,183.2601986141272
1,5034,442.5920313528972
1,5035,306.25954651856057
1,5036,448.26734279782954
1,5037,467.5713044944061
1,5038,283.9814578864042
1,5039,32.623065788466164
1,5040,274.86882605608196
1,5041,258.81223426640724
1,5042,283.26728674767776
1,5043,316.5815082770097
1,5044,47.510124836428375
1,5045,325.9574029093048
1,5046,291.43723728072405
1,5047,290.3638235487874
1,5048,325.2948559173442
1,5049,357.32149344835943
1,5050,187.58042917635467
1,5051,271.15906699105096
1,5052,287.3876391512428
1,5053,181.47329608665677
1,5054,287.6917121732162
1,5055,227.89522607708886
1,5056,187.5097400577675
1,5057,291.15622001555573
1,5058,55.640970173070706
1,5059,229.73051822178536
1,5060,285.87427425583473
1,5061,200.09503253687757
1,5062,262.60463202316
1,5063,40.735600475099986
1,5064,34.71364057437306
1,5065,61.59921927623153
1,5066,99.04532841069607
1,5067,247.90620958825346
1,5068,237.85764046203707
1,5069,39.08718755258683
1,5070,242.43221167813746
1,5071,42.955355153764785
1,5072,280.71855434642623
1,5073,221.46904964910485
1,5074,214.4416804737093
1,5075,18.064846532168612
1,5076,249.12787395508383
1,5077,35.54743782090936
1,5078,264.2680179212739
1,5079,30.501403328726948
1,5080,219.60525684900892
1,5081,26.413120840688535
1,5082,245.93975128425058
1,5083,204.96771929345155
1,5084,236.56084098605072
1,5085,241.21872088264473
1,5086,68.3302145423914
1,5087,144.1900912536577
1,5088,35.42844510967148
1,5089,269.93860917306273
1,5090,321.39522977077394
1,5091,17.616387978874755
1,5092,240.160132883053
1,5093,62.50782203516654
1,5094,44.105699304704814
1,5095,133.33110350685445
1,5096,31.70770121073695
1,5097,163.50980662236626
1,5098,32.75735534495012
1,5099,264.1959149573439
1,5100,36.25664772557373
1,5101,243.56246404253756
1,5102,183.30208834290062
1,5103,279.0098658936273
1,5104,32.54233077433052
1,5105,243.54846138996413
1,5106,147.2523542297667
1,5107,274.335264755475
1,5108,62.909964572849454
1,5109,240.88713357550512
1,5110,36.72942495880731
1,5111,63.004919063511075
1,5112,276.3834485641212
1,5113,95.2429601666199
1,5114,267.71849835274446
1,5115,119.0788996629149
1,5116,37.246106600073745
1,5117,235.68705201988192
1,5118,279.00341526022385
1,5119,259.5343350922715
1,5120,356.5890155324977
1,5121,196.8013163558088
1,5122,33.695595420234625
1,5123,206.72196341816334
1,5124,279.58941719413053
1,5125,336.5517128392368
1,5126,254.6851613718147
1,5127,33.44251077709933
1,5128,255.09830710710708
1,5129,34.178503634754534
1,5130,252.80439884590123
1,5131,219.1118676555232
1,5132,25.08079833229494
1,5133,311.72766540432224
1,5134,33.40433743818497
1,5135,290.07853688828936
1,5136,845.7904313000479
1,5137,343.72153906699003
1,5138,174.82082051258456
1,5139,328.17953139610614
1,5140,232.73701178361176
1,5141,197.59204479280038
1,5142,330.17133629864253
1,5143,161.37927138196486
1,5144,243.1865632448368
1,5145,40.1656170346407
1,5146,182.3901489898689
1,5147,173.91821728765618
1,5148,334.2471383409934
1,5149,304.0906205085301
1,5150,38.484265291146855
1,5151,320.0791841162748
1,5152,232.04725903283625
1,5153,51.83535380004689
1,5154,271.6457921349316
1,5155,287.21843180656913
1,5156,37.49273317247052
1,5157,243.89665017624375
1,5158,314.69294197829083
1,5159,33.3117810878946
1,5160,299.96895175419843
1,5161,339.5016335875063
1,5162,333.5428342131355
1,5163,280.51087855223045
1,5164,280.1976456834412
1,5165,38.208254901147455
1,5166,239.85598176546597
1,5167,43.03125761107235
1,5168,378.58711923538016
1,5169,260.43172944444035
1,5170,280.98395652050397
1,5171,281.7117358821032
1,5172,352.3753249632791
1,5173,33.14074031063801
1,5174,224.50669319386316
1,5175,285.99028343118846
1,5176,29.83033260523564
1,5177,251.4281312618819
1,5178,272.72611644493617
1,5179,57.73959319877016
1,5180,239.43643730628747
1,5181,32.90334520177136
1,5182,219.95368192791605
1,5183,202.2991510102965
1,5184,69.19983791785353
1,5185,202.00479238085728
1,5186,37.835678849843646
1,5187,203.00512153141892
1,5188,168.17847655087598
1,5189,274.5528600800312
1,5190,33.76295688418435
1,5191,227.15381226057906
1,5192,249.19143292672018
1,5193,32.92237966876915
1,5194,223.5988516164668
1,5195,323.7089815230672
1,5196,36.76271185709248
1,5197,250.96686393535776
1,5198,241.41221507764908
1,5199,341.22575275740195
1,5200,36.84835047033194
1,5201,186.50805134610084
1,5202,251.76599213605647
1,5203,180.715013023653
1,5204,96.45838990998323
1,5205,212.38476742394926
1,5206,305.20937224754744
1,5207,300.3924268752779
1,5208,38.16383692086837
1,5209,284.0734489888382
1,5210,60.84578958335186
1,5211,126.37955808058986
1,5212,340.33013944615595
1,5213,34.25963927546499
1,5214,295.4984996290234
1,5215,38.69544378702481
1,5216,122.45464867222378
1,5217,111.70845066709202
1,5218,316.4312871571169
1,5219,38.34964174410028
1,5220,123.85911432282306
1,5221,312.7025657537085
1,5222,343.28165284993105
1,5223,287.14793276986603
1,5224,533.5150379170792
1,5225,69.85846849307455
1,5226,267.43930821616675
1,5227,230.9738867275371
1,5228,256.37182661478414
1,5229,76.64371445871618
1,5230,236.50625582087892
1,5231,281.7125240464366
1,5232,143.51481525958158
1,5233,334.94440401758686
1,5234,308.62604360507754
1,5235,194.2777904139192
1,5236,286.6332745572486
1,5237,36.14440303125802
1,5238,245.5975084569568
1,5239,92.39603323722051
1,5240,39.735127092378505
1,5241,202.13051111787698
1,5242,122.20143228003711
1,5243,224.44634023431263
1,5244,260.42524924200245
1,5245,272.19454621297353
1,5246,276.71095570182365
1,5247,64.27732682992179
1,5248,339.4837200520802
1,5249,27.552224874620933
1,5250,165.06131843929745
1,5251,27.52058832926571
1,5252,30.9313937833004
1,5253,238.8773868438671
1,5254,216.39414704028042
1,5255,32.13629991225293
1,5256,235.21825278638437
1,5257,65.1913035248104
1,5258,180.45509507688664
1,5259,344.5691025189566
1,5260,264.6158481401752
1,5261,136.73444920079675
1,5262,57.612179279475455
1,5263,342.88220298693284
1,5264,224.44177444309196
1,5265,253.86528340302033
1,5266,28.165969754248394
1,5267,343.6257614170142
1,5268,245.82149261952503
1,5269,209.66372641815025
1,5270,149.34659046902763
1,5271,190.1258364297939
1,5272,257.2980983035886
1,5273,223.82565728799585
1,5274,113.26418637040183
1,5275,264.90647858557895
1,5276,248.87138531806337
1,5277,28.696434612526055
1,5278,144.26836464036154
1,5279,203.16402558698894
1,5280,209.79942383135142
1,5281,319.1575845899631
1,5282,179.58763965156888
1,5283,63.29160407670629
1,5284,243.2394802419946
1,5285,28.627063694693263
1,5286,56.00486686679612
1,5287,200.25485072414767
1,5288,32.89142429982511
1,5289,255.48963082609538
1,5290,237.21011413546967
1,5291,19.044391860679795
1,5292,147.25911077049238
1,5293,271.06204923079076
1,5294,41.226885599974565
1,5295,209.94253196530354
1,5296,66.86846542404353
1,5297,222.24733751668245
1,5298,63.63293928790712
1,5299,343.46112567735145
1,5300,177.08110154788233
1,5301,41.21585466025361
1,5302,265.6810838783501
1,5303,239.2770288753107
1,5304,37.38406899973836
1,5305,32.99835309521107
1,5306,233.05221450805564
1,5307,154.28439623342726
1,5308,243.94049881918863
1,5309,225.1382009968913
1,5310,196.16683581040115
1,5311,285.8937823040971
1,5312,180.74836152833075
1,5313,24.444288007779143
1,5314,161.6889476948591
1,5315,211.08282255940384
1,5316,305.6502318111277
1,5317,148.1269907231191
1,5318,253.18007926366815
1,5319,230.84442627645944
1,5320,33.18994843299052
1,5321,105.66031078673518
1,5322,29.103218848566442
1,5323,67.04443385842124
1,5324,306.3862162291299
1,5325,299.31763482996564
1,5326,215.02720317358404
1,5327,34.176670057279196
1,5328,110.65503782479345
1,5329,29.613528085746
1,5330,292.09163874165404
1,5331,30.0460921720059
1,5332,174.79877920944034
1,5333,235.3236547826213
1,5334,249.52516420294427
1,5335,150.6614509747303
1,5336,341.69847538776594
1,5337,306.8739094894652
1,5338,30.234433776647432
1,5339,26.341585796404917
1,5340,263.5757630643128
1,5341,33.42643985278582
1,5342,35.085052224676254
1,5343,240.0674470478201
1,5344,30.298399945908656
1,5345,409.8233298006206
1,5346,30.30037861117922
1,5347,278.0624479975885
1,5348,216.22521813383878
1,5349,247.68144515094477
1,5350,92.96231448920857
1,5351,251.18211904033225
1,5352,13.52422989668831
1,5353,315.1080324325562
1,5354,93.16993567641167
1,5355,176.69276753940028
1,5356,141.5653929625922
1,5357,69.84267390262077
1,5358,357.423122498693
1,5359,32.07525300888054
1,5360,127.71400558865174
1,5361,275.1491369241053
1,5362,94.24538212355606
1,5363,432.1179042174228
1,5364,34.68637868210892
1,5365,256.7866531823226
1,5366,241.4747528348401
1,5367,141.01519970778594
1,5368,180.4221237746164
1,5369,328.48304288574036
1,5370,213.9632463454816
1,5371,78.56635776362594
1,5372,244.41575128103955
1,5373,243.87410042359826
1,5374,41.781856323704005
1,5375,184.00760464958034
1,5376,37.73341024627872
1,5377,216.62971174417504
1,5378,252.0698459054817
1,5379,112.14201052279584
1,5380,366.502085293532
1,5381,124.79969819959373
1,5382,292.8685004182204
1,5383,314.6492331322973
1,5384,328.81989545483
1,5385,237.77864220326558
1,5386,38.45674855809811
1,5387,98.27692236738729
1,5388,198.94536711455217
1,5389,217.73377712020704
1,5390,67.83392457871904
1,5391,218.96840648971516
1,5392,95.70025548341947
1,5393,266.6794932595353
1,5394,248.24738473627195
1,5395,175.4862006585209
1,5396,57.433589935523756
1,5397,29.552123217910157
1,5398,327.4129995758776
1,5399,248.87229879214198
1,5400,30.87257988715978
1,5401,237.36945649426667
1,5402,69.11578593320355
1,5403,352.24881526027207
1,5404,311.3376927171771
1,5405,30.745612330770456
1,5406,244.73352558251992
1,5407,134.384265536582
1,5408,245.72350282848913
1,5409,29.820329467119425
1,5410,195.69189426135213
1,5411,30.933094346731636
1,5412,423.757633643608
1,5413,30.640795107864783
1,5414,170.32143273950845
1,5415,171.22457938702877
1,5416,123.78290535775548
1,5417,200.1477772038138
1,5418,266.5168429717894
1,5419,30.477531163513127
1,5420,348.2928897704105
1,5421,148.80119155294693
1,5422,304.40913569547536
1,5423,233.5191887453512
1,5424,115.48938687986671
1,5425,152.68136259066125
1,5426,93.38182397918743
1,5427,305.64980668420657
1,5428,370.8603411190594
1,5429,34.43156031167409
1,5430,269.1967881844644
1,5431,33.07361678714725
1,5432,68.37564157822175
1,5433,353.70764789645693
1,5434,100.0961563899412
1,5435,102.24931825689251
1,5436,94.70847028836536
1,5437,166.45837179750677
1,5438,223.87206415356837
1,5439,27.084086160581396
1,5440,303.1069293545162
1,5441,68.87155841147441
1,5442,367.9566094996523
1,5443,31.23368941080983
1,5444,81.67485872169915
1,5445,96.78209976935776
1,5446,31.029588175779487
1,5447,109.96791324544836
1,5448,35.72389250970737
1,5449,77.58248697605964
1,5450,265.03982182083223
1,5451,31.55674498855622
1,5452,255.17451515637276
1,5453,323.36436940164737
1,5454,113.71354254529587
1,5455,47.94040910978475
1,5456,221.9816531730729
1,5457,263.92064301362086
1,5458,31.2013302870427
1,5459,289.5295609676066
1,5460,26.805753843155426
1,5461,278.72442302905176
1,5462,30.300199744615608
1,5463,111.71631291993316
1,5464,399.438082571068
1,5465,278.58037205490155
1,5466,30.105612305677354
1,5467,191.05439223717218
1,5468,94.12040060359678
1,5469,272.88290961057237
1,5470,33.82433786038599
1,5471,261.19844154325574
1,5472,30.342912918434294
1,5473,243.6911187853484
1,5474,29.543417705417582
1,5475,176.6651863921468
1,5476,162.50846371689693
1,5477,303.0004180878044
1,5478,268.3366630260696
1,5479,37.054679267507936
1,5480,220.86175052854986
1,5481,233.3435430399971
1,5482,250.64657631843698
1,5483,327.9714450781008
1,5484,133.31074358878098
1,5485,344.2757701093189
1,5486,42.08666792205523
1,5487,384.1472942517
1,5488,56.2371034942601
1,5489,307.4916082863321
1,5490,37.79753504169457
1,5491,228.84645885529852
1,5492,38.640586656050225
1,5493,77.58392424122148
1,5494,236.87598829325216
1,5495,42.396744687172394
1,5496,43.98242995742666
1,5497,71.49450617069938
1,5498,173.18325364852313
1,5499,29.67347377266878
1,5500,91.4174877197691
1,5501,29.583966490984146
1,5502,233.77171592970552
1,5503,93.01366455424119
1,5504,74.41883861660583
1,5505,250.27516109506203
1,5506,95.67940435287437
1,5507,29.22203448636008
1,5508,255.8681113789522
1,5509,258.3186070629197
1,5510,50.34467479727705
1,5511,120.31326885598254
1,5512,31.019338623892224
1,5513,236.354682372975
1,5514,184.9802052050622
1,5515,111.69467329956053
1,5516,349.16178930474064
1,5517,30.442235517567283
1,5518,67.02480796517887
1,5519,341.9153282816656
1,5520,256.8995061984702
1,5521,56.6965199980156
1,5522,247.22912497572725
1,5523,34.72410909398518
1,5524,197.95250385719254
1,5525,31.09968220184438
1,5526,264.24646946424633
1,5527,318.9602510035821
1,5528,34.98327138278403
1,5529,306.432862945311
1,5530,35.08267780165943
1,5531,204.9593721909636
1,5532,272.0342085923228
1,5533,355.20175995388433
1,5534,34.23952058471394
1,5535,236.66207075521805
1,5536,121.10739873292678
1,5537,34.55342617575687
1,5538,305.04827401838975
1,5539,31.320199635793536
1,5540,284.91673742393783
1,5541,33.49526747370672
1,5542,262.81041855445244
1,5543,100.78289764247413
1,5544,13.923157239328766
1,5545,282.835130409092
1,5546,278.37226214860084
1,5547,238.8199231120382
1,5548,31.750141125798578
1,5549,58.1271203085207
1,5550,271.8920532535754
1,5551,259.2206375925871
1,5552,71.94246963342809
1,5553,260.22020807781064
1,5554,117.3971602593786
1,5555,100.56131621666377
1,5556,414.67676180833394
1,5557,85.08985807225628
1,5558,32.457080963270634
1,5559,281.8695398656383
1,5560,191.0085964880687
1,5561,341.4663424923897
1,5562,31.36562981589106
1,5563,273.96740397266143
1,5564,148.77979608118727
1,5565,280.02339566725914
1,5566,35.73565330246741
1,5567,252.33419137231044
1,5568,229.76097160735725
1,5569,314.7324176539154
1,5570,336.4206685381281
1,5571,270.48200387927966
1,5572,42.487531943044075
1,5573,120.94225465744304
1,5574,70.74623110351573
1,5575,216.99319831584123
1,5576,127.32256533422691
1,5577,261.9804921122309
1,5578,42.8982185951368
1,5579,228.2444539074951
1,5580,78.18778189008731
1,5581,276.0756313673389
1,5582,38.94572717930032
1,5583,246.6991814319424
1,5584,230.45973336540874
1,5585,42.14949724903514
1,5586,309.0804704238926
1,5587,226.43057550997995
1,5588,238.23892729237363
1,5589,324.576450839893
1,5590,29.608100073423167
1,5591,281.72252505388605
1,5592,285.1787211527442
1,5593,185.34230673883792
1,5594,408.01112210186193
1,5595,109.42323621252638
1,5596,244.8215215154139
1,5597,33.366552852051086
1,5598,223.41351283504054
1,5599,215.77390154506963
1,5600,111.6784764766575
1,5601,31.57105193379214
1,5602,227.4046233768882
1,5603,243.44769156141473
1,5604,247.99894051125483
1,5605,229.94385604055316
1,5606,22.342962280953465
1,5607,258.1595543568777
1,5608,238.37017910378478
1,5609,31.405112195243056
1,5610,285.70946786012706
1,5611,275.38565272206796
1,5612,200.71529762325997
1,5613,178.0925581826931
1,5614,294.0497223599002
1,5615,343.06054121520623
1,5616,112.79711833142099
1,5617,32.08735832695829
1,5618,349.1148111866228
1,5619,30.623750213917837
1,5620,317.7532566057635
1,5621,30.896437108171256
1,5622,308.44206070684083
1,5623,30.898696629812434
1,5624,47.944412280117575
1,5625,249.2129371297823
1,5626,271.42850892991754
1,5627,30.925342225592274
1,5628,161.22421462992284
1,5629,31.123229122394044
1,5630,242.99585006436286
1,5631,86.39041019781439
1,5632,109.79392617280898
1,5633,121.62227171019714
1,5634,238.07696027285755
1,5635,323.10021004898147
1,5636,62.46147075333664
1,5637,31.61928076098068
1,5638,69.57824005049342
1,5639,309.26061720947337
1,5640,31.766983020327284
1,5641,256.2684255319543
1,5642,146.85293347324273
1,5643,274.1448886306174
1,5644,61.19660061699362
1,5645,263.68576209862147
1,5646,191.9687226290816
1,5647,348.46945802257426
1,5648,102.75092922632057
1,5649,34.63286069428344
1,5650,299.48440512488617
1,5651,123.93092543328302
1,5652,339.84249582867716
1,5653,245.23715541323998
1,5654,204.0985748004635
1,5655,221.65243904476395
1,5656,52.56205304181394
1,5657,262.31908767656864
1,5658,14.14368528974129
1,5659,396.9729438507783
1,5660,32.260236822211596
1,5661,343.19580522961684
1,5662,237.9887951898487
1,5663,275.5987181498314
1,5664,248.07845495953654
1,5665,217.0294173284902
1,5666,32.51932791854599
1,5667,200.52523067717317
1,5668,234.77079808531778
1,5669,37.448540829185404
1,5670,230.9971860590378
1,5671,125.00875777496273
1,5672,138.7000406943253
1,5673,300.7994180819698
1,5674,398.9478050108067
1,5675,41.46884138252062
1,5676,124.08647490602637
1,5677,266.3270853506077
1,5678,190.6810740624015
1,5679,236.4807367505311
1,5680,28.089109782538173
1,5681,196.59005196033854
1,5682,118.38660567959943
1,5683,32.78523843581809
1,5684,27.90421789025931
1,5685,270.47931463462703
1,5686,32.248599895205146
1,5687,170.56372688375734
1,5688,308.87706278069885
1,5689,26.052489104227284
1,5690,263.3375372352345
1,5691,30.595866468802722
1,5692,322.73914580127337
1,5693,58.99151505061974
1,5694,227.89515070277344
1,5695,32.75801366833247
1,5696,310.26862472724133
1,5697,113.49145788460524
1,5698,206.48392676071472
1,5699,276.21662502741407
1,5700,30.252485885118446
1,5701,153.69276958787339
1,5702,262.82392612396757
1,5703,60.15288768235884
1,5704,189.9540861985824
1,5705,93.37586851242452
1,5706,252.29429566338655
1,5707,237.8385740754195
1,5708,30.38078564450678
1,5709,240.2212126477108
1,5710,144.24763450973404
1,5711,203.6678982873085
1,5712,246.4350946297854
1,5713,60.106738345724665
1,5714,338.50259396866215
1,5715,34.567759776751956
1,5716,192.71041380838926
1,5717,30.633930188453007
1,5718,289.8975116439426
1,5719,194.70272851339791
1,5720,246.95255335147178
1,5721,30.981599931502256
1,5722,223.2714532869462
1,5723,121.68530459041514
1,5724,288.9381776118124
1,5725,34.07614462994104
1,5726,337.07048227195287
1,5727,31.216107599341676
1,5728,278.5915734840179
1,5729,256.690575332086
1,5730,290.591001949216
1,5731,208.05714755867814
1,5732,84.27632058786037
1,5733,30.546813085611873
1,5734,263.1041618767234
1,5735,35.64989375850226
1,5736,345.07967089420725
1,5737,185.50704148875917
1,5738,241.06560276587766
1,5739,31.459427540894936
1,5740,271.63535912546956
1,5741,98.09032395382974
1,5742,130.06144979354485
1,5743,257.97758991802357
1,5744,244.00342385243636
1,5745,415.1345018513901
1,5746,31.29046311539641
1,5747,100.88353694350047
1,5748,286.85108780308735
1,5749,267.3063082035797
1,5750,374.1059460567981
1,5751,342.40801735394393
1,5752,311.95806767889303
1,5753,293.39264443582823
1,5754,40.20661149772957
1,5755,292.13224238316997
1,5756,42.18943837368715
1,5757,320.0583460905756
1,5758,201.8353898360157
1,5759,289.55718063349883
1,5760,80.10497665300625
1,5761,190.89020521373882
1,5762,266.0777836450154
1,5763,40.693901588858495
1,5764,236.2937968457901
1,5765,304.1556019430951
1,5766,54.29754661426037
1,5767,294.1037253926854
1,5768,45.06629104767873
1,5769,132.17043196823718
1,5770,267.3849589529905
1,5771,334.2204991227583
1,5772,304.27051516637437
1,5773,150.3989567004379
1,5774,31.86545666424933
1,5775,95.43727922750176
1,5776,34.11301379969272
1,5777,217.6645161401629
1,5778,287.68721331887923
1,5779,272.4671552069742
1,5780,127.66140469701637
1,5781,337.11196278699947
1,5782,36.28134269647039
1,5783,205.00473057566984
1,5784,141.08392074220308
1,5785,272.21055877210557
1,5786,36.36686219312338
1,5787,234.250448670815
1,5788,39.604734830178586
1,5789,166.91539582267208
1,5790,29.869017940024207
1,5791,274.7961528470324
1,5792,271.83971329728286
1,5793,300.94959898251955
1,5794,327.75881322944423
1,5795,283.2754109589114
1,5796,201.12731394049072
1,5797,97.76030625033971
1,5798,265.5540123195271
1,5799,357.8165660979467
1,5800,329.55772421126665
1,5801,35.61622110507095
1,5802,322.51296228426577
1,5803,30.762495647405373
1,5804,317.7465025657174
1,5805,249.16242956717872
1,5806,37.438454250888654
1,5807,236.25304812810384
1,5808,323.94961483721397
1,5809,194.43304130936355
1,5810,308.9861175209786
1,5811,330.9909279911354
1,5812,329.6367923128347
1,5813,326.3237440832512
1,5814,128.58077236724793
1,5815,141.85130257488487
1,5816,324.67258226671333
1,5817,203.61911644408013
1,5818,233.76442970997093
1,5819,212.7736487783112
1,5820,103.30583031032255
1,5821,281.2338137761522
1,5822,40.176210703900324
1,5823,294.6601055022588
1,5824,258.2312463179351
1,5825,280.26374196351543
1,5826,325.19559728839886
1,5827,323.2219028845662
1,5828,42.003863627257154
1,5829,248.56424287838743
1,5830,92.32685994752718
1,5831,292.1618627243609
1,5832,44.2456596088858
1,5833,278.2158880116277
1,5834,79.62974347707737
1,5835,297.08403407452664
1,5836,238.5939921385649
1,5837,51.91248405518863
1,5838,333.567730937884
1,5839,252.44095696840435
1,5840,290.59528755526367
1,5841,303.94515337843825
1,5842,305.74291307284943
1,5843,43.97133562633043
1,5844,279.9708707067758
1,5845,38.820748900614014
1,5846,262.849079107941
1,5847,307.93547738096083
1,5848,34.61045862845994
1,5849,168.2681628736064
1,5850,266.85459745570085
1,5851,49.528540354202946
1,5852,185.05486344232796
1,5853,36.33722648516312
1,5854,372.0008265577169
1,5855,36.07402238741532
1,5856,273.4842387277405
1,5857,76.41391997897841
1,5858,364.4615632298949
1,5859,45.36356590147602
1,5860,160.98632759942757
1,5861,339.2540641535479
1,5862,329.16579548274444
1,5863,39.638469691486854
1,5864,36.67842468883839
1,5865,304.0587172190859
1,5866,35.69912981508008
1,5867,266.63282454500404
1,5868,35.58390518683186
1,5869,110.05726454454648
1,5870,345.2406009770348
1,5871,46.97142071285785
1,5872,399.13183969284364
1,5873,40.67979738722881
1,5874,291.61181259904527
1,5875,126.48101917098646
1,5876,237.94406955190834
1,5877,245.89267239694396
1,5878,281.51854929936155
1,5879,106.41924030552497
1,5880,218.54932987572153
1,5881,330.6527441957216
1,5882,36.73405480120104
1,5883,242.15642404071963
1,5884,238.9463935414953
1,5885,275.10813421835326
1,5886,127.08487996659903
1,5887,63.75520648597856
1,5888,278.17451153753564
1,5889,248.60049334899753
1,5890,31.195759627058628
1,5891,182.62155267088
1,5892,199.75056825248402
1,5893,277.9025139513282
1,5894,131.44317008012348
1,5895,38.181183303585584
1,5896,314.1520041684513
1,5897,127.70089945591951
1,5898,245.4560892294641
1,5899,251.73929586099018
1,5900,287.03486918960334
1,5901,200.17221420405065
1,5902,337.9226220485786
1,5903,107.21586543709665
1,5904,176.27773063000222
1,5905,37.08091402709911
1,5906,222.71983544092217
1,5907,37.06151819885204
1,5908,246.81264665955428
1,5909,38.08912444921818
1,5910,37.02658110475884
1,5911,286.7469830025716
1,5912,274.24240293487765
1,5913,243.96533184606236
1,5914,395.3166870648663
1,5915,130.45856582352803
1,5916,303.3316525749776
1,5917,36.0236428855779
1,5918,276.04074716964556
1,5919,81.10273535145961
1,5920,240.42366789471677
1,5921,253.7942367651799
1,5922,238.47837854963223
1,5923,196.0644298308093
1,5924,316.51324161088985
1,5925,344.64733696097926
1,5926,216.99362202028107
1,5927,348.7976332495631
1,5928,417.7129423253201
1,5929,297.6533273449284
1,5930,242.46794603092007
1,5931,42.04326983915709
1,5932,295.2190091120483
1,5933,41.89089614176587
1,5934,247.54591463191997
1,5935,278.30681101471515
1,5936,289.1303559325527
1,5937,40.23531005928235
1,5938,317.5019375913246
1,5939,290.10291431605583
1,5940,224.4105729011269
1,5941,305.6417408495091
1,5942,322.5445587590334
1,5943,85.87087201373657
1,5944,52.34083900098152
1,5945,43.38276052190221
1,5946,243.78987362975647
1,5947,238.0293264197376
1,5948,274.71509060134383
1,5949,256.833230984038
1,5950,359.7507493950268
1,5951,281.68809772614907
1,5952,214.0459370127266
1,5953,311.8353795682699
1,5954,34.756806143033835
1,5955,262.9879815642552
1,5956,274.4581102818686
1,5957,301.1860149080027
1,5958,283.450964661775
1,5959,314.9765827673252
1,5960,35.9567792986284
1,5961,239.6648511058179
1,5962,339.8074692239985
1,5963,75.84295336668535
1,5964,247.17454869815
1,5965,410.6011714276128
1,5966,382.4417944838877
1,5967,382.26450379608957
1,5968,330.88054641589366
1,5969,76.49164750199459
1,5970,330.75279885257044
1,5971,295.197319288347
1,5972,255.28587215527483
1,5973,66.383215217838
1,5974,224.12187258649212
1,5975,260.8160790383588
1,5976,323.60927060494026
1,5977,306.08120292253005
1,5978,36.025008378656906
1,5979,325.3641139089177
1,5980,40.450342690653486
1,5981,327.7772219759737
1,5982,363.6673145427461
1,5983,371.21896597437467
1,5984,36.19144450329634
1,5985,30.393823808448914
1,5986,284.61749440757035
1,5987,36.56841130575603
1,5988,274.9558044855344
1,5989,202.87758065855115
1,5990,311.6502168049573
1,5991,154.0213222270857
1,5992,315.44804155097677
1,5993,169.31277386409383
1,5994,251.6912407393204
1,5995,40.74989294170813
1,5996,135.85752502612462
1,5997,301.0338505596812
1,5998,100.73985371834368
1,5999,218.10585153639715
1,6000,251.04176563272716
1,6001,118.9623174232366
1,6002,41.22848386992933
1,6003,330.4883614909859
1,6004,317.7663907273021
1,6005,253.66095827125275
1,6006,131.878233591864
1,6007,199.96602116249431
1,6008,96.38406920869672
1,6009,217.9851659344244
1,6010,250.55564458839552
1,6011,36.51161581583045
1,6012,277.0826200756723
1,6013,31.594147071589425
1,6014,229.0826131894334
1,6015,36.829852203443274
1,6016,92.89271055217856
1,6017,261.1547658660793
1,6018,287.9274864175468
1,6019,192.48144007357664
1,6020,275.1487638966207
1,6021,232.9120464724711
1,6022,86.91184370871719
1,6023,247.0760973007678
1,6024,260.14941691840085
1,6025,68.61151558557393
1,6026,275.69981028675465
1,6027,267.5507423403502
1,6028,306.3532918316164
1,6029,236.44953206962342
1,6030,255.13499499590742
1,6031,35.32741204622597
1,6032,359.25444121548855
1,6033,39.987048392272605
1,6034,263.38586547988666
1,6035,35.264329138425666
1,6036,227.5481076211666
1,6037,199.01333955430454
1,6038,333.30942284957763
1,6039,35.538564844796035
1,6040,244.0761852017858
1,6041,637.9480477484801
1,6042,500.9633690116393
1,6043,328.55956200675064
1,6044,361.9433677924886
1,6045,32.78681379672033
1,6046,405.3941978008977
1,6047,323.48614212352953
1,6048,302.94303458879085
1,6049,243.28401257627945
1,6050,323.71434682387246
1,6051,53.81727755951796
1,6052,41.53172323582964
1,6053,454.3143246267093
1,6054,268.23365856816156
1,6055,317.4487546420386
1,6056,324.58713875963576
1,6057,270.4549545897946
1,6058,288.7868308353203
1,6059,287.0669467390776
1,6060,168.52484849065735
1,6061,287.23241118104596
1,6062,195.2538653430421
1,6063,425.6908135806817
1,6064,285.072597947973
1,6065,274.32417516597684
1,6066,309.43073883038136
1,6067,38.8123129150641
1,6068,281.5285179555703
1,6069,284.3260264581378
1,6070,291.52685134951093
1,6071,431.95661946844507
1,6072,185.71101438079162
1,6073,223.85473569847997
1,6074,282.36344551102036
1,6075,25.662093438791597
1,6076,117.30267862149468
1,6077,283.7548161891723
1,6078,327.393502674834
1,6079,354.3736076007032
1,6080,256.78407869624573
1,6081,293.27691944125445
1,6082,278.7165421525257
1,6083,32.14911597930438
1,6084,35.60492341059202
1,6085,436.68158600924227
1,6086,179.13817271326946
1,6087,276.00493383079646
1,6088,356.4327224903214
1,6089,30.564775518909496
1,6090,356.0371076407289
1,6091,30.95925403418748
1,6092,117.89333373496103
1,6093,229.90075412378127
1,6094,255.2885825657291
1,6095,266.8893562466294
1,6096,44.477135472463885
1,6097,240.3137699041333
1,6098,53.59408985930472
1,6099,306.9691884241125
1,6100,291.76443728387085
1,6101,38.0195424934067
1,6102,44.368456260180096
1,6103,455.7957304501765
1,6104,279.93781780060874
1,6105,44.26432272862808
1,6106,297.14499554627486
1,6107,258.4986382646831
1,6108,332.4373309602337
1,6109,38.51960591731431
1,6110,236.64620897479392
1,6111,43.869557189763114
1,6112,307.5629017932264
1,6113,130.1291350133916
1,6114,277.0366597139944
1,6115,280.05870970032754
1,6116,279.99415879254474
1,6117,264.59197694383994
1,6118,414.3824051639764
1,6119,277.20475026710267
1,6120,346.6195800042348
1,6121,286.6460636663471
1,6122,447.21354665937605
1,6123,30.15095854689924
1,6124,229.53416339674865
1,6125,34.41290347928652
1,6126,285.7355834541081
1,6127,310.49813802759036
1,6128,22.22874198419715
1,6129,230.66301237144023
1,6130,32.27344152056801
1,6131,233.03729416598216
1,6132,125.49295683257074
1,6133,213.43301417394562
1,6134,31.64715597508995
1,6135,295.66153788140963
1,6136,31.23951663769925
1,6137,274.55946875587665
1,6138,30.56598003262795
1,6139,31.10074674814691
1,6140,314.2360289783587
1,6141,182.91104280559495
1,6142,281.7205960715656
1,6143,221.81897254029928
1,6144,209.88809117509192
1,6145,265.2269342220713
1,6146,311.42202324159007
1,6147,325.5777696823167
1,6148,43.4373163430553
1,6149,320.6255642161635
1,6150,38.764766648661876
1,6151,44.220234366668514
1,6152,306.9132308890298
1,6153,72.633735945464
1,6154,318.0665581232313
1,6155,297.63549938697497
1,6156,43.10294970599839
1,6157,275.46162698063404
1,6158,284.56209693926286
1,6159,38.28338926765959
1,6160,231.0456834257024
1,6161,38.69031190181462
1,6162,329.96060347861453
1,6163,297.2163288036633
1,6164,282.2118172132101
1,6165,306.46476378946323
1,6166,182.7360190704327
1,6167,250.92751260881573
1,6168,267.45464433443226
1,6169,225.73234951765656
1,6170,282.0043864172326
1,6171,285.25412526357354
1,6172,183.97548461719418
1,6173,12.078843428968709
1,6174,151.94749054136912
1,6175,229.87639065559728
1,6176,280.86124311529386
1,6177,35.91727156841999
1,6178,184.26183080425793
1,6179,301.80115142860154
1,6180,31.421136392223055
1,6181,280.62766598983796
1,6182,68.94700566848336
1,6183,303.39717357884837
1,6184,268.3686216040981
1,6185,122.47058661741335
1,6186,31.50059062072673
1,6187,233.85147613496576
1,6188,35.49221296136137
1,6189,282.10590158165803
1,6190,230.29998835656778
1,6191,231.76575156590187
1,6192,311.72234737868996
1,6193,82.80231189584796
1,6194,280.27942206606997
1,6195,430.55116932482747
1,6196,306.3929389537685
1,6197,285.6341426062287
1,6198,77.26330047370658
1,6199,246.32148221014558
1,6200,286.6118992788776
1,6201,294.5162243300923
1,6202,267.35576163157674
1,6203,38.50857864238344
1,6204,248.88981627828554
1,6205,232.12243975311765
1,6206,37.94341188031934
1,6207,272.5682592950594
1,6208,39.231857719781615
1,6209,38.57788462715716
1,6210,277.14853365739793
1,6211,166.57218595336522
1,6212,29.593344683480083
1,6213,33.53701663861004
1,6214,169.5732902248709
1,6215,124.69046211561928
1,6216,30.139483063995485
1,6217,253.4528719608425
1,6218,235.72835031303413
1,6219,30.01707419534401
1,6220,269.63588019148216
1,6221,19.337745313805293
1,6222,30.063590116028873
1,6223,261.6178665227832
1,6224,31.603219657296634
1,6225,259.41335653399085
1,6226,414.89313857272225
1,6227,121.72514129490276
1,6228,326.93376245951583
1,6229,31.688304720335168
1,6230,251.74630605928695
1,6231,228.22790475639994
1,6232,436.77653956764004
1,6233,186.94586048663922
1,6234,272.31989853460124
1,6235,308.428960109605
1,6236,122.70992904129461
1,6237,281.35312188781785
1,6238,31.607403468450457
1,6239,436.33606208488277
1,6240,31.394106252281816
1,6241,31.659454086744756
1,6242,324.02264065974896
1,6243,307.5806646246322
1,6244,144.47091799165995
1,6245,262.13417339509397
1,6246,228.92793427886897
1,6247,322.3712894878223
1,6248,31.676453383352015
1,6249,258.2095349883858
1,6250,72.49949621693565
1,6251,305.7909767354214
1,6252,270.9468426176368
1,6253,118.80597568800883
1,6254,293.17834199867747
1,6255,283.04898732305753
1,6256,193.82958456781185
1,6257,274.1406451916073
1,6258,183.2601986141272
1,6259,442.5920313528972
1,6260,306.25954651856057
1,6261,448.26734279782954
1,6262,467.5713044944061
1,6263,283.9814578864042
1,6264,32.623065788466164
1,6265,274.86882605608196
1,6266,258.81223426640724
1,6267,283.26728674767776
1,6268,316.5815082770097
1,6269,47.510124836428375
1,6270,325.9574029093048
1,6271,291.43723728072405
1,6272,290.3638235487874
1,6273,325.2948559173442
1,6274,357.32149344835943
1,6275,187.58042917635467
1,6276,271.15906699105096
1,6277,287.3876391512428
1,6278,181.47329608665677
1,6279,287.6917121732162
1,6280,227.89522607708886
1,6281,187.5097400577675
1,6282,291.15622001555573
1,6283,55.640970173070706
1,6284,229.73051822178536
1,6285,285.87427425583473
1,6286,200.09503253687757
1,6287,262.60463202316
1,6288,40.735600475099986
1,6289,34.71364057437306
1,6290,61.59921927623153
1,6291,99.04532841069607
1,6292,247.90620958825346
1,6293,237.85764046203707
1,6294,39.08718755258683
1,6295,242.43221167813746
1,6296,42.955355153764785
1,6297,280.71855434642623
1,6298,221.46904964910485
1,6299,214.4416804737093
1,6300,18.064846532168612
1,6301,249.12787395508383
1,6302,35.54743782090936
1,6303,264.2680179212739
1,6304,30.501403328726948
1,6305,219.60525684900892
1,6306,26.413120840688535
1,6307,245.93975128425058
1,6308,204.96771929345155
1,6309,236.56084098605072
1,6310,241.21872088264473
1,6311,68.3302145423914
1,6312,144.1900912536577
1,6313,35.42844510967148
1,6314,269.93860917306273
1,6315,321.39522977077394
1,6316,17.616387978874755
1,6317,240.160132883053
1,6318,62.50782203516654
1,6319,44.105699304704814
1,6320,133.33110350685445
1,6321,31.70770121073695
1,6322,163.50980662236626
1,6323,32.75735534495012
1,6324,264.1959149573439
1,6325,36.25664772557373
1,6326,243.56246404253756
1,6327,183.30208834290062
1,6328,279.0098658936273
1,6329,32.54233077433052
1,6330,243.54846138996413
1,6331,147.2523542297667
1,6332,274.335264755475
1,6333,62.909964572849454
1,6334,240.88713357550512
1,6335,36.72942495880731
1,6336,63.004919063511075
1,6337,276.3834485641212
1,6338,95.2429601666199
1,6339,267.71849835274446
1,6340,119.0788996629149
1,6341,37.246106600073745
1,6342,235.68705201988192
1,6343,279.00341526022385
1,6344,259.5343350922715
1,6345,356.5890155324977
1,6346,196.8013163558088
1,6347,33.695595420234625
1,6348,206.72196341816334
1,6349,279.58941719413053
1,6350,336.5517128392368
1,6351,254.6851613718147
1,6352,33.44251077709933
1,6353,255.09830710710708
1,6354,34.178503634754534
1,6355,252.80439884590123
1,6356,219.1118676555232
1,6357,25.08079833229494
1,6358,311.72766540432224
1,6359,33.40433743818497
1,6360,290.07853688828936
1,6361,845.7904313000479
1,6362,343.72153906699003
1,6363,174.82082051258456
1,6364,328.17953139610614
1,6365,232.73701178361176
1,6366,197.59204479280038
1,6367,330.17133629864253
1,6368,161.37927138196486
1,6369,243.1865632448368
1,6370,40.1656170346407
1,6371,182.3901489898689
1,6372,173.91821728765618
1,6373,334.2471383409934
1,6374,304.0906205085301
1,6375,38.484265291146855
1,6376,320.0791841162748
1,6377,232.04725903283625
1,6378,51.83535380004689
1,6379,271.6457921349316
1,6380,287.21843180656913
1,6381,37.49273317247052
1,6382,243.89665017624375
1,6383,314.69294197829083
1,6384,33.3117810878946
1,6385,299.96895175419843
1,6386,339.5016335875063
1,6387,333.5428342131355
1,6388,280.51087855223045
1,6389,280.1976456834412
1,6390,38.208254901147455
1,6391,239.85598176546597
1,6392,43.03125761107235
1,6393,378.58711923538016
1,6394,260.43172944444035
1,6395,280.98395652050397
1,6396,281.7117358821032
1,6397,352.3753249632791
1,6398,33.14074031063801
1,6399,224.50669319386316
1,6400,285.99028343118846
1,6401,29.83033260523564
1,6402,251.4281312618819
1,6403,272.72611644493617
1,6404,57.73959319877016
1,6405,239.43643730628747
1,6406,32.90334520177136
1,6407,219.95368192791605
1,6408,202.2991510102965
1,6409,69.19983791785353
1,6410,202.00479238085728
1,6411,37.835678849843646
1,6412,203.00512153141892
1,6413,168.17847655087598
1,6414,274.5528600800312
1,6415,33.76295688418435
1,6416,227.15381226057906
1,6417,249.19143292672018
1,6418,32.92237966876915
1,6419,223.5988516164668
1,6420,323.7089815230672
1,6421,36.76271185709248
1,6422,250.96686393535776
1,6423,241.41221507764908
1,6424,341.22575275740195
1,6425,36.84835047033194
1,6426,186.50805134610084
1,6427,251.76599213605647
1,6428,180.715013023653
1,6429,96.45838990998323
1,6430,212.38476742394926
1,6431,305.20937224754744
1,6432,300.3924268752779
1,6433,38.16383692086837
1,6434,284.0734489888382
1,6435,60.84578958335186
1,6436,126.37955808058986
1,6437,340.33013944615595
1,6438,34.25963927546499
1,6439,295.4984996290234
1,6440,38.69544378702481
1,6441,122.45464867222378
1,6442,111.70845066709202
1,6443,316.4312871571169
1,6444,38.34964174410028
1,6445,123.85911432282306
1,6446,312.7025657537085
1,6447,343.28165284993105
1,6448,287.14793276986603
1,6449,224.91234892481958
1,6450,184.77120169362928
1,6451,291.88005425728625
1,6452,252.83373709928577
1,6453,264.9542387094564
1,6454,263.3817565962282
1,6455,313.95093422899873
1,6456,340.52376350333395
1,6457,358.8710106150322
1,6458,34.93569641386432
1,6459,292.4585640504604
1,6460,40.01275460205602
1,6461,331.2803179528426
1,6462,34.88282689779227
1,6463,270.2140292299449
1,6464,188.09824466005455
1,6465,342.639078701905
1,6466,38.37588839263529
1,6467,172.2865114989678
1,6468,308.17817097264424
1,6469,145.47752039596176
1,6470,301.3409138489751
1,6471,273.4386324156957
1,6472,271.04106253141794
1,6473,22.6570567074159
1,6474,247.33543927672224
1,6475,269.7618525269336
1,6476,309.8025434222793
1,6477,29.55918422642714
1,6478,238.13632969377375
1,6479,248.77276640916676
1,6480,177.99737153026624
1,6481,29.77655260809668
1,6482,244.73692729917906
1,6483,275.3237126403676
1,6484,238.4936739000683
1,6485,36.32184927195422
1,6486,363.659374184479
1,6487,30.725273059510453
1,6488,162.13762098389319
1,6489,297.90637498719474
1,6490,256.0440826729701
1,6491,306.2711629516158
1,6492,27.667510386267004
1,6493,297.6131234504644
1,6494,288.56422559070705
1,6495,27.697329818098005
1,6496,256.6457726307607
1,6497,314.8603743944697
1,6498,261.62606657536514
1,6499,291.61597669257685
1,6500,248.83779186306964
1,6501,27.733139285644985
1,6502,272.7991430617194
1,6503,181.3728185544486
1,6504,188.36605986057754
1,6505,180.47488093222842
1,6506,235.87387073640917
1,6507,28.001941020777473
1,6508,288.5590086006382
1,6509,342.52925922114935
1,6510,30.02489608345119
1,6511,247.44939269108886
1,6512,259.4361722149764
1,6513,77.38010503736511
1,6514,317.9676884124389
1,6515,408.23476412808066
1,6516,362.9892734354706
1,6517,47.5184501975303
1,6518,246.90468325236202
1,6519,125.84386270641696
1,6520,280.95703171170493
1,6521,36.21135595264401
1,6522,293.2075530211205
1,6523,115.30452524872857
1,6524,41.60987215012794
1,6525,81.85595507652951
1,6526,303.4009664741687
1,6527,34.5920159038709
1,6528,32.06846348079942
1,6529,175.65097488827408
1,6530,246.4806753289684
1,6531,448.8919470157059
1,6532,314.3713045774713
1,6533,37.034781392104556
1,6534,280.4658100611373
1,6535,39.79761832043107
1,6536,183.34669275338837
1,6537,111.12780766022394
1,6538,331.4171306629515
1,6539,26.74682392176499
1,6540,332.81516335146455
1,6541,27.90497359864638
1,6542,260.0189739421195
1,6543,179.56655641650926
1,6544,286.3163123592601
1,6545,26.960356723895423
1,6546,223.95978188930383
1,6547,73.64878970758889
1,6548,278.5030101544262
1,6549,29.72613679927199
1,6550,290.43206924078737
1,6551,148.01005446605794
1,6552,252.81794305428286
1,6553,294.61007245674807
1,6554,321.3741462625833
1,6555,31.642608694055347
1,6556,167.70767631126074
1,6557,313.1905131917343
1,6558,25.344566319580057
1,6559,277.7661376279966
1,6560,285.3425652597401
1,6561,283.88744158290746
1,6562,281.563579841366
1,6563,28.652065231478346
1,6564,277.91215826037137
1,6565,315.3868806414928
1,6566,180.2114175193819
1,6567,344.09152591044847
1,6568,32.18756138428481
1,6569,167.48361081776204
1,6570,313.12197874916416
1,6571,30.455496542346797
1,6572,116.43522304125355
1,6573,298.28248627690675
1,6574,297.77269618084335
1,6575,294.0638998861108
1,6576,319.2986275652819
1,6577,365.5296298567098
1,6578,89.00177439797474
1,6579,240.4485337175518
1,6580,322.57363249883633
1,6581,64.22013949304845
1,6582,277.405950636576
1,6583,36.52623370930111
1,6584,283.4960395510201
1,6585,192.2351187724517
1,6586,344.5618298593325
1,6587,40.107254542119534
1,6588,174.37541571965318
1,6589,326.31741829995394
1,6590,428.58658735679995
1,6591,252.34759176828544
1,6592,262.0821818743465
1,6593,37.01139426812574
1,6594,260.9413186456324
1,6595,61.98840911272745
1,6596,271.0306908935801
1,6597,297.58516158163013
1,6598,137.83045407979486
1,6599,31.23583537860626
1,6600,264.3742985789976
1,6601,224.37683051321085
1,6602,211.59385152617907
1,6603,31.2937029335463
1,6604,246.15970228626935
1,6605,394.9094424641107
1,6606,28.62416790036076
1,6607,108.91544774208437
1,6608,163.65257420294034
1,6609,25.737444030332895
1,6610,372.12204685870324
1,6611,406.0784034769197
1,6612,29.14483012079469
1,6613,270.83531062430325
1,6614,291.9773839967395
1,6615,330.2894223285107
1,6616,32.06370027432533
1,6617,174.36955983565642
1,6618,318.0977668540711
1,6619,348.7648561807598
1,6620,306.5410132548927
1,6621,54.58882255711295
1,6622,269.4405595678348
1,6623,274.2257532127648
1,6624,29.469772334383883
1,6625,321.47366326974065
1,6626,201.40368716672634
1,6627,29.077827316293366
1,6628,292.9758654975485
1,6629,211.68590619441326
1,6630,248.07752599469046
1,6631,90.94356691544513
1,6632,198.16527204393714
1,6633,184.50398947300366
1,6634,29.142605778823167
1,6635,410.84982747836796
1,6636,293.33784583112094
1,6637,343.2231783077053
1,6638,299.0040088802859
1,6639,25.77452034828869
1,6640,289.69136064835686
1,6641,30.130014375432438
1,6642,25.99272730258894
1,6643,323.05944501232034
1,6644,239.20502461197339
1,6645,59.80547182586233
1,6646,242.0703777159299
1,6647,214.62694456870597
1,6648,305.6833698076943
1,6649,29.998300195631103
1,6650,26.148947932282887
1,6651,349.94952986161707
1,6652,306.2348297492837
1,6653,273.33440689383883
1,6654,30.014181513207674
1,6655,291.2484211686194
1,6656,34.57797404453888
1,6657,287.98862056015525
1,6658,313.1287364463086
1,6659,256.1913562593814
1,6660,113.98745788020453
1,6661,273.95024115160936
1,6662,91.40484372459971
1,6663,32.959678088314114
1,6664,262.0811585208582
1,6665,32.959678088314114
1,6666,295.10479947234455
1,6667,300.2375962242844
1,6668,320.6571823926909
1,6669,49.44551738726958
1,6670,276.1699981259182
1,6671,234.94669718657443
1,6672,499.16909533747787
1,6673,379.2114041385825
1,6674,74.20192752458482
1,6675,241.547040937639
1,6676,136.0804827287436
1,6677,321.62078614713505
1,6678,39.25599035138569
1,6679,284.06142889915964
1,6680,317.3820846438899
1,6681,197.5707160047282
1,6682,315.84631946867813
1,6683,291.7487537341413
1,6684,43.00153198451867
1,6685,317.42086123681327
1,6686,301.3286215909677
1,6687,40.25623351493278
1,6688,280.33631524806356
1,6689,325.5723145634588
1,6690,194.64918790111034
1,6691,233.51415435676273
1,6692,116.63134882348197
1,6693,114.14189308971778
1,6694,249.0724176416572
1,6695,124.98668890947698
1,6696,268.71666691011075
1,6697,31.012143693360322
1,6698,315.8756893101259
1,6699,30.87573298770294
1,6700,299.2385314640776
1,6701,292.18832966022876
1,6702,59.15327604482246
1,6703,280.6622370045096
1,6704,32.43449547510724
1,6705,283.35813249935467
1,6706,35.45798286940463
1,6707,206.81612559057174
1,6708,257.72597040597634
1,6709,152.22813868230506
1,6710,35.880802459526734
1,6711,271.3159904957928
1,6712,237.52658825132468
1,6713,220.4744261678485
1,6714,386.2975398199618
1,6715,260.4272534013827
1,6716,35.43807445838641
1,6717,368.35959345433287
1,6718,247.93318976254585
1,6719,193.6583616839952
1,6720,202.6915643753748
1,6721,35.0914354750324
1,6722,303.0942007010199
1,6723,305.3898509523549
1,6724,320.7096865310573
1,6725,16.338321307017242
1,6726,351.30286715600687
1,6727,318.47001634858134
1,6728,43.40207003542688
1,6729,152.4170812072094
1,6730,387.09767548588934
1,6731,32.18398024693129
1,6732,317.54726720936486
1,6733,32.37884749847282
1,6734,171.17915229274453
1,6735,44.71043799163102
1,6736,322.1589476335136
1,6737,276.6202274303141
1,6738,73.01263743922647
1,6739,173.71473987938188
1,6740,96.10238724629023
1,6741,225.2106011359664
1,6742,296.453688695521
1,6743,308.1359735068941
1,6744,151.9819899257397
1,6745,283.6215314868072
1,6746,32.89941164841025
1,6747,289.6959379423739
1,6748,301.836578181875
1,6749,37.60202870564141
1,6750,273.8728475433675
1,6751,186.6949231354846
1,6752,321.31566249406364
1,6753,32.588989075954785
1,6754,328.311831805361
1,6755,310.9883759313744
1,6756,32.76603820214999
1,6757,37.29523210515253
1,6758,356.16407248416124
1,6759,35.98733153511303
1,6760,177.42438525430373
1,6761,329.96556241481255
1,6762,220.58365860513356
1,6763,333.3378230559114
1,6764,251.08085540509276
1,6765,293.4634255637133
1,6766,298.34913138486615
1,6767,392.7188845591815
1,6768,36.670323311239855
1,6769,33.6698001316229
1,6770,294.1561153655765
1,6771,317.2915430578463
1,6772,37.58059354593017
1,6773,300.4727490998472
1,6774,42.667079911874595
1,6775,357.498161428911
1,6776,286.6124647213012
1,6777,41.28576615394349
1,6778,210.11065576679724
1,6779,39.330995390504256
1,6780,282.19356377163774
1,6781,302.1419971738212
1,6782,37.2927752484953
1,6783,285.0780720611094
1,6784,190.4110895374883
1,6785,309.0652293624296
1,6786,32.13542943682032
1,6787,244.41059790457996
1,6788,326.87111146398377
1,6789,273.56338946537244
1,6790,141.9474019116773
1,6791,32.63707638160577
1,6792,211.56120260945443
1,6793,242.56249743332185
1,6794,48.69829410745423
1,6795,338.68985240719087
1,6796,324.05342686011363
1,6797,373.61549605647804
1,6798,43.333437249680614
1,6799,196.65544999997007
1,6800,323.0440637736141
1,6801,287.5883466673082
1,6802,203.82233897034092
1,6803,346.0286757083598
1,6804,38.51584529931897
1,6805,125.2643909572306
1,6806,253.0813316684144
1,6807,41.72883408368911
1,6808,250.91073092753356
1,6809,42.92163319075827
1,6810,344.8998222685069
1,6811,70.62227130615713
1,6812,227.38214702180014
1,6813,125.36998831755633
1,6814,99.18897061738494
1,6815,257.20068468424085
1,6816,13.05601561670279
1,6817,128.74456032598698
1,6818,32.70886188045545
1,6819,211.7629225224038
1,6820,29.49218620118146
1,6821,209.4967814133558
1,6822,33.12976013561604
1,6823,245.36597483938004
1,6824,152.15556093632932
1,6825,29.630391391228326
1,6826,116.59549773050361
1,6827,252.15452836877319
1,6828,168.52681089069065
1,6829,65.9912812914572
1,6830,317.2353516965628
1,6831,31.02505154904319
1,6832,289.54998572077363
1,6833,262.4216175583716
1,6834,34.593805150212965
1,6835,231.2103943904463
1,6836,30.60499114619204
1,6837,73.54779369496669
1,6838,297.0659342922944
1,6839,30.844171184265978
1,6840,31.529657987511683
1,6841,289.38395327530543
1,6842,30.864283058486116
1,6843,234.4708446062732
1,6844,83.84256745495708
1,6845,30.76548423727009
1,6846,287.3204132411614
1,6847,282.2449552290569
1,6848,275.3530743764467
1,6849,237.20841519092028
1,6850,216.07999063946556
1,6851,302.3461839258873
1,6852,34.35162035525664
1,6853,307.82175490107636
1,6854,320.964341003429
1,6855,31.116200272214183
1,6856,339.2622376558796
1,6857,284.4529823424814
1,6858,319.04330295675857
1,6859,117.94212080136725
1,6860,252.47531659929507
1,6861,164.58056681027156
1,6862,270.09279106552725
1,6863,238.10728690388078
1,6864,84.60800588159171
1,6865,212.8645332388641
1,6866,32.28648422487407
1,6867,246.15157341667327
1,6868,31.64174109827692
1,6869,120.51998527174118
1,6870,252.97052420297277
1,6871,130.67323074616087
1,6872,240.04771874282716
1,6873,66.87278562837307
1,6874,179.7323945723192
1,6875,50.49581043367075
1,6876,236.22249413954225
1,6877,38.05693144073689
1,6878,240.72854460671138
1,6879,44.13201911904413
1,6880,262.3709657938648
1,6881,166.93233072807516
1,6882,39.19204966007074
1,6883,122.63176217748187
1,6884,262.8476910477606
1,6885,164.58979985490856
1,6886,72.13064249325139
1,6887,228.70125485424194
1,6888,38.15776749717341
1,6889,246.43710744138747
1,6890,244.9540860764858
1,6891,38.720104139599385
1,6892,99.52398721373304
1,6893,221.25214731299874
1,6894,29.757762454637415
1,6895,273.13353358383716
1,6896,29.776832448111286
1,6897,288.7780748977444
1,6898,290.7164003804639
1,6899,30.52145788970803
1,6900,230.96276048673423
1,6901,246.94489677542134
1,6902,34.397164118845716
1,6903,238.04109157718915
1,6904,30.695541120203217
1,6905,72.25928168640411
1,6906,277.49639133753135
1,6907,32.49914685318946
1,6908,31.925927273610007
1,6909,288.1353747274702
1,6910,31.791536792919185
1,6911,231.73454979355705
1,6912,84.22347086341412
1,6913,31.378633922410824
1,6914,287.1935391565865
1,6915,321.93312152880435
1,6916,31.45759527546114
1,6917,338.3288568700982
1,6918,310.47582352536983
1,6919,31.440466664798787
1,6920,241.4770683038313
1,6921,258.9824481245395
1,6922,282.951888591787
1,6923,280.92938857025206
1,6924,237.64002884513195
1,6925,216.65618720998404
1,6926,311.55042945081493
1,6927,34.85272202668244
1,6928,323.5132506303348
1,6929,31.56711828186203
1,6930,31.955852509461458
1,6931,244.9819081351498
1,6932,31.815610562374932
1,6933,117.93721297941934
1,6934,252.22318972088524
1,6935,214.3428828101824
1,6936,203.68675811211352
1,6937,84.86269383053954
1,6938,93.6508361387147
1,6939,252.88209223435024
1,6940,118.14728955948583
1,6941,122.36988126484428
1,6942,309.9801114238524
1,6943,32.393476908112035
1,6944,58.94571095142131
1,6945,278.9615379143776
1,6946,408.3804189528524
1,6947,242.91823196195855
1,6948,48.65218409650308
1,6949,338.4483449161162
1,6950,77.56249668356608
1,6951,327.7132930636092
1,6952,283.75230365281874
1,6953,400.53645149143955
1,6954,150.1518767218407
1,6955,278.6579411258242
1,6956,38.29768163681749
1,6957,229.46096053534552
1,6958,259.21240389364766
1,6959,34.045208460451875
1,6960,287.2333515748029
1,6961,41.68172701563175
1,6962,115.723626738344
1,6963,418.5079830944253
1,6964,303.1295437697916
1,6965,194.82881863179512
1,6966,41.86994701073246
1,6967,312.2837608109012
1,6968,181.77451641539022
1,6969,25.577864418470362
1,6970,277.30394378268386
1,6971,291.14045317363923
1,6972,29.047701804012274
1,6973,404.6242198280697
1,6974,29.864040658838324
1,6975,301.6812945728275
1,6976,24.186082716800627
1,6977,282.01854498020646
1,6978,152.51045281697037
1,6979,206.77747861494476
1,6980,247.54581967849344
1,6981,121.76333163552937
1,6982,186.1849043384957
1,6983,31.134644358533603
1,6984,304.88217412808126
1,6985,31.138496725934726
1,6986,187.27308666241169
1,6987,49.889718401566434
1,6988,158.88865182863736
1,6989,328.0035337812154
1,6990,30.80085619219717
1,6991,254.97865370547837
1,6992,300.8748139422604
1,6993,27.214629161782103
1,6994,304.61614531555745
1,6995,30.913845623682747
1,6996,30.890132828519768
1,6997,416.8669655751369
1,6998,30.79136412231697
1,6999,26.956454600671556
1,7000,255.85868246480766
1,7001,258.4430095079986
1,7002,34.67786630193687
1,7003,260.6084659768378
1,7004,243.04817768271408
1,7005,260.6512299667976
1,7006,241.61835716025578
1,7007,48.34401073820885
1,7008,337.7253903182345
1,7009,48.308311291851545
1,7010,168.64202490980642
1,7011,382.98709621977025
1,7012,272.4352779279325
1,7013,39.1449881707982
1,7014,308.74166324279093
1,7015,117.02888849686963
1,7016,49.235934615344746
1,7017,152.41498729244398
1,7018,341.8231365483401
1,7019,42.020790461166825
1,7020,240.72770478213778
1,7021,288.1588423542806
1,7022,38.36949840719805
1,7023,114.0849222789441
1,7024,218.70628442711487
1,7025,277.26880599642584
1,7026,37.8268758900982
1,7027,210.62192746678585
1,7028,248.887398708084
1,7029,29.230673839887917
1,7030,40.3216512041111
1,7031,254.38478897456216
1,7032,294.8430185957491
1,7033,25.594131627453756
1,7034,50.25593357711913
1,7035,122.74259655402771
1,7036,184.38557055575615
1,7037,35.10586309759035
1,7038,119.03632953955724
1,7039,225.85965157344427
1,7040,33.774286579111724
1,7041,32.393323449056105
1,7042,222.4673800418243
1,7043,304.0861202388448
1,7044,220.19387219974317
1,7045,314.6281436526722
1,7046,71.6750435431959
1,7047,219.07510977464543
1,7048,301.5227559083756
1,7049,36.24088779352882
1,7050,346.33317536010463
1,7051,35.58845537004986
1,7052,176.30356706662965
1,7053,311.26219949303606
1,7054,123.27675894562962
1,7055,293.3565783762305
1,7056,63.69531331255884
1,7057,337.38842527960236
1,7058,249.68160832964736
1,7059,33.15572457008973
1,7060,165.6184355826388
1,7061,223.1991947163417
1,7062,33.13544731896752
1,7063,346.5958799501601
1,7064,36.60679445917956
1,7065,269.2472683841574
1,7066,233.47288807067287
1,7067,311.29053196675994
1,7068,448.41239067626753
1,7069,33.54504720323376
1,7070,286.94204855436027
1,7071,184.3706952461917
1,7072,329.64962497564915
1,7073,239.15530288369138
1,7074,124.4264861768628
1,7075,278.35403478212965
1,7076,37.2045179255849
1,7077,277.53229449071074
1,7078,33.97388065713717
1,7079,337.5934584717597
1,7080,284.20444528319155
1,7081,37.34636281819942
1,7082,307.64190274615055
1,7083,33.43176380843577
1,7084,273.1936771878502
1,7085,36.926693790797025
1,7086,303.75301658774407
1,7087,289.4599007873213
1,7088,33.35002357256016
1,7089,260.35582854219945
1,7090,269.518706763649
1,7091,302.6134051615265
1,7092,33.26485361866921
1,7093,263.95175330757405
1,7094,36.62305122888264
1,7095,242.789709656066
1,7096,35.094934156961884
1,7097,241.71283195652424
1,7098,453.10370507651464
1,7099,33.22407072832668
1,7100,288.68147981055614
1,7101,301.9485198491297
1,7102,346.0988973181161
1,7103,35.58292058519429
1,7104,351.6202163926452
1,7105,294.3273125711584
1,7106,62.31033027636232
1,7107,124.72743607916925
1,7108,351.7364532316886
1,7109,533.5150379170792
1,7110,69.85846849307455
1,7111,267.43930821616675
1,7112,230.9738867275371
1,7113,256.37182661478414
1,7114,76.64371445871618
1,7115,236.50625582087892
1,7116,281.7125240464366
1,7117,143.51481525958158
1,7118,334.94440401758686
1,7119,308.62604360507754
1,7120,194.2777904139192
1,7121,286.6332745572486
1,7122,36.14440303125802
1,7123,245.5975084569568
1,7124,92.39603323722051
1,7125,39.735127092378505
1,7126,202.13051111787698
1,7127,122.20143228003711
1,7128,224.44634023431263
1,7129,260.42524924200245
1,7130,272.19454621297353
1,7131,276.71095570182365
1,7132,64.27732682992179
1,7133,339.4837200520802
1,7134,27.552224874620933
1,7135,165.06131843929745
1,7136,27.52058832926571
1,7137,30.9313937833004
1,7138,238.8773868438671
1,7139,216.39414704028042
1,7140,32.13629991225293
1,7141,235.21825278638437
1,7142,65.1913035248104
1,7143,180.45509507688664
1,7144,344.5691025189566
1,7145,264.6158481401752
1,7146,136.73444920079675
1,7147,57.612179279475455
1,7148,342.88220298693284
1,7149,224.44177444309196
1,7150,253.86528340302033
1,7151,28.165969754248394
1,7152,343.6257614170142
1,7153,245.82149261952503
1,7154,209.66372641815025
1,7155,149.34659046902763
1,7156,190.1258364297939
1,7157,257.2980983035886
1,7158,223.82565728799585
1,7159,113.26418637040183
1,7160,264.90647858557895
1,7161,248.87138531806337
1,7162,28.696434612526055
1,7163,144.26836464036154
1,7164,203.16402558698894
1,7165,209.79942383135142
1,7166,319.1575845899631
1,7167,179.58763965156888
1,7168,63.29160407670629
1,7169,243.2394802419946
1,7170,28.627063694693263
1,7171,56.00486686679612
1,7172,200.25485072414767
1,7173,32.89142429982511
1,7174,255.48963082609538
1,7175,237.21011413546967
1,7176,19.044391860679795
1,7177,147.25911077049238
1,7178,271.06204923079076
1,7179,41.226885599974565
1,7180,209.94253196530354
1,7181,66.86846542404353
1,7182,222.24733751668245
1,7183,63.63293928790712
1,7184,343.46112567735145
1,7185,177.08110154788233
1,7186,41.21585466025361
1,7187,265.6810838783501
1,7188,239.2770288753107
1,7189,37.38406899973836
1,7190,32.99835309521107
1,7191,233.05221450805564
1,7192,154.28439623342726
1,7193,243.94049881918863
1,7194,225.1382009968913
1,7195,196.16683581040115
1,7196,285.8937823040971
1,7197,180.74836152833075
1,7198,24.444288007779143
1,7199,161.6889476948591
1,7200,211.08282255940384
1,7201,305.6502318111277
1,7202,148.1269907231191
1,7203,253.18007926366815
1,7204,230.84442627645944
1,7205,33.18994843299052
1,7206,105.66031078673518
1,7207,29.103218848566442
1,7208,67.04443385842124
1,7209,306.3862162291299
1,7210,299.31763482996564
1,7211,215.02720317358404
1,7212,34.176670057279196
1,7213,110.65503782479345
1,7214,29.613528085746
1,7215,292.09163874165404
1,7216,30.0460921720059
1,7217,174.79877920944034
1,7218,235.3236547826213
1,7219,249.52516420294427
1,7220,150.6614509747303
1,7221,341.69847538776594
1,7222,306.8739094894652
1,7223,30.234433776647432
1,7224,26.341585796404917
1,7225,263.5757630643128
1,7226,33.42643985278582
1,7227,35.085052224676254
1,7228,240.0674470478201
1,7229,30.298399945908656
1,7230,409.8233298006206
1,7231,30.30037861117922
1,7232,278.0624479975885
1,7233,216.22521813383878
1,7234,247.68144515094477
1,7235,92.96231448920857
1,7236,251.18211904033225
1,7237,13.52422989668831
1,7238,315.1080324325562
1,7239,93.16993567641167
1,7240,176.69276753940028
1,7241,141.5653929625922
1,7242,69.84267390262077
1,7243,357.423122498693
1,7244,32.07525300888054
1,7245,127.71400558865174
1,7246,275.1491369241053
1,7247,94.24538212355606
1,7248,432.1179042174228
1,7249,34.68637868210892
1,7250,256.7866531823226
1,7251,241.4747528348401
1,7252,141.01519970778594
1,7253,180.4221237746164
1,7254,328.48304288574036
1,7255,213.9632463454816
1,7256,78.56635776362594
1,7257,244.41575128103955
1,7258,243.87410042359826
1,7259,41.781856323704005
1,7260,184.00760464958034
1,7261,37.73341024627872
1,7262,216.62971174417504
1,7263,252.0698459054817
1,7264,112.14201052279584
1,7265,366.502085293532
1,7266,124.79969819959373
1,7267,292.8685004182204
1,7268,314.6492331322973
1,7269,328.81989545483
1,7270,237.77864220326558
1,7271,38.45674855809811
1,7272,98.27692236738729
1,7273,198.94536711455217
1,7274,217.73377712020704
1,7275,67.83392457871904
1,7276,218.96840648971516
1,7277,95.70025548341947
1,7278,266.6794932595353
1,7279,248.24738473627195
1,7280,175.4862006585209
1,7281,57.433589935523756
1,7282,29.552123217910157
1,7283,327.4129995758776
1,7284,248.87229879214198
1,7285,30.87257988715978
1,7286,237.36945649426667
1,7287,69.11578593320355
1,7288,352.24881526027207
1,7289,311.3376927171771
1,7290,30.745612330770456
1,7291,244.73352558251992
1,7292,134.384265536582
1,7293,245.72350282848913
1,7294,29.820329467119425
1,7295,195.69189426135213
1,7296,30.933094346731636
1,7297,423.757633643608
1,7298,30.640795107864783
1,7299,170.32143273950845
1,7300,171.22457938702877
1,7301,123.78290535775548
1,7302,200.1477772038138
1,7303,266.5168429717894
1,7304,30.477531163513127
1,7305,348.2928897704105
1,7306,148.80119155294693
1,7307,304.40913569547536
1,7308,233.5191887453512
1,7309,115.48938687986671
1,7310,152.68136259066125
1,7311,93.38182397918743
1,7312,305.64980668420657
1,7313,370.8603411190594
1,7314,34.43156031167409
1,7315,269.1967881844644
1,7316,33.07361678714725
1,7317,68.37564157822175
1,7318,353.70764789645693
1,7319,100.0961563899412
1,7320,102.24931825689251
1,7321,94.70847028836536
1,7322,166.45837179750677
1,7323,223.87206415356837
1,7324,27.084086160581396
1,7325,303.1069293545162
1,7326,68.87155841147441
1,7327,367.9566094996523
1,7328,31.23368941080983
1,7329,81.67485872169915
1,7330,96.78209976935776
1,7331,31.029588175779487
1,7332,109.96791324544836
1,7333,35.72389250970737
1,7334,77.58248697605964
1,7335,265.03982182083223
1,7336,31.55674498855622
1,7337,255.17451515637276
1,7338,323.36436940164737
1,7339,113.71354254529587
1,7340,47.94040910978475
1,7341,221.9816531730729
1,7342,263.92064301362086
1,7343,31.2013302870427
1,7344,289.5295609676066
1,7345,26.805753843155426
1,7346,278.72442302905176
1,7347,30.300199744615608
1,7348,111.71631291993316
1,7349,399.438082571068
1,7350,278.58037205490155
1,7351,30.105612305677354
1,7352,191.05439223717218
1,7353,94.12040060359678
1,7354,272.88290961057237
1,7355,33.82433786038599
1,7356,261.19844154325574
1,7357,30.342912918434294
1,7358,243.6911187853484
1,7359,29.543417705417582
1,7360,176.6651863921468
1,7361,162.50846371689693
1,7362,303.0004180878044
1,7363,268.3366630260696
1,7364,37.054679267507936
1,7365,220.86175052854986
1,7366,233.3435430399971
1,7367,250.64657631843698
1,7368,327.9714450781008
1,7369,133.31074358878098
1,7370,344.2757701093189
1,7371,42.08666792205523
1,7372,384.1472942517
1,7373,56.2371034942601
1,7374,307.4916082863321
1,7375,37.79753504169457
1,7376,228.84645885529852
1,7377,38.640586656050225
1,7378,77.58392424122148
1,7379,236.87598829325216
1,7380,42.396744687172394
1,7381,43.98242995742666
1,7382,71.49450617069938
1,7383,173.18325364852313
1,7384,29.67347377266878
1,7385,91.4174877197691
1,7386,29.583966490984146
1,7387,233.77171592970552
1,7388,93.01366455424119
1,7389,74.41883861660583
1,7390,250.27516109506203
1,7391,95.67940435287437
1,7392,29.22203448636008
1,7393,255.8681113789522
1,7394,258.3186070629197
1,7395,50.34467479727705
1,7396,120.31326885598254
1,7397,31.019338623892224
1,7398,236.354682372975
1,7399,184.9802052050622
1,7400,111.69467329956053
1,7401,349.16178930474064
1,7402,30.442235517567283
1,7403,67.02480796517887
1,7404,341.9153282816656
1,7405,256.8995061984702
1,7406,56.6965199980156
1,7407,247.22912497572725
1,7408,34.72410909398518
1,7409,197.95250385719254
1,7410,31.09968220184438
1,7411,264.24646946424633
1,7412,318.9602510035821
1,7413,34.98327138278403
1,7414,306.432862945311
1,7415,35.08267780165943
1,7416,204.9593721909636
1,7417,272.0342085923228
1,7418,355.20175995388433
1,7419,34.23952058471394
1,7420,236.66207075521805
1,7421,121.10739873292678
1,7422,34.55342617575687
1,7423,305.04827401838975
1,7424,31.320199635793536
1,7425,284.91673742393783
1,7426,33.49526747370672
1,7427,262.81041855445244
1,7428,100.78289764247413
1,7429,13.923157239328766
1,7430,282.835130409092
1,7431,278.37226214860084
1,7432,238.8199231120382
1,7433,31.750141125798578
1,7434,58.1271203085207
1,7435,271.8920532535754
1,7436,259.2206375925871
1,7437,71.94246963342809
1,7438,260.22020807781064
1,7439,117.3971602593786
1,7440,100.56131621666377
1,7441,414.67676180833394
1,7442,85.08985807225628
1,7443,32.457080963270634
1,7444,281.8695398656383
1,7445,191.0085964880687
1,7446,341.4663424923897
1,7447,31.36562981589106
1,7448,273.96740397266143
1,7449,148.77979608118727
1,7450,280.02339566725914
1,7451,35.73565330246741
1,7452,252.33419137231044
1,7453,229.76097160735725
1,7454,314.7324176539154
1,7455,336.4206685381281
1,7456,270.48200387927966
1,7457,42.487531943044075
1,7458,120.94225465744304
1,7459,70.74623110351573
1,7460,216.99319831584123
1,7461,127.32256533422691
1,7462,261.9804921122309
1,7463,42.8982185951368
1,7464,228.2444539074951
1,7465,78.18778189008731
1,7466,276.0756313673389
1,7467,38.94572717930032
1,7468,246.6991814319424
1,7469,230.45973336540874
1,7470,42.14949724903514
1,7471,309.0804704238926
1,7472,226.43057550997995
1,7473,238.23892729237363
1,7474,324.576450839893
1,7475,29.608100073423167
1,7476,281.72252505388605
1,7477,285.1787211527442
1,7478,185.34230673883792
1,7479,408.01112210186193
1,7480,109.42323621252638
1,7481,244.8215215154139
1,7482,33.366552852051086
1,7483,223.41351283504054
1,7484,215.77390154506963
1,7485,111.6784764766575
1,7486,31.57105193379214
1,7487,227.4046233768882
1,7488,243.44769156141473
1,7489,247.99894051125483
1,7490,229.94385604055316
1,7491,22.342962280953465
1,7492,258.1595543568777
1,7493,238.37017910378478
1,7494,31.405112195243056
1,7495,285.70946786012706
1,7496,275.38565272206796
1,7497,200.71529762325997
1,7498,178.0925581826931
1,7499,294.0497223599002
1,7500,343.06054121520623
1,7501,112.79711833142099
1,7502,32.08735832695829
1,7503,349.1148111866228
1,7504,30.623750213917837
1,7505,317.7532566057635
1,7506,30.896437108171256
1,7507,308.44206070684083
1,7508,30.898696629812434
1,7509,47.944412280117575
1,7510,249.2129371297823
1,7511,271.42850892991754
1,7512,30.925342225592274
1,7513,161.22421462992284
1,7514,31.123229122394044
1,7515,242.99585006436286
1,7516,86.39041019781439
1,7517,109.79392617280898
1,7518,121.62227171019714
1,7519,238.07696027285755
1,7520,323.10021004898147
1,7521,62.46147075333664
1,7522,31.61928076098068
1,7523,69.57824005049342
1,7524,309.26061720947337
1,7525,31.766983020327284
1,7526,256.2684255319543
1,7527,146.85293347324273
1,7528,274.1448886306174
1,7529,61.19660061699362
1,7530,263.68576209862147
1,7531,191.9687226290816
1,7532,348.46945802257426
1,7533,102.75092922632057
1,7534,34.63286069428344
1,7535,299.48440512488617
1,7536,123.93092543328302
1,7537,339.84249582867716
1,7538,245.23715541323998
1,7539,204.0985748004635
1,7540,221.65243904476395
1,7541,52.56205304181394
1,7542,262.31908767656864
1,7543,14.14368528974129
1,7544,396.9729438507783
1,7545,32.260236822211596
1,7546,343.19580522961684
1,7547,237.9887951898487
1,7548,275.5987181498314
1,7549,248.07845495953654
1,7550,217.0294173284902
1,7551,32.51932791854599
1,7552,200.52523067717317
1,7553,234.77079808531778
1,7554,37.448540829185404
1,7555,230.9971860590378
1,7556,125.00875777496273
1,7557,138.7000406943253
1,7558,300.7994180819698
1,7559,398.9478050108067
1,7560,41.46884138252062
1,7561,124.08647490602637
1,7562,266.3270853506077
1,7563,190.6810740624015
1,7564,236.4807367505311
1,7565,28.089109782538173
1,7566,196.59005196033854
1,7567,118.38660567959943
1,7568,32.78523843581809
1,7569,27.90421789025931
1,7570,270.47931463462703
1,7571,32.248599895205146
1,7572,170.56372688375734
1,7573,308.87706278069885
1,7574,26.052489104227284
1,7575,263.3375372352345
1,7576,30.595866468802722
1,7577,322.73914580127337
1,7578,58.99151505061974
1,7579,227.89515070277344
1,7580,32.75801366833247
1,7581,310.26862472724133
1,7582,113.49145788460524
1,7583,206.48392676071472
1,7584,276.21662502741407
1,7585,30.252485885118446
1,7586,153.69276958787339
1,7587,262.82392612396757
1,7588,60.15288768235884
1,7589,189.9540861985824
1,7590,93.37586851242452
1,7591,252.29429566338655
1,7592,237.8385740754195
1,7593,30.38078564450678
1,7594,240.2212126477108
1,7595,144.24763450973404
1,7596,203.6678982873085
1,7597,246.4350946297854
1,7598,60.106738345724665
1,7599,338.50259396866215
1,7600,34.567759776751956
1,7601,192.71041380838926
1,7602,30.633930188453007
1,7603,289.8975116439426
1,7604,194.70272851339791
1,7605,246.95255335147178
1,7606,30.981599931502256
1,7607,223.2714532869462
1,7608,121.68530459041514
1,7609,288.9381776118124
1,7610,34.07614462994104
1,7611,337.07048227195287
1,7612,31.216107599341676
1,7613,278.5915734840179
1,7614,256.690575332086
1,7615,290.591001949216
1,7616,208.05714755867814
1,7617,84.27632058786037
1,7618,30.546813085611873
1,7619,263.1041618767234
1,7620,35.64989375850226
1,7621,345.07967089420725
1,7622,185.50704148875917
1,7623,241.06560276587766
1,7624,31.459427540894936
1,7625,271.63535912546956
1,7626,98.09032395382974
1,7627,130.06144979354485
1,7628,257.97758991802357
1,7629,244.00342385243636
1,7630,415.1345018513901
1,7631,31.29046311539641
1,7632,100.88353694350047
1,7633,286.85108780308735
1,7634,267.3063082035797
1,7635,374.1059460567981
1,7636,342.40801735394393
1,7637,311.95806767889303
1,7638,293.39264443582823
1,7639,40.20661149772957
1,7640,292.13224238316997
1,7641,42.18943837368715
1,7642,320.0583460905756
1,7643,201.8353898360157
1,7644,289.55718063349883
1,7645,80.10497665300625
1,7646,190.89020521373882
1,7647,266.0777836450154
1,7648,40.693901588858495
1,7649,236.2937968457901
1,7650,304.1556019430951
1,7651,54.29754661426037
1,7652,294.1037253926854
1,7653,45.06629104767873
1,7654,132.17043196823718
1,7655,267.3849589529905
1,7656,334.2204991227583
1,7657,304.27051516637437
1,7658,150.3989567004379
1,7659,31.86545666424933
1,7660,95.43727922750176
1,7661,34.11301379969272
1,7662,217.6645161401629
1,7663,287.68721331887923
1,7664,272.4671552069742
1,7665,127.66140469701637
1,7666,337.11196278699947
1,7667,36.28134269647039
1,7668,205.00473057566984
1,7669,141.08392074220308
1,7670,272.21055877210557
1,7671,36.36686219312338
1,7672,234.250448670815
1,7673,39.604734830178586
1,7674,166.91539582267208
1,7675,29.869017940024207
1,7676,274.7961528470324
1,7677,271.83971329728286
1,7678,300.94959898251955
1,7679,327.75881322944423
1,7680,283.2754109589114
1,7681,201.12731394049072
1,7682,97.76030625033971
1,7683,265.5540123195271
1,7684,357.8165660979467
1,7685,329.55772421126665
1,7686,35.61622110507095
1,7687,322.51296228426577
1,7688,30.762495647405373
1,7689,317.7465025657174
1,7690,249.16242956717872
1,7691,37.438454250888654
1,7692,236.25304812810384
1,7693,323.94961483721397
1,7694,194.43304130936355
1,7695,308.9861175209786
1,7696,330.9909279911354
1,7697,329.6367923128347
1,7698,326.3237440832512
1,7699,128.58077236724793
1,7700,141.85130257488487
1,7701,324.67258226671333
1,7702,203.61911644408013
1,7703,233.76442970997093
1,7704,212.7736487783112
1,7705,103.30583031032255
1,7706,281.2338137761522
1,7707,40.176210703900324
1,7708,294.6601055022588
1,7709,258.2312463179351
1,7710,280.26374196351543
1,7711,325.19559728839886
1,7712,323.2219028845662
1,7713,42.003863627257154
1,7714,248.56424287838743
1,7715,92.32685994752718
1,7716,292.1618627243609
1,7717,44.2456596088858
1,7718,278.2158880116277
1,7719,79.62974347707737
1,7720,297.08403407452664
1,7721,238.5939921385649
1,7722,51.91248405518863
1,7723,333.567730937884
1,7724,252.44095696840435
1,7725,290.59528755526367
1,7726,303.94515337843825
1,7727,305.74291307284943
1,7728,43.97133562633043
1,7729,279.9708707067758
1,7730,38.820748900614014
1,7731,262.849079107941
1,7732,307.93547738096083
1,7733,34.61045862845994
1,7734,168.2681628736064
1,7735,266.85459745570085
1,7736,49.528540354202946
1,7737,185.05486344232796
1,7738,36.33722648516312
1,7739,372.0008265577169
1,7740,36.07402238741532
1,7741,273.4842387277405
1,7742,76.41391997897841
1,7743,364.4615632298949
1,7744,45.36356590147602
1,7745,160.98632759942757
1,7746,339.2540641535479
1,7747,329.16579548274444
1,7748,39.638469691486854
1,7749,36.67842468883839
1,7750,304.0587172190859
1,7751,35.69912981508008
1,7752,266.63282454500404
1,7753,35.58390518683186
1,7754,110.05726454454648
1,7755,345.2406009770348
1,7756,46.97142071285785
1,7757,399.13183969284364
1,7758,40.67979738722881
1,7759,291.61181259904527
1,7760,126.48101917098646
1,7761,237.94406955190834
1,7762,245.89267239694396
1,7763,281.51854929936155
1,7764,106.41924030552497
1,7765,218.54932987572153
1,7766,330.6527441957216
1,7767,36.73405480120104
1,7768,242.15642404071963
1,7769,238.9463935414953
1,7770,275.10813421835326
1,7771,127.08487996659903
1,7772,63.75520648597856
1,7773,278.17451153753564
1,7774,248.60049334899753
1,7775,31.195759627058628
1,7776,182.62155267088
1,7777,199.75056825248402
1,7778,277.9025139513282
1,7779,131.44317008012348
1,7780,38.181183303585584
1,7781,314.1520041684513
1,7782,127.70089945591951
1,7783,245.4560892294641
1,7784,251.73929586099018
1,7785,287.03486918960334
1,7786,200.17221420405065
1,7787,337.9226220485786
1,7788,107.21586543709665
1,7789,176.27773063000222
1,7790,37.08091402709911
1,7791,222.71983544092217
1,7792,37.06151819885204
1,7793,246.81264665955428
1,7794,38.08912444921818
1,7795,37.02658110475884
1,7796,286.7469830025716
1,7797,274.24240293487765
1,7798,243.96533184606236
1,7799,395.3166870648663
1,7800,130.45856582352803
1,7801,303.3316525749776
1,7802,36.0236428855779
1,7803,276.04074716964556
1,7804,81.10273535145961
1,7805,240.42366789471677
1,7806,253.7942367651799
1,7807,238.47837854963223
1,7808,196.0644298308093
1,7809,316.51324161088985
1,7810,344.64733696097926
1,7811,216.99362202028107
1,7812,348.7976332495631
1,7813,417.7129423253201
1,7814,297.6533273449284
1,7815,242.46794603092007
1,7816,42.04326983915709
1,7817,295.2190091120483
1,7818,41.89089614176587
1,7819,247.54591463191997
1,7820,278.30681101471515
1,7821,289.1303559325527
1,7822,40.23531005928235
1,7823,317.5019375913246
1,7824,290.10291431605583
1,7825,224.4105729011269
1,7826,305.6417408495091
1,7827,322.5445587590334
1,7828,85.87087201373657
1,7829,52.34083900098152
1,7830,43.38276052190221
1,7831,243.78987362975647
1,7832,238.0293264197376
1,7833,274.71509060134383
1,7834,256.833230984038
1,7835,359.7507493950268
1,7836,281.68809772614907
1,7837,214.0459370127266
1,7838,311.8353795682699
1,7839,34.756806143033835
1,7840,262.9879815642552
1,7841,274.4581102818686
1,7842,301.1860149080027
1,7843,283.450964661775
1,7844,314.9765827673252
1,7845,35.9567792986284
1,7846,239.6648511058179
1,7847,339.8074692239985
1,7848,75.84295336668535
1,7849,247.17454869815
1,7850,410.6011714276128
1,7851,382.4417944838877
1,7852,382.26450379608957
1,7853,330.88054641589366
1,7854,76.49164750199459
1,7855,330.75279885257044
1,7856,295.197319288347
1,7857,255.28587215527483
1,7858,66.383215217838
1,7859,224.12187258649212
1,7860,260.8160790383588
1,7861,323.60927060494026
1,7862,306.08120292253005
1,7863,36.025008378656906
1,7864,325.3641139089177
1,7865,40.450342690653486
1,7866,327.7772219759737
1,7867,363.6673145427461
1,7868,371.21896597437467
1,7869,36.19144450329634
1,7870,30.393823808448914
1,7871,284.61749440757035
1,7872,36.56841130575603
1,7873,274.9558044855344
1,7874,202.87758065855115
1,7875,311.6502168049573
1,7876,154.0213222270857
1,7877,315.44804155097677
1,7878,169.31277386409383
1,7879,251.6912407393204
1,7880,40.74989294170813
1,7881,135.85752502612462
1,7882,301.0338505596812
1,7883,100.73985371834368
1,7884,218.10585153639715
1,7885,251.04176563272716
1,7886,118.9623174232366
1,7887,41.22848386992933
1,7888,330.4883614909859
1,7889,317.7663907273021
1,7890,253.66095827125275
1,7891,131.878233591864
1,7892,199.96602116249431
1,7893,96.38406920869672
1,7894,217.9851659344244
1,7895,250.55564458839552
1,7896,36.51161581583045
1,7897,277.0826200756723
1,7898,31.594147071589425
1,7899,229.0826131894334
1,7900,36.829852203443274
1,7901,92.89271055217856
1,7902,261.1547658660793
1,7903,287.9274864175468
1,7904,192.48144007357664
1,7905,275.1487638966207
1,7906,232.9120464724711
1,7907,86.91184370871719
1,7908,247.0760973007678
1,7909,260.14941691840085
1,7910,68.61151558557393
1,7911,275.69981028675465
1,7912,267.5507423403502
1,7913,306.3532918316164
1,7914,236.44953206962342
1,7915,255.13499499590742
1,7916,35.32741204622597
1,7917,359.25444121548855
1,7918,39.987048392272605
1,7919,263.38586547988666
1,7920,35.264329138425666
1,7921,227.5481076211666
1,7922,199.01333955430454
1,7923,333.30942284957763
1,7924,35.538564844796035
1,7925,244.0761852017858
1,7926,637.9480477484801
1,7927,500.9633690116393
1,7928,328.55956200675064
1,7929,361.9433677924886
1,7930,32.78681379672033
1,7931,405.3941978008977
1,7932,323.48614212352953
1,7933,302.94303458879085
1,7934,243.28401257627945
1,7935,323.71434682387246
1,7936,53.81727755951796
1,7937,41.53172323582964
1,7938,454.3143246267093
1,7939,268.23365856816156
1,7940,317.4487546420386
1,7941,324.58713875963576
1,7942,270.4549545897946
1,7943,288.7868308353203
1,7944,287.0669467390776
1,7945,168.52484849065735
1,7946,287.23241118104596
1,7947,195.2538653430421
1,7948,425.6908135806817
1,7949,285.072597947973
1,7950,274.32417516597684
1,7951,309.43073883038136
1,7952,38.8123129150641
1,7953,281.5285179555703
1,7954,284.3260264581378
1,7955,291.52685134951093
1,7956,431.95661946844507
1,7957,185.71101438079162
1,7958,223.85473569847997
1,7959,282.36344551102036
1,7960,25.662093438791597
1,7961,117.30267862149468
1,7962,283.7548161891723
1,7963,327.393502674834
1,7964,354.3736076007032
1,7965,256.78407869624573
1,7966,293.27691944125445
1,7967,278.7165421525257
1,7968,32.14911597930438
1,7969,35.60492341059202
1,7970,436.68158600924227
1,7971,179.13817271326946
1,7972,276.00493383079646
1,7973,356.4327224903214
1,7974,30.564775518909496
1,7975,356.0371076407289
1,7976,30.95925403418748
1,7977,117.89333373496103
1,7978,229.90075412378127
1,7979,255.2885825657291
1,7980,266.8893562466294
1,7981,44.477135472463885
1,7982,240.3137699041333
1,7983,53.59408985930472
1,7984,306.9691884241125
1,7985,291.76443728387085
1,7986,38.0195424934067
1,7987,44.368456260180096
1,7988,455.7957304501765
1,7989,279.93781780060874
1,7990,44.26432272862808
1,7991,297.14499554627486
1,7992,258.4986382646831
1,7993,332.4373309602337
1,7994,38.51960591731431
1,7995,236.64620897479392
1,7996,43.869557189763114
1,7997,307.5629017932264
1,7998,130.1291350133916
1,7999,277.0366597139944
1,8000,280.05870970032754
1,8001,279.99415879254474
1,8002,264.59197694383994
1,8003,414.3824051639764
1,8004,277.20475026710267
1,8005,346.6195800042348
1,8006,286.6460636663471
1,8007,447.21354665937605
1,8008,30.15095854689924
1,8009,229.53416339674865
1,8010,34.41290347928652
1,8011,285.7355834541081
1,8012,310.49813802759036
1,8013,22.22874198419715
1,8014,230.66301237144023
1,8015,32.27344152056801
1,8016,233.03729416598216
1,8017,125.49295683257074
1,8018,213.43301417394562
1,8019,31.64715597508995
1,8020,295.66153788140963
1,8021,31.23951663769925
1,8022,274.55946875587665
1,8023,30.56598003262795
1,8024,31.10074674814691
1,8025,314.2360289783587
1,8026,182.91104280559495
1,8027,281.7205960715656
1,8028,221.81897254029928
1,8029,209.88809117509192
1,8030,265.2269342220713
1,8031,311.42202324159007
1,8032,325.5777696823167
1,8033,43.4373163430553
1,8034,320.6255642161635
1,8035,38.764766648661876
1,8036,44.220234366668514
1,8037,306.9132308890298
1,8038,72.633735945464
1,8039,318.0665581232313
1,8040,297.63549938697497
1,8041,43.10294970599839
1,8042,275.46162698063404
1,8043,284.56209693926286
1,8044,38.28338926765959
1,8045,231.0456834257024
1,8046,38.69031190181462
1,8047,329.96060347861453
1,8048,297.2163288036633
1,8049,282.2118172132101
1,8050,306.46476378946323
1,8051,182.7360190704327
1,8052,250.92751260881573
1,8053,267.45464433443226
1,8054,225.73234951765656
1,8055,282.0043864172326
1,8056,285.25412526357354
1,8057,183.97548461719418
1,8058,12.078843428968709
1,8059,151.94749054136912
1,8060,229.87639065559728
1,8061,280.86124311529386
1,8062,35.91727156841999
1,8063,184.26183080425793
1,8064,301.80115142860154
1,8065,31.421136392223055
1,8066,280.62766598983796
1,8067,68.94700566848336
1,8068,303.39717357884837
1,8069,268.3686216040981
1,8070,122.47058661741335
1,8071,31.50059062072673
1,8072,233.85147613496576
1,8073,35.49221296136137
1,8074,282.10590158165803
1,8075,230.29998835656778
1,8076,231.76575156590187
1,8077,311.72234737868996
1,8078,82.80231189584796
1,8079,280.27942206606997
1,8080,430.55116932482747
1,8081,306.3929389537685
1,8082,285.6341426062287
1,8083,77.26330047370658
1,8084,246.32148221014558
1,8085,286.6118992788776
1,8086,294.5162243300923
1,8087,267.35576163157674
1,8088,38.50857864238344
1,8089,248.88981627828554
1,8090,232.12243975311765
1,8091,37.94341188031934
1,8092,272.5682592950594
1,8093,39.231857719781615
1,8094,38.57788462715716
1,8095,277.14853365739793
1,8096,166.57218595336522
1,8097,29.593344683480083
1,8098,33.53701663861004
1,8099,169.5732902248709
1,8100,124.69046211561928
1,8101,30.139483063995485
1,8102,253.4528719608425
1,8103,235.72835031303413
1,8104,30.01707419534401
1,8105,269.63588019148216
1,8106,19.337745313805293
1,8107,30.063590116028873
1,8108,261.6178665227832
1,8109,31.603219657296634
1,8110,259.41335653399085
1,8111,414.89313857272225
1,8112,121.72514129490276
1,8113,326.93376245951583
1,8114,31.688304720335168
1,8115,251.74630605928695
1,8116,228.22790475639994
1,8117,436.77653956764004
1,8118,186.94586048663922
1,8119,272.31989853460124
1,8120,308.428960109605
1,8121,122.70992904129461
1,8122,281.35312188781785
1,8123,31.607403468450457
1,8124,436.33606208488277
1,8125,31.394106252281816
1,8126,31.659454086744756
1,8127,324.02264065974896
1,8128,307.5806646246322
1,8129,144.47091799165995
1,8130,262.13417339509397
1,8131,228.92793427886897
1,8132,322.3712894878223
1,8133,31.676453383352015
1,8134,258.2095349883858
1,8135,72.49949621693565
1,8136,305.7909767354214
1,8137,270.9468426176368
1,8138,118.80597568800883
1,8139,293.17834199867747
1,8140,283.04898732305753
1,8141,193.82958456781185
1,8142,274.1406451916073
1,8143,183.2601986141272
1,8144,442.5920313528972
1,8145,306.25954651856057
1,8146,448.26734279782954
1,8147,467.5713044944061
1,8148,283.9814578864042
1,8149,32.623065788466164
1,8150,274.86882605608196
1,8151,258.81223426640724
1,8152,283.26728674767776
1,8153,316.5815082770097
1,8154,47.510124836428375
1,8155,325.9574029093048
1,8156,291.43723728072405
1,8157,290.3638235487874
1,8158,325.2948559173442
1,8159,357.32149344835943
1,8160,187.58042917635467
1,8161,271.15906699105096
1,8162,287.3876391512428
1,8163,181.47329608665677
1,8164,287.6917121732162
1,8165,227.89522607708886
1,8166,187.5097400577675
1,8167,291.15622001555573
1,8168,55.640970173070706
1,8169,229.73051822178536
1,8170,285.87427425583473
1,8171,200.09503253687757
1,8172,262.60463202316
1,8173,40.735600475099986
1,8174,34.71364057437306
1,8175,61.59921927623153
1,8176,99.04532841069607
1,8177,247.90620958825346
1,8178,237.85764046203707
1,8179,39.08718755258683
1,8180,242.43221167813746
1,8181,42.955355153764785
1,8182,280.71855434642623
1,8183,221.46904964910485
1,8184,214.4416804737093
1,8185,18.064846532168612
1,8186,249.12787395508383
1,8187,35.54743782090936
1,8188,264.2680179212739
1,8189,30.501403328726948
1,8190,219.60525684900892
1,8191,26.413120840688535
1,8192,245.93975128425058
1,8193,204.96771929345155
1,8194,236.56084098605072
1,8195,241.21872088264473
1,8196,68.3302145423914
1,8197,144.1900912536577
1,8198,35.42844510967148
1,8199,269.93860917306273
1,8200,321.39522977077394
1,8201,17.616387978874755
1,8202,240.160132883053
1,8203,62.50782203516654
1,8204,44.105699304704814
1,8205,133.33110350685445
1,8206,31.70770121073695
1,8207,163.50980662236626
1,8208,32.75735534495012
1,8209,264.1959149573439
1,8210,36.25664772557373
1,8211,243.56246404253756
1,8212,183.30208834290062
1,8213,279.0098658936273
1,8214,32.54233077433052
1,8215,243.54846138996413
1,8216,147.2523542297667
1,8217,274.335264755475
1,8218,62.909964572849454
1,8219,240.88713357550512
1,8220,36.72942495880731
1,8221,63.004919063511075
1,8222,276.3834485641212
1,8223,95.2429601666199
1,8224,267.71849835274446
1,8225,119.0788996629149
1,8226,37.246106600073745
1,8227,235.68705201988192
1,8228,279.00341526022385
1,8229,259.5343350922715
1,8230,356.5890155324977
1,8231,196.8013163558088
1,8232,33.695595420234625
1,8233,206.72196341816334
1,8234,279.58941719413053
1,8235,336.5517128392368
1,8236,254.6851613718147
1,8237,33.44251077709933
1,8238,255.09830710710708
1,8239,34.178503634754534
1,8240,252.80439884590123
1,8241,219.1118676555232
1,8242,25.08079833229494
1,8243,311.72766540432224
1,8244,33.40433743818497
1,8245,290.07853688828936
1,8246,845.7904313000479
1,8247,343.72153906699003
1,8248,174.82082051258456
1,8249,328.17953139610614
1,8250,232.73701178361176
1,8251,197.59204479280038
1,8252,330.17133629864253
1,8253,161.37927138196486
1,8254,243.1865632448368
1,8255,40.1656170346407
1,8256,182.3901489898689
1,8257,173.91821728765618
1,8258,334.2471383409934
1,8259,304.0906205085301
1,8260,38.484265291146855
1,8261,320.0791841162748
1,8262,232.04725903283625
1,8263,51.83535380004689
1,8264,271.6457921349316
1,8265,287.21843180656913
1,8266,37.49273317247052
1,8267,243.89665017624375
1,8268,314.69294197829083
1,8269,33.3117810878946
1,8270,299.96895175419843
1,8271,339.5016335875063
1,8272,333.5428342131355
1,8273,280.51087855223045
1,8274,280.1976456834412
1,8275,38.208254901147455
1,8276,239.85598176546597
1,8277,43.03125761107235
1,8278,378.58711923538016
1,8279,260.43172944444035
1,8280,280.98395652050397
1,8281,281.7117358821032
1,8282,352.3753249632791
1,8283,33.14074031063801
1,8284,224.50669319386316
1,8285,285.99028343118846
1,8286,29.83033260523564
1,8287,251.4281312618819
1,8288,272.72611644493617
1,8289,57.73959319877016
1,8290,239.43643730628747
1,8291,32.90334520177136
1,8292,219.95368192791605
1,8293,202.2991510102965
1,8294,69.19983791785353
1,8295,202.00479238085728
1,8296,37.835678849843646
1,8297,203.00512153141892
1,8298,168.17847655087598
1,8299,274.5528600800312
1,8300,33.76295688418435
1,8301,227.15381226057906
1,8302,249.19143292672018
1,8303,32.92237966876915
1,8304,223.5988516164668
1,8305,323.7089815230672
1,8306,36.76271185709248
1,8307,250.96686393535776
1,8308,241.41221507764908
1,8309,341.22575275740195
1,8310,36.84835047033194
1,8311,186.50805134610084
1,8312,251.76599213605647
1,8313,180.715013023653
1,8314,96.45838990998323
1,8315,212.38476742394926
1,8316,305.20937224754744
1,8317,300.3924268752779
1,8318,38.16383692086837
1,8319,284.0734489888382
1,8320,60.84578958335186
1,8321,126.37955808058986
1,8322,340.33013944615595
1,8323,34.25963927546499
1,8324,295.4984996290234
1,8325,38.69544378702481
1,8326,122.45464867222378
1,8327,111.70845066709202
1,8328,316.4312871571169
1,8329,38.34964174410028
1,8330,123.85911432282306
1,8331,312.7025657537085
1,8332,343.28165284993105
1,8333,287.14793276986603
1,8334,224.91234892481958
1,8335,184.77120169362928
1,8336,291.88005425728625
1,8337,252.83373709928577
1,8338,264.9542387094564
1,8339,263.3817565962282
1,8340,313.95093422899873
1,8341,340.52376350333395
1,8342,358.8710106150322
1,8343,34.93569641386432
1,8344,292.4585640504604
1,8345,40.01275460205602
1,8346,331.2803179528426
1,8347,34.88282689779227
1,8348,270.2140292299449
1,8349,188.09824466005455
1,8350,342.639078701905
1,8351,38.37588839263529
1,8352,172.2865114989678
1,8353,308.17817097264424
1,8354,145.47752039596176
1,8355,301.3409138489751
1,8356,273.4386324156957
1,8357,271.04106253141794
1,8358,22.6570567074159
1,8359,247.33543927672224
1,8360,269.7618525269336
1,8361,309.8025434222793
1,8362,29.55918422642714
1,8363,238.13632969377375
1,8364,248.77276640916676
1,8365,177.99737153026624
1,8366,29.77655260809668
1,8367,244.73692729917906
1,8368,275.3237126403676
1,8369,238.4936739000683
1,8370,36.32184927195422
1,8371,363.659374184479
1,8372,30.725273059510453
1,8373,162.13762098389319
1,8374,297.90637498719474
1,8375,256.0440826729701
1,8376,306.2711629516158
1,8377,27.667510386267004
1,8378,297.6131234504644
1,8379,288.56422559070705
1,8380,27.697329818098005
1,8381,256.6457726307607
1,8382,314.8603743944697
1,8383,261.62606657536514
1,8384,291.61597669257685
1,8385,248.83779186306964
1,8386,27.733139285644985
1,8387,272.7991430617194
1,8388,181.3728185544486
1,8389,188.36605986057754
1,8390,180.47488093222842
1,8391,235.87387073640917
1,8392,28.001941020777473
1,8393,288.5590086006382
1,8394,342.52925922114935
1,8395,30.02489608345119
1,8396,247.44939269108886
1,8397,259.4361722149764
1,8398,77.38010503736511
1,8399,317.9676884124389
1,8400,408.23476412808066
1,8401,362.9892734354706
1,8402,47.5184501975303
1,8403,246.90468325236202
1,8404,125.84386270641696
1,8405,280.95703171170493
1,8406,36.21135595264401
1,8407,293.2075530211205
1,8408,115.30452524872857
1,8409,41.60987215012794
1,8410,81.85595507652951
1,8411,303.4009664741687
1,8412,34.5920159038709
1,8413,32.06846348079942
1,8414,175.65097488827408
1,8415,246.4806753289684
1,8416,448.8919470157059
1,8417,314.3713045774713
1,8418,37.034781392104556
1,8419,280.4658100611373
1,8420,39.79761832043107
1,8421,183.34669275338837
1,8422,111.12780766022394
1,8423,331.4171306629515
1,8424,26.74682392176499
1,8425,332.81516335146455
1,8426,27.90497359864638
1,8427,260.0189739421195
1,8428,179.56655641650926
1,8429,286.3163123592601
1,8430,26.960356723895423
1,8431,223.95978188930383
1,8432,73.64878970758889
1,8433,278.5030101544262
1,8434,29.72613679927199
1,8435,290.43206924078737
1,8436,148.01005446605794
1,8437,252.81794305428286
1,8438,294.61007245674807
1,8439,321.3741462625833
1,8440,31.642608694055347
1,8441,167.70767631126074
1,8442,313.1905131917343
1,8443,25.344566319580057
1,8444,277.7661376279966
1,8445,285.3425652597401
1,8446,283.88744158290746
1,8447,281.563579841366
1,8448,28.652065231478346
1,8449,277.91215826037137
1,8450,315.3868806414928
1,8451,180.2114175193819
1,8452,344.09152591044847
1,8453,32.18756138428481
1,8454,167.48361081776204
1,8455,313.12197874916416
1,8456,30.455496542346797
1,8457,116.43522304125355
1,8458,298.28248627690675
1,8459,297.77269618084335
1,8460,294.0638998861108
1,8461,319.2986275652819
1,8462,365.5296298567098
1,8463,89.00177439797474
1,8464,240.4485337175518
1,8465,322.57363249883633
1,8466,64.22013949304845
1,8467,277.405950636576
1,8468,36.52623370930111
1,8469,283.4960395510201
1,8470,192.2351187724517
1,8471,344.5618298593325
1,8472,40.107254542119534
1,8473,174.37541571965318
1,8474,326.31741829995394
1,8475,428.58658735679995
1,8476,252.34759176828544
1,8477,262.0821818743465
1,8478,37.01139426812574
1,8479,260.9413186456324
1,8480,61.98840911272745
1,8481,271.0306908935801
1,8482,297.58516158163013
1,8483,137.83045407979486
1,8484,31.23583537860626
1,8485,264.3742985789976
1,8486,224.37683051321085
1,8487,211.59385152617907
1,8488,31.2937029335463
1,8489,246.15970228626935
1,8490,394.9094424641107
1,8491,28.62416790036076
1,8492,108.91544774208437
1,8493,163.65257420294034
1,8494,25.737444030332895
1,8495,372.12204685870324
1,8496,406.0784034769197
1,8497,29.14483012079469
1,8498,270.83531062430325
1,8499,291.9773839967395
1,8500,330.2894223285107
1,8501,32.06370027432533
1,8502,174.36955983565642
1,8503,318.0977668540711
1,8504,348.7648561807598
1,8505,306.5410132548927
1,8506,54.58882255711295
1,8507,269.4405595678348
1,8508,274.2257532127648
1,8509,29.469772334383883
1,8510,321.47366326974065
1,8511,201.40368716672634
1,8512,29.077827316293366
1,8513,292.9758654975485
1,8514,211.68590619441326
1,8515,248.07752599469046
1,8516,90.94356691544513
1,8517,198.16527204393714
1,8518,184.50398947300366
1,8519,29.142605778823167
1,8520,410.84982747836796
1,8521,293.33784583112094
1,8522,343.2231783077053
1,8523,299.0040088802859
1,8524,25.77452034828869
1,8525,289.69136064835686
1,8526,30.130014375432438
1,8527,25.99272730258894
1,8528,323.05944501232034
1,8529,239.20502461197339
1,8530,59.80547182586233
1,8531,242.0703777159299
1,8532,214.62694456870597
1,8533,305.6833698076943
1,8534,29.998300195631103
1,8535,26.148947932282887
1,8536,349.94952986161707
1,8537,306.2348297492837
1,8538,273.33440689383883
1,8539,30.014181513207674
1,8540,291.2484211686194
1,8541,34.57797404453888
1,8542,287.98862056015525
1,8543,313.1287364463086
1,8544,256.1913562593814
1,8545,113.98745788020453
1,8546,273.95024115160936
1,8547,91.40484372459971
1,8548,32.959678088314114
1,8549,262.0811585208582
1,8550,32.959678088314114
1,8551,295.10479947234455
1,8552,300.2375962242844
1,8553,320.6571823926909
1,8554,49.44551738726958
1,8555,276.1699981259182
1,8556,234.94669718657443
1,8557,499.16909533747787
1,8558,379.2114041385825
1,8559,74.20192752458482
1,8560,241.547040937639
1,8561,136.0804827287436
1,8562,321.62078614713505
1,8563,39.25599035138569
1,8564,284.06142889915964
1,8565,317.3820846438899
1,8566,197.5707160047282
1,8567,315.84631946867813
1,8568,291.7487537341413
1,8569,43.00153198451867
1,8570,317.42086123681327
1,8571,301.3286215909677
1,8572,40.25623351493278
1,8573,280.33631524806356
1,8574,325.5723145634588
1,8575,194.64918790111034
1,8576,233.51415435676273
1,8577,116.63134882348197
1,8578,114.14189308971778
1,8579,249.0724176416572
1,8580,124.98668890947698
1,8581,268.71666691011075
1,8582,31.012143693360322
1,8583,315.8756893101259
1,8584,30.87573298770294
1,8585,299.2385314640776
1,8586,292.18832966022876
1,8587,59.15327604482246
1,8588,280.6622370045096
1,8589,32.43449547510724
1,8590,283.35813249935467
1,8591,35.45798286940463
1,8592,206.81612559057174
1,8593,257.72597040597634
1,8594,152.22813868230506
1,8595,35.880802459526734
1,8596,271.3159904957928
1,8597,237.52658825132468
1,8598,220.4744261678485
1,8599,386.2975398199618
1,8600,260.4272534013827
1,8601,35.43807445838641
1,8602,368.35959345433287
1,8603,247.93318976254585
1,8604,193.6583616839952
1,8605,202.6915643753748
1,8606,35.0914354750324
1,8607,303.0942007010199
1,8608,305.3898509523549
1,8609,320.7096865310573
1,8610,16.338321307017242
1,8611,351.30286715600687
1,8612,318.47001634858134
1,8613,43.40207003542688
1,8614,152.4170812072094
1,8615,387.09767548588934
1,8616,32.18398024693129
1,8617,317.54726720936486
1,8618,32.37884749847282
1,8619,171.17915229274453
1,8620,44.71043799163102
1,8621,322.1589476335136
1,8622,276.6202274303141
1,8623,73.01263743922647
1,8624,173.71473987938188
1,8625,96.10238724629023
1,8626,225.2106011359664
1,8627,296.453688695521
1,8628,308.1359735068941
1,8629,151.9819899257397
1,8630,283.6215314868072
1,8631,32.89941164841025
1,8632,289.6959379423739
1,8633,301.836578181875
1,8634,37.60202870564141
1,8635,273.8728475433675
1,8636,186.6949231354846
1,8637,321.31566249406364
1,8638,32.588989075954785
1,8639,328.311831805361
1,8640,310.9883759313744
1,8641,32.76603820214999
1,8642,37.29523210515253
1,8643,356.16407248416124
1,8644,35.98733153511303
1,8645,177.42438525430373
1,8646,329.96556241481255
1,8647,220.58365860513356
1,8648,333.3378230559114
1,8649,251.08085540509276
1,8650,293.4634255637133
1,8651,298.34913138486615
1,8652,392.7188845591815
1,8653,36.670323311239855
1,8654,33.6698001316229
1,8655,294.1561153655765
1,8656,317.2915430578463
1,8657,37.58059354593017
1,8658,300.4727490998472
1,8659,42.667079911874595
1,8660,357.498161428911
1,8661,286.6124647213012
1,8662,41.28576615394349
1,8663,210.11065576679724
1,8664,39.330995390504256
1,8665,282.19356377163774
1,8666,302.1419971738212
1,8667,37.2927752484953
1,8668,285.0780720611094
1,8669,190.4110895374883
1,8670,309.0652293624296
1,8671,32.13542943682032
1,8672,244.41059790457996
1,8673,326.87111146398377
1,8674,273.56338946537244
1,8675,141.9474019116773
1,8676,32.63707638160577
1,8677,211.56120260945443
1,8678,242.56249743332185
1,8679,48.69829410745423
1,8680,338.68985240719087
1,8681,324.05342686011363
1,8682,373.61549605647804
1,8683,43.333437249680614
1,8684,196.65544999997007
1,8685,323.0440637736141
1,8686,287.5883466673082
1,8687,203.82233897034092
1,8688,346.0286757083598
1,8689,38.51584529931897
1,8690,125.2643909572306
1,8691,253.0813316684144
1,8692,41.72883408368911
1,8693,250.91073092753356
1,8694,42.92163319075827
1,8695,344.8998222685069
1,8696,70.62227130615713
1,8697,227.38214702180014
1,8698,125.36998831755633
1,8699,99.18897061738494
1,8700,257.20068468424085
1,8701,13.05601561670279
1,8702,128.74456032598698
1,8703,32.70886188045545
1,8704,211.7629225224038
1,8705,29.49218620118146
1,8706,209.4967814133558
1,8707,33.12976013561604
1,8708,245.36597483938004
1,8709,152.15556093632932
1,8710,29.630391391228326
1,8711,116.59549773050361
1,8712,252.15452836877319
1,8713,168.52681089069065
1,8714,65.9912812914572
1,8715,317.2353516965628
1,8716,31.02505154904319
1,8717,289.54998572077363
1,8718,262.4216175583716
1,8719,34.593805150212965
1,8720,231.2103943904463
1,8721,30.60499114619204
1,8722,73.54779369496669
1,8723,297.0659342922944
1,8724,30.844171184265978
1,8725,31.529657987511683
1,8726,289.38395327530543
1,8727,30.864283058486116
1,8728,234.4708446062732
1,8729,83.84256745495708
1,8730,30.76548423727009
1,8731,287.3204132411614
1,8732,282.2449552290569
1,8733,275.3530743764467
1,8734,237.20841519092028
1,8735,216.07999063946556
1,8736,302.3461839258873
1,8737,34.35162035525664
1,8738,307.82175490107636
1,8739,320.964341003429
1,8740,31.116200272214183
1,8741,339.2622376558796
1,8742,284.4529823424814
1,8743,319.04330295675857
1,8744,117.94212080136725
1,8745,252.47531659929507
1,8746,164.58056681027156
1,8747,270.09279106552725
1,8748,238.10728690388078
1,8749,84.60800588159171
1,8750,212.8645332388641
1,8751,32.28648422487407
1,8752,246.15157341667327
1,8753,31.64174109827692
1,8754,120.51998527174118
1,8755,252.97052420297277
1,8756,130.67323074616087
1,8757,240.04771874282716
1,8758,66.87278562837307
1,8759,179.7323945723192
1,8760,50.49581043367075
1,8761,236.22249413954225
1,8762,38.05693144073689
1,8763,240.72854460671138
1,8764,44.13201911904413
1,8765,262.3709657938648
1,8766,166.93233072807516
1,8767,39.19204966007074
1,8768,122.63176217748187
1,8769,262.8476910477606
1,8770,164.58979985490856
1,8771,72.13064249325139
1,8772,228.70125485424194
1,8773,38.15776749717341
1,8774,246.43710744138747
1,8775,244.9540860764858
1,8776,38.720104139599385
1,8777,99.52398721373304
1,8778,221.25214731299874
1,8779,29.757762454637415
1,8780,273.13353358383716
1,8781,29.776832448111286
1,8782,288.7780748977444
1,8783,290.7164003804639
1,8784,30.52145788970803
1,8785,230.96276048673423
1,8786,246.94489677542134
1,8787,34.397164118845716
1,8788,238.04109157718915
1,8789,30.695541120203217
1,8790,72.25928168640411
1,8791,277.49639133753135
1,8792,32.49914685318946
1,8793,31.925927273610007
1,8794,288.1353747274702
1,8795,31.791536792919185
1,8796,231.73454979355705
1,8797,84.22347086341412
1,8798,31.378633922410824
1,8799,287.1935391565865
1,8800,321.93312152880435
1,8801,31.45759527546114
1,8802,338.3288568700982
1,8803,310.47582352536983
1,8804,31.440466664798787
1,8805,241.4770683038313
1,8806,258.9824481245395
1,8807,282.951888591787
1,8808,280.92938857025206
1,8809,237.64002884513195
1,8810,216.65618720998404
1,8811,311.55042945081493
1,8812,34.85272202668244
1,8813,323.5132506303348
1,8814,31.56711828186203
1,8815,31.955852509461458
1,8816,244.9819081351498
1,8817,31.815610562374932
1,8818,117.93721297941934
1,8819,252.22318972088524
1,8820,214.3428828101824
1,8821,203.68675811211352
1,8822,84.86269383053954
1,8823,93.6508361387147
1,8824,252.88209223435024
1,8825,118.14728955948583
1,8826,122.36988126484428
1,8827,309.9801114238524
1,8828,32.393476908112035
1,8829,58.94571095142131
1,8830,278.9615379143776
1,8831,408.3804189528524
1,8832,242.91823196195855
1,8833,48.65218409650308
1,8834,338.4483449161162
1,8835,77.56249668356608
1,8836,327.7132930636092
1,8837,283.75230365281874
1,8838,400.53645149143955
1,8839,150.1518767218407
1,8840,278.6579411258242
1,8841,38.29768163681749
1,8842,229.46096053534552
1,8843,259.21240389364766
1,8844,34.045208460451875
1,8845,287.2333515748029
1,8846,41.68172701563175
1,8847,115.723626738344
1,8848,418.5079830944253
1,8849,303.1295437697916
1,8850,194.82881863179512
1,8851,41.86994701073246
1,8852,312.2837608109012
1,8853,181.77451641539022
1,8854,25.577864418470362
1,8855,277.30394378268386
1,8856,291.14045317363923
1,8857,29.047701804012274
1,8858,404.6242198280697
1,8859,29.864040658838324
1,8860,301.6812945728275
1,8861,24.186082716800627
1,8862,282.01854498020646
1,8863,152.51045281697037
1,8864,206.77747861494476
1,8865,247.54581967849344
1,8866,121.76333163552937
1,8867,186.1849043384957
1,8868,31.134644358533603
1,8869,304.88217412808126
1,8870,31.138496725934726
1,8871,187.27308666241169
1,8872,49.889718401566434
1,8873,158.88865182863736
1,8874,328.0035337812154
1,8875,30.80085619219717
1,8876,254.97865370547837
1,8877,300.8748139422604
1,8878,27.214629161782103
1,8879,304.61614531555745
1,8880,30.913845623682747
1,8881,30.890132828519768
1,8882,416.8669655751369
1,8883,30.79136412231697
1,8884,26.956454600671556
1,8885,255.85868246480766
1,8886,258.4430095079986
1,8887,34.67786630193687
1,8888,260.6084659768378
1,8889,243.04817768271408
1,8890,260.6512299667976
1,8891,241.61835716025578
1,8892,48.34401073820885
1,8893,337.7253903182345
1,8894,48.308311291851545
1,8895,168.64202490980642
1,8896,382.98709621977025
1,8897,272.4352779279325
1,8898,39.1449881707982
1,8899,308.74166324279093
1,8900,117.02888849686963
1,8901,49.235934615344746
1,8902,152.41498729244398
1,8903,341.8231365483401
1,8904,42.020790461166825
1,8905,240.72770478213778
1,8906,288.1588423542806
1,8907,38.36949840719805
1,8908,114.0849222789441
1,8909,218.70628442711487
1,8910,277.26880599642584
1,8911,37.8268758900982
1,8912,210.62192746678585
1,8913,248.887398708084
1,8914,29.230673839887917
1,8915,40.3216512041111
1,8916,254.38478897456216
1,8917,294.8430185957491
1,8918,25.594131627453756
1,8919,50.25593357711913
1,8920,122.74259655402771
1,8921,184.38557055575615
1,8922,35.10586309759035
1,8923,119.03632953955724
1,8924,225.85965157344427
1,8925,33.774286579111724
1,8926,32.393323449056105
1,8927,222.4673800418243
1,8928,304.0861202388448
1,8929,220.19387219974317
1,8930,314.6281436526722
1,8931,71.6750435431959
1,8932,219.07510977464543
1,8933,301.5227559083756
1,8934,36.24088779352882
1,8935,346.33317536010463
1,8936,35.58845537004986
1,8937,176.30356706662965
1,8938,311.26219949303606
1,8939,123.27675894562962
1,8940,293.3565783762305
1,8941,63.69531331255884
1,8942,337.38842527960236
1,8943,249.68160832964736
1,8944,33.15572457008973
1,8945,165.6184355826388
1,8946,223.1991947163417
1,8947,33.13544731896752
1,8948,346.5958799501601
1,8949,36.60679445917956
1,8950,269.2472683841574
1,8951,233.47288807067287
1,8952,311.29053196675994
1,8953,448.41239067626753
1,8954,33.54504720323376
1,8955,286.94204855436027
1,8956,184.3706952461917
1,8957,329.64962497564915
1,8958,239.15530288369138
1,8959,124.4264861768628
1,8960,278.35403478212965
1,8961,37.2045179255849
1,8962,277.53229449071074
1,8963,33.97388065713717
1,8964,337.5934584717597
1,8965,284.20444528319155
1,8966,37.34636281819942
1,8967,307.64190274615055
1,8968,33.43176380843577
1,8969,273.1936771878502
1,8970,36.926693790797025
1,8971,303.75301658774407
1,8972,289.4599007873213
1,8973,33.35002357256016
1,8974,260.35582854219945
1,8975,269.518706763649
1,8976,302.6134051615265
1,8977,33.26485361866921
1,8978,263.95175330757405
1,8979,36.62305122888264
1,8980,242.789709656066
1,8981,35.094934156961884
1,8982,241.71283195652424
1,8983,453.10370507651464
1,8984,33.22407072832668
1,8985,288.68147981055614
1,8986,301.9485198491297
1,8987,346.0988973181161
1,8988,35.58292058519429
1,8989,351.6202163926452
1,8990,294.3273125711584
1,8991,62.31033027636232
1,8992,124.72743607916925
1,8993,351.7364532316886
1,8994,533.5150379170792
1,8995,69.85846849307455
1,8996,267.43930821616675
1,8997,230.9738867275371
1,8998,256.37182661478414
1,8999,76.64371445871618
1,9000,236.50625582087892
1,9001,281.7125240464366
1,9002,143.51481525958158
1,9003,334.94440401758686
1,9004,308.62604360507754
1,9005,194.2777904139192
1,9006,286.6332745572486
1,9007,36.14440303125802
1,9008,245.5975084569568
1,9009,92.39603323722051
1,9010,39.735127092378505
1,9011,202.13051111787698
1,9012,122.20143228003711
1,9013,224.44634023431263
1,9014,260.42524924200245
1,9015,272.19454621297353
1,9016,276.71095570182365
1,9017,64.27732682992179
1,9018,339.4837200520802
1,9019,27.552224874620933
1,9020,165.06131843929745
1,9021,27.52058832926571
1,9022,30.9313937833004
1,9023,238.8773868438671
1,9024,216.39414704028042
1,9025,32.13629991225293
1,9026,235.21825278638437
1,9027,65.1913035248104
1,9028,180.45509507688664
1,9029,344.5691025189566
1,9030,264.6158481401752
1,9031,136.73444920079675
1,9032,57.612179279475455
1,9033,342.88220298693284
1,9034,224.44177444309196
1,9035,253.86528340302033
1,9036,28.165969754248394
1,9037,343.6257614170142
1,9038,245.82149261952503
1,9039,209.66372641815025
1,9040,149.34659046902763
1,9041,190.1258364297939
1,9042,257.2980983035886
1,9043,223.82565728799585
1,9044,113.26418637040183
1,9045,264.90647858557895
1,9046,248.87138531806337
1,9047,28.696434612526055
1,9048,144.26836464036154
1,9049,203.16402558698894
1,9050,209.79942383135142
1,9051,319.1575845899631
1,9052,179.58763965156888
1,9053,63.29160407670629
1,9054,243.2394802419946
1,9055,28.627063694693263
1,9056,56.00486686679612
1,9057,200.25485072414767
1,9058,32.89142429982511
1,9059,255.48963082609538
1,9060,237.21011413546967
1,9061,19.044391860679795
1,9062,147.25911077049238
1,9063,271.06204923079076
1,9064,41.226885599974565
1,9065,209.94253196530354
1,9066,66.86846542404353
1,9067,222.24733751668245
1,9068,63.63293928790712
1,9069,343.46112567735145
1,9070,177.08110154788233
1,9071,41.21585466025361
1,9072,265.6810838783501
1,9073,239.2770288753107
1,9074,37.38406899973836
1,9075,32.99835309521107
1,9076,233.05221450805564
1,9077,154.28439623342726
1,9078,243.94049881918863
1,9079,225.1382009968913
1,9080,196.16683581040115
1,9081,285.8937823040971
1,9082,180.74836152833075
1,9083,24.444288007779143
1,9084,161.6889476948591
1,9085,211.08282255940384
1,9086,305.6502318111277
1,9087,148.1269907231191
1,9088,253.18007926366815
1,9089,230.84442627645944
1,9090,33.18994843299052
1,9091,105.66031078673518
1,9092,29.103218848566442
1,9093,67.04443385842124
1,9094,306.3862162291299
1,9095,299.31763482996564
1,9096,215.02720317358404
1,9097,34.176670057279196
1,9098,110.65503782479345
1,9099,29.613528085746
1,9100,292.09163874165404
1,9101,30.0460921720059
1,9102,174.79877920944034
1,9103,235.3236547826213
1,9104,249.52516420294427
1,9105,150.6614509747303
1,9106,341.69847538776594
1,9107,306.8739094894652
1,9108,30.234433776647432
1,9109,26.341585796404917
1,9110,263.5757630643128
1,9111,33.42643985278582
1,9112,35.085052224676254
1,9113,240.0674470478201
1,9114,30.298399945908656
1,9115,409.8233298006206
1,9116,30.30037861117922
1,9117,278.0624479975885
1,9118,216.22521813383878
1,9119,247.68144515094477
1,9120,92.96231448920857
1,9121,251.18211904033225
1,9122,13.52422989668831
1,9123,315.1080324325562
1,9124,93.16993567641167
1,9125,176.69276753940028
1,9126,141.5653929625922
1,9127,69.84267390262077
1,9128,357.423122498693
1,9129,32.07525300888054
1,9130,127.71400558865174
1,9131,275.1491369241053
1,9132,94.24538212355606
1,9133,432.1179042174228
1,9134,34.68637868210892
1,9135,256.7866531823226
1,9136,241.4747528348401
1,9137,141.01519970778594
1,9138,180.4221237746164
1,9139,328.48304288574036
1,9140,213.9632463454816
1,9141,78.56635776362594
1,9142,244.41575128103955
1,9143,243.87410042359826
1,9144,41.781856323704005
1,9145,184.00760464958034
1,9146,37.73341024627872
1,9147,216.62971174417504
1,9148,252.0698459054817
1,9149,112.14201052279584
1,9150,366.502085293532
1,9151,124.79969819959373
1,9152,292.8685004182204
1,9153,314.6492331322973
1,9154,328.81989545483
1,9155,237.77864220326558
1,9156,38.45674855809811
1,9157,98.27692236738729
1,9158,198.94536711455217
1,9159,217.73377712020704
1,9160,67.83392457871904
1,9161,218.96840648971516
1,9162,95.70025548341947
1,9163,266.6794932595353
1,9164,248.24738473627195
1,9165,175.4862006585209
1,9166,57.433589935523756
1,9167,29.552123217910157
1,9168,327.4129995758776
1,9169,248.87229879214198
1,9170,30.87257988715978
1,9171,237.36945649426667
1,9172,69.11578593320355
1,9173,352.24881526027207
1,9174,311.3376927171771
1,9175,30.745612330770456
1,9176,244.73352558251992
1,9177,134.384265536582
1,9178,245.72350282848913
1,9179,29.820329467119425
1,9180,195.69189426135213
1,9181,30.933094346731636
1,9182,423.757633643608
1,9183,30.640795107864783
1,9184,170.32143273950845
1,9185,171.22457938702877
1,9186,123.78290535775548
1,9187,200.1477772038138
1,9188,266.5168429717894
1,9189,30.477531163513127
1,9190,348.2928897704105
1,9191,148.80119155294693
1,9192,304.40913569547536
1,9193,233.5191887453512
1,9194,115.48938687986671
1,9195,152.68136259066125
1,9196,93.38182397918743
1,9197,305.64980668420657
1,9198,370.8603411190594
1,9199,34.43156031167409
1,9200,269.1967881844644
1,9201,33.07361678714725
1,9202,68.37564157822175
1,9203,353.70764789645693
1,9204,100.0961563899412
1,9205,102.24931825689251
1,9206,94.70847028836536
1,9207,166.45837179750677
1,9208,223.87206415356837
1,9209,27.084086160581396
1,9210,303.1069293545162
1,9211,68.87155841147441
1,9212,367.9566094996523
1,9213,31.23368941080983
1,9214,81.67485872169915
1,9215,96.78209976935776
1,9216,31.029588175779487
1,9217,109.96791324544836
1,9218,35.72389250970737
1,9219,77.58248697605964
1,9220,265.03982182083223
1,9221,31.55674498855622
1,9222,255.17451515637276
1,9223,323.36436940164737
1,9224,113.71354254529587
1,9225,47.94040910978475
1,9226,221.9816531730729
1,9227,263.92064301362086
1,9228,31.2013302870427
1,9229,289.5295609676066
1,9230,26.805753843155426
1,9231,278.72442302905176
1,9232,30.300199744615608
1,9233,111.71631291993316
1,9234,399.438082571068
1,9235,278.58037205490155
1,9236,30.105612305677354
1,9237,191.05439223717218
1,9238,94.12040060359678
1,9239,272.88290961057237
1,9240,33.82433786038599
1,9241,261.19844154325574
1,9242,30.342912918434294
1,9243,243.6911187853484
1,9244,29.543417705417582
1,9245,176.6651863921468
1,9246,162.50846371689693
1,9247,303.0004180878044
1,9248,268.3366630260696
1,9249,37.054679267507936
1,9250,220.86175052854986
1,9251,233.3435430399971
1,9252,250.64657631843698
1,9253,327.9714450781008
1,9254,133.31074358878098
1,9255,344.2757701093189
1,9256,42.08666792205523
1,9257,384.1472942517
1,9258,56.2371034942601
1,9259,307.4916082863321
1,9260,37.79753504169457
1,9261,228.84645885529852
1,9262,38.640586656050225
1,9263,77.58392424122148
1,9264,236.87598829325216
1,9265,42.396744687172394
1,9266,43.98242995742666
1,9267,71.49450617069938
1,9268,173.18325364852313
1,9269,29.67347377266878
1,9270,91.4174877197691
1,9271,29.583966490984146
1,9272,233.77171592970552
1,9273,93.01366455424119
1,9274,74.41883861660583
1,9275,250.27516109506203
1,9276,95.67940435287437
1,9277,29.22203448636008
1,9278,255.8681113789522
1,9279,258.3186070629197
1,9280,50.34467479727705
1,9281,120.31326885598254
1,9282,31.019338623892224
1,9283,236.354682372975
1,9284,184.9802052050622
1,9285,111.69467329956053
1,9286,349.16178930474064
1,9287,30.442235517567283
1,9288,67.02480796517887
1,9289,341.9153282816656
1,9290,256.8995061984702
1,9291,56.6965199980156
1,9292,247.22912497572725
1,9293,34.72410909398518
1,9294,197.95250385719254
1,9295,31.09968220184438
1,9296,264.24646946424633
1,9297,318.9602510035821
1,9298,34.98327138278403
1,9299,306.432862945311
1,9300,35.08267780165943
1,9301,204.9593721909636
1,9302,272.0342085923228
1,9303,355.20175995388433
1,9304,34.23952058471394
1,9305,236.66207075521805
1,9306,121.10739873292678
1,9307,34.55342617575687
1,9308,305.04827401838975
1,9309,31.320199635793536
1,9310,284.91673742393783
1,9311,33.49526747370672
1,9312,262.81041855445244
1,9313,100.78289764247413
1,9314,13.923157239328766
1,9315,282.835130409092
1,9316,278.37226214860084
1,9317,238.8199231120382
1,9318,31.750141125798578
1,9319,58.1271203085207
1,9320,271.8920532535754
1,9321,259.2206375925871
1,9322,71.94246963342809
1,9323,260.22020807781064
1,9324,117.3971602593786
1,9325,100.56131621666377
1,9326,414.67676180833394
1,9327,85.08985807225628
1,9328,32.457080963270634
1,9329,281.8695398656383
1,9330,191.0085964880687
1,9331,341.4663424923897
1,9332,31.36562981589106
1,9333,273.96740397266143
1,9334,148.77979608118727
1,9335,280.02339566725914
1,9336,35.73565330246741
1,9337,252.33419137231044
1,9338,229.76097160735725
1,9339,314.7324176539154
1,9340,336.4206685381281
1,9341,270.48200387927966
1,9342,42.487531943044075
1,9343,120.94225465744304
1,9344,70.74623110351573
1,9345,216.99319831584123
1,9346,127.32256533422691
1,9347,261.9804921122309
1,9348,42.8982185951368
1,9349,228.2444539074951
1,9350,78.18778189008731
1,9351,276.0756313673389
1,9352,38.94572717930032
1,9353,246.6991814319424
1,9354,230.45973336540874
1,9355,42.14949724903514
1,9356,309.0804704238926
1,9357,226.43057550997995
1,9358,238.23892729237363
1,9359,324.576450839893
1,9360,29.608100073423167
1,9361,281.72252505388605
1,9362,285.1787211527442
1,9363,185.34230673883792
1,9364,408.01112210186193
1,9365,109.42323621252638
1,9366,244.8215215154139
1,9367,33.366552852051086
1,9368,223.41351283504054
1,9369,215.77390154506963
1,9370,111.6784764766575
1,9371,31.57105193379214
1,9372,227.4046233768882
1,9373,243.44769156141473
1,9374,247.99894051125483
1,9375,229.94385604055316
1,9376,22.342962280953465
1,9377,258.1595543568777
1,9378,238.37017910378478
1,9379,31.405112195243056
1,9380,285.70946786012706
1,9381,275.38565272206796
1,9382,200.71529762325997
1,9383,178.0925581826931
1,9384,294.0497223599002
1,9385,343.06054121520623
1,9386,112.79711833142099
1,9387,32.08735832695829
1,9388,349.1148111866228
1,9389,30.623750213917837
1,9390,317.7532566057635
1,9391,30.896437108171256
1,9392,308.44206070684083
1,9393,30.898696629812434
1,9394,47.944412280117575
1,9395,249.2129371297823
1,9396,271.42850892991754
1,9397,30.925342225592274
1,9398,161.22421462992284
1,9399,31.123229122394044
1,9400,242.99585006436286
1,9401,86.39041019781439
1,9402,109.79392617280898
1,9403,121.62227171019714
1,9404,238.07696027285755
1,9405,323.10021004898147
1,9406,62.46147075333664
1,9407,31.61928076098068
1,9408,69.57824005049342
1,9409,309.26061720947337
1,9410,31.766983020327284
1,9411,256.2684255319543
1,9412,146.85293347324273
1,9413,274.1448886306174
1,9414,61.19660061699362
1,9415,263.68576209862147
1,9416,191.9687226290816
1,9417,348.46945802257426
1,9418,102.75092922632057
1,9419,34.63286069428344
1,9420,299.48440512488617
1,9421,123.93092543328302
1,9422,339.84249582867716
1,9423,245.23715541323998
1,9424,204.0985748004635
