subtaskID,datapointID,answer
1,0,258.35901973142893
1,1,58.934537242277216
1,2,254.5814084115409
1,3,19.005737604895465
1,4,385.19166298027375
1,5,34.304431274674506
1,6,380.3119834949042
1,7,254.32231036905495
1,8,243.48712243121713
1,9,224.33226503900266
1,10,211.72400578039418
1,11,27.623460687339204
1,12,241.2936922300932
1,13,241.50243884113627
1,14,53.60491056485772
1,15,245.2950573756145
1,16,137.85711305085732
1,17,133.47083243866237
1,18,237.53600103583167
1,19,408.97369097559215
1,20,54.488027767746175
1,21,144.29853029037082
1,22,315.7527482031283
1,23,238.77637679261892
1,24,243.80381360462098
1,25,45.06815671781004
1,26,258.94654093517676
1,27,141.2160332040493
1,28,53.667529271313995
1,29,41.98384152967583
1,30,236.67798616729965
1,31,52.39118277430728
1,32,252.545775184486
1,33,256.88406893043106
1,34,31.63880015747368
1,35,239.36812217766033
1,36,54.7787033776541
1,37,457.3657843603321
1,38,82.46751028968333
1,39,238.66719788204819
1,40,53.3726069761975
1,41,257.8213395844442
1,42,143.67910032104726
1,43,228.47771298143516
1,44,251.39907860220399
1,45,51.5818901566625
1,46,260.3947257555021
1,47,237.66554613545676
1,48,81.74614109591192
1,49,233.08367458015474
1,50,120.53157912392567
1,51,249.8401461918096
1,52,245.1507023908245
1,53,55.25104753011959
1,54,249.92274208773028
1,55,211.95058031866668
1,56,207.18279517186437
1,57,244.55026372843383
1,58,80.6961324829281
1,59,258.28991241396614
1,60,55.171478834021514
1,61,222.16536978436227
1,62,53.1987727065314
1,63,259.57422806596526
1,64,231.03099414237224
1,65,244.6918393251413
1,66,44.88261843584468
1,67,265.4849855952499
1,68,146.4668383397814
1,69,231.67244966046158
1,70,51.70579610845368
1,71,450.8905010780725
1,72,50.68312333527193
1,73,302.78903877236917
1,74,239.15777846395326
1,75,343.3853853358963
1,76,240.6931561176297
1,77,85.20853095453815
1,78,40.83680398015589
1,79,251.8884743402554
1,80,55.803541520178875
1,81,275.7411319287147
1,82,180.59748154378815
1,83,250.34566086235154
1,84,56.51202102748936
1,85,253.0982667830533
1,86,124.06474475468008
1,87,148.7033976373658
1,88,255.44207661426952
1,89,259.0434577224753
1,90,572.9148755806245
1,91,45.371189500468354
1,92,130.25092655298135
1,93,257.18494619144263
1,94,252.97988262035096
1,95,274.23691765931335
1,96,252.77452981390044
1,97,256.07802909979307
1,98,251.60601601750363
1,99,46.7849511917813
1,100,245.42116244227128
1,101,55.34995674863966
1,102,255.08481058281654
1,103,179.81127210111867
1,104,251.21989178586
1,105,86.32854333915077
1,106,262.79471043730143
1,107,248.61662826081695
1,108,45.934717213737045
1,109,265.62728010097715
1,110,257.92409113499144
1,111,63.37461445779316
1,112,252.50536247415363
1,113,55.55784459003593
1,114,145.1488580479784
1,115,245.68677020593537
1,116,267.1443759960734
1,117,257.6970712688898
1,118,169.71826943094823
1,119,55.07511851808009
1,120,113.88157026749025
1,121,55.07511851808009
1,122,256.9627171743076
1,123,292.7338769958534
1,124,250.8111560697393
1,125,151.16343196346924
1,126,272.30476210514644
1,127,54.695145200107135
1,128,262.26525899053195
1,129,151.16726772614305
1,130,251.79407864260043
1,131,58.51988874322535
1,132,259.76028009789167
1,133,59.30537482089708
1,134,259.6191665124172
1,135,41.46099731423714
1,136,322.5410699811091
1,137,251.05253873589754
1,138,275.5325543680487
1,139,260.5539828420689
1,140,276.5277754072614
1,141,270.27373382194344
1,142,102.96091425448098
1,143,269.6555792075138
1,144,258.8668602559728
1,145,250.59257210889177
1,146,59.413726954765735
1,147,270.69038074435775
1,148,34.67678752830668
1,149,256.0356784782875
1,150,249.75509411193525
1,151,48.81802896715763
1,152,272.5091394522184
1,153,256.8650462764781
1,154,180.29027197721572
1,155,256.8484264359065
1,156,268.09400235754595
1,157,264.1600591468444
1,158,244.41008596678682
1,159,175.31412251730293
1,160,178.58427335780357
1,161,272.45555407449797
1,162,246.4316064083274
1,163,218.3286195694525
1,164,212.68057648409751
1,165,123.51252477322566
1,166,243.35099366410373
1,167,46.39867358720749
1,168,242.11364464294257
1,169,250.42928573433346
1,170,261.238558617194
1,171,244.93011007771258
1,172,249.26025778770304
1,173,53.89107754656891
1,174,246.0205768556939
1,175,97.22316278538784
1,176,257.27573563131983
1,177,54.05301564262949
1,178,245.89154541727294
1,179,86.14397624697385
1,180,255.47094316039158
1,181,267.0049559774984
1,182,64.14418033621483
1,183,260.82765423225896
1,184,253.57589703209914
1,185,255.37310304979917
1,186,238.50087026651784
1,187,256.426167520215
1,188,62.34403711189415
1,189,338.8491112494496
1,190,57.990808945835134
1,191,289.0065813167482
1,192,263.13330627570605
1,193,56.08105435022081
1,194,184.51529751558766
1,195,258.41728774017565
1,196,62.815184231727486
1,197,216.22014298313013
1,198,58.51455865747096
1,199,267.47826086873545
1,200,58.5225910432789
1,201,260.9271953654588
1,202,90.20861539215252
1,203,475.1503671009342
1,204,65.0652733865037
1,205,192.80217303686027
1,206,258.1715316327076
1,207,258.26487935464735
1,208,59.69629408943287
1,209,45.93831809670936
1,210,329.91329478947404
1,211,60.46145241050152
1,212,266.25351358937144
1,213,60.56165323973811
1,214,116.62494200090043
1,215,275.80138506679475
1,216,65.2553855160598
1,217,462.31327143579296
1,218,60.59058696055415
1,219,252.63865140838112
1,220,150.07939922358918
1,221,259.5196675198003
1,222,261.7918318713718
1,223,262.8936688236161
1,224,126.49405852877163
1,225,187.81725516376991
1,226,264.68723714252957
1,227,56.99382536850567
1,228,255.67298333299797
1,229,252.29054543675588
1,230,255.57566724526893
1,231,149.0956310530264
1,232,82.9408317930029
1,233,261.40462781822725
1,234,260.9878837471029
1,235,34.67871004061864
1,236,215.50376780255698
1,237,258.30280463201314
1,238,252.18439733451294
1,239,150.36097160743304
1,240,49.01076746669224
1,241,259.13251666153326
1,242,142.30512079072537
1,243,258.7766942225919
1,244,260.44563561897587
1,245,268.08879406128426
1,246,195.85061667006306
1,247,261.0706730927368
1,248,124.82150168548247
1,249,185.43327453640583
1,250,58.914418865146345
1,251,268.5292427895058
1,252,58.93180720895738
1,253,257.4951521565671
1,254,47.39317498641614
1,255,58.84571521371812
1,256,261.53406946122874
1,257,294.40405183823805
1,258,184.53779490694717
1,259,266.43837490080944
1,260,146.16795683904797
1,261,261.7720532471192
1,262,55.05381542507415
1,263,257.79880121494193
1,264,90.69685839327973
1,265,281.8681102842132
1,266,261.791797347487
1,267,283.3068578231
1,268,178.63569038746948
1,269,250.67995282867975
1,270,267.22193057361244
1,271,264.94496572356127
1,272,252.3587032989227
1,273,469.8880243196794
1,274,251.16593477395998
1,275,226.0510451764569
1,276,56.24044612172554
1,277,245.96718078613557
1,278,54.10449658877813
1,279,247.0631696466672
1,280,249.56384084594322
1,281,253.67737406187987
1,282,46.11960432458427
1,283,244.48065478714636
1,284,250.4651807217032
1,285,256.46845422035716
1,286,394.3331380817756
1,287,252.43556824673288
1,288,98.33427188043805
1,289,82.08183619653522
1,290,63.175245304736585
1,291,244.27447721161127
1,292,252.1269194079938
1,293,251.75749817287527
1,294,261.1357581669133
1,295,400.7843081164483
1,296,250.1648966471581
1,297,265.9440958799409
1,298,267.650238007123
1,299,48.895644009128205
1,300,287.9279858301645
1,301,256.94391273559114
1,302,257.9793846379827
1,303,264.20344411025064
1,304,261.79694690900385
1,305,58.736778460950966
1,306,257.6879295394413
1,307,259.9016054528592
1,308,90.05763451696421
1,309,258.90805306946436
1,310,274.66832565089203
1,311,265.90962857317663
1,312,265.8381830162324
1,313,258.27565240783434
1,314,90.88784808114781
1,315,259.61941430946075
1,316,258.18737089695946
1,317,270.8547662296934
1,318,86.0896986303392
1,319,269.21887887788364
1,320,266.18996802246517
1,321,262.56466020681887
1,322,252.37757729472676
1,323,48.786312321913115
1,324,277.0531677225796
1,325,59.99746041556794
1,326,268.43139452958735
1,327,263.4088168666885
1,328,264.9955977405451
1,329,47.29570630112198
1,330,33.22047759353168
1,331,243.2056457606562
1,332,57.20801278617773
1,333,249.6909545982639
1,334,247.67719113057558
1,335,240.0802698345682
1,336,153.79154795263935
1,337,249.0958550706182
1,338,161.57932796710253
1,339,253.91403781967307
1,340,46.52559291156868
1,341,148.50632465457184
1,342,240.32696948428037
1,343,121.38040717633044
1,344,181.55315767039275
1,345,247.54480249651073
1,346,138.30944260451545
1,347,51.31591896350315
1,348,261.42086642776883
1,349,236.80575782525062
1,350,274.9218751205905
1,351,144.99240193745698
1,352,264.19255528927147
1,353,122.18476419683122
1,354,182.39426493710738
1,355,254.54554327412816
1,356,59.406979192585894
1,357,252.8182957912033
1,358,55.10050226296161
1,359,254.49693556384787
1,360,50.47578998204054
1,361,121.58420208848852
1,362,278.05249603822847
1,363,253.24171459820673
1,364,180.35451507423954
1,365,252.02949046326756
1,366,246.45911639046392
1,367,97.47747845662364
1,368,257.419435519736
1,369,253.7135949824127
1,370,76.64605011663738
1,371,318.3078103166523
1,372,291.50639111873204
1,373,256.6520668423613
1,374,257.75735139227004
1,375,256.3693509933307
1,376,57.92718413888757
1,377,252.13836042443597
1,378,53.631173624308076
1,379,287.62890024609834
1,380,55.212650994204736
1,381,266.2305789947823
1,382,263.4728212058411
1,383,270.1705006316266
1,384,60.48683615538306
1,385,266.7616765922615
1,386,278.48931469532965
1,387,269.33226830284485
1,388,238.5497040888032
1,389,256.77283681383926
1,390,36.272510366065376
1,391,230.72805171677322
1,392,246.123713683281
1,393,248.40093459016396
1,394,253.44966385668496
1,395,255.73452065066417
1,396,60.37569382988512
1,397,64.10538818441515
1,398,272.7344642175496
1,399,240.3252080305104
1,400,249.45616360565106
1,401,246.50863767068856
1,402,245.13530682737218
1,403,248.1610870254264
1,404,239.2783099277006
1,405,259.9308980536034
1,406,245.5767653612728
1,407,265.6765643916791
1,408,259.0137262044757
1,409,252.69188008644855
1,410,277.0131938557304
1,411,250.21252219425145
1,412,46.60491067789242
1,413,254.34399848505873
1,414,254.5064354758356
1,415,236.43044845012395
1,416,261.7758451712365
1,417,192.21436991306598
1,418,245.77975590167475
1,419,262.35273591939165
1,420,33.95026579818421
1,421,133.02281375892125
1,422,240.16589544540415
1,423,251.31948529004018
1,424,257.2647446926933
1,425,246.10444507007702
1,426,245.98744295194058
1,427,251.80570307357738
1,428,58.682517517953855
1,429,58.48320333912921
1,430,263.19438773638217
1,431,248.79572462675722
1,432,246.13561344502972
1,433,251.12472194153148
1,434,49.39395386800206
1,435,249.6167228666153
1,436,58.43649119650592
1,437,150.97414023719975
1,438,288.89794130906887
1,439,249.39264965879124
1,440,254.9112266776703
1,441,40.389145955498414
1,442,271.9898376037152
1,443,58.83912597611819
1,444,283.00590731967793
1,445,252.54854517767905
1,446,58.670764325619544
1,447,58.032851896064926
1,448,268.5394135102822
1,449,248.46259230128783
1,450,57.375444196221366
1,451,249.60347041243105
1,452,241.32162240281164
1,453,246.03246125438517
1,454,46.26352287653315
1,455,243.24416341275554
1,456,55.78044358369953
1,457,244.06949603213042
1,458,132.6212486449011
1,459,249.34049582356312
1,460,250.56291160440225
1,461,249.50788371847713
1,462,248.78721439989008
1,463,521.2673788866289
1,464,246.5944807234348
1,465,260.9948972424037
1,466,240.31309893908394
1,467,262.9681882795637
1,468,48.26270880332425
1,469,244.7902386587765
1,470,57.668636951206196
1,471,254.0153488642302
1,472,248.25225858925097
1,473,31.826094815371277
1,474,241.4243288438032
1,475,56.43053159536451
1,476,251.3555669401287
1,477,148.97808123262712
1,478,256.00371349650266
1,479,56.25544190450789
1,480,255.87028894416625
1,481,56.56799785332416
1,482,268.6747123938116
1,483,49.38524744208098
1,484,56.756202315823984
1,485,250.37422426432664
1,486,180.65317105888255
1,487,251.026504982316
1,488,277.32668879773155
1,489,263.2289579748551
1,490,269.72532784442694
1,491,254.25917122913373
1,492,258.0266867107589
1,493,52.14314713851357
1,494,254.21709242954557
1,495,54.22111781373117
1,496,57.302203258514055
1,497,267.9256670869905
1,498,87.001630676161
1,499,251.84235131237205
1,500,259.3315456642924
1,501,59.3539788973153
1,502,250.31084993169404
1,503,280.3787941035454
1,504,42.69722606935879
1,505,261.40003669885004
1,506,54.07295397154258
1,507,254.60944211222244
1,508,263.05117078529895
1,509,259.285704673866
1,510,262.6686919174839
1,511,180.90847028289494
1,512,243.44653058370093
1,513,248.7387031983995
1,514,259.34852285782137
1,515,252.64590853447294
1,516,292.53272629000367
1,517,218.52741763842482
1,518,11.529239755471227
1,519,180.23331153674414
1,520,259.67639791945885
1,521,257.24731403003506
1,522,61.16036084157156
1,523,187.7654911735624
1,524,264.1275414491221
1,525,49.021139317150386
1,526,254.91693075829008
1,527,88.89602813930006
1,528,362.9771768840726
1,529,284.1732413178092
1,530,152.6891579579539
1,531,56.99830040418699
1,532,253.9707784907577
1,533,58.910806414205865
1,534,298.1912049506594
1,535,265.344000987821
1,536,272.16802140835836
1,537,289.4747970049933
1,538,88.11921580202923
1,539,257.6973729336686
1,540,259.3449870717314
1,541,289.181132151472
1,542,252.4024024533537
1,543,86.66163202223933
1,544,303.3895365118523
1,545,261.4752118262377
1,546,247.5420530790098
1,547,236.84222991490572
1,548,42.78967862922727
1,549,271.93951026367756
1,550,178.27617075967396
1,551,54.31988018540591
1,552,245.70959011061097
1,553,46.71584849200573
1,554,54.26481162099175
1,555,250.74698055728015
1,556,252.85613688803488
1,557,48.29627054490099
1,558,54.4438787535792
1,559,217.0749076682826
1,560,142.14831000919494
1,561,42.906398504231646
1,562,332.5415548747747
1,563,270.6165736757047
1,564,54.48632505313479
1,565,252.17172464184875
1,566,22.444271123978236
1,567,54.52457120791995
1,568,267.49585656941593
1,569,49.017742716169565
1,570,251.61559542719203
1,571,246.02282490681924
1,572,155.66477583520816
1,573,263.04614562251777
1,574,56.684244634278755
1,575,249.19278355572476
1,576,248.60722362709706
1,577,254.6658735965945
1,578,197.17270977496491
1,579,252.7997835343716
1,580,266.8811874202287
1,581,149.43235974022417
1,582,255.25941634327586
1,583,57.69045158417069
1,584,259.689427928792
1,585,49.92748085749997
1,586,58.92913595401073
1,587,246.70602218820534
1,588,267.1976378926764
1,589,143.5623836293433
1,590,284.76240361823113
1,591,218.21240141635445
1,592,251.71004474341117
1,593,58.83034520723601
1,594,256.69063715071456
1,595,91.24424902500988
1,596,370.0613334089734
1,597,284.1852787029885
1,598,150.59592258954444
1,599,260.1127177327256
1,600,300.4924961751758
1,601,216.93015874164695
1,602,249.50037067185266
1,603,180.29872878652245
1,604,257.6646317470182
1,605,260.1421507046732
1,606,257.7028668103958
1,607,645.1932636417978
1,608,249.00076277008122
1,609,55.90040089200032
1,610,253.96061385172464
1,611,261.29674715773115
1,612,254.98630442346064
1,613,249.29023429452928
1,614,65.6151775921626
1,615,269.66845904261584
1,616,257.9680192441291
1,617,257.2662011463389
1,618,261.8392656836665
1,619,271.8107435125879
1,620,179.7707107073511
1,621,246.39895132568688
1,622,263.9354165227487
1,623,255.3718802201194
1,624,266.74108583392007
1,625,256.9911824927873
1,626,278.1014131121875
1,627,265.7149270530097
1,628,50.26889287663647
1,629,264.99664340145114
1,630,251.69274285333373
1,631,204.3049836103818
1,632,253.55844177163783
1,633,54.425065040628205
1,634,33.75219112189283
1,635,79.51590784185825
1,636,120.89282669645678
1,637,243.32342187715543
1,638,244.54905451632757
1,639,54.349290676512084
1,640,252.70622361404747
1,641,52.83275665343544
1,642,247.49383877178633
1,643,262.0801133750824
1,644,225.5624645631688
1,645,17.499921056500458
1,646,233.59025056157006
1,647,59.39481107728678
1,648,248.58387889429792
1,649,54.164129072991074
1,650,253.24739533269656
1,651,33.61998513875744
1,652,252.8029645106672
1,653,246.2349437736029
1,654,251.56492004130104
1,655,253.05552769339386
1,656,97.80484677805848
1,657,171.14959700904757
1,658,58.442528537671876
1,659,264.66469942233454
1,660,238.2285129838238
1,661,16.420520833618305
1,662,240.06402870721627
1,663,74.2322978942021
1,664,58.60479017678702
1,665,178.45827046460556
1,666,49.49914111416338
1,667,255.6859782708799
1,668,44.16251236637336
1,669,250.95610851941606
1,670,59.11530442013343
1,671,259.08174259750706
1,672,180.3820142161714
1,673,260.8869501857155
1,674,58.90118777051875
1,675,265.23987056936255
1,676,220.4603433927935
1,677,260.414283889837
1,678,85.17343027296943
1,679,265.56114185056856
1,680,59.3761426414345
1,681,85.17602842197849
1,682,259.8269801536348
1,683,126.57806960962071
1,684,263.19244786073847
1,685,149.44912834461934
1,686,58.451063956299876
1,687,259.3637411881523
1,688,256.0583765930591
1,689,250.48403912925716
1,690,257.04229407202666
1,691,251.5089637792512
1,692,48.1292521375662
1,693,267.26144178053937
1,694,257.90615115350863
1,695,363.68316305186613
1,696,255.54799114225477
1,697,55.991854189716605
1,698,258.8197490616841
1,699,48.19433609946823
1,700,252.98394409840768
1,701,233.46089186149436
1,702,29.878354601047093
1,703,265.13538002294706
1,704,55.72824025305599
1,705,259.9504271345776
1,706,324.2726136783119
1,707,237.48337616744402
1,708,219.24874577204977
1,709,239.82855692034826
1,710,232.66192556975034
1,711,265.2079689950915
1,712,248.6817635658515
1,713,210.1021133072027
1,714,249.8555099745101
1,715,56.15037086777141
1,716,258.79024723670915
1,717,252.56333147681332
1,718,238.71137363565236
1,719,252.2685906032214
1,720,54.2504874780735
1,721,246.74623964421855
1,722,271.97659552800343
1,723,60.788482234352884
1,724,264.8442522375045
1,725,259.17066565856817
1,726,46.03202354559893
1,727,246.15929005310358
1,728,268.56400387008244
1,729,34.193999379388295
1,730,352.8923630263263
1,731,238.62962918258512
1,732,251.0877399469025
1,733,253.44310318033368
1,734,253.37196597921732
1,735,55.51945714940412
1,736,255.42356758812411
1,737,56.21193667686086
1,738,251.64155962694622
1,739,249.27847717055886
1,740,251.9983198514985
1,741,238.36598566321794
1,742,260.3241140423296
1,743,54.726249453437276
1,744,249.41662062844648
1,745,234.83323803505027
1,746,46.55644480984692
1,747,246.91527086299743
1,748,251.02785200442798
1,749,85.32923349136901
1,750,247.7802193490994
1,751,55.92675015545751
1,752,257.6812849839051
1,753,237.44513057355817
1,754,90.01622640214023
1,755,254.32168344576212
1,756,57.50140628893994
1,757,254.57838536217247
1,758,259.38267812020155
1,759,257.15637897588505
1,760,58.780211937189776
1,761,264.70737622055424
1,762,271.4716543910525
1,763,45.821122475837285
1,764,260.3823128222543
1,765,268.25286491276916
1,766,57.969615136712456
1,767,259.15960078180717
1,768,259.4107489952228
1,769,266.1002170603886
1,770,58.18964018884016
1,771,232.28254164890302
1,772,279.7161169972656
1,773,259.7592506663224
1,774,127.57764597980933
1,775,192.82935779572767
1,776,266.8866919424937
1,777,263.0855286778085
1,778,61.72277240021968
1,779,274.1334786440464
1,780,86.19372125446063
1,781,151.54027696054322
1,782,268.2704305029155
1,783,58.293678697420134
1,784,260.565511954033
1,785,59.114858299017556
1,786,149.25094979441653
1,787,129.62995286098996
1,788,268.94113576631264
1,789,54.338517319213466
1,790,151.27290454313942
1,791,263.4586326901378
1,792,254.84867909193542
1,793,262.9133445242606
1,794,267.4963140762352
1,795,18.16901424706316
1,796,248.99291184794572
1,797,234.38572117948348
1,798,238.4300285252217
1,799,92.59526731573271
1,800,231.65997662469303
1,801,216.46741981995996
1,802,208.93343586188792
1,803,224.33896057994178
1,804,368.64517912459445
1,805,222.4863740960618
1,806,233.1688273589962
1,807,46.00565551207697
1,808,224.8202318410569
1,809,96.4537447110778
1,810,48.8715442246071
1,811,238.56502484012353
1,812,130.48005889678404
1,813,244.20387454893745
1,814,229.4919689036404
1,815,233.03834019768573
1,816,246.36705858326647
1,817,92.11079531448186
1,818,246.50929404846758
1,819,52.07906711940815
1,820,205.17702204994134
1,821,43.14774521824194
1,822,50.66696229333964
1,823,226.0607891075574
1,824,275.9833947181751
1,825,51.9395638771545
1,826,245.88722893877213
1,827,93.12867382980278
1,828,251.765618444761
1,829,248.17404820618162
1,830,233.45216417056116
1,831,144.33544049393572
1,832,78.91258915109746
1,833,234.58170236060255
1,834,236.1004415106339
1,835,254.60304032110736
1,836,49.03933131437843
1,837,362.0912836311844
1,838,233.11251253064484
1,839,242.68577269866893
1,840,231.1069463019469
1,841,250.79770327998068
1,842,297.9997578779477
1,843,223.20649848508484
1,844,141.47835198053036
1,845,220.2782951520406
1,846,226.526186160183
1,847,43.3398957482988
1,848,180.58711744862245
1,849,221.72686233797384
1,850,228.63275211307212
1,851,236.1409219326339
1,852,178.33633524527175
1,853,88.08664018216913
1,854,215.06352861496737
1,855,47.90447718260681
1,856,78.2591345364568
1,857,245.31799095043155
1,858,50.34537896579907
1,859,272.33895151390914
1,860,231.5879586699606
1,861,28.587450602863285
1,862,126.17732275213669
1,863,252.54985189320186
1,864,57.721235885179155
1,865,161.24062727006748
1,866,68.73930128724598
1,867,207.76596866931703
1,868,52.93813866334918
1,869,239.71836763439177
1,870,236.07433195669182
1,871,51.32527363129152
1,872,272.4152420562465
1,873,234.83144054981545
1,874,44.361552225084324
1,875,32.037752746003655
1,876,203.97365260090533
1,877,161.12175432444235
1,878,239.48640694162606
1,879,228.74317585581838
1,880,253.95182306100918
1,881,224.09764208025666
1,882,169.55632593871752
1,883,32.66608939813316
1,884,198.00150847596407
1,885,227.41763303866566
1,886,241.59825956020865
1,887,230.57293587210356
1,888,236.07638990265266
1,889,224.70294205303168
1,890,53.09895685572167
1,891,129.21580936568557
1,892,44.82388766769586
1,893,94.10895343666932
1,894,248.65500309435035
1,895,346.16469327456304
1,896,218.1767835613306
1,897,56.47686329694196
1,898,138.63579986387845
1,899,41.35750077903261
1,900,249.9229247065117
1,901,54.15556560887535
1,902,162.42451675212027
1,903,229.90952318000996
1,904,244.82924141156468
1,905,233.3564561677947
1,906,424.70681852733196
1,907,326.7785397520518
1,908,55.52723244822907
1,909,33.31052326986358
1,910,245.3814995662276
1,911,58.506124672679576
1,912,59.57825307001787
1,913,240.26701021281053
1,914,49.42404970227987
1,915,504.179708793358
1,916,49.42404970227987
1,917,237.01108988536623
1,918,233.6437759882017
1,919,270.84932382847273
1,920,118.95423522024379
1,921,242.68957897663273
1,922,10.971078870326412
1,923,226.34209089434478
1,924,117.82554822497939
1,925,214.67537330625677
1,926,182.6294950359994
1,927,94.98055143327481
1,928,245.17958044082854
1,929,46.32242261891651
1,930,125.97470482055229
1,931,230.4464245337041
1,932,119.2480366696101
1,933,249.10969240275344
1,934,51.68008329936651
1,935,278.3611983425095
1,936,240.706382121633
1,937,217.83531305446553
1,938,191.8298834678656
1,939,240.13504513227065
1,940,225.03736071747272
1,941,97.91912369183422
1,942,235.10887129647233
1,943,224.27480352524833
1,944,52.92067005827936
1,945,253.23788767652002
1,946,44.88177490176952
1,947,242.26995489813206
1,948,231.66164161594253
1,949,139.0130788670232
1,950,243.7487656751025
1,951,139.5177195640489
1,952,248.86183400706733
1,953,359.1686343958414
1,954,243.17544537797357
1,955,250.60202683987075
1,956,51.60214491714416
1,957,115.93479630108493
1,958,238.40091411229912
1,959,242.98262589465594
1,960,94.32156989196494
1,961,244.0867703079802
1,962,127.59374718041528
1,963,250.0758306648156
1,964,236.2630899619466
1,965,256.7881925686231
1,966,88.98372241437643
1,967,46.08750130853937
1,968,344.0135413221522
1,969,238.3768713356138
1,970,48.14945550541419
1,971,242.75590687799524
1,972,95.69935042456547
1,973,243.6013512107259
1,974,334.49011843845835
1,975,54.54151481953133
1,976,257.36902201932907
1,977,212.56664797692886
1,978,245.6351863550965
1,979,46.477056694867386
1,980,255.3434578570135
1,981,42.363029653011395
1,982,252.64814824076205
1,983,56.155664557586576
1,984,247.9419408590203
1,985,232.38584838761057
1,986,156.53714147160395
1,987,255.5077464773721
1,988,249.138062324977
1,989,46.241587059785786
1,990,240.642163813006
1,991,163.78610412212385
1,992,244.31788224807573
1,993,238.3282270700659
1,994,143.27100819161709
1,995,184.5498600013456
1,996,119.78686832888053
1,997,240.9841382148112
1,998,244.8390274763468
1,999,58.054872978379876
1,1000,295.0113154115062
1,1001,52.0830589548484
1,1002,95.58977072176508
1,1003,244.3101413250628
1,1004,128.19796798445162
1,1005,126.99553526494458
1,1006,119.70444801096778
1,1007,182.2884699439859
1,1008,242.04896044014112
1,1009,33.13177180642174
1,1010,238.85643634742235
1,1011,95.01954522463141
1,1012,244.51561560498158
1,1013,47.59923468373668
1,1014,78.62614219960795
1,1015,154.1774308758402
1,1016,47.454772969970136
1,1017,134.85142778385156
1,1018,57.306959088731745
1,1019,96.0782099757259
1,1020,233.35074727820967
1,1021,41.13941422975168
1,1022,239.30300425344126
1,1023,257.85088306924206
1,1024,139.1713883582088
1,1025,55.74215999614158
1,1026,238.99722885663783
1,1027,243.81833003517795
1,1028,56.5083477833503
1,1029,347.6765269815848
1,1030,33.05652322093805
1,1031,231.04552479394775
1,1032,52.611040415544174
1,1033,136.57961382628744
1,1034,249.00070955436684
1,1035,247.6060383525133
1,1036,55.65674434440055
1,1037,222.17274950800777
1,1038,113.07963800634727
1,1039,239.6310581534803
1,1040,53.69982496971622
1,1041,242.72676167719726
1,1042,56.22789499528116
1,1043,239.99009239411703
1,1044,48.20586057302363
1,1045,257.54589106914386
1,1046,234.00391280096375
1,1047,248.66570049820012
1,1048,229.39744024082205
1,1049,57.00892529541889
1,1050,245.79539613927392
1,1051,243.52392971645617
1,1052,243.10451520431644
1,1053,248.19835990451278
1,1054,153.46088361885703
1,1055,422.50717196067694
1,1056,49.94239797052971
1,1057,470.8812812622841
1,1058,57.88718361264841
1,1059,239.96582949938917
1,1060,40.81710119309123
1,1061,246.15439616347572
1,1062,45.029207903578225
1,1063,93.97885970135313
1,1064,241.8336613743669
1,1065,56.67316910516523
1,1066,54.35330873200564
1,1067,96.31517695863499
1,1068,170.0357047635766
1,1069,51.708467442241044
1,1070,128.79773357382822
1,1071,46.08320920380513
1,1072,246.07809339056791
1,1073,104.81938350686818
1,1074,96.52289392777668
1,1075,243.96712855694528
1,1076,127.91678989104645
1,1077,54.406479713463206
1,1078,250.85231117442365
1,1079,234.6807734025966
1,1080,63.85853713618993
1,1081,130.7219512479238
1,1082,47.81126370453069
1,1083,237.21108890315764
1,1084,250.01907146734146
1,1085,140.55921785069899
1,1086,246.2244220718802
1,1087,52.55127293901113
1,1088,96.79846334903618
1,1089,246.8954684778295
1,1090,245.22939797335238
1,1091,75.15885843346013
1,1092,243.5663383130689
1,1093,58.01914918611922
1,1094,244.5550270552493
1,1095,55.60425416782839
1,1096,247.56822178839008
1,1097,257.8715526162755
1,1098,57.11440343084921
1,1099,385.83013244035556
1,1100,57.115016109484934
1,1101,253.7559242415354
1,1102,240.2696003237134
1,1103,244.29889598528882
1,1104,58.51369117402039
1,1105,242.4307856356333
1,1106,143.601215082456
1,1107,52.36054096909788
1,1108,382.0520670274459
1,1109,50.721049945288556
1,1110,247.36916983436112
1,1111,51.417417569263876
1,1112,237.4274766217685
1,1113,127.74631845102368
1,1114,8.526295485310785
1,1115,350.32815823266964
1,1116,232.2150248159532
1,1117,242.09410393032516
1,1118,49.33547846987328
1,1119,72.27884833256967
1,1120,239.0118422029969
1,1121,300.9979530242829
1,1122,86.2879144195313
1,1123,243.09633281515465
1,1124,141.50624424445232
1,1125,127.3876884079956
1,1126,258.2980086990239
1,1127,98.16112272656504
1,1128,48.825905788151005
1,1129,243.50579492543284
1,1130,202.5632522355706
1,1131,249.23139520984228
1,1132,45.03910168791454
1,1133,238.42864651055646
1,1134,183.9982599938465
1,1135,248.7319397251412
1,1136,54.43404817399648
1,1137,307.9823233228401
1,1138,262.7117403101167
1,1139,229.81383244009476
1,1140,337.6365517093474
1,1141,244.25352853812538
1,1142,59.3086982219709
1,1143,137.60564665854423
1,1144,72.0700848267084
1,1145,209.83165124685564
1,1146,138.94237353018116
1,1147,236.65699072142405
1,1148,52.44004932458374
1,1149,275.0920114057378
1,1150,94.10667753618489
1,1151,234.4024779488259
1,1152,50.04389479949903
1,1153,238.83848808513594
1,1154,236.09831313531936
1,1155,51.91873260674733
1,1156,333.25916167188836
1,1157,212.23688840615404
1,1158,240.28716818918164
1,1159,351.7026637240634
1,1160,41.059121249778556
1,1161,327.1312272939463
1,1162,387.14825782966585
1,1163,239.46618815274297
1,1164,250.98212145774573
1,1165,138.52383604084042
1,1166,243.94009726747538
1,1167,52.10018921665487
1,1168,244.88442550188103
1,1169,277.90388618777985
1,1170,124.98027400274819
1,1171,51.95159148246077
1,1172,244.1103039242932
1,1173,284.24213006433445
1,1174,300.96342337098605
1,1175,243.8568738329985
1,1176,28.39917160430698
1,1177,319.9133455653496
1,1178,249.15905668513312
1,1179,42.119938887322036
1,1180,328.65785405005136
1,1181,377.38619543381947
1,1182,160.02520796291986
1,1183,212.10063192625796
1,1184,361.71075094840774
1,1185,257.37822028738026
1,1186,126.3278307178173
1,1187,42.35611093085604
1,1188,236.34681340533808
1,1189,56.11534590143846
1,1190,243.7480241569349
1,1191,46.17543363310429
1,1192,233.8630700987971
1,1193,46.19784453386625
1,1194,54.50275907772196
1,1195,246.38882789505055
1,1196,241.49947129003056
1,1197,51.709574708634605
1,1198,198.39525234498018
1,1199,52.03962135085678
1,1200,289.29496419566976
1,1201,98.14993509344151
1,1202,134.69254087152075
1,1203,143.55497131661727
1,1204,238.09236676935296
1,1205,235.89010360070347
1,1206,88.8145094045894
1,1207,49.244132394360356
1,1208,95.1848139320978
1,1209,235.6383553549664
1,1210,54.09867919392796
1,1211,233.88059505012998
1,1212,218.02517066689109
1,1213,243.83383269632054
1,1214,82.03254839359573
1,1215,245.14946114330445
1,1216,206.02068152193578
1,1217,228.064292017009
1,1218,99.89076467663608
1,1219,56.44973206110878
1,1220,229.228982791776
1,1221,149.39072337610997
1,1222,243.4050793612451
1,1223,237.86964048616
1,1224,159.48833417339415
1,1225,240.30098094790225
1,1226,210.09831987282806
1,1227,217.95792782943477
1,1228,234.3195826076569
1,1229,217.2520347234422
1,1230,222.37702937260042
1,1231,308.66946756415433
1,1232,213.9404402150459
1,1233,316.7841909428501
1,1234,45.377808088790076
1,1235,302.48838113102613
1,1236,50.741973457799475
1,1237,241.84464967743938
1,1238,50.04522120322879
1,1239,235.80476513420825
1,1240,165.5276614535297
1,1241,241.6038028371222
1,1242,47.28463102882111
1,1243,204.2039556341294
1,1244,257.3154968819226
1,1245,247.03994743638464
1,1246,223.6669425839015
1,1247,213.4283682916465
1,1248,220.3471957763993
1,1249,29.610963832513225
1,1250,218.58757610552925
1,1251,240.71924035778758
1,1252,233.80868732654477
1,1253,49.041613809149005
1,1254,215.25151273076395
1,1255,227.02862611921182
1,1256,230.93639096832595
1,1257,49.17375787166169
1,1258,227.2634665112331
1,1259,277.3823610962189
1,1260,234.8226038474951
1,1261,60.18624819330162
1,1262,260.84086629483926
1,1263,49.888446411992376
1,1264,206.9724836679728
1,1265,249.23728429562135
1,1266,254.1439172834223
1,1267,255.23175353740424
1,1268,51.24567209925481
1,1269,229.87086460874426
1,1270,248.45672729709372
1,1271,43.980006090556785
1,1272,256.91368573586783
1,1273,241.19934947758722
1,1274,243.93835244405716
1,1275,238.3073075313962
1,1276,234.4123807097103
1,1277,43.0266244532655
1,1278,215.0040746459211
1,1279,188.87075003804625
1,1280,227.9933908623866
1,1281,229.77986232000444
1,1282,257.1958867934172
1,1283,39.35202644386005
1,1284,241.31288090094125
1,1285,456.7096893482737
1,1286,51.72125059930093
1,1287,265.6889170548792
1,1288,224.61935686229765
1,1289,81.94803134168731
1,1290,228.57657446243186
1,1291,269.00860657308516
1,1292,230.36619571113022
1,1293,53.114433506145915
1,1294,236.7370210912697
1,1295,131.29127097514242
1,1296,308.02278904216644
1,1297,52.5443466297039
1,1298,231.84504858150342
1,1299,131.97975159668982
1,1300,53.940601701545646
1,1301,95.50282112336663
1,1302,232.72627223488914
1,1303,50.79881306699169
1,1304,31.646985993209846
1,1305,194.388678183298
1,1306,227.5768036278355
1,1307,230.61986230387242
1,1308,231.49079518329057
1,1309,44.02807246210685
1,1310,240.38813798871269
1,1311,49.82956544692624
1,1312,232.34235705441984
1,1313,133.95056733857726
1,1314,226.10594403584682
1,1315,51.08283682288264
1,1316,245.09901971757935
1,1317,44.458356486283044
1,1318,238.37158287900854
1,1319,167.18369348113424
1,1320,230.12072723753104
1,1321,51.11151094855403
1,1322,253.0503653779724
1,1323,71.54386075633221
1,1324,241.02055557398648
1,1325,46.76789943204751
1,1326,237.91686828507767
1,1327,172.32723249805895
1,1328,234.9064429099987
1,1329,246.25824488209057
1,1330,244.3687900075629
1,1331,51.16818511796804
1,1332,208.87522305788224
1,1333,249.6027655480797
1,1334,32.835583289845566
1,1335,224.22790263883985
1,1336,303.8081058514392
1,1337,224.53866335151815
1,1338,216.25323236285584
1,1339,53.5845112611795
1,1340,236.53875545589244
1,1341,365.15741647579284
1,1342,177.93522789647096
1,1343,244.81749424126906
1,1344,53.394924232817914
1,1345,207.79695687613471
1,1346,264.26376805492305
1,1347,45.23532166554412
1,1348,141.73169545751176
1,1349,237.10746812632664
1,1350,258.94877849750355
1,1351,229.52760961356154
1,1352,265.2933499681456
1,1353,251.62069706058065
1,1354,83.18320172547247
1,1355,257.05795050036016
1,1356,329.8806371544615
1,1357,80.09005500666099
1,1358,216.326029267789
1,1359,52.41433677029771
1,1360,221.11245799543752
1,1361,168.30012483843186
1,1362,241.9629597104199
1,1363,50.12114258402235
1,1364,209.10023165791677
1,1365,252.6888974690687
1,1366,258.18523168519255
1,1367,222.86745014222126
1,1368,232.42541594297387
1,1369,50.982270118131396
1,1370,212.88009650060275
1,1371,79.76801891620588
1,1372,283.89137037448074
1,1373,252.66527964399938
1,1374,173.98737146373725
1,1375,54.49491772064172
1,1376,246.25552460853328
1,1377,228.13823259241536
1,1378,256.445505008148
1,1379,50.62435995026502
1,1380,224.36064257440552
1,1381,245.0302723655701
1,1382,45.17546536648563
1,1383,136.4980392073939
1,1384,252.646294886377
1,1385,33.58805616788348
1,1386,240.3251564628295
1,1387,244.49096368566865
1,1388,52.93696039700995
1,1389,236.19394679949232
1,1390,324.1429428177397
1,1391,253.53168392257115
1,1392,51.80729541579251
1,1393,212.72630134238926
1,1394,267.11005609191426
1,1395,250.74109854045832
1,1396,254.82409878822295
1,1397,76.32349105449634
1,1398,239.06723778268358
1,1399,238.19454882501407
1,1400,46.10637601526105
1,1401,368.9975307645075
1,1402,181.57854432015796
1,1403,52.26529057189535
1,1404,250.30794390538153
1,1405,255.23654086569047
1,1406,232.98975347946185
1,1407,116.96497464141841
1,1408,210.6537918085446
1,1409,188.92701666855027
1,1410,55.003992200585344
1,1411,249.3343902217899
1,1412,325.3181447714142
1,1413,255.81227090406622
1,1414,228.8558444494323
1,1415,32.53797139113105
1,1416,259.62242658497513
1,1417,45.10478575086139
1,1418,32.760624303270944
1,1419,257.10187076476075
1,1420,267.0403167552096
1,1421,81.43482056159101
1,1422,199.22464435031293
1,1423,232.11458705017685
1,1424,240.96783058206182
1,1425,54.46102551255984
1,1426,32.76666470918331
1,1427,384.62413367116744
1,1428,259.79910772543394
1,1429,237.65290831962784
1,1430,52.313656139911345
1,1431,317.28042488890674
1,1432,53.59642456996791
1,1433,262.79884316472294
1,1434,238.65645767565456
1,1435,229.96499944799672
1,1436,142.38949723804387
1,1437,235.30388026269793
1,1438,115.43202559862728
1,1439,50.503706036464706
1,1440,233.99391996546018
1,1441,50.48966985787584
1,1442,236.95131383504065
1,1443,226.1311956106644
1,1444,246.90468658560468
1,1445,53.95716687917342
1,1446,227.93169359954396
1,1447,246.31357473521317
1,1448,263.08082892665357
1,1449,248.91642172929113
1,1450,84.04384691007323
1,1451,251.62620651809763
1,1452,140.4068778411155
1,1453,244.7910705856821
1,1454,51.955912033767575
1,1455,237.41162693247708
1,1456,238.25644453871342
1,1457,168.67320054882074
1,1458,283.9776510227849
1,1459,248.54938146621677
1,1460,52.096159296816154
1,1461,347.08030005572516
1,1462,257.32073462060146
1,1463,46.71692325051509
1,1464,239.61749435896974
1,1465,251.12294779887134
1,1466,247.66513068468737
1,1467,246.52210948809397
1,1468,140.06846113802652
1,1469,141.5778435922016
1,1470,243.08532324073877
1,1471,144.2111864365186
1,1472,256.16062691572773
1,1473,53.273827326804025
1,1474,242.27348481500897
1,1475,42.192721730470495
1,1476,251.01619595606292
1,1477,330.35625946640926
1,1478,81.50365760331904
1,1479,244.68823886474615
1,1480,53.77436765777562
1,1481,252.46025079564302
1,1482,53.10063299555844
1,1483,225.83108813526934
1,1484,253.60350298642845
1,1485,188.6778558258507
1,1486,57.25464941615095
1,1487,253.8102555434
1,1488,242.05771786030016
1,1489,249.74807372390373
1,1490,254.55757186921417
1,1491,253.75736770337704
1,1492,57.95046283104038
1,1493,249.24240118343903
1,1494,252.54027642560334
1,1495,203.1088087908799
1,1496,245.65727455474826
1,1497,54.82027605306964
1,1498,355.16811956503403
1,1499,253.32845803611957
1,1500,252.3238208954861
1,1501,12.587752385055879
1,1502,258.3959479700568
1,1503,250.3722207221497
1,1504,67.98547098862619
1,1505,192.3991068134481
1,1506,246.38118703856532
1,1507,55.00087889302178
1,1508,250.78439052153414
1,1509,54.92692717183037
1,1510,171.540829765433
1,1511,63.849095314270734
1,1512,256.64791569258256
1,1513,235.90909067008823
1,1514,87.85186597117858
1,1515,246.31216420015974
1,1516,120.8202278824877
1,1517,247.04160316695896
1,1518,327.2371400284277
1,1519,248.81997072721595
1,1520,182.11573946465387
1,1521,239.1706425556705
1,1522,55.03210781786464
1,1523,248.45442622390516
1,1524,250.69025144588494
1,1525,55.31636708635378
1,1526,237.7635099707113
1,1527,181.2221779763098
1,1528,249.5976134832797
1,1529,54.792453980075784
1,1530,248.81956995047366
1,1531,257.58763605758475
1,1532,46.128633264723014
1,1533,53.42793919971486
1,1534,252.87048698731016
1,1535,51.878049334647386
1,1536,209.71879113037448
1,1537,255.6255906972526
1,1538,258.13219042342416
1,1539,273.13874219652774
1,1540,231.21639655500996
1,1541,285.50111947151487
1,1542,230.45129511746686
1,1543,246.189930930865
1,1544,57.00932513643596
1,1545,33.213262130716856
1,1546,241.3313889442484
1,1547,254.89566585548673
1,1548,51.3174081774754
1,1549,308.44177957948386
1,1550,52.599873584179164
1,1551,231.37805542022517
1,1552,230.7477082722039
1,1553,50.67635247471485
1,1554,202.515589692498
1,1555,53.06267805876483
1,1556,282.2096311568241
1,1557,229.91753476728033
1,1558,52.130743812324766
1,1559,239.32431895575897
1,1560,167.25628920644766
1,1561,241.5274455464789
1,1562,50.7795230107113
1,1563,234.3001104057193
1,1564,249.9977845054026
1,1565,241.05067971426007
1,1566,174.1457188465294
1,1567,50.84343828852535
1,1568,256.6891057536795
1,1569,232.2970369175901
1,1570,57.15669388370223
1,1571,242.5332636289786
1,1572,331.37032773788656
1,1573,255.37407074965256
1,1574,51.71271841975687
1,1575,210.54073050217636
1,1576,250.884626985187
1,1577,226.61523540960337
1,1578,226.56639761708132
1,1579,232.74676088825504
1,1580,44.99245382163062
1,1581,137.83112675689244
1,1582,246.8634219535562
1,1583,50.9871412915907
1,1584,242.53040361129848
1,1585,53.22042096325174
1,1586,248.49343311907575
1,1587,82.39597578361763
1,1588,255.22762873401987
1,1589,135.36802892730165
1,1590,132.86300051952782
1,1591,279.74052665619894
1,1592,13.96193185015874
1,1593,125.11422002549405
1,1594,50.55067454682723
1,1595,255.5134917084439
1,1596,40.516288803652174
1,1597,215.15461860009682
1,1598,53.12825355232534
1,1599,240.0013399473694
1,1600,249.22014301629846
1,1601,52.06232355737628
1,1602,159.73099272522046
1,1603,273.3039189583609
1,1604,259.17646504706
1,1605,85.95255660438994
1,1606,254.03818392469014
1,1607,53.122161940622405
1,1608,252.31984583889164
1,1609,251.34240627727291
1,1610,57.257973845386616
1,1611,243.34860749533487
1,1612,50.36116367041885
1,1613,100.16973208408027
1,1614,254.41079284813688
1,1615,53.56656260135674
1,1616,41.651430375409994
1,1617,303.8240315291497
1,1618,56.014879205786
1,1619,237.9074411173082
1,1620,100.91354026656481
1,1621,53.82462748495825
1,1622,285.84125175990823
1,1623,309.4952170952406
1,1624,237.71441032864863
1,1625,215.49990342829756
1,1626,239.97064008155053
1,1627,253.50588880857325
1,1628,52.877192138892475
1,1629,248.27197340819717
1,1630,404.95005897950426
1,1631,53.584512372312474
1,1632,253.2834926957709
1,1633,243.23009788200113
1,1634,249.43085501541134
1,1635,159.27408481419457
1,1636,270.36272576913507
1,1637,253.34804545776728
1,1638,239.29442131429224
1,1639,248.83849175257774
1,1640,99.56243783272126
1,1641,226.6959783129457
1,1642,40.51883239745413
1,1643,238.1613258256246
1,1644,53.69586677301095
1,1645,158.88688075078534
1,1646,270.2246435436594
1,1647,148.24940842737976
1,1648,242.79880438313583
1,1649,13.537548461200723
1,1650,125.32517168651503
1,1651,54.07474924012823
1,1652,254.95100386430772
1,1653,42.976291646783906
1,1654,216.99996101192573
1,1655,54.18277780797773
1,1656,242.80415811156456
1,1657,249.9491012455909
1,1658,52.9885983257455
1,1659,157.24617599637537
1,1660,265.5816647252205
1,1661,252.02856163005526
1,1662,82.24342599164925
1,1663,249.57580273961588
1,1664,52.08160681929667
1,1665,244.02964057652122
1,1666,246.27936558514523
1,1667,52.130123561823126
1,1668,109.20255020369386
1,1669,223.7179551535744
1,1670,40.30593386103128
1,1671,237.5070901478614
1,1672,51.7929567481312
1,1673,253.52836457389319
1,1674,248.84521048385324
1,1675,45.25605443573874
1,1676,242.74596484863062
1,1677,244.17269318328607
1,1678,54.008631761193755
1,1679,241.78301208491018
1,1680,51.331303765998896
1,1681,98.16960485132752
1,1682,253.3397633410238
1,1683,53.13725715170018
1,1684,41.13136811387936
1,1685,302.95260832976135
1,1686,53.12816195974462
1,1687,241.8885599148535
1,1688,100.02911070705264
1,1689,53.44042656065983
1,1690,292.0945764207082
1,1691,409.47992810150174
1,1692,53.448048437723656
1,1693,253.39458099045237
1,1694,249.68795105887438
1,1695,46.10564889072408
1,1696,244.58336840386215
1,1697,246.80743528578063
1,1698,303.0926461082213
1,1699,242.98129577029263
1,1700,215.88350020099028
1,1701,237.4685998600989
1,1702,251.2346452383345
1,1703,53.92111831064322
1,1704,244.75470143892153
1,1705,52.8303411675077
1,1706,41.82531902813842
1,1707,246.02980402651366
1,1708,54.67941526374225
1,1709,158.61668157359594
1,1710,269.0231069378018
1,1711,209.69543596939286
1,1712,161.99105148882012
1,1713,99.18359835052703
1,1714,119.23962023008534
1,1715,270.18196223068617
1,1716,150.8242538022044
1,1717,148.41065802397452
1,1718,246.2358240220194
1,1719,53.77236051636846
1,1720,81.2797030969162
1,1721,231.86767018388576
1,1722,249.5009106803588
1,1723,241.76815032893626
1,1724,58.690694135285284
1,1725,247.4481663059555
1,1726,97.04901516320697
1,1727,249.01937321266936
1,1728,257.9836417928677
1,1729,255.06965157703866
1,1730,155.40860480852336
1,1731,237.90472622247512
1,1732,52.66962692265234
1,1733,264.7001450310285
1,1734,253.30201388690676
1,1735,33.355554846165134
1,1736,232.4319099311691
1,1737,52.21751470737291
1,1738,138.2229581350449
1,1739,469.038782043499
1,1740,253.09622526472356
1,1741,237.5032327252266
1,1742,52.21967593184844
1,1743,241.5178961697634
1,1744,168.58558409888747
1,1745,33.68118221858434
1,1746,244.80427094254526
1,1747,255.01229958635298
1,1748,53.76025797414282
1,1749,493.5246812584821
1,1750,46.22521679770968
1,1751,255.08291439832652
1,1752,34.9910815445114
1,1753,242.74278724579648
1,1754,252.87720146687337
1,1755,221.13049200149095
1,1756,246.71016707703563
1,1757,139.590310616453
1,1758,190.7801476405968
1,1759,54.9710806898761
1,1760,249.55448102089824
1,1761,54.979102490184246
1,1762,208.36328481627027
1,1763,55.82383594712705
1,1764,254.48937524108425
1,1765,247.44794807510667
1,1766,55.29629725360954
1,1767,251.9078014022256
1,1768,257.29900093300756
1,1769,34.62597084542762
1,1770,250.07015031213479
1,1771,46.80414559828195
1,1772,57.87181975534785
1,1773,495.219082597113
1,1774,57.97198434585553
1,1775,34.65005928415276
1,1776,241.54420542974668
1,1777,240.2000843517692
1,1778,55.75896554520695
1,1779,289.13727479657575
1,1780,252.33463256423641
1,1781,241.0861630510859
1,1782,242.3794338635015
1,1783,58.98681475532416
1,1784,248.85272838229983
1,1785,66.65042833317922
1,1786,250.05547588401066
1,1787,456.88482011522
1,1788,238.76833877490822
1,1789,52.75951908187318
1,1790,245.65319978028168
1,1791,138.7975446058259
1,1792,61.06491771937314
1,1793,179.72832636329883
1,1794,247.48202604551983
1,1795,54.3160502157648
1,1796,245.72088550899718
1,1797,250.76783926286637
1,1798,45.30142095587998
1,1799,138.42413201446152
1,1800,186.6160269670563
1,1801,267.28057068379655
1,1802,52.3836275980594
1,1803,205.6058746230037
1,1804,247.49749730153047
1,1805,46.39633263683118
1,1806,63.072790822219794
1,1807,247.84425326504322
1,1808,259.0489531301837
1,1809,27.41945950498001
1,1810,80.76040553143935
1,1811,139.7230886761286
1,1812,191.28691328426714
1,1813,54.850371630503304
1,1814,143.9279597334882
1,1815,195.83716969464746
1,1816,57.38556630665735
1,1817,43.567713044156676
1,1818,244.60680829468873
1,1819,262.30446177630995
1,1820,248.44185554732084
1,1821,260.5331381363823
1,1822,86.97830892694682
1,1823,244.2669051343766
1,1824,262.19192501667925
1,1825,60.907970647760465
1,1826,250.17818674367746
1,1827,56.23613538639789
1,1828,217.0787463690591
1,1829,256.23004802119084
1,1830,149.48401902247025
1,1831,260.16047445693994
1,1832,92.90272870381429
1,1833,261.8114212027502
1,1834,250.76781326079578
1,1835,47.5937325416406
1,1836,197.5214411780005
1,1837,249.80473628394216
1,1838,59.2186095302216
1,1839,251.02305192166276
1,1840,56.30799832698817
1,1841,243.9076397784856
1,1842,251.10213596164255
1,1843,249.6888841574296
1,1844,267.6950025728016
1,1845,56.57775084226512
1,1846,252.8430625340318
1,1847,180.49835759041878
1,1848,255.86507850911678
1,1849,247.93596223041405
1,1850,147.8412453083001
1,1851,250.27683836791442
1,1852,55.0205285868024
1,1853,241.82289014411555
1,1854,56.79375324935086
1,1855,256.2778162028493
1,1856,251.36625518194484
1,1857,55.0279971636086
1,1858,252.58020195389656
1,1859,43.492673413311365
1,1860,242.73054376401325
1,1861,54.802094163061355
1,1862,252.8450914103567
1,1863,253.50418425331048
1,1864,43.48205722482548
1,1865,239.3043807571613
1,1866,249.442710116365
1,1867,335.9063251526161
1,1868,56.91300602602681
1,1869,243.6636145192534
1,1870,53.99757575019042
1,1871,268.8703270254282
1,1872,53.05853373965871
1,1873,240.60682190060476
1,1874,267.7679041861535
1,1875,56.93672232912684
1,1876,249.19718349364007
1,1877,338.0413546602124
1,1878,254.8157393431749
1,1879,54.04089392856547
1,1880,259.18346702426174
1,1881,248.36825628239694
1,1882,77.27306103147465
1,1883,145.34496295484118
1,1884,255.84389565837606
1,1885,267.4963140762352
1,1886,18.16901424706316
1,1887,248.99291184794572
1,1888,234.38572117948348
1,1889,238.4300285252217
1,1890,92.59526731573271
1,1891,231.65997662469303
1,1892,216.46741981995996
1,1893,208.93343586188792
1,1894,224.33896057994178
1,1895,368.64517912459445
1,1896,222.4863740960618
1,1897,233.1688273589962
1,1898,46.00565551207697
1,1899,224.8202318410569
1,1900,96.4537447110778
1,1901,48.8715442246071
1,1902,238.56502484012353
1,1903,130.48005889678404
1,1904,244.20387454893745
1,1905,229.4919689036404
1,1906,233.03834019768573
1,1907,246.36705858326647
1,1908,92.11079531448186
1,1909,246.50929404846758
1,1910,52.07906711940815
1,1911,205.17702204994134
1,1912,43.14774521824194
1,1913,50.66696229333964
1,1914,226.0607891075574
1,1915,275.9833947181751
1,1916,51.9395638771545
1,1917,245.88722893877213
1,1918,93.12867382980278
1,1919,251.765618444761
1,1920,248.17404820618162
1,1921,233.45216417056116
1,1922,144.33544049393572
1,1923,78.91258915109746
1,1924,234.58170236060255
1,1925,236.1004415106339
1,1926,254.60304032110736
1,1927,49.03933131437843
1,1928,362.0912836311844
1,1929,233.11251253064484
1,1930,242.68577269866893
1,1931,231.1069463019469
1,1932,250.79770327998068
1,1933,297.9997578779477
1,1934,223.20649848508484
1,1935,141.47835198053036
1,1936,220.2782951520406
1,1937,226.526186160183
1,1938,43.3398957482988
1,1939,180.58711744862245
1,1940,221.72686233797384
1,1941,228.63275211307212
1,1942,236.1409219326339
1,1943,178.33633524527175
1,1944,88.08664018216913
1,1945,215.06352861496737
1,1946,47.90447718260681
1,1947,78.2591345364568
1,1948,245.31799095043155
1,1949,50.34537896579907
1,1950,272.33895151390914
1,1951,231.5879586699606
1,1952,28.587450602863285
1,1953,126.17732275213669
1,1954,252.54985189320186
1,1955,57.721235885179155
1,1956,161.24062727006748
1,1957,68.73930128724598
1,1958,207.76596866931703
1,1959,52.93813866334918
1,1960,239.71836763439177
1,1961,236.07433195669182
1,1962,51.32527363129152
1,1963,272.4152420562465
1,1964,234.83144054981545
1,1965,44.361552225084324
1,1966,32.037752746003655
1,1967,203.97365260090533
1,1968,161.12175432444235
1,1969,239.48640694162606
1,1970,228.74317585581838
1,1971,253.95182306100918
1,1972,224.09764208025666
1,1973,169.55632593871752
1,1974,32.66608939813316
1,1975,198.00150847596407
1,1976,227.41763303866566
1,1977,241.59825956020865
1,1978,230.57293587210356
1,1979,236.07638990265266
1,1980,224.70294205303168
1,1981,53.09895685572167
1,1982,129.21580936568557
1,1983,44.82388766769586
1,1984,94.10895343666932
1,1985,248.65500309435035
1,1986,346.16469327456304
1,1987,218.1767835613306
1,1988,56.47686329694196
1,1989,138.63579986387845
1,1990,41.35750077903261
1,1991,249.9229247065117
1,1992,54.15556560887535
1,1993,162.42451675212027
1,1994,229.90952318000996
1,1995,244.82924141156468
1,1996,233.3564561677947
1,1997,424.70681852733196
1,1998,326.7785397520518
1,1999,55.52723244822907
1,2000,33.31052326986358
1,2001,245.3814995662276
1,2002,58.506124672679576
1,2003,59.57825307001787
1,2004,240.26701021281053
1,2005,49.42404970227987
1,2006,504.179708793358
1,2007,49.42404970227987
1,2008,237.01108988536623
1,2009,233.6437759882017
1,2010,270.84932382847273
1,2011,118.95423522024379
1,2012,242.68957897663273
1,2013,10.971078870326412
1,2014,226.34209089434478
1,2015,117.82554822497939
1,2016,214.67537330625677
1,2017,182.6294950359994
1,2018,94.98055143327481
1,2019,245.17958044082854
1,2020,46.32242261891651
1,2021,125.97470482055229
1,2022,230.4464245337041
1,2023,119.2480366696101
1,2024,249.10969240275344
1,2025,51.68008329936651
1,2026,278.3611983425095
1,2027,240.706382121633
1,2028,217.83531305446553
1,2029,191.8298834678656
1,2030,240.13504513227065
1,2031,225.03736071747272
1,2032,97.91912369183422
1,2033,235.10887129647233
1,2034,224.27480352524833
1,2035,52.92067005827936
1,2036,253.23788767652002
1,2037,44.88177490176952
1,2038,242.26995489813206
1,2039,231.66164161594253
1,2040,139.0130788670232
1,2041,243.7487656751025
1,2042,139.5177195640489
1,2043,248.86183400706733
1,2044,359.1686343958414
1,2045,243.17544537797357
1,2046,250.60202683987075
1,2047,51.60214491714416
1,2048,115.93479630108493
1,2049,238.40091411229912
1,2050,242.98262589465594
1,2051,94.32156989196494
1,2052,244.0867703079802
1,2053,127.59374718041528
1,2054,250.0758306648156
1,2055,236.2630899619466
1,2056,256.7881925686231
1,2057,88.98372241437643
1,2058,46.08750130853937
1,2059,344.0135413221522
1,2060,238.3768713356138
1,2061,48.14945550541419
1,2062,242.75590687799524
1,2063,95.69935042456547
1,2064,243.6013512107259
1,2065,334.49011843845835
1,2066,54.54151481953133
1,2067,257.36902201932907
1,2068,212.56664797692886
1,2069,245.6351863550965
1,2070,46.477056694867386
1,2071,255.3434578570135
1,2072,42.363029653011395
1,2073,252.64814824076205
1,2074,56.155664557586576
1,2075,247.9419408590203
1,2076,232.38584838761057
1,2077,156.53714147160395
1,2078,255.5077464773721
1,2079,249.138062324977
1,2080,46.241587059785786
1,2081,240.642163813006
1,2082,163.78610412212385
1,2083,244.31788224807573
1,2084,238.3282270700659
1,2085,143.27100819161709
1,2086,184.5498600013456
1,2087,119.78686832888053
1,2088,240.9841382148112
1,2089,244.8390274763468
1,2090,58.054872978379876
1,2091,295.0113154115062
1,2092,52.0830589548484
1,2093,95.58977072176508
1,2094,244.3101413250628
1,2095,128.19796798445162
1,2096,126.99553526494458
1,2097,119.70444801096778
1,2098,182.2884699439859
1,2099,242.04896044014112
1,2100,33.13177180642174
1,2101,238.85643634742235
1,2102,95.01954522463141
1,2103,244.51561560498158
1,2104,47.59923468373668
1,2105,78.62614219960795
1,2106,154.1774308758402
1,2107,47.454772969970136
1,2108,134.85142778385156
1,2109,57.306959088731745
1,2110,96.0782099757259
1,2111,233.35074727820967
1,2112,41.13941422975168
1,2113,239.30300425344126
1,2114,257.85088306924206
1,2115,139.1713883582088
1,2116,55.74215999614158
1,2117,238.99722885663783
1,2118,243.81833003517795
1,2119,56.5083477833503
1,2120,347.6765269815848
1,2121,33.05652322093805
1,2122,231.04552479394775
1,2123,52.611040415544174
1,2124,136.57961382628744
1,2125,249.00070955436684
1,2126,247.6060383525133
1,2127,55.65674434440055
1,2128,222.17274950800777
1,2129,113.07963800634727
1,2130,239.6310581534803
1,2131,53.69982496971622
1,2132,242.72676167719726
1,2133,56.22789499528116
1,2134,239.99009239411703
1,2135,48.20586057302363
1,2136,257.54589106914386
1,2137,234.00391280096375
1,2138,248.66570049820012
1,2139,229.39744024082205
1,2140,57.00892529541889
1,2141,245.79539613927392
1,2142,243.52392971645617
1,2143,243.10451520431644
1,2144,248.19835990451278
1,2145,153.46088361885703
1,2146,422.50717196067694
1,2147,49.94239797052971
1,2148,470.8812812622841
1,2149,57.88718361264841
1,2150,239.96582949938917
1,2151,40.81710119309123
1,2152,246.15439616347572
1,2153,45.029207903578225
1,2154,93.97885970135313
1,2155,241.8336613743669
1,2156,56.67316910516523
1,2157,54.35330873200564
1,2158,96.31517695863499
1,2159,170.0357047635766
1,2160,51.708467442241044
1,2161,128.79773357382822
1,2162,46.08320920380513
1,2163,246.07809339056791
1,2164,104.81938350686818
1,2165,96.52289392777668
1,2166,243.96712855694528
1,2167,127.91678989104645
1,2168,54.406479713463206
1,2169,250.85231117442365
1,2170,234.6807734025966
1,2171,63.85853713618993
1,2172,130.7219512479238
1,2173,47.81126370453069
1,2174,237.21108890315764
1,2175,250.01907146734146
1,2176,140.55921785069899
1,2177,246.2244220718802
1,2178,52.55127293901113
1,2179,96.79846334903618
1,2180,246.8954684778295
1,2181,245.22939797335238
1,2182,75.15885843346013
1,2183,243.5663383130689
1,2184,58.01914918611922
1,2185,244.5550270552493
1,2186,55.60425416782839
1,2187,247.56822178839008
1,2188,257.8715526162755
1,2189,57.11440343084921
1,2190,385.83013244035556
1,2191,57.115016109484934
1,2192,253.7559242415354
1,2193,240.2696003237134
1,2194,244.29889598528882
1,2195,58.51369117402039
1,2196,242.4307856356333
1,2197,143.601215082456
1,2198,52.36054096909788
1,2199,382.0520670274459
1,2200,50.721049945288556
1,2201,247.36916983436112
1,2202,51.417417569263876
1,2203,237.4274766217685
1,2204,127.74631845102368
1,2205,8.526295485310785
1,2206,350.32815823266964
1,2207,232.2150248159532
1,2208,242.09410393032516
1,2209,49.33547846987328
1,2210,72.27884833256967
1,2211,239.0118422029969
1,2212,300.9979530242829
1,2213,86.2879144195313
1,2214,243.09633281515465
1,2215,141.50624424445232
1,2216,127.3876884079956
1,2217,258.2980086990239
1,2218,98.16112272656504
1,2219,48.825905788151005
1,2220,243.50579492543284
1,2221,202.5632522355706
1,2222,249.23139520984228
1,2223,45.03910168791454
1,2224,238.42864651055646
1,2225,183.9982599938465
1,2226,248.7319397251412
1,2227,54.43404817399648
1,2228,307.9823233228401
1,2229,262.7117403101167
1,2230,229.81383244009476
1,2231,337.6365517093474
1,2232,244.25352853812538
1,2233,59.3086982219709
1,2234,137.60564665854423
1,2235,72.0700848267084
1,2236,209.83165124685564
1,2237,138.94237353018116
1,2238,236.65699072142405
1,2239,52.44004932458374
1,2240,275.0920114057378
1,2241,94.10667753618489
1,2242,234.4024779488259
1,2243,50.04389479949903
1,2244,238.83848808513594
1,2245,236.09831313531936
1,2246,51.91873260674733
1,2247,333.25916167188836
1,2248,212.23688840615404
1,2249,240.28716818918164
1,2250,351.7026637240634
1,2251,41.059121249778556
1,2252,327.1312272939463
1,2253,387.14825782966585
1,2254,239.46618815274297
1,2255,250.98212145774573
1,2256,138.52383604084042
1,2257,243.94009726747538
1,2258,52.10018921665487
1,2259,244.88442550188103
1,2260,277.90388618777985
1,2261,124.98027400274819
1,2262,51.95159148246077
1,2263,244.1103039242932
1,2264,284.24213006433445
1,2265,300.96342337098605
1,2266,243.8568738329985
1,2267,28.39917160430698
1,2268,319.9133455653496
1,2269,249.15905668513312
1,2270,42.119938887322036
1,2271,328.65785405005136
1,2272,377.38619543381947
1,2273,160.02520796291986
1,2274,212.10063192625796
1,2275,361.71075094840774
1,2276,257.37822028738026
1,2277,126.3278307178173
1,2278,42.35611093085604
1,2279,236.34681340533808
1,2280,56.11534590143846
1,2281,243.7480241569349
1,2282,46.17543363310429
1,2283,233.8630700987971
1,2284,46.19784453386625
1,2285,54.50275907772196
1,2286,246.38882789505055
1,2287,241.49947129003056
1,2288,51.709574708634605
1,2289,198.39525234498018
1,2290,52.03962135085678
1,2291,289.29496419566976
1,2292,98.14993509344151
1,2293,134.69254087152075
1,2294,143.55497131661727
1,2295,238.09236676935296
1,2296,235.89010360070347
1,2297,88.8145094045894
1,2298,49.244132394360356
1,2299,95.1848139320978
1,2300,235.6383553549664
1,2301,54.09867919392796
1,2302,233.88059505012998
1,2303,218.02517066689109
1,2304,243.83383269632054
1,2305,82.03254839359573
1,2306,245.14946114330445
1,2307,206.02068152193578
1,2308,228.064292017009
1,2309,99.89076467663608
1,2310,56.44973206110878
1,2311,229.228982791776
1,2312,149.39072337610997
1,2313,243.4050793612451
1,2314,237.86964048616
1,2315,159.48833417339415
1,2316,240.30098094790225
1,2317,210.09831987282806
1,2318,217.95792782943477
1,2319,234.3195826076569
1,2320,217.2520347234422
1,2321,222.37702937260042
1,2322,308.66946756415433
1,2323,213.9404402150459
1,2324,316.7841909428501
1,2325,45.377808088790076
1,2326,302.48838113102613
1,2327,50.741973457799475
1,2328,241.84464967743938
1,2329,50.04522120322879
1,2330,235.80476513420825
1,2331,165.5276614535297
1,2332,241.6038028371222
1,2333,47.28463102882111
1,2334,204.2039556341294
1,2335,257.3154968819226
1,2336,247.03994743638464
1,2337,223.6669425839015
1,2338,213.4283682916465
1,2339,220.3471957763993
1,2340,29.610963832513225
1,2341,218.58757610552925
1,2342,240.71924035778758
1,2343,233.80868732654477
1,2344,49.041613809149005
1,2345,215.25151273076395
1,2346,227.02862611921182
1,2347,230.93639096832595
1,2348,49.17375787166169
1,2349,227.2634665112331
1,2350,277.3823610962189
1,2351,234.8226038474951
1,2352,60.18624819330162
1,2353,260.84086629483926
1,2354,49.888446411992376
1,2355,206.9724836679728
1,2356,249.23728429562135
1,2357,254.1439172834223
1,2358,255.23175353740424
1,2359,51.24567209925481
1,2360,229.87086460874426
1,2361,248.45672729709372
1,2362,43.980006090556785
1,2363,256.91368573586783
1,2364,241.19934947758722
1,2365,243.93835244405716
1,2366,238.3073075313962
1,2367,234.4123807097103
1,2368,43.0266244532655
1,2369,215.0040746459211
1,2370,188.87075003804625
1,2371,227.9933908623866
1,2372,229.77986232000444
1,2373,257.1958867934172
1,2374,39.35202644386005
1,2375,241.31288090094125
1,2376,456.7096893482737
1,2377,51.72125059930093
1,2378,265.6889170548792
1,2379,224.61935686229765
1,2380,81.94803134168731
1,2381,228.57657446243186
1,2382,269.00860657308516
1,2383,230.36619571113022
1,2384,53.114433506145915
1,2385,236.7370210912697
1,2386,131.29127097514242
1,2387,308.02278904216644
1,2388,52.5443466297039
1,2389,231.84504858150342
1,2390,131.97975159668982
1,2391,53.940601701545646
1,2392,95.50282112336663
1,2393,232.72627223488914
1,2394,50.79881306699169
1,2395,31.646985993209846
1,2396,194.388678183298
1,2397,227.5768036278355
1,2398,230.61986230387242
1,2399,231.49079518329057
1,2400,44.02807246210685
1,2401,240.38813798871269
1,2402,49.82956544692624
1,2403,232.34235705441984
1,2404,133.95056733857726
1,2405,226.10594403584682
1,2406,51.08283682288264
1,2407,245.09901971757935
1,2408,44.458356486283044
1,2409,238.37158287900854
1,2410,167.18369348113424
1,2411,230.12072723753104
1,2412,51.11151094855403
1,2413,253.0503653779724
1,2414,71.54386075633221
1,2415,241.02055557398648
1,2416,46.76789943204751
1,2417,237.91686828507767
1,2418,172.32723249805895
1,2419,234.9064429099987
1,2420,246.25824488209057
1,2421,244.3687900075629
1,2422,51.16818511796804
1,2423,208.87522305788224
1,2424,249.6027655480797
1,2425,32.835583289845566
1,2426,224.22790263883985
1,2427,303.8081058514392
1,2428,224.53866335151815
1,2429,216.25323236285584
1,2430,53.5845112611795
1,2431,236.53875545589244
1,2432,365.15741647579284
1,2433,177.93522789647096
1,2434,244.81749424126906
1,2435,53.394924232817914
1,2436,207.79695687613471
1,2437,264.26376805492305
1,2438,45.23532166554412
1,2439,141.73169545751176
1,2440,237.10746812632664
1,2441,258.94877849750355
1,2442,229.52760961356154
1,2443,265.2933499681456
1,2444,251.62069706058065
1,2445,83.18320172547247
1,2446,257.05795050036016
1,2447,329.8806371544615
1,2448,80.09005500666099
1,2449,216.326029267789
1,2450,52.41433677029771
1,2451,221.11245799543752
1,2452,168.30012483843186
1,2453,241.9629597104199
1,2454,50.12114258402235
1,2455,209.10023165791677
1,2456,252.6888974690687
1,2457,258.18523168519255
1,2458,222.86745014222126
1,2459,232.42541594297387
1,2460,50.982270118131396
1,2461,212.88009650060275
1,2462,79.76801891620588
1,2463,283.89137037448074
1,2464,252.66527964399938
1,2465,173.98737146373725
1,2466,54.49491772064172
1,2467,246.25552460853328
1,2468,228.13823259241536
1,2469,256.445505008148
1,2470,50.62435995026502
1,2471,224.36064257440552
1,2472,245.0302723655701
1,2473,45.17546536648563
1,2474,136.4980392073939
1,2475,252.646294886377
1,2476,33.58805616788348
1,2477,240.3251564628295
1,2478,244.49096368566865
1,2479,52.93696039700995
1,2480,236.19394679949232
1,2481,324.1429428177397
1,2482,253.53168392257115
1,2483,51.80729541579251
1,2484,212.72630134238926
1,2485,267.11005609191426
1,2486,250.74109854045832
1,2487,254.82409878822295
1,2488,76.32349105449634
1,2489,239.06723778268358
1,2490,238.19454882501407
1,2491,46.10637601526105
1,2492,368.9975307645075
1,2493,181.57854432015796
1,2494,52.26529057189535
1,2495,250.30794390538153
1,2496,255.23654086569047
1,2497,232.98975347946185
1,2498,116.96497464141841
1,2499,210.6537918085446
1,2500,188.92701666855027
1,2501,55.003992200585344
1,2502,249.3343902217899
1,2503,325.3181447714142
1,2504,255.81227090406622
1,2505,228.8558444494323
1,2506,32.53797139113105
1,2507,259.62242658497513
1,2508,45.10478575086139
1,2509,32.760624303270944
1,2510,257.10187076476075
1,2511,267.0403167552096
1,2512,81.43482056159101
1,2513,199.22464435031293
1,2514,232.11458705017685
1,2515,240.96783058206182
1,2516,54.46102551255984
1,2517,32.76666470918331
1,2518,384.62413367116744
1,2519,259.79910772543394
1,2520,237.65290831962784
1,2521,52.313656139911345
1,2522,317.28042488890674
1,2523,53.59642456996791
1,2524,262.79884316472294
1,2525,238.65645767565456
1,2526,229.96499944799672
1,2527,142.38949723804387
1,2528,235.30388026269793
1,2529,115.43202559862728
1,2530,50.503706036464706
1,2531,233.99391996546018
1,2532,50.48966985787584
1,2533,236.95131383504065
1,2534,226.1311956106644
1,2535,246.90468658560468
1,2536,53.95716687917342
1,2537,227.93169359954396
1,2538,246.31357473521317
1,2539,263.08082892665357
1,2540,248.91642172929113
1,2541,84.04384691007323
1,2542,251.62620651809763
1,2543,140.4068778411155
1,2544,244.7910705856821
1,2545,51.955912033767575
1,2546,237.41162693247708
1,2547,238.25644453871342
1,2548,168.67320054882074
1,2549,283.9776510227849
1,2550,248.54938146621677
1,2551,52.096159296816154
1,2552,347.08030005572516
1,2553,257.32073462060146
1,2554,46.71692325051509
1,2555,239.61749435896974
1,2556,251.12294779887134
1,2557,247.66513068468737
1,2558,246.52210948809397
1,2559,140.06846113802652
1,2560,141.5778435922016
1,2561,243.08532324073877
1,2562,144.2111864365186
1,2563,256.16062691572773
1,2564,53.273827326804025
1,2565,242.27348481500897
1,2566,42.192721730470495
1,2567,251.01619595606292
1,2568,330.35625946640926
1,2569,81.50365760331904
1,2570,244.68823886474615
1,2571,53.77436765777562
1,2572,252.46025079564302
1,2573,53.10063299555844
1,2574,225.83108813526934
1,2575,253.60350298642845
1,2576,188.6778558258507
1,2577,57.25464941615095
1,2578,253.8102555434
1,2579,242.05771786030016
1,2580,249.74807372390373
1,2581,254.55757186921417
1,2582,253.75736770337704
1,2583,57.95046283104038
1,2584,249.24240118343903
1,2585,252.54027642560334
1,2586,203.1088087908799
1,2587,245.65727455474826
1,2588,54.82027605306964
1,2589,355.16811956503403
1,2590,253.32845803611957
1,2591,252.3238208954861
1,2592,12.587752385055879
1,2593,258.3959479700568
1,2594,250.3722207221497
1,2595,67.98547098862619
1,2596,192.3991068134481
1,2597,246.38118703856532
1,2598,55.00087889302178
1,2599,250.78439052153414
1,2600,54.92692717183037
1,2601,171.540829765433
1,2602,63.849095314270734
1,2603,256.64791569258256
1,2604,235.90909067008823
1,2605,87.85186597117858
1,2606,246.31216420015974
1,2607,120.8202278824877
1,2608,247.04160316695896
1,2609,327.2371400284277
1,2610,248.81997072721595
1,2611,182.11573946465387
1,2612,239.1706425556705
1,2613,55.03210781786464
1,2614,248.45442622390516
1,2615,250.69025144588494
1,2616,55.31636708635378
1,2617,237.7635099707113
1,2618,181.2221779763098
1,2619,249.5976134832797
1,2620,54.792453980075784
1,2621,248.81956995047366
1,2622,257.58763605758475
1,2623,46.128633264723014
1,2624,53.42793919971486
1,2625,252.87048698731016
1,2626,51.878049334647386
1,2627,209.71879113037448
1,2628,255.6255906972526
1,2629,258.13219042342416
1,2630,273.13874219652774
1,2631,231.21639655500996
1,2632,285.50111947151487
1,2633,230.45129511746686
1,2634,246.189930930865
1,2635,57.00932513643596
1,2636,33.213262130716856
1,2637,241.3313889442484
1,2638,254.89566585548673
1,2639,51.3174081774754
1,2640,308.44177957948386
1,2641,52.599873584179164
1,2642,231.37805542022517
1,2643,230.7477082722039
1,2644,50.67635247471485
1,2645,202.515589692498
1,2646,53.06267805876483
1,2647,282.2096311568241
1,2648,229.91753476728033
1,2649,52.130743812324766
1,2650,239.32431895575897
1,2651,167.25628920644766
1,2652,241.5274455464789
1,2653,50.7795230107113
1,2654,234.3001104057193
1,2655,249.9977845054026
1,2656,241.05067971426007
1,2657,174.1457188465294
1,2658,50.84343828852535
1,2659,256.6891057536795
1,2660,232.2970369175901
1,2661,57.15669388370223
1,2662,242.5332636289786
1,2663,331.37032773788656
1,2664,255.37407074965256
1,2665,51.71271841975687
1,2666,210.54073050217636
1,2667,250.884626985187
1,2668,226.61523540960337
1,2669,226.56639761708132
1,2670,232.74676088825504
1,2671,44.99245382163062
1,2672,137.83112675689244
1,2673,246.8634219535562
1,2674,50.9871412915907
1,2675,242.53040361129848
1,2676,53.22042096325174
1,2677,248.49343311907575
1,2678,82.39597578361763
1,2679,255.22762873401987
1,2680,135.36802892730165
1,2681,132.86300051952782
1,2682,279.74052665619894
1,2683,13.96193185015874
1,2684,125.11422002549405
1,2685,50.55067454682723
1,2686,255.5134917084439
1,2687,40.516288803652174
1,2688,215.15461860009682
1,2689,53.12825355232534
1,2690,240.0013399473694
1,2691,249.22014301629846
1,2692,52.06232355737628
1,2693,159.73099272522046
1,2694,273.3039189583609
1,2695,259.17646504706
1,2696,85.95255660438994
1,2697,254.03818392469014
1,2698,53.122161940622405
1,2699,252.31984583889164
1,2700,251.34240627727291
1,2701,57.257973845386616
1,2702,243.34860749533487
1,2703,50.36116367041885
1,2704,100.16973208408027
1,2705,254.41079284813688
1,2706,53.56656260135674
1,2707,41.651430375409994
1,2708,303.8240315291497
1,2709,56.014879205786
1,2710,237.9074411173082
1,2711,100.91354026656481
1,2712,53.82462748495825
1,2713,285.84125175990823
1,2714,309.4952170952406
1,2715,237.71441032864863
1,2716,215.49990342829756
1,2717,239.97064008155053
1,2718,253.50588880857325
1,2719,52.877192138892475
1,2720,248.27197340819717
1,2721,404.95005897950426
1,2722,53.584512372312474
1,2723,253.2834926957709
1,2724,243.23009788200113
1,2725,249.43085501541134
1,2726,159.27408481419457
1,2727,270.36272576913507
1,2728,253.34804545776728
1,2729,239.29442131429224
1,2730,248.83849175257774
1,2731,99.56243783272126
1,2732,226.6959783129457
1,2733,40.51883239745413
1,2734,238.1613258256246
1,2735,53.69586677301095
1,2736,158.88688075078534
1,2737,270.2246435436594
1,2738,148.24940842737976
1,2739,242.79880438313583
1,2740,13.537548461200723
1,2741,125.32517168651503
1,2742,54.07474924012823
1,2743,254.95100386430772
1,2744,42.976291646783906
1,2745,216.99996101192573
1,2746,54.18277780797773
1,2747,242.80415811156456
1,2748,249.9491012455909
1,2749,52.9885983257455
1,2750,157.24617599637537
1,2751,265.5816647252205
1,2752,252.02856163005526
1,2753,82.24342599164925
1,2754,249.57580273961588
1,2755,52.08160681929667
1,2756,244.02964057652122
1,2757,246.27936558514523
1,2758,52.130123561823126
1,2759,109.20255020369386
1,2760,223.7179551535744
1,2761,40.30593386103128
1,2762,237.5070901478614
1,2763,51.7929567481312
1,2764,253.52836457389319
1,2765,248.84521048385324
1,2766,45.25605443573874
1,2767,242.74596484863062
1,2768,244.17269318328607
1,2769,54.008631761193755
1,2770,241.78301208491018
1,2771,51.331303765998896
1,2772,98.16960485132752
1,2773,253.3397633410238
1,2774,53.13725715170018
1,2775,41.13136811387936
1,2776,302.95260832976135
1,2777,53.12816195974462
1,2778,241.8885599148535
1,2779,100.02911070705264
1,2780,53.44042656065983
1,2781,292.0945764207082
1,2782,409.47992810150174
1,2783,53.448048437723656
1,2784,253.39458099045237
1,2785,249.68795105887438
1,2786,46.10564889072408
1,2787,244.58336840386215
1,2788,246.80743528578063
1,2789,303.0926461082213
1,2790,242.98129577029263
1,2791,215.88350020099028
1,2792,237.4685998600989
1,2793,251.2346452383345
1,2794,53.92111831064322
1,2795,244.75470143892153
1,2796,52.8303411675077
1,2797,41.82531902813842
1,2798,246.02980402651366
1,2799,54.67941526374225
1,2800,158.61668157359594
1,2801,269.0231069378018
1,2802,209.69543596939286
1,2803,161.99105148882012
1,2804,99.18359835052703
1,2805,119.23962023008534
1,2806,270.18196223068617
1,2807,150.8242538022044
1,2808,148.41065802397452
1,2809,246.2358240220194
1,2810,53.77236051636846
1,2811,81.2797030969162
1,2812,231.86767018388576
1,2813,249.5009106803588
1,2814,241.76815032893626
1,2815,58.690694135285284
1,2816,247.4481663059555
1,2817,97.04901516320697
1,2818,249.01937321266936
1,2819,257.9836417928677
1,2820,255.06965157703866
1,2821,155.40860480852336
1,2822,237.90472622247512
1,2823,52.66962692265234
1,2824,264.7001450310285
1,2825,253.30201388690676
1,2826,33.355554846165134
1,2827,232.4319099311691
1,2828,52.21751470737291
1,2829,138.2229581350449
1,2830,469.038782043499
1,2831,253.09622526472356
1,2832,237.5032327252266
1,2833,52.21967593184844
1,2834,241.5178961697634
1,2835,168.58558409888747
1,2836,33.68118221858434
1,2837,244.80427094254526
1,2838,255.01229958635298
1,2839,53.76025797414282
1,2840,493.5246812584821
1,2841,46.22521679770968
1,2842,255.08291439832652
1,2843,34.9910815445114
1,2844,242.74278724579648
1,2845,252.87720146687337
1,2846,221.13049200149095
1,2847,246.71016707703563
1,2848,139.590310616453
1,2849,190.7801476405968
1,2850,54.9710806898761
1,2851,249.55448102089824
1,2852,54.979102490184246
1,2853,208.36328481627027
1,2854,55.82383594712705
1,2855,254.48937524108425
1,2856,247.44794807510667
1,2857,55.29629725360954
1,2858,251.9078014022256
1,2859,257.29900093300756
1,2860,34.62597084542762
1,2861,250.07015031213479
1,2862,46.80414559828195
1,2863,57.87181975534785
1,2864,495.219082597113
1,2865,57.97198434585553
1,2866,34.65005928415276
1,2867,241.54420542974668
1,2868,240.2000843517692
1,2869,55.75896554520695
1,2870,289.13727479657575
1,2871,252.33463256423641
1,2872,241.0861630510859
1,2873,242.3794338635015
1,2874,58.98681475532416
1,2875,248.85272838229983
1,2876,66.65042833317922
1,2877,250.05547588401066
1,2878,456.88482011522
1,2879,238.76833877490822
1,2880,52.75951908187318
1,2881,245.65319978028168
1,2882,138.7975446058259
1,2883,61.06491771937314
1,2884,179.72832636329883
1,2885,247.48202604551983
1,2886,54.3160502157648
1,2887,245.72088550899718
1,2888,250.76783926286637
1,2889,45.30142095587998
1,2890,138.42413201446152
1,2891,186.6160269670563
1,2892,267.28057068379655
1,2893,52.3836275980594
1,2894,205.6058746230037
1,2895,247.49749730153047
1,2896,46.39633263683118
1,2897,63.072790822219794
1,2898,247.84425326504322
1,2899,259.0489531301837
1,2900,27.41945950498001
1,2901,80.76040553143935
1,2902,139.7230886761286
1,2903,191.28691328426714
1,2904,54.850371630503304
1,2905,143.9279597334882
1,2906,195.83716969464746
1,2907,57.38556630665735
1,2908,43.567713044156676
1,2909,244.60680829468873
1,2910,262.30446177630995
1,2911,248.44185554732084
1,2912,260.5331381363823
1,2913,86.97830892694682
1,2914,244.2669051343766
1,2915,262.19192501667925
1,2916,60.907970647760465
1,2917,250.17818674367746
1,2918,56.23613538639789
1,2919,217.0787463690591
1,2920,256.23004802119084
1,2921,149.48401902247025
1,2922,260.16047445693994
1,2923,92.90272870381429
1,2924,261.8114212027502
1,2925,250.76781326079578
1,2926,47.5937325416406
1,2927,197.5214411780005
1,2928,249.80473628394216
1,2929,59.2186095302216
1,2930,251.02305192166276
1,2931,56.30799832698817
1,2932,243.9076397784856
1,2933,251.10213596164255
1,2934,249.6888841574296
1,2935,267.6950025728016
1,2936,56.57775084226512
1,2937,252.8430625340318
1,2938,180.49835759041878
1,2939,255.86507850911678
1,2940,247.93596223041405
1,2941,147.8412453083001
1,2942,250.27683836791442
1,2943,55.0205285868024
1,2944,241.82289014411555
1,2945,56.79375324935086
1,2946,256.2778162028493
1,2947,251.36625518194484
1,2948,55.0279971636086
1,2949,252.58020195389656
1,2950,43.492673413311365
1,2951,242.73054376401325
1,2952,54.802094163061355
1,2953,252.8450914103567
1,2954,253.50418425331048
1,2955,43.48205722482548
1,2956,239.3043807571613
1,2957,249.442710116365
1,2958,335.9063251526161
1,2959,56.91300602602681
1,2960,243.6636145192534
1,2961,53.99757575019042
1,2962,268.8703270254282
1,2963,53.05853373965871
1,2964,240.60682190060476
1,2965,267.7679041861535
1,2966,56.93672232912684
1,2967,249.19718349364007
1,2968,338.0413546602124
1,2969,254.8157393431749
1,2970,54.04089392856547
1,2971,259.18346702426174
1,2972,248.36825628239694
1,2973,77.27306103147465
1,2974,145.34496295484118
1,2975,255.84389565837606
1,2976,258.35901973142893
1,2977,58.934537242277216
1,2978,254.5814084115409
1,2979,19.005737604895465
1,2980,385.19166298027375
1,2981,34.304431274674506
1,2982,380.3119834949042
1,2983,254.32231036905495
1,2984,243.48712243121713
1,2985,224.33226503900266
1,2986,211.72400578039418
1,2987,27.623460687339204
1,2988,241.2936922300932
1,2989,241.50243884113627
1,2990,53.60491056485772
1,2991,245.2950573756145
1,2992,137.85711305085732
1,2993,133.47083243866237
1,2994,237.53600103583167
1,2995,408.97369097559215
1,2996,54.488027767746175
1,2997,144.29853029037082
1,2998,315.7527482031283
1,2999,238.77637679261892
1,3000,243.80381360462098
1,3001,45.06815671781004
1,3002,258.94654093517676
1,3003,141.2160332040493
1,3004,53.667529271313995
1,3005,41.98384152967583
1,3006,236.67798616729965
1,3007,52.39118277430728
1,3008,252.545775184486
1,3009,256.88406893043106
1,3010,31.63880015747368
1,3011,239.36812217766033
1,3012,54.7787033776541
1,3013,457.3657843603321
1,3014,82.46751028968333
1,3015,238.66719788204819
1,3016,53.3726069761975
1,3017,257.8213395844442
1,3018,143.67910032104726
1,3019,228.47771298143516
1,3020,251.39907860220399
1,3021,51.5818901566625
1,3022,260.3947257555021
1,3023,237.66554613545676
1,3024,81.74614109591192
1,3025,233.08367458015474
1,3026,120.53157912392567
1,3027,249.8401461918096
1,3028,245.1507023908245
1,3029,55.25104753011959
1,3030,249.92274208773028
1,3031,211.95058031866668
1,3032,207.18279517186437
1,3033,244.55026372843383
1,3034,80.6961324829281
1,3035,258.28991241396614
1,3036,55.171478834021514
1,3037,222.16536978436227
1,3038,53.1987727065314
1,3039,259.57422806596526
1,3040,231.03099414237224
1,3041,244.6918393251413
1,3042,44.88261843584468
1,3043,265.4849855952499
1,3044,146.4668383397814
1,3045,231.67244966046158
1,3046,51.70579610845368
1,3047,450.8905010780725
1,3048,50.68312333527193
1,3049,302.78903877236917
1,3050,239.15777846395326
1,3051,343.3853853358963
1,3052,240.6931561176297
1,3053,85.20853095453815
1,3054,40.83680398015589
1,3055,251.8884743402554
1,3056,55.803541520178875
1,3057,275.7411319287147
1,3058,180.59748154378815
1,3059,250.34566086235154
1,3060,56.51202102748936
1,3061,253.0982667830533
1,3062,124.06474475468008
1,3063,148.7033976373658
1,3064,255.44207661426952
1,3065,259.0434577224753
1,3066,572.9148755806245
1,3067,45.371189500468354
1,3068,130.25092655298135
1,3069,257.18494619144263
1,3070,252.97988262035096
1,3071,274.23691765931335
1,3072,252.77452981390044
1,3073,256.07802909979307
1,3074,251.60601601750363
1,3075,46.7849511917813
1,3076,245.42116244227128
1,3077,55.34995674863966
1,3078,255.08481058281654
1,3079,179.81127210111867
1,3080,251.21989178586
1,3081,86.32854333915077
1,3082,262.79471043730143
1,3083,248.61662826081695
1,3084,45.934717213737045
1,3085,265.62728010097715
1,3086,257.92409113499144
1,3087,63.37461445779316
1,3088,252.50536247415363
1,3089,55.55784459003593
1,3090,145.1488580479784
1,3091,245.68677020593537
1,3092,267.1443759960734
1,3093,257.6970712688898
1,3094,169.71826943094823
1,3095,55.07511851808009
1,3096,113.88157026749025
1,3097,55.07511851808009
1,3098,256.9627171743076
1,3099,292.7338769958534
1,3100,250.8111560697393
1,3101,151.16343196346924
1,3102,272.30476210514644
1,3103,54.695145200107135
1,3104,262.26525899053195
1,3105,151.16726772614305
1,3106,251.79407864260043
1,3107,58.51988874322535
1,3108,259.76028009789167
1,3109,59.30537482089708
1,3110,259.6191665124172
1,3111,41.46099731423714
1,3112,322.5410699811091
1,3113,251.05253873589754
1,3114,275.5325543680487
1,3115,260.5539828420689
1,3116,276.5277754072614
1,3117,270.27373382194344
1,3118,102.96091425448098
1,3119,269.6555792075138
1,3120,258.8668602559728
1,3121,250.59257210889177
1,3122,59.413726954765735
1,3123,270.69038074435775
1,3124,34.67678752830668
1,3125,256.0356784782875
1,3126,249.75509411193525
1,3127,48.81802896715763
1,3128,272.5091394522184
1,3129,256.8650462764781
1,3130,180.29027197721572
1,3131,256.8484264359065
1,3132,268.09400235754595
1,3133,264.1600591468444
1,3134,244.41008596678682
1,3135,175.31412251730293
1,3136,178.58427335780357
1,3137,272.45555407449797
1,3138,246.4316064083274
1,3139,218.3286195694525
1,3140,212.68057648409751
1,3141,123.51252477322566
1,3142,243.35099366410373
1,3143,46.39867358720749
1,3144,242.11364464294257
1,3145,250.42928573433346
1,3146,261.238558617194
1,3147,244.93011007771258
1,3148,249.26025778770304
1,3149,53.89107754656891
1,3150,246.0205768556939
1,3151,97.22316278538784
1,3152,257.27573563131983
1,3153,54.05301564262949
1,3154,245.89154541727294
1,3155,86.14397624697385
1,3156,255.47094316039158
1,3157,267.0049559774984
1,3158,64.14418033621483
1,3159,260.82765423225896
1,3160,253.57589703209914
1,3161,255.37310304979917
1,3162,238.50087026651784
1,3163,256.426167520215
1,3164,62.34403711189415
1,3165,338.8491112494496
1,3166,57.990808945835134
1,3167,289.0065813167482
1,3168,263.13330627570605
1,3169,56.08105435022081
1,3170,184.51529751558766
1,3171,258.41728774017565
1,3172,62.815184231727486
1,3173,216.22014298313013
1,3174,58.51455865747096
1,3175,267.47826086873545
1,3176,58.5225910432789
1,3177,260.9271953654588
1,3178,90.20861539215252
1,3179,475.1503671009342
1,3180,65.0652733865037
1,3181,192.80217303686027
1,3182,258.1715316327076
1,3183,258.26487935464735
1,3184,59.69629408943287
1,3185,45.93831809670936
1,3186,329.91329478947404
1,3187,60.46145241050152
1,3188,266.25351358937144
1,3189,60.56165323973811
1,3190,116.62494200090043
1,3191,275.80138506679475
1,3192,65.2553855160598
1,3193,462.31327143579296
1,3194,60.59058696055415
1,3195,252.63865140838112
1,3196,150.07939922358918
1,3197,259.5196675198003
1,3198,261.7918318713718
1,3199,262.8936688236161
1,3200,126.49405852877163
1,3201,187.81725516376991
1,3202,264.68723714252957
1,3203,56.99382536850567
1,3204,255.67298333299797
1,3205,252.29054543675588
1,3206,255.57566724526893
1,3207,149.0956310530264
1,3208,82.9408317930029
1,3209,261.40462781822725
1,3210,260.9878837471029
1,3211,34.67871004061864
1,3212,215.50376780255698
1,3213,258.30280463201314
1,3214,252.18439733451294
1,3215,150.36097160743304
1,3216,49.01076746669224
1,3217,259.13251666153326
1,3218,142.30512079072537
1,3219,258.7766942225919
1,3220,260.44563561897587
1,3221,268.08879406128426
1,3222,195.85061667006306
1,3223,261.0706730927368
1,3224,124.82150168548247
1,3225,185.43327453640583
1,3226,58.914418865146345
1,3227,268.5292427895058
1,3228,58.93180720895738
1,3229,257.4951521565671
1,3230,47.39317498641614
1,3231,58.84571521371812
1,3232,261.53406946122874
1,3233,294.40405183823805
1,3234,184.53779490694717
1,3235,266.43837490080944
1,3236,146.16795683904797
1,3237,261.7720532471192
1,3238,55.05381542507415
1,3239,257.79880121494193
1,3240,90.69685839327973
1,3241,281.8681102842132
1,3242,261.791797347487
1,3243,283.3068578231
1,3244,178.63569038746948
1,3245,250.67995282867975
1,3246,267.22193057361244
1,3247,264.94496572356127
1,3248,252.3587032989227
1,3249,469.8880243196794
1,3250,251.16593477395998
1,3251,226.0510451764569
1,3252,56.24044612172554
1,3253,245.96718078613557
1,3254,54.10449658877813
1,3255,247.0631696466672
1,3256,249.56384084594322
1,3257,253.67737406187987
1,3258,46.11960432458427
1,3259,244.48065478714636
1,3260,250.4651807217032
1,3261,256.46845422035716
1,3262,394.3331380817756
1,3263,252.43556824673288
1,3264,98.33427188043805
1,3265,82.08183619653522
1,3266,63.175245304736585
1,3267,244.27447721161127
1,3268,252.1269194079938
1,3269,251.75749817287527
1,3270,261.1357581669133
1,3271,400.7843081164483
1,3272,250.1648966471581
1,3273,265.9440958799409
1,3274,267.650238007123
1,3275,48.895644009128205
1,3276,287.9279858301645
1,3277,256.94391273559114
1,3278,257.9793846379827
1,3279,264.20344411025064
1,3280,261.79694690900385
1,3281,58.736778460950966
1,3282,257.6879295394413
1,3283,259.9016054528592
1,3284,90.05763451696421
1,3285,258.90805306946436
1,3286,274.66832565089203
1,3287,265.90962857317663
1,3288,265.8381830162324
1,3289,258.27565240783434
1,3290,90.88784808114781
1,3291,259.61941430946075
1,3292,258.18737089695946
1,3293,270.8547662296934
1,3294,86.0896986303392
1,3295,269.21887887788364
1,3296,266.18996802246517
1,3297,262.56466020681887
1,3298,252.37757729472676
1,3299,48.786312321913115
1,3300,277.0531677225796
1,3301,59.99746041556794
1,3302,268.43139452958735
1,3303,263.4088168666885
1,3304,264.9955977405451
1,3305,47.29570630112198
1,3306,33.22047759353168
1,3307,243.2056457606562
1,3308,57.20801278617773
1,3309,249.6909545982639
1,3310,247.67719113057558
1,3311,240.0802698345682
1,3312,153.79154795263935
1,3313,249.0958550706182
1,3314,161.57932796710253
1,3315,253.91403781967307
1,3316,46.52559291156868
1,3317,148.50632465457184
1,3318,240.32696948428037
1,3319,121.38040717633044
1,3320,181.55315767039275
1,3321,247.54480249651073
1,3322,138.30944260451545
1,3323,51.31591896350315
1,3324,261.42086642776883
1,3325,236.80575782525062
1,3326,274.9218751205905
1,3327,144.99240193745698
1,3328,264.19255528927147
1,3329,122.18476419683122
1,3330,182.39426493710738
1,3331,254.54554327412816
1,3332,59.406979192585894
1,3333,252.8182957912033
1,3334,55.10050226296161
1,3335,254.49693556384787
1,3336,50.47578998204054
1,3337,121.58420208848852
1,3338,278.05249603822847
1,3339,253.24171459820673
1,3340,180.35451507423954
1,3341,252.02949046326756
1,3342,246.45911639046392
1,3343,97.47747845662364
1,3344,257.419435519736
1,3345,253.7135949824127
1,3346,76.64605011663738
1,3347,318.3078103166523
1,3348,291.50639111873204
1,3349,256.6520668423613
1,3350,257.75735139227004
1,3351,256.3693509933307
1,3352,57.92718413888757
1,3353,252.13836042443597
1,3354,53.631173624308076
1,3355,287.62890024609834
1,3356,55.212650994204736
1,3357,266.2305789947823
1,3358,263.4728212058411
1,3359,270.1705006316266
1,3360,60.48683615538306
1,3361,266.7616765922615
1,3362,278.48931469532965
1,3363,269.33226830284485
1,3364,238.5497040888032
1,3365,256.77283681383926
1,3366,36.272510366065376
1,3367,230.72805171677322
1,3368,246.123713683281
1,3369,248.40093459016396
1,3370,253.44966385668496
1,3371,255.73452065066417
1,3372,60.37569382988512
1,3373,64.10538818441515
1,3374,272.7344642175496
1,3375,240.3252080305104
1,3376,249.45616360565106
1,3377,246.50863767068856
1,3378,245.13530682737218
1,3379,248.1610870254264
1,3380,239.2783099277006
1,3381,259.9308980536034
1,3382,245.5767653612728
1,3383,265.6765643916791
1,3384,259.0137262044757
1,3385,252.69188008644855
1,3386,277.0131938557304
1,3387,250.21252219425145
1,3388,46.60491067789242
1,3389,254.34399848505873
1,3390,254.5064354758356
1,3391,236.43044845012395
1,3392,261.7758451712365
1,3393,192.21436991306598
1,3394,245.77975590167475
1,3395,262.35273591939165
1,3396,33.95026579818421
1,3397,133.02281375892125
1,3398,240.16589544540415
1,3399,251.31948529004018
1,3400,257.2647446926933
1,3401,246.10444507007702
1,3402,245.98744295194058
1,3403,251.80570307357738
1,3404,58.682517517953855
1,3405,58.48320333912921
1,3406,263.19438773638217
1,3407,248.79572462675722
1,3408,246.13561344502972
1,3409,251.12472194153148
1,3410,49.39395386800206
1,3411,249.6167228666153
1,3412,58.43649119650592
1,3413,150.97414023719975
1,3414,288.89794130906887
1,3415,249.39264965879124
1,3416,254.9112266776703
1,3417,40.389145955498414
1,3418,271.9898376037152
1,3419,58.83912597611819
1,3420,283.00590731967793
1,3421,252.54854517767905
1,3422,58.670764325619544
1,3423,58.032851896064926
1,3424,268.5394135102822
1,3425,248.46259230128783
1,3426,57.375444196221366
1,3427,249.60347041243105
1,3428,241.32162240281164
1,3429,246.03246125438517
1,3430,46.26352287653315
1,3431,243.24416341275554
1,3432,55.78044358369953
1,3433,244.06949603213042
1,3434,132.6212486449011
1,3435,249.34049582356312
1,3436,250.56291160440225
1,3437,249.50788371847713
1,3438,248.78721439989008
1,3439,521.2673788866289
1,3440,246.5944807234348
1,3441,260.9948972424037
1,3442,240.31309893908394
1,3443,262.9681882795637
1,3444,48.26270880332425
1,3445,244.7902386587765
1,3446,57.668636951206196
1,3447,254.0153488642302
1,3448,248.25225858925097
1,3449,31.826094815371277
1,3450,241.4243288438032
1,3451,56.43053159536451
1,3452,251.3555669401287
1,3453,148.97808123262712
1,3454,256.00371349650266
1,3455,56.25544190450789
1,3456,255.87028894416625
1,3457,56.56799785332416
1,3458,268.6747123938116
1,3459,49.38524744208098
1,3460,56.756202315823984
1,3461,250.37422426432664
1,3462,180.65317105888255
1,3463,251.026504982316
1,3464,277.32668879773155
1,3465,263.2289579748551
1,3466,269.72532784442694
1,3467,254.25917122913373
1,3468,258.0266867107589
1,3469,52.14314713851357
1,3470,254.21709242954557
1,3471,54.22111781373117
1,3472,57.302203258514055
1,3473,267.9256670869905
1,3474,87.001630676161
1,3475,251.84235131237205
1,3476,259.3315456642924
1,3477,59.3539788973153
1,3478,250.31084993169404
1,3479,280.3787941035454
1,3480,42.69722606935879
1,3481,261.40003669885004
1,3482,54.07295397154258
1,3483,254.60944211222244
1,3484,263.05117078529895
1,3485,259.285704673866
1,3486,262.6686919174839
1,3487,180.90847028289494
1,3488,243.44653058370093
1,3489,248.7387031983995
1,3490,259.34852285782137
1,3491,252.64590853447294
1,3492,292.53272629000367
1,3493,218.52741763842482
1,3494,11.529239755471227
1,3495,180.23331153674414
1,3496,259.67639791945885
1,3497,257.24731403003506
1,3498,61.16036084157156
1,3499,187.7654911735624
1,3500,264.1275414491221
1,3501,49.021139317150386
1,3502,254.91693075829008
1,3503,88.89602813930006
1,3504,362.9771768840726
1,3505,284.1732413178092
1,3506,152.6891579579539
1,3507,56.99830040418699
1,3508,253.9707784907577
1,3509,58.910806414205865
1,3510,298.1912049506594
1,3511,265.344000987821
1,3512,272.16802140835836
1,3513,289.4747970049933
1,3514,88.11921580202923
1,3515,257.6973729336686
1,3516,259.3449870717314
1,3517,289.181132151472
1,3518,252.4024024533537
1,3519,86.66163202223933
1,3520,303.3895365118523
1,3521,261.4752118262377
1,3522,247.5420530790098
1,3523,236.84222991490572
1,3524,42.78967862922727
1,3525,271.93951026367756
1,3526,178.27617075967396
1,3527,54.31988018540591
1,3528,245.70959011061097
1,3529,46.71584849200573
1,3530,54.26481162099175
1,3531,250.74698055728015
1,3532,252.85613688803488
1,3533,48.29627054490099
1,3534,54.4438787535792
1,3535,217.0749076682826
1,3536,142.14831000919494
1,3537,42.906398504231646
1,3538,332.5415548747747
1,3539,270.6165736757047
1,3540,54.48632505313479
1,3541,252.17172464184875
1,3542,22.444271123978236
1,3543,54.52457120791995
1,3544,267.49585656941593
1,3545,49.017742716169565
1,3546,251.61559542719203
1,3547,246.02282490681924
1,3548,155.66477583520816
1,3549,263.04614562251777
1,3550,56.684244634278755
1,3551,249.19278355572476
1,3552,248.60722362709706
1,3553,254.6658735965945
1,3554,197.17270977496491
1,3555,252.7997835343716
1,3556,266.8811874202287
1,3557,149.43235974022417
1,3558,255.25941634327586
1,3559,57.69045158417069
1,3560,259.689427928792
1,3561,49.92748085749997
1,3562,58.92913595401073
1,3563,246.70602218820534
1,3564,267.1976378926764
1,3565,143.5623836293433
1,3566,284.76240361823113
1,3567,218.21240141635445
1,3568,251.71004474341117
1,3569,58.83034520723601
1,3570,256.69063715071456
1,3571,91.24424902500988
1,3572,370.0613334089734
1,3573,284.1852787029885
1,3574,150.59592258954444
1,3575,260.1127177327256
1,3576,300.4924961751758
1,3577,216.93015874164695
1,3578,249.50037067185266
1,3579,180.29872878652245
1,3580,257.6646317470182
1,3581,260.1421507046732
1,3582,257.7028668103958
1,3583,645.1932636417978
1,3584,249.00076277008122
1,3585,55.90040089200032
1,3586,253.96061385172464
1,3587,261.29674715773115
1,3588,254.98630442346064
1,3589,249.29023429452928
1,3590,65.6151775921626
1,3591,269.66845904261584
1,3592,257.9680192441291
1,3593,257.2662011463389
1,3594,261.8392656836665
1,3595,271.8107435125879
1,3596,179.7707107073511
1,3597,246.39895132568688
1,3598,263.9354165227487
1,3599,255.3718802201194
1,3600,266.74108583392007
1,3601,256.9911824927873
1,3602,278.1014131121875
1,3603,265.7149270530097
1,3604,50.26889287663647
1,3605,264.99664340145114
1,3606,251.69274285333373
1,3607,204.3049836103818
1,3608,253.55844177163783
1,3609,54.425065040628205
1,3610,33.75219112189283
1,3611,79.51590784185825
1,3612,120.89282669645678
1,3613,243.32342187715543
1,3614,244.54905451632757
1,3615,54.349290676512084
1,3616,252.70622361404747
1,3617,52.83275665343544
1,3618,247.49383877178633
1,3619,262.0801133750824
1,3620,225.5624645631688
1,3621,17.499921056500458
1,3622,233.59025056157006
1,3623,59.39481107728678
1,3624,248.58387889429792
1,3625,54.164129072991074
1,3626,253.24739533269656
1,3627,33.61998513875744
1,3628,252.8029645106672
1,3629,246.2349437736029
1,3630,251.56492004130104
1,3631,253.05552769339386
1,3632,97.80484677805848
1,3633,171.14959700904757
1,3634,58.442528537671876
1,3635,264.66469942233454
1,3636,238.2285129838238
1,3637,16.420520833618305
1,3638,240.06402870721627
1,3639,74.2322978942021
1,3640,58.60479017678702
1,3641,178.45827046460556
1,3642,49.49914111416338
1,3643,255.6859782708799
1,3644,44.16251236637336
1,3645,250.95610851941606
1,3646,59.11530442013343
1,3647,259.08174259750706
1,3648,180.3820142161714
1,3649,260.8869501857155
1,3650,58.90118777051875
1,3651,265.23987056936255
1,3652,220.4603433927935
1,3653,260.414283889837
1,3654,85.17343027296943
1,3655,265.56114185056856
1,3656,59.3761426414345
1,3657,85.17602842197849
1,3658,259.8269801536348
1,3659,126.57806960962071
1,3660,263.19244786073847
1,3661,149.44912834461934
1,3662,58.451063956299876
1,3663,259.3637411881523
1,3664,256.0583765930591
1,3665,250.48403912925716
1,3666,257.04229407202666
1,3667,251.5089637792512
1,3668,48.1292521375662
1,3669,267.26144178053937
1,3670,257.90615115350863
1,3671,363.68316305186613
1,3672,255.54799114225477
1,3673,55.991854189716605
1,3674,258.8197490616841
1,3675,48.19433609946823
1,3676,252.98394409840768
1,3677,233.46089186149436
1,3678,29.878354601047093
1,3679,265.13538002294706
1,3680,55.72824025305599
1,3681,259.9504271345776
1,3682,324.2726136783119
1,3683,237.48337616744402
1,3684,219.24874577204977
1,3685,239.82855692034826
1,3686,232.66192556975034
1,3687,265.2079689950915
1,3688,248.6817635658515
1,3689,210.1021133072027
1,3690,249.8555099745101
1,3691,56.15037086777141
1,3692,258.79024723670915
1,3693,252.56333147681332
1,3694,238.71137363565236
1,3695,252.2685906032214
1,3696,54.2504874780735
1,3697,246.74623964421855
1,3698,271.97659552800343
1,3699,60.788482234352884
1,3700,264.8442522375045
1,3701,259.17066565856817
1,3702,46.03202354559893
1,3703,246.15929005310358
1,3704,268.56400387008244
1,3705,34.193999379388295
1,3706,352.8923630263263
1,3707,238.62962918258512
1,3708,251.0877399469025
1,3709,253.44310318033368
1,3710,253.37196597921732
1,3711,55.51945714940412
1,3712,255.42356758812411
1,3713,56.21193667686086
1,3714,251.64155962694622
1,3715,249.27847717055886
1,3716,251.9983198514985
1,3717,238.36598566321794
1,3718,260.3241140423296
1,3719,54.726249453437276
1,3720,249.41662062844648
1,3721,234.83323803505027
1,3722,46.55644480984692
1,3723,246.91527086299743
1,3724,251.02785200442798
1,3725,85.32923349136901
1,3726,247.7802193490994
1,3727,55.92675015545751
1,3728,257.6812849839051
1,3729,237.44513057355817
1,3730,90.01622640214023
1,3731,254.32168344576212
1,3732,57.50140628893994
1,3733,254.57838536217247
1,3734,259.38267812020155
1,3735,257.15637897588505
1,3736,58.780211937189776
1,3737,264.70737622055424
1,3738,271.4716543910525
1,3739,45.821122475837285
1,3740,260.3823128222543
1,3741,268.25286491276916
1,3742,57.969615136712456
1,3743,259.15960078180717
1,3744,259.4107489952228
1,3745,266.1002170603886
1,3746,58.18964018884016
1,3747,232.28254164890302
1,3748,279.7161169972656
1,3749,259.7592506663224
1,3750,127.57764597980933
1,3751,192.82935779572767
1,3752,266.8866919424937
1,3753,263.0855286778085
1,3754,61.72277240021968
1,3755,274.1334786440464
1,3756,86.19372125446063
1,3757,151.54027696054322
1,3758,268.2704305029155
1,3759,58.293678697420134
1,3760,260.565511954033
1,3761,59.114858299017556
1,3762,149.25094979441653
1,3763,129.62995286098996
1,3764,268.94113576631264
1,3765,54.338517319213466
1,3766,151.27290454313942
1,3767,263.4586326901378
1,3768,254.84867909193542
1,3769,262.9133445242606
1,3770,240.30098094790225
1,3771,210.09831987282806
1,3772,217.95792782943477
1,3773,234.3195826076569
1,3774,217.2520347234422
1,3775,222.37702937260042
1,3776,308.66946756415433
1,3777,213.9404402150459
1,3778,316.7841909428501
1,3779,45.377808088790076
1,3780,302.48838113102613
1,3781,50.741973457799475
1,3782,241.84464967743938
1,3783,50.04522120322879
1,3784,235.80476513420825
1,3785,165.5276614535297
1,3786,241.6038028371222
1,3787,47.28463102882111
1,3788,204.2039556341294
1,3789,257.3154968819226
1,3790,247.03994743638464
1,3791,223.6669425839015
1,3792,213.4283682916465
1,3793,220.3471957763993
1,3794,29.610963832513225
1,3795,218.58757610552925
1,3796,240.71924035778758
1,3797,233.80868732654477
1,3798,49.041613809149005
1,3799,215.25151273076395
1,3800,227.02862611921182
1,3801,230.93639096832595
1,3802,49.17375787166169
1,3803,227.2634665112331
1,3804,277.3823610962189
1,3805,234.8226038474951
1,3806,60.18624819330162
1,3807,260.84086629483926
1,3808,49.888446411992376
1,3809,206.9724836679728
1,3810,249.23728429562135
1,3811,254.1439172834223
1,3812,255.23175353740424
1,3813,51.24567209925481
1,3814,229.87086460874426
1,3815,248.45672729709372
1,3816,43.980006090556785
1,3817,256.91368573586783
1,3818,241.19934947758722
1,3819,243.93835244405716
1,3820,238.3073075313962
1,3821,234.4123807097103
1,3822,43.0266244532655
1,3823,215.0040746459211
1,3824,188.87075003804625
1,3825,227.9933908623866
1,3826,229.77986232000444
1,3827,257.1958867934172
1,3828,39.35202644386005
1,3829,241.31288090094125
1,3830,456.7096893482737
1,3831,51.72125059930093
1,3832,265.6889170548792
1,3833,224.61935686229765
1,3834,81.94803134168731
1,3835,228.57657446243186
1,3836,269.00860657308516
1,3837,230.36619571113022
1,3838,53.114433506145915
1,3839,236.7370210912697
1,3840,131.29127097514242
1,3841,308.02278904216644
1,3842,52.5443466297039
1,3843,231.84504858150342
1,3844,131.97975159668982
1,3845,53.940601701545646
1,3846,95.50282112336663
1,3847,232.72627223488914
1,3848,50.79881306699169
1,3849,31.646985993209846
1,3850,194.388678183298
1,3851,227.5768036278355
1,3852,230.61986230387242
1,3853,231.49079518329057
1,3854,44.02807246210685
1,3855,240.38813798871269
1,3856,49.82956544692624
1,3857,232.34235705441984
1,3858,133.95056733857726
1,3859,226.10594403584682
1,3860,51.08283682288264
1,3861,245.09901971757935
1,3862,44.458356486283044
1,3863,238.37158287900854
1,3864,167.18369348113424
1,3865,230.12072723753104
1,3866,51.11151094855403
1,3867,253.0503653779724
1,3868,71.54386075633221
1,3869,241.02055557398648
1,3870,46.76789943204751
1,3871,237.91686828507767
1,3872,172.32723249805895
1,3873,234.9064429099987
1,3874,246.25824488209057
1,3875,244.3687900075629
1,3876,51.16818511796804
1,3877,208.87522305788224
1,3878,249.6027655480797
1,3879,32.835583289845566
1,3880,224.22790263883985
1,3881,303.8081058514392
1,3882,224.53866335151815
1,3883,216.25323236285584
1,3884,53.5845112611795
1,3885,236.53875545589244
1,3886,365.15741647579284
1,3887,177.93522789647096
1,3888,244.81749424126906
1,3889,53.394924232817914
1,3890,207.79695687613471
1,3891,264.26376805492305
1,3892,45.23532166554412
1,3893,141.73169545751176
1,3894,237.10746812632664
1,3895,258.94877849750355
1,3896,229.52760961356154
1,3897,265.2933499681456
1,3898,251.62069706058065
1,3899,83.18320172547247
1,3900,257.05795050036016
1,3901,329.8806371544615
1,3902,80.09005500666099
1,3903,216.326029267789
1,3904,52.41433677029771
1,3905,221.11245799543752
1,3906,168.30012483843186
1,3907,241.9629597104199
1,3908,50.12114258402235
1,3909,209.10023165791677
1,3910,252.6888974690687
1,3911,258.18523168519255
1,3912,222.86745014222126
1,3913,232.42541594297387
1,3914,50.982270118131396
1,3915,212.88009650060275
1,3916,79.76801891620588
1,3917,283.89137037448074
1,3918,252.66527964399938
1,3919,173.98737146373725
1,3920,54.49491772064172
1,3921,246.25552460853328
1,3922,228.13823259241536
1,3923,256.445505008148
1,3924,50.62435995026502
1,3925,224.36064257440552
1,3926,245.0302723655701
1,3927,45.17546536648563
1,3928,136.4980392073939
1,3929,252.646294886377
1,3930,33.58805616788348
1,3931,240.3251564628295
1,3932,244.49096368566865
1,3933,52.93696039700995
1,3934,236.19394679949232
1,3935,324.1429428177397
1,3936,253.53168392257115
1,3937,51.80729541579251
1,3938,212.72630134238926
1,3939,267.11005609191426
1,3940,250.74109854045832
1,3941,254.82409878822295
1,3942,76.32349105449634
1,3943,239.06723778268358
1,3944,238.19454882501407
1,3945,46.10637601526105
1,3946,368.9975307645075
1,3947,181.57854432015796
1,3948,52.26529057189535
1,3949,250.30794390538153
1,3950,255.23654086569047
1,3951,232.98975347946185
1,3952,116.96497464141841
1,3953,210.6537918085446
1,3954,188.92701666855027
1,3955,55.003992200585344
1,3956,249.3343902217899
1,3957,325.3181447714142
1,3958,255.81227090406622
1,3959,228.8558444494323
1,3960,32.53797139113105
1,3961,259.62242658497513
1,3962,45.10478575086139
1,3963,32.760624303270944
1,3964,257.10187076476075
1,3965,267.0403167552096
1,3966,81.43482056159101
1,3967,199.22464435031293
1,3968,232.11458705017685
1,3969,240.96783058206182
1,3970,54.46102551255984
1,3971,32.76666470918331
1,3972,384.62413367116744
1,3973,259.79910772543394
1,3974,237.65290831962784
1,3975,52.313656139911345
1,3976,317.28042488890674
1,3977,53.59642456996791
1,3978,262.79884316472294
1,3979,238.65645767565456
1,3980,229.96499944799672
1,3981,142.38949723804387
1,3982,235.30388026269793
1,3983,115.43202559862728
1,3984,50.503706036464706
1,3985,233.99391996546018
1,3986,50.48966985787584
1,3987,236.95131383504065
1,3988,226.1311956106644
1,3989,246.90468658560468
1,3990,53.95716687917342
1,3991,227.93169359954396
1,3992,246.31357473521317
1,3993,263.08082892665357
1,3994,248.91642172929113
1,3995,84.04384691007323
1,3996,251.62620651809763
1,3997,140.4068778411155
1,3998,244.7910705856821
1,3999,51.955912033767575
1,4000,237.41162693247708
1,4001,238.25644453871342
1,4002,168.67320054882074
1,4003,283.9776510227849
1,4004,248.54938146621677
1,4005,52.096159296816154
1,4006,347.08030005572516
1,4007,257.32073462060146
1,4008,46.71692325051509
1,4009,239.61749435896974
1,4010,251.12294779887134
1,4011,247.66513068468737
1,4012,246.52210948809397
1,4013,140.06846113802652
1,4014,141.5778435922016
1,4015,243.08532324073877
1,4016,144.2111864365186
1,4017,256.16062691572773
1,4018,53.273827326804025
1,4019,242.27348481500897
1,4020,42.192721730470495
1,4021,251.01619595606292
1,4022,330.35625946640926
1,4023,81.50365760331904
1,4024,244.68823886474615
1,4025,53.77436765777562
1,4026,252.46025079564302
1,4027,53.10063299555844
1,4028,225.83108813526934
1,4029,253.60350298642845
1,4030,188.6778558258507
1,4031,57.25464941615095
1,4032,253.8102555434
1,4033,242.05771786030016
1,4034,249.74807372390373
1,4035,254.55757186921417
1,4036,253.75736770337704
1,4037,57.95046283104038
1,4038,249.24240118343903
1,4039,252.54027642560334
1,4040,203.1088087908799
1,4041,245.65727455474826
1,4042,54.82027605306964
1,4043,355.16811956503403
1,4044,253.32845803611957
1,4045,252.3238208954861
1,4046,12.587752385055879
1,4047,258.3959479700568
1,4048,250.3722207221497
1,4049,67.98547098862619
1,4050,192.3991068134481
1,4051,246.38118703856532
1,4052,55.00087889302178
1,4053,250.78439052153414
1,4054,54.92692717183037
1,4055,171.540829765433
1,4056,63.849095314270734
1,4057,256.64791569258256
1,4058,235.90909067008823
1,4059,87.85186597117858
1,4060,246.31216420015974
1,4061,120.8202278824877
1,4062,247.04160316695896
1,4063,327.2371400284277
1,4064,248.81997072721595
1,4065,182.11573946465387
1,4066,239.1706425556705
1,4067,55.03210781786464
1,4068,248.45442622390516
1,4069,250.69025144588494
1,4070,55.31636708635378
1,4071,237.7635099707113
1,4072,181.2221779763098
1,4073,249.5976134832797
1,4074,54.792453980075784
1,4075,248.81956995047366
1,4076,257.58763605758475
1,4077,46.128633264723014
1,4078,53.42793919971486
1,4079,252.87048698731016
1,4080,51.878049334647386
1,4081,209.71879113037448
1,4082,255.6255906972526
1,4083,258.13219042342416
1,4084,273.13874219652774
1,4085,231.21639655500996
1,4086,285.50111947151487
1,4087,230.45129511746686
1,4088,246.189930930865
1,4089,57.00932513643596
1,4090,33.213262130716856
1,4091,241.3313889442484
1,4092,254.89566585548673
1,4093,51.3174081774754
1,4094,308.44177957948386
1,4095,52.599873584179164
1,4096,231.37805542022517
1,4097,230.7477082722039
1,4098,50.67635247471485
1,4099,202.515589692498
1,4100,53.06267805876483
1,4101,282.2096311568241
1,4102,229.91753476728033
1,4103,52.130743812324766
1,4104,239.32431895575897
1,4105,167.25628920644766
1,4106,241.5274455464789
1,4107,50.7795230107113
1,4108,234.3001104057193
1,4109,249.9977845054026
1,4110,241.05067971426007
1,4111,174.1457188465294
1,4112,50.84343828852535
1,4113,256.6891057536795
1,4114,232.2970369175901
1,4115,57.15669388370223
1,4116,242.5332636289786
1,4117,331.37032773788656
1,4118,255.37407074965256
1,4119,51.71271841975687
1,4120,210.54073050217636
1,4121,250.884626985187
1,4122,226.61523540960337
1,4123,226.56639761708132
1,4124,232.74676088825504
1,4125,44.99245382163062
1,4126,137.83112675689244
1,4127,246.8634219535562
1,4128,50.9871412915907
1,4129,242.53040361129848
1,4130,53.22042096325174
1,4131,248.49343311907575
1,4132,82.39597578361763
1,4133,255.22762873401987
1,4134,135.36802892730165
1,4135,132.86300051952782
1,4136,279.74052665619894
1,4137,13.96193185015874
1,4138,125.11422002549405
1,4139,50.55067454682723
1,4140,255.5134917084439
1,4141,40.516288803652174
1,4142,215.15461860009682
1,4143,53.12825355232534
1,4144,240.0013399473694
1,4145,249.22014301629846
1,4146,52.06232355737628
1,4147,159.73099272522046
1,4148,273.3039189583609
1,4149,259.17646504706
1,4150,85.95255660438994
1,4151,254.03818392469014
1,4152,53.122161940622405
1,4153,252.31984583889164
1,4154,251.34240627727291
1,4155,57.257973845386616
1,4156,243.34860749533487
1,4157,50.36116367041885
1,4158,100.16973208408027
1,4159,254.41079284813688
1,4160,53.56656260135674
1,4161,41.651430375409994
1,4162,303.8240315291497
1,4163,56.014879205786
1,4164,237.9074411173082
1,4165,100.91354026656481
1,4166,53.82462748495825
1,4167,285.84125175990823
1,4168,309.4952170952406
1,4169,237.71441032864863
1,4170,215.49990342829756
1,4171,239.97064008155053
1,4172,253.50588880857325
1,4173,52.877192138892475
1,4174,248.27197340819717
1,4175,404.95005897950426
1,4176,53.584512372312474
1,4177,253.2834926957709
1,4178,243.23009788200113
1,4179,249.43085501541134
1,4180,159.27408481419457
1,4181,270.36272576913507
1,4182,253.34804545776728
1,4183,239.29442131429224
1,4184,248.83849175257774
1,4185,99.56243783272126
1,4186,226.6959783129457
1,4187,40.51883239745413
1,4188,238.1613258256246
1,4189,53.69586677301095
1,4190,158.88688075078534
1,4191,270.2246435436594
1,4192,148.24940842737976
1,4193,242.79880438313583
1,4194,13.537548461200723
1,4195,125.32517168651503
1,4196,54.07474924012823
1,4197,254.95100386430772
1,4198,42.976291646783906
1,4199,216.99996101192573
1,4200,54.18277780797773
1,4201,242.80415811156456
1,4202,249.9491012455909
1,4203,52.9885983257455
1,4204,157.24617599637537
1,4205,265.5816647252205
1,4206,252.02856163005526
1,4207,82.24342599164925
1,4208,249.57580273961588
1,4209,52.08160681929667
1,4210,244.02964057652122
1,4211,246.27936558514523
1,4212,52.130123561823126
1,4213,109.20255020369386
1,4214,223.7179551535744
1,4215,40.30593386103128
1,4216,237.5070901478614
1,4217,51.7929567481312
1,4218,253.52836457389319
1,4219,248.84521048385324
1,4220,45.25605443573874
1,4221,242.74596484863062
1,4222,244.17269318328607
1,4223,54.008631761193755
1,4224,241.78301208491018
1,4225,51.331303765998896
1,4226,98.16960485132752
1,4227,253.3397633410238
1,4228,53.13725715170018
1,4229,41.13136811387936
1,4230,302.95260832976135
1,4231,53.12816195974462
1,4232,241.8885599148535
1,4233,100.02911070705264
1,4234,53.44042656065983
1,4235,292.0945764207082
1,4236,409.47992810150174
1,4237,53.448048437723656
1,4238,253.39458099045237
1,4239,249.68795105887438
1,4240,46.10564889072408
1,4241,244.58336840386215
1,4242,246.80743528578063
1,4243,303.0926461082213
1,4244,242.98129577029263
1,4245,215.88350020099028
1,4246,237.4685998600989
1,4247,251.2346452383345
1,4248,53.92111831064322
1,4249,244.75470143892153
1,4250,52.8303411675077
1,4251,41.82531902813842
1,4252,246.02980402651366
1,4253,54.67941526374225
1,4254,158.61668157359594
1,4255,269.0231069378018
1,4256,209.69543596939286
1,4257,161.99105148882012
1,4258,99.18359835052703
1,4259,119.23962023008534
1,4260,270.18196223068617
1,4261,150.8242538022044
1,4262,148.41065802397452
1,4263,246.2358240220194
1,4264,53.77236051636846
1,4265,81.2797030969162
1,4266,231.86767018388576
1,4267,249.5009106803588
1,4268,241.76815032893626
1,4269,58.690694135285284
1,4270,247.4481663059555
1,4271,97.04901516320697
1,4272,249.01937321266936
1,4273,257.9836417928677
1,4274,255.06965157703866
1,4275,155.40860480852336
1,4276,237.90472622247512
1,4277,52.66962692265234
1,4278,264.7001450310285
1,4279,253.30201388690676
1,4280,33.355554846165134
1,4281,232.4319099311691
1,4282,52.21751470737291
1,4283,138.2229581350449
1,4284,469.038782043499
1,4285,253.09622526472356
1,4286,237.5032327252266
1,4287,52.21967593184844
1,4288,241.5178961697634
1,4289,168.58558409888747
1,4290,33.68118221858434
1,4291,244.80427094254526
1,4292,255.01229958635298
1,4293,53.76025797414282
1,4294,493.5246812584821
1,4295,46.22521679770968
1,4296,255.08291439832652
1,4297,34.9910815445114
1,4298,242.74278724579648
1,4299,252.87720146687337
1,4300,221.13049200149095
1,4301,246.71016707703563
1,4302,139.590310616453
1,4303,190.7801476405968
1,4304,54.9710806898761
1,4305,249.55448102089824
1,4306,54.979102490184246
1,4307,208.36328481627027
1,4308,55.82383594712705
1,4309,254.48937524108425
1,4310,247.44794807510667
1,4311,55.29629725360954
1,4312,251.9078014022256
1,4313,257.29900093300756
1,4314,34.62597084542762
1,4315,250.07015031213479
1,4316,46.80414559828195
1,4317,57.87181975534785
1,4318,495.219082597113
1,4319,57.97198434585553
1,4320,34.65005928415276
1,4321,241.54420542974668
1,4322,240.2000843517692
1,4323,55.75896554520695
1,4324,289.13727479657575
1,4325,252.33463256423641
1,4326,241.0861630510859
1,4327,242.3794338635015
1,4328,58.98681475532416
1,4329,248.85272838229983
1,4330,66.65042833317922
1,4331,250.05547588401066
1,4332,456.88482011522
1,4333,238.76833877490822
1,4334,52.75951908187318
1,4335,245.65319978028168
1,4336,138.7975446058259
1,4337,61.06491771937314
1,4338,179.72832636329883
1,4339,247.48202604551983
1,4340,54.3160502157648
1,4341,245.72088550899718
1,4342,250.76783926286637
1,4343,45.30142095587998
1,4344,138.42413201446152
1,4345,186.6160269670563
1,4346,267.28057068379655
1,4347,52.3836275980594
1,4348,205.6058746230037
1,4349,247.49749730153047
1,4350,46.39633263683118
1,4351,63.072790822219794
1,4352,247.84425326504322
1,4353,259.0489531301837
1,4354,27.41945950498001
1,4355,80.76040553143935
1,4356,139.7230886761286
1,4357,191.28691328426714
1,4358,54.850371630503304
1,4359,143.9279597334882
1,4360,195.83716969464746
1,4361,57.38556630665735
1,4362,43.567713044156676
1,4363,244.60680829468873
1,4364,262.30446177630995
1,4365,248.44185554732084
1,4366,260.5331381363823
1,4367,86.97830892694682
1,4368,244.2669051343766
1,4369,262.19192501667925
1,4370,60.907970647760465
1,4371,250.17818674367746
1,4372,56.23613538639789
1,4373,217.0787463690591
1,4374,256.23004802119084
1,4375,149.48401902247025
1,4376,260.16047445693994
1,4377,92.90272870381429
1,4378,261.8114212027502
1,4379,250.76781326079578
1,4380,47.5937325416406
1,4381,197.5214411780005
1,4382,249.80473628394216
1,4383,59.2186095302216
1,4384,251.02305192166276
1,4385,56.30799832698817
1,4386,243.9076397784856
1,4387,251.10213596164255
1,4388,249.6888841574296
1,4389,267.6950025728016
1,4390,56.57775084226512
1,4391,252.8430625340318
1,4392,180.49835759041878
1,4393,255.86507850911678
1,4394,247.93596223041405
1,4395,147.8412453083001
1,4396,250.27683836791442
1,4397,55.0205285868024
1,4398,241.82289014411555
1,4399,56.79375324935086
1,4400,256.2778162028493
1,4401,251.36625518194484
1,4402,55.0279971636086
1,4403,252.58020195389656
1,4404,43.492673413311365
1,4405,242.73054376401325
1,4406,54.802094163061355
1,4407,252.8450914103567
1,4408,253.50418425331048
1,4409,43.48205722482548
1,4410,239.3043807571613
1,4411,249.442710116365
1,4412,335.9063251526161
1,4413,56.91300602602681
1,4414,243.6636145192534
1,4415,53.99757575019042
1,4416,268.8703270254282
1,4417,53.05853373965871
1,4418,240.60682190060476
1,4419,267.7679041861535
1,4420,56.93672232912684
1,4421,249.19718349364007
1,4422,338.0413546602124
1,4423,254.8157393431749
1,4424,54.04089392856547
1,4425,259.18346702426174
1,4426,248.36825628239694
1,4427,77.27306103147465
1,4428,145.34496295484118
1,4429,255.84389565837606
1,4430,258.35901973142893
1,4431,58.934537242277216
1,4432,254.5814084115409
1,4433,19.005737604895465
1,4434,385.19166298027375
1,4435,34.304431274674506
1,4436,380.3119834949042
1,4437,254.32231036905495
1,4438,243.48712243121713
1,4439,224.33226503900266
1,4440,211.72400578039418
1,4441,27.623460687339204
1,4442,241.2936922300932
1,4443,241.50243884113627
1,4444,53.60491056485772
1,4445,245.2950573756145
1,4446,137.85711305085732
1,4447,133.47083243866237
1,4448,237.53600103583167
1,4449,408.97369097559215
1,4450,54.488027767746175
1,4451,144.29853029037082
1,4452,315.7527482031283
1,4453,238.77637679261892
1,4454,243.80381360462098
1,4455,45.06815671781004
1,4456,258.94654093517676
1,4457,141.2160332040493
1,4458,53.667529271313995
1,4459,41.98384152967583
1,4460,236.67798616729965
1,4461,52.39118277430728
1,4462,252.545775184486
1,4463,256.88406893043106
1,4464,31.63880015747368
1,4465,239.36812217766033
1,4466,54.7787033776541
1,4467,457.3657843603321
1,4468,82.46751028968333
1,4469,238.66719788204819
1,4470,53.3726069761975
1,4471,257.8213395844442
1,4472,143.67910032104726
1,4473,228.47771298143516
1,4474,251.39907860220399
1,4475,51.5818901566625
1,4476,260.3947257555021
1,4477,237.66554613545676
1,4478,81.74614109591192
1,4479,233.08367458015474
1,4480,120.53157912392567
1,4481,249.8401461918096
1,4482,245.1507023908245
1,4483,55.25104753011959
1,4484,249.92274208773028
1,4485,211.95058031866668
1,4486,207.18279517186437
1,4487,244.55026372843383
1,4488,80.6961324829281
1,4489,258.28991241396614
1,4490,55.171478834021514
1,4491,222.16536978436227
1,4492,53.1987727065314
1,4493,259.57422806596526
1,4494,231.03099414237224
1,4495,244.6918393251413
1,4496,44.88261843584468
1,4497,265.4849855952499
1,4498,146.4668383397814
1,4499,231.67244966046158
1,4500,51.70579610845368
1,4501,450.8905010780725
1,4502,50.68312333527193
1,4503,302.78903877236917
1,4504,239.15777846395326
1,4505,343.3853853358963
1,4506,240.6931561176297
1,4507,85.20853095453815
1,4508,40.83680398015589
1,4509,251.8884743402554
1,4510,55.803541520178875
1,4511,275.7411319287147
1,4512,180.59748154378815
1,4513,250.34566086235154
1,4514,56.51202102748936
1,4515,253.0982667830533
1,4516,124.06474475468008
1,4517,148.7033976373658
1,4518,255.44207661426952
1,4519,259.0434577224753
1,4520,572.9148755806245
1,4521,45.371189500468354
1,4522,130.25092655298135
1,4523,257.18494619144263
1,4524,252.97988262035096
1,4525,274.23691765931335
1,4526,252.77452981390044
1,4527,256.07802909979307
1,4528,251.60601601750363
1,4529,46.7849511917813
1,4530,245.42116244227128
1,4531,55.34995674863966
1,4532,255.08481058281654
1,4533,179.81127210111867
1,4534,251.21989178586
1,4535,86.32854333915077
1,4536,262.79471043730143
1,4537,248.61662826081695
1,4538,45.934717213737045
1,4539,265.62728010097715
1,4540,257.92409113499144
1,4541,63.37461445779316
1,4542,252.50536247415363
1,4543,55.55784459003593
1,4544,145.1488580479784
1,4545,245.68677020593537
1,4546,267.1443759960734
1,4547,257.6970712688898
1,4548,169.71826943094823
1,4549,55.07511851808009
1,4550,113.88157026749025
1,4551,55.07511851808009
1,4552,256.9627171743076
1,4553,292.7338769958534
1,4554,250.8111560697393
1,4555,151.16343196346924
1,4556,272.30476210514644
1,4557,54.695145200107135
1,4558,262.26525899053195
1,4559,151.16726772614305
1,4560,251.79407864260043
1,4561,58.51988874322535
1,4562,259.76028009789167
1,4563,59.30537482089708
1,4564,259.6191665124172
1,4565,41.46099731423714
1,4566,322.5410699811091
1,4567,251.05253873589754
1,4568,275.5325543680487
1,4569,260.5539828420689
1,4570,276.5277754072614
1,4571,270.27373382194344
1,4572,102.96091425448098
1,4573,269.6555792075138
1,4574,258.8668602559728
1,4575,250.59257210889177
1,4576,59.413726954765735
1,4577,270.69038074435775
1,4578,34.67678752830668
1,4579,256.0356784782875
1,4580,249.75509411193525
1,4581,48.81802896715763
1,4582,272.5091394522184
1,4583,256.8650462764781
1,4584,180.29027197721572
1,4585,256.8484264359065
1,4586,268.09400235754595
1,4587,264.1600591468444
1,4588,244.41008596678682
1,4589,175.31412251730293
1,4590,178.58427335780357
1,4591,272.45555407449797
1,4592,246.4316064083274
1,4593,218.3286195694525
1,4594,212.68057648409751
1,4595,123.51252477322566
1,4596,243.35099366410373
1,4597,46.39867358720749
1,4598,242.11364464294257
1,4599,250.42928573433346
1,4600,261.238558617194
1,4601,244.93011007771258
1,4602,249.26025778770304
1,4603,53.89107754656891
1,4604,246.0205768556939
1,4605,97.22316278538784
1,4606,257.27573563131983
1,4607,54.05301564262949
1,4608,245.89154541727294
1,4609,86.14397624697385
1,4610,255.47094316039158
1,4611,267.0049559774984
1,4612,64.14418033621483
1,4613,260.82765423225896
1,4614,253.57589703209914
1,4615,255.37310304979917
1,4616,238.50087026651784
1,4617,256.426167520215
1,4618,62.34403711189415
1,4619,338.8491112494496
1,4620,57.990808945835134
1,4621,289.0065813167482
1,4622,263.13330627570605
1,4623,56.08105435022081
1,4624,184.51529751558766
1,4625,258.41728774017565
1,4626,62.815184231727486
1,4627,216.22014298313013
1,4628,58.51455865747096
1,4629,267.47826086873545
1,4630,58.5225910432789
1,4631,260.9271953654588
1,4632,90.20861539215252
1,4633,475.1503671009342
1,4634,65.0652733865037
1,4635,192.80217303686027
1,4636,258.1715316327076
1,4637,258.26487935464735
1,4638,59.69629408943287
1,4639,45.93831809670936
1,4640,329.91329478947404
1,4641,60.46145241050152
1,4642,266.25351358937144
1,4643,60.56165323973811
1,4644,116.62494200090043
1,4645,275.80138506679475
1,4646,65.2553855160598
1,4647,462.31327143579296
1,4648,60.59058696055415
1,4649,252.63865140838112
1,4650,150.07939922358918
1,4651,259.5196675198003
1,4652,261.7918318713718
1,4653,262.8936688236161
1,4654,126.49405852877163
1,4655,187.81725516376991
1,4656,264.68723714252957
1,4657,56.99382536850567
1,4658,255.67298333299797
1,4659,252.29054543675588
1,4660,255.57566724526893
1,4661,149.0956310530264
1,4662,82.9408317930029
1,4663,261.40462781822725
1,4664,260.9878837471029
1,4665,34.67871004061864
1,4666,215.50376780255698
1,4667,258.30280463201314
1,4668,252.18439733451294
1,4669,150.36097160743304
1,4670,49.01076746669224
1,4671,259.13251666153326
1,4672,142.30512079072537
1,4673,258.7766942225919
1,4674,260.44563561897587
1,4675,268.08879406128426
1,4676,195.85061667006306
1,4677,261.0706730927368
1,4678,124.82150168548247
1,4679,185.43327453640583
1,4680,58.914418865146345
1,4681,268.5292427895058
1,4682,58.93180720895738
1,4683,257.4951521565671
1,4684,47.39317498641614
1,4685,58.84571521371812
1,4686,261.53406946122874
1,4687,294.40405183823805
1,4688,184.53779490694717
1,4689,266.43837490080944
1,4690,146.16795683904797
1,4691,261.7720532471192
1,4692,55.05381542507415
1,4693,257.79880121494193
1,4694,90.69685839327973
1,4695,281.8681102842132
1,4696,261.791797347487
1,4697,283.3068578231
1,4698,178.63569038746948
1,4699,250.67995282867975
1,4700,267.22193057361244
1,4701,264.94496572356127
1,4702,252.3587032989227
1,4703,469.8880243196794
1,4704,251.16593477395998
1,4705,226.0510451764569
1,4706,56.24044612172554
1,4707,245.96718078613557
1,4708,54.10449658877813
1,4709,247.0631696466672
1,4710,249.56384084594322
1,4711,253.67737406187987
1,4712,46.11960432458427
1,4713,244.48065478714636
1,4714,250.4651807217032
1,4715,256.46845422035716
1,4716,394.3331380817756
1,4717,252.43556824673288
1,4718,98.33427188043805
1,4719,82.08183619653522
1,4720,63.175245304736585
1,4721,244.27447721161127
1,4722,252.1269194079938
1,4723,251.75749817287527
1,4724,261.1357581669133
1,4725,400.7843081164483
1,4726,250.1648966471581
1,4727,265.9440958799409
1,4728,267.650238007123
1,4729,48.895644009128205
1,4730,287.9279858301645
1,4731,256.94391273559114
1,4732,257.9793846379827
1,4733,264.20344411025064
1,4734,261.79694690900385
1,4735,58.736778460950966
1,4736,257.6879295394413
1,4737,259.9016054528592
1,4738,90.05763451696421
1,4739,258.90805306946436
1,4740,274.66832565089203
1,4741,265.90962857317663
1,4742,265.8381830162324
1,4743,258.27565240783434
1,4744,90.88784808114781
1,4745,259.61941430946075
1,4746,258.18737089695946
1,4747,270.8547662296934
1,4748,86.0896986303392
1,4749,269.21887887788364
1,4750,266.18996802246517
1,4751,262.56466020681887
1,4752,252.37757729472676
1,4753,48.786312321913115
1,4754,277.0531677225796
1,4755,59.99746041556794
1,4756,268.43139452958735
1,4757,263.4088168666885
1,4758,264.9955977405451
1,4759,47.29570630112198
1,4760,33.22047759353168
1,4761,243.2056457606562
1,4762,57.20801278617773
1,4763,249.6909545982639
1,4764,247.67719113057558
1,4765,240.0802698345682
1,4766,153.79154795263935
1,4767,249.0958550706182
1,4768,161.57932796710253
1,4769,253.91403781967307
1,4770,46.52559291156868
1,4771,148.50632465457184
1,4772,240.32696948428037
1,4773,121.38040717633044
1,4774,181.55315767039275
1,4775,247.54480249651073
1,4776,138.30944260451545
1,4777,51.31591896350315
1,4778,261.42086642776883
1,4779,236.80575782525062
1,4780,274.9218751205905
1,4781,144.99240193745698
1,4782,264.19255528927147
1,4783,122.18476419683122
1,4784,182.39426493710738
1,4785,254.54554327412816
1,4786,59.406979192585894
1,4787,252.8182957912033
1,4788,55.10050226296161
1,4789,254.49693556384787
1,4790,50.47578998204054
1,4791,121.58420208848852
1,4792,278.05249603822847
1,4793,253.24171459820673
1,4794,180.35451507423954
1,4795,252.02949046326756
1,4796,246.45911639046392
1,4797,97.47747845662364
1,4798,257.419435519736
1,4799,253.7135949824127
1,4800,76.64605011663738
1,4801,318.3078103166523
1,4802,291.50639111873204
1,4803,256.6520668423613
1,4804,257.75735139227004
1,4805,256.3693509933307
1,4806,57.92718413888757
1,4807,252.13836042443597
1,4808,53.631173624308076
1,4809,287.62890024609834
1,4810,55.212650994204736
1,4811,266.2305789947823
1,4812,263.4728212058411
1,4813,270.1705006316266
1,4814,60.48683615538306
1,4815,266.7616765922615
1,4816,278.48931469532965
1,4817,269.33226830284485
1,4818,238.5497040888032
1,4819,256.77283681383926
1,4820,36.272510366065376
1,4821,230.72805171677322
1,4822,246.123713683281
1,4823,248.40093459016396
1,4824,253.44966385668496
1,4825,255.73452065066417
1,4826,60.37569382988512
1,4827,64.10538818441515
1,4828,272.7344642175496
1,4829,240.3252080305104
1,4830,249.45616360565106
1,4831,246.50863767068856
1,4832,245.13530682737218
1,4833,248.1610870254264
1,4834,239.2783099277006
1,4835,259.9308980536034
1,4836,245.5767653612728
1,4837,265.6765643916791
1,4838,259.0137262044757
1,4839,252.69188008644855
1,4840,277.0131938557304
1,4841,250.21252219425145
1,4842,46.60491067789242
1,4843,254.34399848505873
1,4844,254.5064354758356
1,4845,236.43044845012395
1,4846,261.7758451712365
1,4847,192.21436991306598
1,4848,245.77975590167475
1,4849,262.35273591939165
1,4850,33.95026579818421
1,4851,133.02281375892125
1,4852,240.16589544540415
1,4853,251.31948529004018
1,4854,257.2647446926933
1,4855,246.10444507007702
1,4856,245.98744295194058
1,4857,251.80570307357738
1,4858,58.682517517953855
1,4859,58.48320333912921
1,4860,263.19438773638217
1,4861,248.79572462675722
1,4862,246.13561344502972
1,4863,251.12472194153148
1,4864,49.39395386800206
1,4865,249.6167228666153
1,4866,58.43649119650592
1,4867,150.97414023719975
1,4868,288.89794130906887
1,4869,249.39264965879124
1,4870,254.9112266776703
1,4871,40.389145955498414
1,4872,271.9898376037152
1,4873,58.83912597611819
1,4874,283.00590731967793
1,4875,252.54854517767905
1,4876,58.670764325619544
1,4877,58.032851896064926
1,4878,268.5394135102822
1,4879,248.46259230128783
1,4880,57.375444196221366
1,4881,249.60347041243105
1,4882,241.32162240281164
1,4883,246.03246125438517
1,4884,46.26352287653315
1,4885,243.24416341275554
1,4886,55.78044358369953
1,4887,244.06949603213042
1,4888,132.6212486449011
1,4889,249.34049582356312
1,4890,250.56291160440225
1,4891,249.50788371847713
1,4892,248.78721439989008
1,4893,521.2673788866289
1,4894,246.5944807234348
1,4895,260.9948972424037
1,4896,240.31309893908394
1,4897,262.9681882795637
1,4898,48.26270880332425
1,4899,244.7902386587765
1,4900,57.668636951206196
1,4901,254.0153488642302
1,4902,248.25225858925097
1,4903,31.826094815371277
1,4904,241.4243288438032
1,4905,56.43053159536451
1,4906,251.3555669401287
1,4907,148.97808123262712
1,4908,256.00371349650266
1,4909,56.25544190450789
1,4910,255.87028894416625
1,4911,56.56799785332416
1,4912,268.6747123938116
1,4913,49.38524744208098
1,4914,56.756202315823984
1,4915,250.37422426432664
1,4916,180.65317105888255
1,4917,251.026504982316
1,4918,277.32668879773155
1,4919,263.2289579748551
1,4920,269.72532784442694
1,4921,254.25917122913373
1,4922,258.0266867107589
1,4923,52.14314713851357
1,4924,254.21709242954557
1,4925,54.22111781373117
1,4926,57.302203258514055
1,4927,267.9256670869905
1,4928,87.001630676161
1,4929,251.84235131237205
1,4930,259.3315456642924
1,4931,59.3539788973153
1,4932,250.31084993169404
1,4933,280.3787941035454
1,4934,42.69722606935879
1,4935,261.40003669885004
1,4936,54.07295397154258
1,4937,254.60944211222244
1,4938,263.05117078529895
1,4939,259.285704673866
1,4940,262.6686919174839
1,4941,180.90847028289494
1,4942,243.44653058370093
1,4943,248.7387031983995
1,4944,259.34852285782137
1,4945,252.64590853447294
1,4946,292.53272629000367
1,4947,218.52741763842482
1,4948,11.529239755471227
1,4949,180.23331153674414
1,4950,259.67639791945885
1,4951,257.24731403003506
1,4952,61.16036084157156
1,4953,187.7654911735624
1,4954,264.1275414491221
1,4955,49.021139317150386
1,4956,254.91693075829008
1,4957,88.89602813930006
1,4958,362.9771768840726
1,4959,284.1732413178092
1,4960,152.6891579579539
1,4961,56.99830040418699
1,4962,253.9707784907577
1,4963,58.910806414205865
1,4964,298.1912049506594
1,4965,265.344000987821
1,4966,272.16802140835836
1,4967,289.4747970049933
1,4968,88.11921580202923
1,4969,257.6973729336686
1,4970,259.3449870717314
1,4971,289.181132151472
1,4972,252.4024024533537
1,4973,86.66163202223933
1,4974,303.3895365118523
1,4975,261.4752118262377
1,4976,247.5420530790098
1,4977,236.84222991490572
1,4978,42.78967862922727
1,4979,271.93951026367756
1,4980,178.27617075967396
1,4981,54.31988018540591
1,4982,245.70959011061097
1,4983,46.71584849200573
1,4984,54.26481162099175
1,4985,250.74698055728015
1,4986,252.85613688803488
1,4987,48.29627054490099
1,4988,54.4438787535792
1,4989,217.0749076682826
1,4990,142.14831000919494
1,4991,42.906398504231646
1,4992,332.5415548747747
1,4993,270.6165736757047
1,4994,54.48632505313479
1,4995,252.17172464184875
1,4996,22.444271123978236
1,4997,54.52457120791995
1,4998,267.49585656941593
1,4999,49.017742716169565
1,5000,251.61559542719203
1,5001,246.02282490681924
1,5002,155.66477583520816
1,5003,263.04614562251777
1,5004,56.684244634278755
1,5005,249.19278355572476
1,5006,248.60722362709706
1,5007,254.6658735965945
1,5008,197.17270977496491
1,5009,252.7997835343716
1,5010,266.8811874202287
1,5011,149.43235974022417
1,5012,255.25941634327586
1,5013,57.69045158417069
1,5014,259.689427928792
1,5015,49.92748085749997
1,5016,58.92913595401073
1,5017,246.70602218820534
1,5018,267.1976378926764
1,5019,143.5623836293433
1,5020,284.76240361823113
1,5021,218.21240141635445
1,5022,251.71004474341117
1,5023,58.83034520723601
1,5024,256.69063715071456
1,5025,91.24424902500988
1,5026,370.0613334089734
1,5027,284.1852787029885
1,5028,150.59592258954444
1,5029,260.1127177327256
1,5030,300.4924961751758
1,5031,216.93015874164695
1,5032,249.50037067185266
1,5033,180.29872878652245
1,5034,257.6646317470182
1,5035,260.1421507046732
1,5036,257.7028668103958
1,5037,645.1932636417978
1,5038,249.00076277008122
1,5039,55.90040089200032
1,5040,253.96061385172464
1,5041,261.29674715773115
1,5042,254.98630442346064
1,5043,249.29023429452928
1,5044,65.6151775921626
1,5045,269.66845904261584
1,5046,257.9680192441291
1,5047,257.2662011463389
1,5048,261.8392656836665
1,5049,271.8107435125879
1,5050,179.7707107073511
1,5051,246.39895132568688
1,5052,263.9354165227487
1,5053,255.3718802201194
1,5054,266.74108583392007
1,5055,256.9911824927873
1,5056,278.1014131121875
1,5057,265.7149270530097
1,5058,50.26889287663647
1,5059,264.99664340145114
1,5060,251.69274285333373
1,5061,204.3049836103818
1,5062,253.55844177163783
1,5063,54.425065040628205
1,5064,33.75219112189283
1,5065,79.51590784185825
1,5066,120.89282669645678
1,5067,243.32342187715543
1,5068,244.54905451632757
1,5069,54.349290676512084
1,5070,252.70622361404747
1,5071,52.83275665343544
1,5072,247.49383877178633
1,5073,262.0801133750824
1,5074,225.5624645631688
1,5075,17.499921056500458
1,5076,233.59025056157006
1,5077,59.39481107728678
1,5078,248.58387889429792
1,5079,54.164129072991074
1,5080,253.24739533269656
1,5081,33.61998513875744
1,5082,252.8029645106672
1,5083,246.2349437736029
1,5084,251.56492004130104
1,5085,253.05552769339386
1,5086,97.80484677805848
1,5087,171.14959700904757
1,5088,58.442528537671876
1,5089,264.66469942233454
1,5090,238.2285129838238
1,5091,16.420520833618305
1,5092,240.06402870721627
1,5093,74.2322978942021
1,5094,58.60479017678702
1,5095,178.45827046460556
1,5096,49.49914111416338
1,5097,255.6859782708799
1,5098,44.16251236637336
1,5099,250.95610851941606
1,5100,59.11530442013343
1,5101,259.08174259750706
1,5102,180.3820142161714
1,5103,260.8869501857155
1,5104,58.90118777051875
1,5105,265.23987056936255
1,5106,220.4603433927935
1,5107,260.414283889837
1,5108,85.17343027296943
1,5109,265.56114185056856
1,5110,59.3761426414345
1,5111,85.17602842197849
1,5112,259.8269801536348
1,5113,126.57806960962071
1,5114,263.19244786073847
1,5115,149.44912834461934
1,5116,58.451063956299876
1,5117,259.3637411881523
1,5118,256.0583765930591
1,5119,250.48403912925716
1,5120,257.04229407202666
1,5121,251.5089637792512
1,5122,48.1292521375662
1,5123,267.26144178053937
1,5124,257.90615115350863
1,5125,363.68316305186613
1,5126,255.54799114225477
1,5127,55.991854189716605
1,5128,258.8197490616841
1,5129,48.19433609946823
1,5130,252.98394409840768
1,5131,233.46089186149436
1,5132,29.878354601047093
1,5133,265.13538002294706
1,5134,55.72824025305599
1,5135,259.9504271345776
1,5136,324.2726136783119
1,5137,237.48337616744402
1,5138,219.24874577204977
1,5139,239.82855692034826
1,5140,232.66192556975034
1,5141,265.2079689950915
1,5142,248.6817635658515
1,5143,210.1021133072027
1,5144,249.8555099745101
1,5145,56.15037086777141
1,5146,258.79024723670915
1,5147,252.56333147681332
1,5148,238.71137363565236
1,5149,252.2685906032214
1,5150,54.2504874780735
1,5151,246.74623964421855
1,5152,271.97659552800343
1,5153,60.788482234352884
1,5154,264.8442522375045
1,5155,259.17066565856817
1,5156,46.03202354559893
1,5157,246.15929005310358
1,5158,268.56400387008244
1,5159,34.193999379388295
1,5160,352.8923630263263
1,5161,238.62962918258512
1,5162,251.0877399469025
1,5163,253.44310318033368
1,5164,253.37196597921732
1,5165,55.51945714940412
1,5166,255.42356758812411
1,5167,56.21193667686086
1,5168,251.64155962694622
1,5169,249.27847717055886
1,5170,251.9983198514985
1,5171,238.36598566321794
1,5172,260.3241140423296
1,5173,54.726249453437276
1,5174,249.41662062844648
1,5175,234.83323803505027
1,5176,46.55644480984692
1,5177,246.91527086299743
1,5178,251.02785200442798
1,5179,85.32923349136901
1,5180,247.7802193490994
1,5181,55.92675015545751
1,5182,257.6812849839051
1,5183,237.44513057355817
1,5184,90.01622640214023
1,5185,254.32168344576212
1,5186,57.50140628893994
1,5187,254.57838536217247
1,5188,259.38267812020155
1,5189,257.15637897588505
1,5190,58.780211937189776
1,5191,264.70737622055424
1,5192,271.4716543910525
1,5193,45.821122475837285
1,5194,260.3823128222543
1,5195,268.25286491276916
1,5196,57.969615136712456
1,5197,259.15960078180717
1,5198,259.4107489952228
1,5199,266.1002170603886
1,5200,58.18964018884016
1,5201,232.28254164890302
1,5202,279.7161169972656
1,5203,259.7592506663224
1,5204,127.57764597980933
1,5205,192.82935779572767
1,5206,266.8866919424937
1,5207,263.0855286778085
1,5208,61.72277240021968
1,5209,274.1334786440464
1,5210,86.19372125446063
1,5211,151.54027696054322
1,5212,268.2704305029155
1,5213,58.293678697420134
1,5214,260.565511954033
1,5215,59.114858299017556
1,5216,149.25094979441653
1,5217,129.62995286098996
1,5218,268.94113576631264
1,5219,54.338517319213466
1,5220,151.27290454313942
1,5221,263.4586326901378
1,5222,254.84867909193542
1,5223,262.9133445242606
1,5224,267.4963140762352
1,5225,18.16901424706316
1,5226,248.99291184794572
1,5227,234.38572117948348
1,5228,238.4300285252217
1,5229,92.59526731573271
1,5230,231.65997662469303
1,5231,216.46741981995996
1,5232,208.93343586188792
1,5233,224.33896057994178
1,5234,368.64517912459445
1,5235,222.4863740960618
1,5236,233.1688273589962
1,5237,46.00565551207697
1,5238,224.8202318410569
1,5239,96.4537447110778
1,5240,48.8715442246071
1,5241,238.56502484012353
1,5242,130.48005889678404
1,5243,244.20387454893745
1,5244,229.4919689036404
1,5245,233.03834019768573
1,5246,246.36705858326647
1,5247,92.11079531448186
1,5248,246.50929404846758
1,5249,52.07906711940815
1,5250,205.17702204994134
1,5251,43.14774521824194
1,5252,50.66696229333964
1,5253,226.0607891075574
1,5254,275.9833947181751
1,5255,51.9395638771545
1,5256,245.88722893877213
1,5257,93.12867382980278
1,5258,251.765618444761
1,5259,248.17404820618162
1,5260,233.45216417056116
1,5261,144.33544049393572
1,5262,78.91258915109746
1,5263,234.58170236060255
1,5264,236.1004415106339
1,5265,254.60304032110736
1,5266,49.03933131437843
1,5267,362.0912836311844
1,5268,233.11251253064484
1,5269,242.68577269866893
1,5270,231.1069463019469
1,5271,250.79770327998068
1,5272,297.9997578779477
1,5273,223.20649848508484
1,5274,141.47835198053036
1,5275,220.2782951520406
1,5276,226.526186160183
1,5277,43.3398957482988
1,5278,180.58711744862245
1,5279,221.72686233797384
1,5280,228.63275211307212
1,5281,236.1409219326339
1,5282,178.33633524527175
1,5283,88.08664018216913
1,5284,215.06352861496737
1,5285,47.90447718260681
1,5286,78.2591345364568
1,5287,245.31799095043155
1,5288,50.34537896579907
1,5289,272.33895151390914
1,5290,231.5879586699606
1,5291,28.587450602863285
1,5292,126.17732275213669
1,5293,252.54985189320186
1,5294,57.721235885179155
1,5295,161.24062727006748
1,5296,68.73930128724598
1,5297,207.76596866931703
1,5298,52.93813866334918
1,5299,239.71836763439177
1,5300,236.07433195669182
1,5301,51.32527363129152
1,5302,272.4152420562465
1,5303,234.83144054981545
1,5304,44.361552225084324
1,5305,32.037752746003655
1,5306,203.97365260090533
1,5307,161.12175432444235
1,5308,239.48640694162606
1,5309,228.74317585581838
1,5310,253.95182306100918
1,5311,224.09764208025666
1,5312,169.55632593871752
1,5313,32.66608939813316
1,5314,198.00150847596407
1,5315,227.41763303866566
1,5316,241.59825956020865
1,5317,230.57293587210356
1,5318,236.07638990265266
1,5319,224.70294205303168
1,5320,53.09895685572167
1,5321,129.21580936568557
1,5322,44.82388766769586
1,5323,94.10895343666932
1,5324,248.65500309435035
1,5325,346.16469327456304
1,5326,218.1767835613306
1,5327,56.47686329694196
1,5328,138.63579986387845
1,5329,41.35750077903261
1,5330,249.9229247065117
1,5331,54.15556560887535
1,5332,162.42451675212027
1,5333,229.90952318000996
1,5334,244.82924141156468
1,5335,233.3564561677947
1,5336,424.70681852733196
1,5337,326.7785397520518
1,5338,55.52723244822907
1,5339,33.31052326986358
1,5340,245.3814995662276
1,5341,58.506124672679576
1,5342,59.57825307001787
1,5343,240.26701021281053
1,5344,49.42404970227987
1,5345,504.179708793358
1,5346,49.42404970227987
1,5347,237.01108988536623
1,5348,233.6437759882017
1,5349,270.84932382847273
1,5350,118.95423522024379
1,5351,242.68957897663273
1,5352,10.971078870326412
1,5353,226.34209089434478
1,5354,117.82554822497939
1,5355,214.67537330625677
1,5356,182.6294950359994
1,5357,94.98055143327481
1,5358,245.17958044082854
1,5359,46.32242261891651
1,5360,125.97470482055229
1,5361,230.4464245337041
1,5362,119.2480366696101
1,5363,249.10969240275344
1,5364,51.68008329936651
1,5365,278.3611983425095
1,5366,240.706382121633
1,5367,217.83531305446553
1,5368,191.8298834678656
1,5369,240.13504513227065
1,5370,225.03736071747272
1,5371,97.91912369183422
1,5372,235.10887129647233
1,5373,224.27480352524833
1,5374,52.92067005827936
1,5375,253.23788767652002
1,5376,44.88177490176952
1,5377,242.26995489813206
1,5378,231.66164161594253
1,5379,139.0130788670232
1,5380,243.7487656751025
1,5381,139.5177195640489
1,5382,248.86183400706733
1,5383,359.1686343958414
1,5384,243.17544537797357
1,5385,250.60202683987075
1,5386,51.60214491714416
1,5387,115.93479630108493
1,5388,238.40091411229912
1,5389,242.98262589465594
1,5390,94.32156989196494
1,5391,244.0867703079802
1,5392,127.59374718041528
1,5393,250.0758306648156
1,5394,236.2630899619466
1,5395,256.7881925686231
1,5396,88.98372241437643
1,5397,46.08750130853937
1,5398,344.0135413221522
1,5399,238.3768713356138
1,5400,48.14945550541419
1,5401,242.75590687799524
1,5402,95.69935042456547
1,5403,243.6013512107259
1,5404,334.49011843845835
1,5405,54.54151481953133
1,5406,257.36902201932907
1,5407,212.56664797692886
1,5408,245.6351863550965
1,5409,46.477056694867386
1,5410,255.3434578570135
1,5411,42.363029653011395
1,5412,252.64814824076205
1,5413,56.155664557586576
1,5414,247.9419408590203
1,5415,232.38584838761057
1,5416,156.53714147160395
1,5417,255.5077464773721
1,5418,249.138062324977
1,5419,46.241587059785786
1,5420,240.642163813006
1,5421,163.78610412212385
1,5422,244.31788224807573
1,5423,238.3282270700659
1,5424,143.27100819161709
1,5425,184.5498600013456
1,5426,119.78686832888053
1,5427,240.9841382148112
1,5428,244.8390274763468
1,5429,58.054872978379876
1,5430,295.0113154115062
1,5431,52.0830589548484
1,5432,95.58977072176508
1,5433,244.3101413250628
1,5434,128.19796798445162
1,5435,126.99553526494458
1,5436,119.70444801096778
1,5437,182.2884699439859
1,5438,242.04896044014112
1,5439,33.13177180642174
1,5440,238.85643634742235
1,5441,95.01954522463141
1,5442,244.51561560498158
1,5443,47.59923468373668
1,5444,78.62614219960795
1,5445,154.1774308758402
1,5446,47.454772969970136
1,5447,134.85142778385156
1,5448,57.306959088731745
1,5449,96.0782099757259
1,5450,233.35074727820967
1,5451,41.13941422975168
1,5452,239.30300425344126
1,5453,257.85088306924206
1,5454,139.1713883582088
1,5455,55.74215999614158
1,5456,238.99722885663783
1,5457,243.81833003517795
1,5458,56.5083477833503
1,5459,347.6765269815848
1,5460,33.05652322093805
1,5461,231.04552479394775
1,5462,52.611040415544174
1,5463,136.57961382628744
1,5464,249.00070955436684
1,5465,247.6060383525133
1,5466,55.65674434440055
1,5467,222.17274950800777
1,5468,113.07963800634727
1,5469,239.6310581534803
1,5470,53.69982496971622
1,5471,242.72676167719726
1,5472,56.22789499528116
1,5473,239.99009239411703
1,5474,48.20586057302363
1,5475,257.54589106914386
1,5476,234.00391280096375
1,5477,248.66570049820012
1,5478,229.39744024082205
1,5479,57.00892529541889
1,5480,245.79539613927392
1,5481,243.52392971645617
1,5482,243.10451520431644
1,5483,248.19835990451278
1,5484,153.46088361885703
1,5485,422.50717196067694
1,5486,49.94239797052971
1,5487,470.8812812622841
1,5488,57.88718361264841
1,5489,239.96582949938917
1,5490,40.81710119309123
1,5491,246.15439616347572
1,5492,45.029207903578225
1,5493,93.97885970135313
1,5494,241.8336613743669
1,5495,56.67316910516523
1,5496,54.35330873200564
1,5497,96.31517695863499
1,5498,170.0357047635766
1,5499,51.708467442241044
1,5500,128.79773357382822
1,5501,46.08320920380513
1,5502,246.07809339056791
1,5503,104.81938350686818
1,5504,96.52289392777668
1,5505,243.96712855694528
1,5506,127.91678989104645
1,5507,54.406479713463206
1,5508,250.85231117442365
1,5509,234.6807734025966
1,5510,63.85853713618993
1,5511,130.7219512479238
1,5512,47.81126370453069
1,5513,237.21108890315764
1,5514,250.01907146734146
1,5515,140.55921785069899
1,5516,246.2244220718802
1,5517,52.55127293901113
1,5518,96.79846334903618
1,5519,246.8954684778295
1,5520,245.22939797335238
1,5521,75.15885843346013
1,5522,243.5663383130689
1,5523,58.01914918611922
1,5524,244.5550270552493
1,5525,55.60425416782839
1,5526,247.56822178839008
1,5527,257.8715526162755
1,5528,57.11440343084921
1,5529,385.83013244035556
1,5530,57.115016109484934
1,5531,253.7559242415354
1,5532,240.2696003237134
1,5533,244.29889598528882
1,5534,58.51369117402039
1,5535,242.4307856356333
1,5536,143.601215082456
1,5537,52.36054096909788
1,5538,382.0520670274459
1,5539,50.721049945288556
1,5540,247.36916983436112
1,5541,51.417417569263876
1,5542,237.4274766217685
1,5543,127.74631845102368
1,5544,8.526295485310785
1,5545,350.32815823266964
1,5546,232.2150248159532
1,5547,242.09410393032516
1,5548,49.33547846987328
1,5549,72.27884833256967
1,5550,239.0118422029969
1,5551,300.9979530242829
1,5552,86.2879144195313
1,5553,243.09633281515465
1,5554,141.50624424445232
1,5555,127.3876884079956
1,5556,258.2980086990239
1,5557,98.16112272656504
1,5558,48.825905788151005
1,5559,243.50579492543284
1,5560,202.5632522355706
1,5561,249.23139520984228
1,5562,45.03910168791454
1,5563,238.42864651055646
1,5564,183.9982599938465
1,5565,248.7319397251412
1,5566,54.43404817399648
1,5567,307.9823233228401
1,5568,262.7117403101167
1,5569,229.81383244009476
1,5570,337.6365517093474
1,5571,244.25352853812538
1,5572,59.3086982219709
1,5573,137.60564665854423
1,5574,72.0700848267084
1,5575,209.83165124685564
1,5576,138.94237353018116
1,5577,236.65699072142405
1,5578,52.44004932458374
1,5579,275.0920114057378
1,5580,94.10667753618489
1,5581,234.4024779488259
1,5582,50.04389479949903
1,5583,238.83848808513594
1,5584,236.09831313531936
1,5585,51.91873260674733
1,5586,333.25916167188836
1,5587,212.23688840615404
1,5588,240.28716818918164
1,5589,351.7026637240634
1,5590,41.059121249778556
1,5591,327.1312272939463
1,5592,387.14825782966585
1,5593,239.46618815274297
1,5594,250.98212145774573
1,5595,138.52383604084042
1,5596,243.94009726747538
1,5597,52.10018921665487
1,5598,244.88442550188103
1,5599,277.90388618777985
1,5600,124.98027400274819
1,5601,51.95159148246077
1,5602,244.1103039242932
1,5603,284.24213006433445
1,5604,300.96342337098605
1,5605,243.8568738329985
1,5606,28.39917160430698
1,5607,319.9133455653496
1,5608,249.15905668513312
1,5609,42.119938887322036
1,5610,328.65785405005136
1,5611,377.38619543381947
1,5612,160.02520796291986
1,5613,212.10063192625796
1,5614,361.71075094840774
1,5615,257.37822028738026
1,5616,126.3278307178173
1,5617,42.35611093085604
1,5618,236.34681340533808
1,5619,56.11534590143846
1,5620,243.7480241569349
1,5621,46.17543363310429
1,5622,233.8630700987971
1,5623,46.19784453386625
1,5624,54.50275907772196
1,5625,246.38882789505055
1,5626,241.49947129003056
1,5627,51.709574708634605
1,5628,198.39525234498018
1,5629,52.03962135085678
1,5630,289.29496419566976
1,5631,98.14993509344151
1,5632,134.69254087152075
1,5633,143.55497131661727
1,5634,238.09236676935296
1,5635,235.89010360070347
1,5636,88.8145094045894
1,5637,49.244132394360356
1,5638,95.1848139320978
1,5639,235.6383553549664
1,5640,54.09867919392796
1,5641,233.88059505012998
1,5642,218.02517066689109
1,5643,243.83383269632054
1,5644,82.03254839359573
1,5645,245.14946114330445
1,5646,206.02068152193578
1,5647,228.064292017009
1,5648,99.89076467663608
1,5649,56.44973206110878
1,5650,229.228982791776
1,5651,149.39072337610997
1,5652,243.4050793612451
1,5653,237.86964048616
1,5654,159.48833417339415
1,5655,258.35901973142893
1,5656,58.934537242277216
1,5657,254.5814084115409
1,5658,19.005737604895465
1,5659,385.19166298027375
1,5660,34.304431274674506
1,5661,380.3119834949042
1,5662,254.32231036905495
1,5663,243.48712243121713
1,5664,224.33226503900266
1,5665,211.72400578039418
1,5666,27.623460687339204
1,5667,241.2936922300932
1,5668,241.50243884113627
1,5669,53.60491056485772
1,5670,245.2950573756145
1,5671,137.85711305085732
1,5672,133.47083243866237
1,5673,237.53600103583167
1,5674,408.97369097559215
1,5675,54.488027767746175
1,5676,144.29853029037082
1,5677,315.7527482031283
1,5678,238.77637679261892
1,5679,243.80381360462098
1,5680,45.06815671781004
1,5681,258.94654093517676
1,5682,141.2160332040493
1,5683,53.667529271313995
1,5684,41.98384152967583
1,5685,236.67798616729965
1,5686,52.39118277430728
1,5687,252.545775184486
1,5688,256.88406893043106
1,5689,31.63880015747368
1,5690,239.36812217766033
1,5691,54.7787033776541
1,5692,457.3657843603321
1,5693,82.46751028968333
1,5694,238.66719788204819
1,5695,53.3726069761975
1,5696,257.8213395844442
1,5697,143.67910032104726
1,5698,228.47771298143516
1,5699,251.39907860220399
1,5700,51.5818901566625
1,5701,260.3947257555021
1,5702,237.66554613545676
1,5703,81.74614109591192
1,5704,233.08367458015474
1,5705,120.53157912392567
1,5706,249.8401461918096
1,5707,245.1507023908245
1,5708,55.25104753011959
1,5709,249.92274208773028
1,5710,211.95058031866668
1,5711,207.18279517186437
1,5712,244.55026372843383
1,5713,80.6961324829281
1,5714,258.28991241396614
1,5715,55.171478834021514
1,5716,222.16536978436227
1,5717,53.1987727065314
1,5718,259.57422806596526
1,5719,231.03099414237224
1,5720,244.6918393251413
1,5721,44.88261843584468
1,5722,265.4849855952499
1,5723,146.4668383397814
1,5724,231.67244966046158
1,5725,51.70579610845368
1,5726,450.8905010780725
1,5727,50.68312333527193
1,5728,302.78903877236917
1,5729,239.15777846395326
1,5730,343.3853853358963
1,5731,240.6931561176297
1,5732,85.20853095453815
1,5733,40.83680398015589
1,5734,251.8884743402554
1,5735,55.803541520178875
1,5736,275.7411319287147
1,5737,180.59748154378815
1,5738,250.34566086235154
1,5739,56.51202102748936
1,5740,253.0982667830533
1,5741,124.06474475468008
1,5742,148.7033976373658
1,5743,255.44207661426952
1,5744,259.0434577224753
1,5745,572.9148755806245
1,5746,45.371189500468354
1,5747,130.25092655298135
1,5748,257.18494619144263
1,5749,252.97988262035096
1,5750,274.23691765931335
1,5751,252.77452981390044
1,5752,256.07802909979307
1,5753,251.60601601750363
1,5754,46.7849511917813
1,5755,245.42116244227128
1,5756,55.34995674863966
1,5757,255.08481058281654
1,5758,179.81127210111867
1,5759,251.21989178586
1,5760,86.32854333915077
1,5761,262.79471043730143
1,5762,248.61662826081695
1,5763,45.934717213737045
1,5764,265.62728010097715
1,5765,257.92409113499144
1,5766,63.37461445779316
1,5767,252.50536247415363
1,5768,55.55784459003593
1,5769,145.1488580479784
1,5770,245.68677020593537
1,5771,267.1443759960734
1,5772,257.6970712688898
1,5773,169.71826943094823
1,5774,55.07511851808009
1,5775,113.88157026749025
1,5776,55.07511851808009
1,5777,256.9627171743076
1,5778,292.7338769958534
1,5779,250.8111560697393
1,5780,151.16343196346924
1,5781,272.30476210514644
1,5782,54.695145200107135
1,5783,262.26525899053195
1,5784,151.16726772614305
1,5785,251.79407864260043
1,5786,58.51988874322535
1,5787,259.76028009789167
1,5788,59.30537482089708
1,5789,259.6191665124172
1,5790,41.46099731423714
1,5791,322.5410699811091
1,5792,251.05253873589754
1,5793,275.5325543680487
1,5794,260.5539828420689
1,5795,276.5277754072614
1,5796,270.27373382194344
1,5797,102.96091425448098
1,5798,269.6555792075138
1,5799,258.8668602559728
1,5800,250.59257210889177
1,5801,59.413726954765735
1,5802,270.69038074435775
1,5803,34.67678752830668
1,5804,256.0356784782875
1,5805,249.75509411193525
1,5806,48.81802896715763
1,5807,272.5091394522184
1,5808,256.8650462764781
1,5809,180.29027197721572
1,5810,256.8484264359065
1,5811,268.09400235754595
1,5812,264.1600591468444
1,5813,244.41008596678682
1,5814,175.31412251730293
1,5815,178.58427335780357
1,5816,272.45555407449797
1,5817,246.4316064083274
1,5818,218.3286195694525
1,5819,212.68057648409751
1,5820,123.51252477322566
1,5821,243.35099366410373
1,5822,46.39867358720749
1,5823,242.11364464294257
1,5824,250.42928573433346
1,5825,261.238558617194
1,5826,244.93011007771258
1,5827,249.26025778770304
1,5828,53.89107754656891
1,5829,246.0205768556939
1,5830,97.22316278538784
1,5831,257.27573563131983
1,5832,54.05301564262949
1,5833,245.89154541727294
1,5834,86.14397624697385
1,5835,255.47094316039158
1,5836,267.0049559774984
1,5837,64.14418033621483
1,5838,260.82765423225896
1,5839,253.57589703209914
1,5840,255.37310304979917
1,5841,238.50087026651784
1,5842,256.426167520215
1,5843,62.34403711189415
1,5844,338.8491112494496
1,5845,57.990808945835134
1,5846,289.0065813167482
1,5847,263.13330627570605
1,5848,56.08105435022081
1,5849,184.51529751558766
1,5850,258.41728774017565
1,5851,62.815184231727486
1,5852,216.22014298313013
1,5853,58.51455865747096
1,5854,267.47826086873545
1,5855,58.5225910432789
1,5856,260.9271953654588
1,5857,90.20861539215252
1,5858,475.1503671009342
1,5859,65.0652733865037
1,5860,192.80217303686027
1,5861,258.1715316327076
1,5862,258.26487935464735
1,5863,59.69629408943287
1,5864,45.93831809670936
1,5865,329.91329478947404
1,5866,60.46145241050152
1,5867,266.25351358937144
1,5868,60.56165323973811
1,5869,116.62494200090043
1,5870,275.80138506679475
1,5871,65.2553855160598
1,5872,462.31327143579296
1,5873,60.59058696055415
1,5874,252.63865140838112
1,5875,150.07939922358918
1,5876,259.5196675198003
1,5877,261.7918318713718
1,5878,262.8936688236161
1,5879,126.49405852877163
1,5880,187.81725516376991
1,5881,264.68723714252957
1,5882,56.99382536850567
1,5883,255.67298333299797
1,5884,252.29054543675588
1,5885,255.57566724526893
1,5886,149.0956310530264
1,5887,82.9408317930029
1,5888,261.40462781822725
1,5889,260.9878837471029
1,5890,34.67871004061864
1,5891,215.50376780255698
1,5892,258.30280463201314
1,5893,252.18439733451294
1,5894,150.36097160743304
1,5895,49.01076746669224
1,5896,259.13251666153326
1,5897,142.30512079072537
1,5898,258.7766942225919
1,5899,260.44563561897587
1,5900,268.08879406128426
1,5901,195.85061667006306
1,5902,261.0706730927368
1,5903,124.82150168548247
1,5904,185.43327453640583
1,5905,58.914418865146345
1,5906,268.5292427895058
1,5907,58.93180720895738
1,5908,257.4951521565671
1,5909,47.39317498641614
1,5910,58.84571521371812
1,5911,261.53406946122874
1,5912,294.40405183823805
1,5913,184.53779490694717
1,5914,266.43837490080944
1,5915,146.16795683904797
1,5916,261.7720532471192
1,5917,55.05381542507415
1,5918,257.79880121494193
1,5919,90.69685839327973
1,5920,281.8681102842132
1,5921,261.791797347487
1,5922,283.3068578231
1,5923,178.63569038746948
1,5924,250.67995282867975
1,5925,267.22193057361244
1,5926,264.94496572356127
1,5927,252.3587032989227
1,5928,469.8880243196794
1,5929,251.16593477395998
1,5930,226.0510451764569
1,5931,56.24044612172554
1,5932,245.96718078613557
1,5933,54.10449658877813
1,5934,247.0631696466672
1,5935,249.56384084594322
1,5936,253.67737406187987
1,5937,46.11960432458427
1,5938,244.48065478714636
1,5939,250.4651807217032
1,5940,256.46845422035716
1,5941,394.3331380817756
1,5942,252.43556824673288
1,5943,98.33427188043805
1,5944,82.08183619653522
1,5945,63.175245304736585
1,5946,244.27447721161127
1,5947,252.1269194079938
1,5948,251.75749817287527
1,5949,261.1357581669133
1,5950,400.7843081164483
1,5951,250.1648966471581
1,5952,265.9440958799409
1,5953,267.650238007123
1,5954,48.895644009128205
1,5955,287.9279858301645
1,5956,256.94391273559114
1,5957,257.9793846379827
1,5958,264.20344411025064
1,5959,261.79694690900385
1,5960,58.736778460950966
1,5961,257.6879295394413
1,5962,259.9016054528592
1,5963,90.05763451696421
1,5964,258.90805306946436
1,5965,274.66832565089203
1,5966,265.90962857317663
1,5967,265.8381830162324
1,5968,258.27565240783434
1,5969,90.88784808114781
1,5970,259.61941430946075
1,5971,258.18737089695946
1,5972,270.8547662296934
1,5973,86.0896986303392
1,5974,269.21887887788364
1,5975,266.18996802246517
1,5976,262.56466020681887
1,5977,252.37757729472676
1,5978,48.786312321913115
1,5979,277.0531677225796
1,5980,59.99746041556794
1,5981,268.43139452958735
1,5982,263.4088168666885
1,5983,264.9955977405451
1,5984,47.29570630112198
1,5985,33.22047759353168
1,5986,243.2056457606562
1,5987,57.20801278617773
1,5988,249.6909545982639
1,5989,247.67719113057558
1,5990,240.0802698345682
1,5991,153.79154795263935
1,5992,249.0958550706182
1,5993,161.57932796710253
1,5994,253.91403781967307
1,5995,46.52559291156868
1,5996,148.50632465457184
1,5997,240.32696948428037
1,5998,121.38040717633044
1,5999,181.55315767039275
1,6000,247.54480249651073
1,6001,138.30944260451545
1,6002,51.31591896350315
1,6003,261.42086642776883
1,6004,236.80575782525062
1,6005,274.9218751205905
1,6006,144.99240193745698
1,6007,264.19255528927147
1,6008,122.18476419683122
1,6009,182.39426493710738
1,6010,254.54554327412816
1,6011,59.406979192585894
1,6012,252.8182957912033
1,6013,55.10050226296161
1,6014,254.49693556384787
1,6015,50.47578998204054
1,6016,121.58420208848852
1,6017,278.05249603822847
1,6018,253.24171459820673
1,6019,180.35451507423954
1,6020,252.02949046326756
1,6021,246.45911639046392
1,6022,97.47747845662364
1,6023,257.419435519736
1,6024,253.7135949824127
1,6025,76.64605011663738
1,6026,318.3078103166523
1,6027,291.50639111873204
1,6028,256.6520668423613
1,6029,257.75735139227004
1,6030,256.3693509933307
1,6031,57.92718413888757
1,6032,252.13836042443597
1,6033,53.631173624308076
1,6034,287.62890024609834
1,6035,55.212650994204736
1,6036,266.2305789947823
1,6037,263.4728212058411
1,6038,270.1705006316266
1,6039,60.48683615538306
1,6040,266.7616765922615
1,6041,278.48931469532965
1,6042,269.33226830284485
1,6043,238.5497040888032
1,6044,256.77283681383926
1,6045,36.272510366065376
1,6046,230.72805171677322
1,6047,246.123713683281
1,6048,248.40093459016396
1,6049,253.44966385668496
1,6050,255.73452065066417
1,6051,60.37569382988512
1,6052,64.10538818441515
1,6053,272.7344642175496
1,6054,240.3252080305104
1,6055,249.45616360565106
1,6056,246.50863767068856
1,6057,245.13530682737218
1,6058,248.1610870254264
1,6059,239.2783099277006
1,6060,259.9308980536034
1,6061,245.5767653612728
1,6062,265.6765643916791
1,6063,259.0137262044757
1,6064,252.69188008644855
1,6065,277.0131938557304
1,6066,250.21252219425145
1,6067,46.60491067789242
1,6068,254.34399848505873
1,6069,254.5064354758356
1,6070,236.43044845012395
1,6071,261.7758451712365
1,6072,192.21436991306598
1,6073,245.77975590167475
1,6074,262.35273591939165
1,6075,33.95026579818421
1,6076,133.02281375892125
1,6077,240.16589544540415
1,6078,251.31948529004018
1,6079,257.2647446926933
1,6080,246.10444507007702
1,6081,245.98744295194058
1,6082,251.80570307357738
1,6083,58.682517517953855
1,6084,58.48320333912921
1,6085,263.19438773638217
1,6086,248.79572462675722
1,6087,246.13561344502972
1,6088,251.12472194153148
1,6089,49.39395386800206
1,6090,249.6167228666153
1,6091,58.43649119650592
1,6092,150.97414023719975
1,6093,288.89794130906887
1,6094,249.39264965879124
1,6095,254.9112266776703
1,6096,40.389145955498414
1,6097,271.9898376037152
1,6098,58.83912597611819
1,6099,283.00590731967793
1,6100,252.54854517767905
1,6101,58.670764325619544
1,6102,58.032851896064926
1,6103,268.5394135102822
1,6104,248.46259230128783
1,6105,57.375444196221366
1,6106,249.60347041243105
1,6107,241.32162240281164
1,6108,246.03246125438517
1,6109,46.26352287653315
1,6110,243.24416341275554
1,6111,55.78044358369953
1,6112,244.06949603213042
1,6113,132.6212486449011
1,6114,249.34049582356312
1,6115,250.56291160440225
1,6116,249.50788371847713
1,6117,248.78721439989008
1,6118,521.2673788866289
1,6119,246.5944807234348
1,6120,260.9948972424037
1,6121,240.31309893908394
1,6122,262.9681882795637
1,6123,48.26270880332425
1,6124,244.7902386587765
1,6125,57.668636951206196
1,6126,254.0153488642302
1,6127,248.25225858925097
1,6128,31.826094815371277
1,6129,241.4243288438032
1,6130,56.43053159536451
1,6131,251.3555669401287
1,6132,148.97808123262712
1,6133,256.00371349650266
1,6134,56.25544190450789
1,6135,255.87028894416625
1,6136,56.56799785332416
1,6137,268.6747123938116
1,6138,49.38524744208098
1,6139,56.756202315823984
1,6140,250.37422426432664
1,6141,180.65317105888255
1,6142,251.026504982316
1,6143,277.32668879773155
1,6144,263.2289579748551
1,6145,269.72532784442694
1,6146,254.25917122913373
1,6147,258.0266867107589
1,6148,52.14314713851357
1,6149,254.21709242954557
1,6150,54.22111781373117
1,6151,57.302203258514055
1,6152,267.9256670869905
1,6153,87.001630676161
1,6154,251.84235131237205
1,6155,259.3315456642924
1,6156,59.3539788973153
1,6157,250.31084993169404
1,6158,280.3787941035454
1,6159,42.69722606935879
1,6160,261.40003669885004
1,6161,54.07295397154258
1,6162,254.60944211222244
1,6163,263.05117078529895
1,6164,259.285704673866
1,6165,262.6686919174839
1,6166,180.90847028289494
1,6167,243.44653058370093
1,6168,248.7387031983995
1,6169,259.34852285782137
1,6170,252.64590853447294
1,6171,292.53272629000367
1,6172,218.52741763842482
1,6173,11.529239755471227
1,6174,180.23331153674414
1,6175,259.67639791945885
1,6176,257.24731403003506
1,6177,61.16036084157156
1,6178,187.7654911735624
1,6179,264.1275414491221
1,6180,49.021139317150386
1,6181,254.91693075829008
1,6182,88.89602813930006
1,6183,362.9771768840726
1,6184,284.1732413178092
1,6185,152.6891579579539
1,6186,56.99830040418699
1,6187,253.9707784907577
1,6188,58.910806414205865
1,6189,298.1912049506594
1,6190,265.344000987821
1,6191,272.16802140835836
1,6192,289.4747970049933
1,6193,88.11921580202923
1,6194,257.6973729336686
1,6195,259.3449870717314
1,6196,289.181132151472
1,6197,252.4024024533537
1,6198,86.66163202223933
1,6199,303.3895365118523
1,6200,261.4752118262377
1,6201,247.5420530790098
1,6202,236.84222991490572
1,6203,42.78967862922727
1,6204,271.93951026367756
1,6205,178.27617075967396
1,6206,54.31988018540591
1,6207,245.70959011061097
1,6208,46.71584849200573
1,6209,54.26481162099175
1,6210,250.74698055728015
1,6211,252.85613688803488
1,6212,48.29627054490099
1,6213,54.4438787535792
1,6214,217.0749076682826
1,6215,142.14831000919494
1,6216,42.906398504231646
1,6217,332.5415548747747
1,6218,270.6165736757047
1,6219,54.48632505313479
1,6220,252.17172464184875
1,6221,22.444271123978236
1,6222,54.52457120791995
1,6223,267.49585656941593
1,6224,49.017742716169565
1,6225,251.61559542719203
1,6226,246.02282490681924
1,6227,155.66477583520816
1,6228,263.04614562251777
1,6229,56.684244634278755
1,6230,249.19278355572476
1,6231,248.60722362709706
1,6232,254.6658735965945
1,6233,197.17270977496491
1,6234,252.7997835343716
1,6235,266.8811874202287
1,6236,149.43235974022417
1,6237,255.25941634327586
1,6238,57.69045158417069
1,6239,259.689427928792
1,6240,49.92748085749997
1,6241,58.92913595401073
1,6242,246.70602218820534
1,6243,267.1976378926764
1,6244,143.5623836293433
1,6245,284.76240361823113
1,6246,218.21240141635445
1,6247,251.71004474341117
1,6248,58.83034520723601
1,6249,256.69063715071456
1,6250,91.24424902500988
1,6251,370.0613334089734
1,6252,284.1852787029885
1,6253,150.59592258954444
1,6254,260.1127177327256
1,6255,300.4924961751758
1,6256,216.93015874164695
1,6257,249.50037067185266
1,6258,180.29872878652245
1,6259,257.6646317470182
1,6260,260.1421507046732
1,6261,257.7028668103958
1,6262,645.1932636417978
1,6263,249.00076277008122
1,6264,55.90040089200032
1,6265,253.96061385172464
1,6266,261.29674715773115
1,6267,254.98630442346064
1,6268,249.29023429452928
1,6269,65.6151775921626
1,6270,269.66845904261584
1,6271,257.9680192441291
1,6272,257.2662011463389
1,6273,261.8392656836665
1,6274,271.8107435125879
1,6275,179.7707107073511
1,6276,246.39895132568688
1,6277,263.9354165227487
1,6278,255.3718802201194
1,6279,266.74108583392007
1,6280,256.9911824927873
1,6281,278.1014131121875
1,6282,265.7149270530097
1,6283,50.26889287663647
1,6284,264.99664340145114
1,6285,251.69274285333373
1,6286,204.3049836103818
1,6287,253.55844177163783
1,6288,54.425065040628205
1,6289,33.75219112189283
1,6290,79.51590784185825
1,6291,120.89282669645678
1,6292,243.32342187715543
1,6293,244.54905451632757
1,6294,54.349290676512084
1,6295,252.70622361404747
1,6296,52.83275665343544
1,6297,247.49383877178633
1,6298,262.0801133750824
1,6299,225.5624645631688
1,6300,17.499921056500458
1,6301,233.59025056157006
1,6302,59.39481107728678
1,6303,248.58387889429792
1,6304,54.164129072991074
1,6305,253.24739533269656
1,6306,33.61998513875744
1,6307,252.8029645106672
1,6308,246.2349437736029
1,6309,251.56492004130104
1,6310,253.05552769339386
1,6311,97.80484677805848
1,6312,171.14959700904757
1,6313,58.442528537671876
1,6314,264.66469942233454
1,6315,238.2285129838238
1,6316,16.420520833618305
1,6317,240.06402870721627
1,6318,74.2322978942021
1,6319,58.60479017678702
1,6320,178.45827046460556
1,6321,49.49914111416338
1,6322,255.6859782708799
1,6323,44.16251236637336
1,6324,250.95610851941606
1,6325,59.11530442013343
1,6326,259.08174259750706
1,6327,180.3820142161714
1,6328,260.8869501857155
1,6329,58.90118777051875
1,6330,265.23987056936255
1,6331,220.4603433927935
1,6332,260.414283889837
1,6333,85.17343027296943
1,6334,265.56114185056856
1,6335,59.3761426414345
1,6336,85.17602842197849
1,6337,259.8269801536348
1,6338,126.57806960962071
1,6339,263.19244786073847
1,6340,149.44912834461934
1,6341,58.451063956299876
1,6342,259.3637411881523
1,6343,256.0583765930591
1,6344,250.48403912925716
1,6345,257.04229407202666
1,6346,251.5089637792512
1,6347,48.1292521375662
1,6348,267.26144178053937
1,6349,257.90615115350863
1,6350,363.68316305186613
1,6351,255.54799114225477
1,6352,55.991854189716605
1,6353,258.8197490616841
1,6354,48.19433609946823
1,6355,252.98394409840768
1,6356,233.46089186149436
1,6357,29.878354601047093
1,6358,265.13538002294706
1,6359,55.72824025305599
1,6360,259.9504271345776
1,6361,324.2726136783119
1,6362,237.48337616744402
1,6363,219.24874577204977
1,6364,239.82855692034826
1,6365,232.66192556975034
1,6366,265.2079689950915
1,6367,248.6817635658515
1,6368,210.1021133072027
1,6369,249.8555099745101
1,6370,56.15037086777141
1,6371,258.79024723670915
1,6372,252.56333147681332
1,6373,238.71137363565236
1,6374,252.2685906032214
1,6375,54.2504874780735
1,6376,246.74623964421855
1,6377,271.97659552800343
1,6378,60.788482234352884
1,6379,264.8442522375045
1,6380,259.17066565856817
1,6381,46.03202354559893
1,6382,246.15929005310358
1,6383,268.56400387008244
1,6384,34.193999379388295
1,6385,352.8923630263263
1,6386,238.62962918258512
1,6387,251.0877399469025
1,6388,253.44310318033368
1,6389,253.37196597921732
1,6390,55.51945714940412
1,6391,255.42356758812411
1,6392,56.21193667686086
1,6393,251.64155962694622
1,6394,249.27847717055886
1,6395,251.9983198514985
1,6396,238.36598566321794
1,6397,260.3241140423296
1,6398,54.726249453437276
1,6399,249.41662062844648
1,6400,234.83323803505027
1,6401,46.55644480984692
1,6402,246.91527086299743
1,6403,251.02785200442798
1,6404,85.32923349136901
1,6405,247.7802193490994
1,6406,55.92675015545751
1,6407,257.6812849839051
1,6408,237.44513057355817
1,6409,90.01622640214023
1,6410,254.32168344576212
1,6411,57.50140628893994
1,6412,254.57838536217247
1,6413,259.38267812020155
1,6414,257.15637897588505
1,6415,58.780211937189776
1,6416,264.70737622055424
1,6417,271.4716543910525
1,6418,45.821122475837285
1,6419,260.3823128222543
1,6420,268.25286491276916
1,6421,57.969615136712456
1,6422,259.15960078180717
1,6423,259.4107489952228
1,6424,266.1002170603886
1,6425,58.18964018884016
1,6426,232.28254164890302
1,6427,279.7161169972656
1,6428,259.7592506663224
1,6429,127.57764597980933
1,6430,192.82935779572767
1,6431,266.8866919424937
1,6432,263.0855286778085
1,6433,61.72277240021968
1,6434,274.1334786440464
1,6435,86.19372125446063
1,6436,151.54027696054322
1,6437,268.2704305029155
1,6438,58.293678697420134
1,6439,260.565511954033
1,6440,59.114858299017556
1,6441,149.25094979441653
1,6442,129.62995286098996
1,6443,268.94113576631264
1,6444,54.338517319213466
1,6445,151.27290454313942
1,6446,263.4586326901378
1,6447,254.84867909193542
1,6448,262.9133445242606
1,6449,240.30098094790225
1,6450,210.09831987282806
1,6451,217.95792782943477
1,6452,234.3195826076569
1,6453,217.2520347234422
1,6454,222.37702937260042
1,6455,308.66946756415433
1,6456,213.9404402150459
1,6457,316.7841909428501
1,6458,45.377808088790076
1,6459,302.48838113102613
1,6460,50.741973457799475
1,6461,241.84464967743938
1,6462,50.04522120322879
1,6463,235.80476513420825
1,6464,165.5276614535297
1,6465,241.6038028371222
1,6466,47.28463102882111
1,6467,204.2039556341294
1,6468,257.3154968819226
1,6469,247.03994743638464
1,6470,223.6669425839015
1,6471,213.4283682916465
1,6472,220.3471957763993
1,6473,29.610963832513225
1,6474,218.58757610552925
1,6475,240.71924035778758
1,6476,233.80868732654477
1,6477,49.041613809149005
1,6478,215.25151273076395
1,6479,227.02862611921182
1,6480,230.93639096832595
1,6481,49.17375787166169
1,6482,227.2634665112331
1,6483,277.3823610962189
1,6484,234.8226038474951
1,6485,60.18624819330162
1,6486,260.84086629483926
1,6487,49.888446411992376
1,6488,206.9724836679728
1,6489,249.23728429562135
1,6490,254.1439172834223
1,6491,255.23175353740424
1,6492,51.24567209925481
1,6493,229.87086460874426
1,6494,248.45672729709372
1,6495,43.980006090556785
1,6496,256.91368573586783
1,6497,241.19934947758722
1,6498,243.93835244405716
1,6499,238.3073075313962
1,6500,234.4123807097103
1,6501,43.0266244532655
1,6502,215.0040746459211
1,6503,188.87075003804625
1,6504,227.9933908623866
1,6505,229.77986232000444
1,6506,257.1958867934172
1,6507,39.35202644386005
1,6508,241.31288090094125
1,6509,456.7096893482737
1,6510,51.72125059930093
1,6511,265.6889170548792
1,6512,224.61935686229765
1,6513,81.94803134168731
1,6514,228.57657446243186
1,6515,269.00860657308516
1,6516,230.36619571113022
1,6517,53.114433506145915
1,6518,236.7370210912697
1,6519,131.29127097514242
1,6520,308.02278904216644
1,6521,52.5443466297039
1,6522,231.84504858150342
1,6523,131.97975159668982
1,6524,53.940601701545646
1,6525,95.50282112336663
1,6526,232.72627223488914
1,6527,50.79881306699169
1,6528,31.646985993209846
1,6529,194.388678183298
1,6530,227.5768036278355
1,6531,230.61986230387242
1,6532,231.49079518329057
1,6533,44.02807246210685
1,6534,240.38813798871269
1,6535,49.82956544692624
1,6536,232.34235705441984
1,6537,133.95056733857726
1,6538,226.10594403584682
1,6539,51.08283682288264
1,6540,245.09901971757935
1,6541,44.458356486283044
1,6542,238.37158287900854
1,6543,167.18369348113424
1,6544,230.12072723753104
1,6545,51.11151094855403
1,6546,253.0503653779724
1,6547,71.54386075633221
1,6548,241.02055557398648
1,6549,46.76789943204751
1,6550,237.91686828507767
1,6551,172.32723249805895
1,6552,234.9064429099987
1,6553,246.25824488209057
1,6554,244.3687900075629
1,6555,51.16818511796804
1,6556,208.87522305788224
1,6557,249.6027655480797
1,6558,32.835583289845566
1,6559,224.22790263883985
1,6560,303.8081058514392
1,6561,224.53866335151815
1,6562,216.25323236285584
1,6563,53.5845112611795
1,6564,236.53875545589244
1,6565,365.15741647579284
1,6566,177.93522789647096
1,6567,244.81749424126906
1,6568,53.394924232817914
1,6569,207.79695687613471
1,6570,264.26376805492305
1,6571,45.23532166554412
1,6572,141.73169545751176
1,6573,237.10746812632664
1,6574,258.94877849750355
1,6575,229.52760961356154
1,6576,265.2933499681456
1,6577,251.62069706058065
1,6578,83.18320172547247
1,6579,257.05795050036016
1,6580,329.8806371544615
1,6581,80.09005500666099
1,6582,216.326029267789
1,6583,52.41433677029771
1,6584,221.11245799543752
1,6585,168.30012483843186
1,6586,241.9629597104199
1,6587,50.12114258402235
1,6588,209.10023165791677
1,6589,252.6888974690687
1,6590,258.18523168519255
1,6591,222.86745014222126
1,6592,232.42541594297387
1,6593,50.982270118131396
1,6594,212.88009650060275
1,6595,79.76801891620588
1,6596,283.89137037448074
1,6597,252.66527964399938
1,6598,173.98737146373725
1,6599,54.49491772064172
1,6600,246.25552460853328
1,6601,228.13823259241536
1,6602,256.445505008148
1,6603,50.62435995026502
1,6604,224.36064257440552
1,6605,245.0302723655701
1,6606,45.17546536648563
1,6607,136.4980392073939
1,6608,252.646294886377
1,6609,33.58805616788348
1,6610,240.3251564628295
1,6611,244.49096368566865
1,6612,52.93696039700995
1,6613,236.19394679949232
1,6614,324.1429428177397
1,6615,253.53168392257115
1,6616,51.80729541579251
1,6617,212.72630134238926
1,6618,267.11005609191426
1,6619,250.74109854045832
1,6620,254.82409878822295
1,6621,76.32349105449634
1,6622,239.06723778268358
1,6623,238.19454882501407
1,6624,46.10637601526105
1,6625,368.9975307645075
1,6626,181.57854432015796
1,6627,52.26529057189535
1,6628,250.30794390538153
1,6629,255.23654086569047
1,6630,232.98975347946185
1,6631,116.96497464141841
1,6632,210.6537918085446
1,6633,188.92701666855027
1,6634,55.003992200585344
1,6635,249.3343902217899
1,6636,325.3181447714142
1,6637,255.81227090406622
1,6638,228.8558444494323
1,6639,32.53797139113105
1,6640,259.62242658497513
1,6641,45.10478575086139
1,6642,32.760624303270944
1,6643,257.10187076476075
1,6644,267.0403167552096
1,6645,81.43482056159101
1,6646,199.22464435031293
1,6647,232.11458705017685
1,6648,240.96783058206182
1,6649,54.46102551255984
1,6650,32.76666470918331
1,6651,384.62413367116744
1,6652,259.79910772543394
1,6653,237.65290831962784
1,6654,52.313656139911345
1,6655,317.28042488890674
1,6656,53.59642456996791
1,6657,262.79884316472294
1,6658,238.65645767565456
1,6659,229.96499944799672
1,6660,142.38949723804387
1,6661,235.30388026269793
1,6662,115.43202559862728
1,6663,50.503706036464706
1,6664,233.99391996546018
1,6665,50.48966985787584
1,6666,236.95131383504065
1,6667,226.1311956106644
1,6668,246.90468658560468
1,6669,53.95716687917342
1,6670,227.93169359954396
1,6671,246.31357473521317
1,6672,263.08082892665357
1,6673,248.91642172929113
1,6674,84.04384691007323
1,6675,251.62620651809763
1,6676,140.4068778411155
1,6677,244.7910705856821
1,6678,51.955912033767575
1,6679,237.41162693247708
1,6680,238.25644453871342
1,6681,168.67320054882074
1,6682,283.9776510227849
1,6683,248.54938146621677
1,6684,52.096159296816154
1,6685,347.08030005572516
1,6686,257.32073462060146
1,6687,46.71692325051509
1,6688,239.61749435896974
1,6689,251.12294779887134
1,6690,247.66513068468737
1,6691,246.52210948809397
1,6692,140.06846113802652
1,6693,141.5778435922016
1,6694,243.08532324073877
1,6695,144.2111864365186
1,6696,256.16062691572773
1,6697,53.273827326804025
1,6698,242.27348481500897
1,6699,42.192721730470495
1,6700,251.01619595606292
1,6701,330.35625946640926
1,6702,81.50365760331904
1,6703,244.68823886474615
1,6704,53.77436765777562
1,6705,252.46025079564302
1,6706,53.10063299555844
1,6707,225.83108813526934
1,6708,253.60350298642845
1,6709,188.6778558258507
1,6710,57.25464941615095
1,6711,253.8102555434
1,6712,242.05771786030016
1,6713,249.74807372390373
1,6714,254.55757186921417
1,6715,253.75736770337704
1,6716,57.95046283104038
1,6717,249.24240118343903
1,6718,252.54027642560334
1,6719,203.1088087908799
1,6720,245.65727455474826
1,6721,54.82027605306964
1,6722,355.16811956503403
1,6723,253.32845803611957
1,6724,252.3238208954861
1,6725,12.587752385055879
1,6726,258.3959479700568
1,6727,250.3722207221497
1,6728,67.98547098862619
1,6729,192.3991068134481
1,6730,246.38118703856532
1,6731,55.00087889302178
1,6732,250.78439052153414
1,6733,54.92692717183037
1,6734,171.540829765433
1,6735,63.849095314270734
1,6736,256.64791569258256
1,6737,235.90909067008823
1,6738,87.85186597117858
1,6739,246.31216420015974
1,6740,120.8202278824877
1,6741,247.04160316695896
1,6742,327.2371400284277
1,6743,248.81997072721595
1,6744,182.11573946465387
1,6745,239.1706425556705
1,6746,55.03210781786464
1,6747,248.45442622390516
1,6748,250.69025144588494
1,6749,55.31636708635378
1,6750,237.7635099707113
1,6751,181.2221779763098
1,6752,249.5976134832797
1,6753,54.792453980075784
1,6754,248.81956995047366
1,6755,257.58763605758475
1,6756,46.128633264723014
1,6757,53.42793919971486
1,6758,252.87048698731016
1,6759,51.878049334647386
1,6760,209.71879113037448
1,6761,255.6255906972526
1,6762,258.13219042342416
1,6763,273.13874219652774
1,6764,231.21639655500996
1,6765,285.50111947151487
1,6766,230.45129511746686
1,6767,246.189930930865
1,6768,57.00932513643596
1,6769,33.213262130716856
1,6770,241.3313889442484
1,6771,254.89566585548673
1,6772,51.3174081774754
1,6773,308.44177957948386
1,6774,52.599873584179164
1,6775,231.37805542022517
1,6776,230.7477082722039
1,6777,50.67635247471485
1,6778,202.515589692498
1,6779,53.06267805876483
1,6780,282.2096311568241
1,6781,229.91753476728033
1,6782,52.130743812324766
1,6783,239.32431895575897
1,6784,167.25628920644766
1,6785,241.5274455464789
1,6786,50.7795230107113
1,6787,234.3001104057193
1,6788,249.9977845054026
1,6789,241.05067971426007
1,6790,174.1457188465294
1,6791,50.84343828852535
1,6792,256.6891057536795
1,6793,232.2970369175901
1,6794,57.15669388370223
1,6795,242.5332636289786
1,6796,331.37032773788656
1,6797,255.37407074965256
1,6798,51.71271841975687
1,6799,210.54073050217636
1,6800,250.884626985187
1,6801,226.61523540960337
1,6802,226.56639761708132
1,6803,232.74676088825504
1,6804,44.99245382163062
1,6805,137.83112675689244
1,6806,246.8634219535562
1,6807,50.9871412915907
1,6808,242.53040361129848
1,6809,53.22042096325174
1,6810,248.49343311907575
1,6811,82.39597578361763
1,6812,255.22762873401987
1,6813,135.36802892730165
1,6814,132.86300051952782
1,6815,279.74052665619894
1,6816,13.96193185015874
1,6817,125.11422002549405
1,6818,50.55067454682723
1,6819,255.5134917084439
1,6820,40.516288803652174
1,6821,215.15461860009682
1,6822,53.12825355232534
1,6823,240.0013399473694
1,6824,249.22014301629846
1,6825,52.06232355737628
1,6826,159.73099272522046
1,6827,273.3039189583609
1,6828,259.17646504706
1,6829,85.95255660438994
1,6830,254.03818392469014
1,6831,53.122161940622405
1,6832,252.31984583889164
1,6833,251.34240627727291
1,6834,57.257973845386616
1,6835,243.34860749533487
1,6836,50.36116367041885
1,6837,100.16973208408027
1,6838,254.41079284813688
1,6839,53.56656260135674
1,6840,41.651430375409994
1,6841,303.8240315291497
1,6842,56.014879205786
1,6843,237.9074411173082
1,6844,100.91354026656481
1,6845,53.82462748495825
1,6846,285.84125175990823
1,6847,309.4952170952406
1,6848,237.71441032864863
1,6849,215.49990342829756
1,6850,239.97064008155053
1,6851,253.50588880857325
1,6852,52.877192138892475
1,6853,248.27197340819717
1,6854,404.95005897950426
1,6855,53.584512372312474
1,6856,253.2834926957709
1,6857,243.23009788200113
1,6858,249.43085501541134
1,6859,159.27408481419457
1,6860,270.36272576913507
1,6861,253.34804545776728
1,6862,239.29442131429224
1,6863,248.83849175257774
1,6864,99.56243783272126
1,6865,226.6959783129457
1,6866,40.51883239745413
1,6867,238.1613258256246
1,6868,53.69586677301095
1,6869,158.88688075078534
1,6870,270.2246435436594
1,6871,148.24940842737976
1,6872,242.79880438313583
1,6873,13.537548461200723
1,6874,125.32517168651503
1,6875,54.07474924012823
1,6876,254.95100386430772
1,6877,42.976291646783906
1,6878,216.99996101192573
1,6879,54.18277780797773
1,6880,242.80415811156456
1,6881,249.9491012455909
1,6882,52.9885983257455
1,6883,157.24617599637537
1,6884,265.5816647252205
1,6885,252.02856163005526
1,6886,82.24342599164925
1,6887,249.57580273961588
1,6888,52.08160681929667
1,6889,244.02964057652122
1,6890,246.27936558514523
1,6891,52.130123561823126
1,6892,109.20255020369386
1,6893,223.7179551535744
1,6894,40.30593386103128
1,6895,237.5070901478614
1,6896,51.7929567481312
1,6897,253.52836457389319
1,6898,248.84521048385324
1,6899,45.25605443573874
1,6900,242.74596484863062
1,6901,244.17269318328607
1,6902,54.008631761193755
1,6903,241.78301208491018
1,6904,51.331303765998896
1,6905,98.16960485132752
1,6906,253.3397633410238
1,6907,53.13725715170018
1,6908,41.13136811387936
1,6909,302.95260832976135
1,6910,53.12816195974462
1,6911,241.8885599148535
1,6912,100.02911070705264
1,6913,53.44042656065983
1,6914,292.0945764207082
1,6915,409.47992810150174
1,6916,53.448048437723656
1,6917,253.39458099045237
1,6918,249.68795105887438
1,6919,46.10564889072408
1,6920,244.58336840386215
1,6921,246.80743528578063
1,6922,303.0926461082213
1,6923,242.98129577029263
1,6924,215.88350020099028
1,6925,237.4685998600989
1,6926,251.2346452383345
1,6927,53.92111831064322
1,6928,244.75470143892153
1,6929,52.8303411675077
1,6930,41.82531902813842
1,6931,246.02980402651366
1,6932,54.67941526374225
1,6933,158.61668157359594
1,6934,269.0231069378018
1,6935,209.69543596939286
1,6936,161.99105148882012
1,6937,99.18359835052703
1,6938,119.23962023008534
1,6939,270.18196223068617
1,6940,150.8242538022044
1,6941,148.41065802397452
1,6942,246.2358240220194
1,6943,53.77236051636846
1,6944,81.2797030969162
1,6945,231.86767018388576
1,6946,249.5009106803588
1,6947,241.76815032893626
1,6948,58.690694135285284
1,6949,247.4481663059555
1,6950,97.04901516320697
1,6951,249.01937321266936
1,6952,257.9836417928677
1,6953,255.06965157703866
1,6954,155.40860480852336
1,6955,237.90472622247512
1,6956,52.66962692265234
1,6957,264.7001450310285
1,6958,253.30201388690676
1,6959,33.355554846165134
1,6960,232.4319099311691
1,6961,52.21751470737291
1,6962,138.2229581350449
1,6963,469.038782043499
1,6964,253.09622526472356
1,6965,237.5032327252266
1,6966,52.21967593184844
1,6967,241.5178961697634
1,6968,168.58558409888747
1,6969,33.68118221858434
1,6970,244.80427094254526
1,6971,255.01229958635298
1,6972,53.76025797414282
1,6973,493.5246812584821
1,6974,46.22521679770968
1,6975,255.08291439832652
1,6976,34.9910815445114
1,6977,242.74278724579648
1,6978,252.87720146687337
1,6979,221.13049200149095
1,6980,246.71016707703563
1,6981,139.590310616453
1,6982,190.7801476405968
1,6983,54.9710806898761
1,6984,249.55448102089824
1,6985,54.979102490184246
1,6986,208.36328481627027
1,6987,55.82383594712705
1,6988,254.48937524108425
1,6989,247.44794807510667
1,6990,55.29629725360954
1,6991,251.9078014022256
1,6992,257.29900093300756
1,6993,34.62597084542762
1,6994,250.07015031213479
1,6995,46.80414559828195
1,6996,57.87181975534785
1,6997,495.219082597113
1,6998,57.97198434585553
1,6999,34.65005928415276
1,7000,241.54420542974668
1,7001,240.2000843517692
1,7002,55.75896554520695
1,7003,289.13727479657575
1,7004,252.33463256423641
1,7005,241.0861630510859
1,7006,242.3794338635015
1,7007,58.98681475532416
1,7008,248.85272838229983
1,7009,66.65042833317922
1,7010,250.05547588401066
1,7011,456.88482011522
1,7012,238.76833877490822
1,7013,52.75951908187318
1,7014,245.65319978028168
1,7015,138.7975446058259
1,7016,61.06491771937314
1,7017,179.72832636329883
1,7018,247.48202604551983
1,7019,54.3160502157648
1,7020,245.72088550899718
1,7021,250.76783926286637
1,7022,45.30142095587998
1,7023,138.42413201446152
1,7024,186.6160269670563
1,7025,267.28057068379655
1,7026,52.3836275980594
1,7027,205.6058746230037
1,7028,247.49749730153047
1,7029,46.39633263683118
1,7030,63.072790822219794
1,7031,247.84425326504322
1,7032,259.0489531301837
1,7033,27.41945950498001
1,7034,80.76040553143935
1,7035,139.7230886761286
1,7036,191.28691328426714
1,7037,54.850371630503304
1,7038,143.9279597334882
1,7039,195.83716969464746
1,7040,57.38556630665735
1,7041,43.567713044156676
1,7042,244.60680829468873
1,7043,262.30446177630995
1,7044,248.44185554732084
1,7045,260.5331381363823
1,7046,86.97830892694682
1,7047,244.2669051343766
1,7048,262.19192501667925
1,7049,60.907970647760465
1,7050,250.17818674367746
1,7051,56.23613538639789
1,7052,217.0787463690591
1,7053,256.23004802119084
1,7054,149.48401902247025
1,7055,260.16047445693994
1,7056,92.90272870381429
1,7057,261.8114212027502
1,7058,250.76781326079578
1,7059,47.5937325416406
1,7060,197.5214411780005
1,7061,249.80473628394216
1,7062,59.2186095302216
1,7063,251.02305192166276
1,7064,56.30799832698817
1,7065,243.9076397784856
1,7066,251.10213596164255
1,7067,249.6888841574296
1,7068,267.6950025728016
1,7069,56.57775084226512
1,7070,252.8430625340318
1,7071,180.49835759041878
1,7072,255.86507850911678
1,7073,247.93596223041405
1,7074,147.8412453083001
1,7075,250.27683836791442
1,7076,55.0205285868024
1,7077,241.82289014411555
1,7078,56.79375324935086
1,7079,256.2778162028493
1,7080,251.36625518194484
1,7081,55.0279971636086
1,7082,252.58020195389656
1,7083,43.492673413311365
1,7084,242.73054376401325
1,7085,54.802094163061355
1,7086,252.8450914103567
1,7087,253.50418425331048
1,7088,43.48205722482548
1,7089,239.3043807571613
1,7090,249.442710116365
1,7091,335.9063251526161
1,7092,56.91300602602681
1,7093,243.6636145192534
1,7094,53.99757575019042
1,7095,268.8703270254282
1,7096,53.05853373965871
1,7097,240.60682190060476
1,7098,267.7679041861535
1,7099,56.93672232912684
1,7100,249.19718349364007
1,7101,338.0413546602124
1,7102,254.8157393431749
1,7103,54.04089392856547
1,7104,259.18346702426174
1,7105,248.36825628239694
1,7106,77.27306103147465
1,7107,145.34496295484118
1,7108,255.84389565837606
1,7109,267.4963140762352
1,7110,18.16901424706316
1,7111,248.99291184794572
1,7112,234.38572117948348
1,7113,238.4300285252217
1,7114,92.59526731573271
1,7115,231.65997662469303
1,7116,216.46741981995996
1,7117,208.93343586188792
1,7118,224.33896057994178
1,7119,368.64517912459445
1,7120,222.4863740960618
1,7121,233.1688273589962
1,7122,46.00565551207697
1,7123,224.8202318410569
1,7124,96.4537447110778
1,7125,48.8715442246071
1,7126,238.56502484012353
1,7127,130.48005889678404
1,7128,244.20387454893745
1,7129,229.4919689036404
1,7130,233.03834019768573
1,7131,246.36705858326647
1,7132,92.11079531448186
1,7133,246.50929404846758
1,7134,52.07906711940815
1,7135,205.17702204994134
1,7136,43.14774521824194
1,7137,50.66696229333964
1,7138,226.0607891075574
1,7139,275.9833947181751
1,7140,51.9395638771545
1,7141,245.88722893877213
1,7142,93.12867382980278
1,7143,251.765618444761
1,7144,248.17404820618162
1,7145,233.45216417056116
1,7146,144.33544049393572
1,7147,78.91258915109746
1,7148,234.58170236060255
1,7149,236.1004415106339
1,7150,254.60304032110736
1,7151,49.03933131437843
1,7152,362.0912836311844
1,7153,233.11251253064484
1,7154,242.68577269866893
1,7155,231.1069463019469
1,7156,250.79770327998068
1,7157,297.9997578779477
1,7158,223.20649848508484
1,7159,141.47835198053036
1,7160,220.2782951520406
1,7161,226.526186160183
1,7162,43.3398957482988
1,7163,180.58711744862245
1,7164,221.72686233797384
1,7165,228.63275211307212
1,7166,236.1409219326339
1,7167,178.33633524527175
1,7168,88.08664018216913
1,7169,215.06352861496737
1,7170,47.90447718260681
1,7171,78.2591345364568
1,7172,245.31799095043155
1,7173,50.34537896579907
1,7174,272.33895151390914
1,7175,231.5879586699606
1,7176,28.587450602863285
1,7177,126.17732275213669
1,7178,252.54985189320186
1,7179,57.721235885179155
1,7180,161.24062727006748
1,7181,68.73930128724598
1,7182,207.76596866931703
1,7183,52.93813866334918
1,7184,239.71836763439177
1,7185,236.07433195669182
1,7186,51.32527363129152
1,7187,272.4152420562465
1,7188,234.83144054981545
1,7189,44.361552225084324
1,7190,32.037752746003655
1,7191,203.97365260090533
1,7192,161.12175432444235
1,7193,239.48640694162606
1,7194,228.74317585581838
1,7195,253.95182306100918
1,7196,224.09764208025666
1,7197,169.55632593871752
1,7198,32.66608939813316
1,7199,198.00150847596407
1,7200,227.41763303866566
1,7201,241.59825956020865
1,7202,230.57293587210356
1,7203,236.07638990265266
1,7204,224.70294205303168
1,7205,53.09895685572167
1,7206,129.21580936568557
1,7207,44.82388766769586
1,7208,94.10895343666932
1,7209,248.65500309435035
1,7210,346.16469327456304
1,7211,218.1767835613306
1,7212,56.47686329694196
1,7213,138.63579986387845
1,7214,41.35750077903261
1,7215,249.9229247065117
1,7216,54.15556560887535
1,7217,162.42451675212027
1,7218,229.90952318000996
1,7219,244.82924141156468
1,7220,233.3564561677947
1,7221,424.70681852733196
1,7222,326.7785397520518
1,7223,55.52723244822907
1,7224,33.31052326986358
1,7225,245.3814995662276
1,7226,58.506124672679576
1,7227,59.57825307001787
1,7228,240.26701021281053
1,7229,49.42404970227987
1,7230,504.179708793358
1,7231,49.42404970227987
1,7232,237.01108988536623
1,7233,233.6437759882017
1,7234,270.84932382847273
1,7235,118.95423522024379
1,7236,242.68957897663273
1,7237,10.971078870326412
1,7238,226.34209089434478
1,7239,117.82554822497939
1,7240,214.67537330625677
1,7241,182.6294950359994
1,7242,94.98055143327481
1,7243,245.17958044082854
1,7244,46.32242261891651
1,7245,125.97470482055229
1,7246,230.4464245337041
1,7247,119.2480366696101
1,7248,249.10969240275344
1,7249,51.68008329936651
1,7250,278.3611983425095
1,7251,240.706382121633
1,7252,217.83531305446553
1,7253,191.8298834678656
1,7254,240.13504513227065
1,7255,225.03736071747272
1,7256,97.91912369183422
1,7257,235.10887129647233
1,7258,224.27480352524833
1,7259,52.92067005827936
1,7260,253.23788767652002
1,7261,44.88177490176952
1,7262,242.26995489813206
1,7263,231.66164161594253
1,7264,139.0130788670232
1,7265,243.7487656751025
1,7266,139.5177195640489
1,7267,248.86183400706733
1,7268,359.1686343958414
1,7269,243.17544537797357
1,7270,250.60202683987075
1,7271,51.60214491714416
1,7272,115.93479630108493
1,7273,238.40091411229912
1,7274,242.98262589465594
1,7275,94.32156989196494
1,7276,244.0867703079802
1,7277,127.59374718041528
1,7278,250.0758306648156
1,7279,236.2630899619466
1,7280,256.7881925686231
1,7281,88.98372241437643
1,7282,46.08750130853937
1,7283,344.0135413221522
1,7284,238.3768713356138
1,7285,48.14945550541419
1,7286,242.75590687799524
1,7287,95.69935042456547
1,7288,243.6013512107259
1,7289,334.49011843845835
1,7290,54.54151481953133
1,7291,257.36902201932907
1,7292,212.56664797692886
1,7293,245.6351863550965
1,7294,46.477056694867386
1,7295,255.3434578570135
1,7296,42.363029653011395
1,7297,252.64814824076205
1,7298,56.155664557586576
1,7299,247.9419408590203
1,7300,232.38584838761057
1,7301,156.53714147160395
1,7302,255.5077464773721
1,7303,249.138062324977
1,7304,46.241587059785786
1,7305,240.642163813006
1,7306,163.78610412212385
1,7307,244.31788224807573
1,7308,238.3282270700659
1,7309,143.27100819161709
1,7310,184.5498600013456
1,7311,119.78686832888053
1,7312,240.9841382148112
1,7313,244.8390274763468
1,7314,58.054872978379876
1,7315,295.0113154115062
1,7316,52.0830589548484
1,7317,95.58977072176508
1,7318,244.3101413250628
1,7319,128.19796798445162
1,7320,126.99553526494458
1,7321,119.70444801096778
1,7322,182.2884699439859
1,7323,242.04896044014112
1,7324,33.13177180642174
1,7325,238.85643634742235
1,7326,95.01954522463141
1,7327,244.51561560498158
1,7328,47.59923468373668
1,7329,78.62614219960795
1,7330,154.1774308758402
1,7331,47.454772969970136
1,7332,134.85142778385156
1,7333,57.306959088731745
1,7334,96.0782099757259
1,7335,233.35074727820967
1,7336,41.13941422975168
1,7337,239.30300425344126
1,7338,257.85088306924206
1,7339,139.1713883582088
1,7340,55.74215999614158
1,7341,238.99722885663783
1,7342,243.81833003517795
1,7343,56.5083477833503
1,7344,347.6765269815848
1,7345,33.05652322093805
1,7346,231.04552479394775
1,7347,52.611040415544174
1,7348,136.57961382628744
1,7349,249.00070955436684
1,7350,247.6060383525133
1,7351,55.65674434440055
1,7352,222.17274950800777
1,7353,113.07963800634727
1,7354,239.6310581534803
1,7355,53.69982496971622
1,7356,242.72676167719726
1,7357,56.22789499528116
1,7358,239.99009239411703
1,7359,48.20586057302363
1,7360,257.54589106914386
1,7361,234.00391280096375
1,7362,248.66570049820012
1,7363,229.39744024082205
1,7364,57.00892529541889
1,7365,245.79539613927392
1,7366,243.52392971645617
1,7367,243.10451520431644
1,7368,248.19835990451278
1,7369,153.46088361885703
1,7370,422.50717196067694
1,7371,49.94239797052971
1,7372,470.8812812622841
1,7373,57.88718361264841
1,7374,239.96582949938917
1,7375,40.81710119309123
1,7376,246.15439616347572
1,7377,45.029207903578225
1,7378,93.97885970135313
1,7379,241.8336613743669
1,7380,56.67316910516523
1,7381,54.35330873200564
1,7382,96.31517695863499
1,7383,170.0357047635766
1,7384,51.708467442241044
1,7385,128.79773357382822
1,7386,46.08320920380513
1,7387,246.07809339056791
1,7388,104.81938350686818
1,7389,96.52289392777668
1,7390,243.96712855694528
1,7391,127.91678989104645
1,7392,54.406479713463206
1,7393,250.85231117442365
1,7394,234.6807734025966
1,7395,63.85853713618993
1,7396,130.7219512479238
1,7397,47.81126370453069
1,7398,237.21108890315764
1,7399,250.01907146734146
1,7400,140.55921785069899
1,7401,246.2244220718802
1,7402,52.55127293901113
1,7403,96.79846334903618
1,7404,246.8954684778295
1,7405,245.22939797335238
1,7406,75.15885843346013
1,7407,243.5663383130689
1,7408,58.01914918611922
1,7409,244.5550270552493
1,7410,55.60425416782839
1,7411,247.56822178839008
1,7412,257.8715526162755
1,7413,57.11440343084921
1,7414,385.83013244035556
1,7415,57.115016109484934
1,7416,253.7559242415354
1,7417,240.2696003237134
1,7418,244.29889598528882
1,7419,58.51369117402039
1,7420,242.4307856356333
1,7421,143.601215082456
1,7422,52.36054096909788
1,7423,382.0520670274459
1,7424,50.721049945288556
1,7425,247.36916983436112
1,7426,51.417417569263876
1,7427,237.4274766217685
1,7428,127.74631845102368
1,7429,8.526295485310785
1,7430,350.32815823266964
1,7431,232.2150248159532
1,7432,242.09410393032516
1,7433,49.33547846987328
1,7434,72.27884833256967
1,7435,239.0118422029969
1,7436,300.9979530242829
1,7437,86.2879144195313
1,7438,243.09633281515465
1,7439,141.50624424445232
1,7440,127.3876884079956
1,7441,258.2980086990239
1,7442,98.16112272656504
1,7443,48.825905788151005
1,7444,243.50579492543284
1,7445,202.5632522355706
1,7446,249.23139520984228
1,7447,45.03910168791454
1,7448,238.42864651055646
1,7449,183.9982599938465
1,7450,248.7319397251412
1,7451,54.43404817399648
1,7452,307.9823233228401
1,7453,262.7117403101167
1,7454,229.81383244009476
1,7455,337.6365517093474
1,7456,244.25352853812538
1,7457,59.3086982219709
1,7458,137.60564665854423
1,7459,72.0700848267084
1,7460,209.83165124685564
1,7461,138.94237353018116
1,7462,236.65699072142405
1,7463,52.44004932458374
1,7464,275.0920114057378
1,7465,94.10667753618489
1,7466,234.4024779488259
1,7467,50.04389479949903
1,7468,238.83848808513594
1,7469,236.09831313531936
1,7470,51.91873260674733
1,7471,333.25916167188836
1,7472,212.23688840615404
1,7473,240.28716818918164
1,7474,351.7026637240634
1,7475,41.059121249778556
1,7476,327.1312272939463
1,7477,387.14825782966585
1,7478,239.46618815274297
1,7479,250.98212145774573
1,7480,138.52383604084042
1,7481,243.94009726747538
1,7482,52.10018921665487
1,7483,244.88442550188103
1,7484,277.90388618777985
1,7485,124.98027400274819
1,7486,51.95159148246077
1,7487,244.1103039242932
1,7488,284.24213006433445
1,7489,300.96342337098605
1,7490,243.8568738329985
1,7491,28.39917160430698
1,7492,319.9133455653496
1,7493,249.15905668513312
1,7494,42.119938887322036
1,7495,328.65785405005136
1,7496,377.38619543381947
1,7497,160.02520796291986
1,7498,212.10063192625796
1,7499,361.71075094840774
1,7500,257.37822028738026
1,7501,126.3278307178173
1,7502,42.35611093085604
1,7503,236.34681340533808
1,7504,56.11534590143846
1,7505,243.7480241569349
1,7506,46.17543363310429
1,7507,233.8630700987971
1,7508,46.19784453386625
1,7509,54.50275907772196
1,7510,246.38882789505055
1,7511,241.49947129003056
1,7512,51.709574708634605
1,7513,198.39525234498018
1,7514,52.03962135085678
1,7515,289.29496419566976
1,7516,98.14993509344151
1,7517,134.69254087152075
1,7518,143.55497131661727
1,7519,238.09236676935296
1,7520,235.89010360070347
1,7521,88.8145094045894
1,7522,49.244132394360356
1,7523,95.1848139320978
1,7524,235.6383553549664
1,7525,54.09867919392796
1,7526,233.88059505012998
1,7527,218.02517066689109
1,7528,243.83383269632054
1,7529,82.03254839359573
1,7530,245.14946114330445
1,7531,206.02068152193578
1,7532,228.064292017009
1,7533,99.89076467663608
1,7534,56.44973206110878
1,7535,229.228982791776
1,7536,149.39072337610997
1,7537,243.4050793612451
1,7538,237.86964048616
1,7539,159.48833417339415
1,7540,258.35901973142893
1,7541,58.934537242277216
1,7542,254.5814084115409
1,7543,19.005737604895465
1,7544,385.19166298027375
1,7545,34.304431274674506
1,7546,380.3119834949042
1,7547,254.32231036905495
1,7548,243.48712243121713
1,7549,224.33226503900266
1,7550,211.72400578039418
1,7551,27.623460687339204
1,7552,241.2936922300932
1,7553,241.50243884113627
1,7554,53.60491056485772
1,7555,245.2950573756145
1,7556,137.85711305085732
1,7557,133.47083243866237
1,7558,237.53600103583167
1,7559,408.97369097559215
1,7560,54.488027767746175
1,7561,144.29853029037082
1,7562,315.7527482031283
1,7563,238.77637679261892
1,7564,243.80381360462098
1,7565,45.06815671781004
1,7566,258.94654093517676
1,7567,141.2160332040493
1,7568,53.667529271313995
1,7569,41.98384152967583
1,7570,236.67798616729965
1,7571,52.39118277430728
1,7572,252.545775184486
1,7573,256.88406893043106
1,7574,31.63880015747368
1,7575,239.36812217766033
1,7576,54.7787033776541
1,7577,457.3657843603321
1,7578,82.46751028968333
1,7579,238.66719788204819
1,7580,53.3726069761975
1,7581,257.8213395844442
1,7582,143.67910032104726
1,7583,228.47771298143516
1,7584,251.39907860220399
1,7585,51.5818901566625
1,7586,260.3947257555021
1,7587,237.66554613545676
1,7588,81.74614109591192
1,7589,233.08367458015474
1,7590,120.53157912392567
1,7591,249.8401461918096
1,7592,245.1507023908245
1,7593,55.25104753011959
1,7594,249.92274208773028
1,7595,211.95058031866668
1,7596,207.18279517186437
1,7597,244.55026372843383
1,7598,80.6961324829281
1,7599,258.28991241396614
1,7600,55.171478834021514
1,7601,222.16536978436227
1,7602,53.1987727065314
1,7603,259.57422806596526
1,7604,231.03099414237224
1,7605,244.6918393251413
1,7606,44.88261843584468
1,7607,265.4849855952499
1,7608,146.4668383397814
1,7609,231.67244966046158
1,7610,51.70579610845368
1,7611,450.8905010780725
1,7612,50.68312333527193
1,7613,302.78903877236917
1,7614,239.15777846395326
1,7615,343.3853853358963
1,7616,240.6931561176297
1,7617,85.20853095453815
1,7618,40.83680398015589
1,7619,251.8884743402554
1,7620,55.803541520178875
1,7621,275.7411319287147
1,7622,180.59748154378815
1,7623,250.34566086235154
1,7624,56.51202102748936
1,7625,253.0982667830533
1,7626,124.06474475468008
1,7627,148.7033976373658
1,7628,255.44207661426952
1,7629,259.0434577224753
1,7630,572.9148755806245
1,7631,45.371189500468354
1,7632,130.25092655298135
1,7633,257.18494619144263
1,7634,252.97988262035096
1,7635,274.23691765931335
1,7636,252.77452981390044
1,7637,256.07802909979307
1,7638,251.60601601750363
1,7639,46.7849511917813
1,7640,245.42116244227128
1,7641,55.34995674863966
1,7642,255.08481058281654
1,7643,179.81127210111867
1,7644,251.21989178586
1,7645,86.32854333915077
1,7646,262.79471043730143
1,7647,248.61662826081695
1,7648,45.934717213737045
1,7649,265.62728010097715
1,7650,257.92409113499144
1,7651,63.37461445779316
1,7652,252.50536247415363
1,7653,55.55784459003593
1,7654,145.1488580479784
1,7655,245.68677020593537
1,7656,267.1443759960734
1,7657,257.6970712688898
1,7658,169.71826943094823
1,7659,55.07511851808009
1,7660,113.88157026749025
1,7661,55.07511851808009
1,7662,256.9627171743076
1,7663,292.7338769958534
1,7664,250.8111560697393
1,7665,151.16343196346924
1,7666,272.30476210514644
1,7667,54.695145200107135
1,7668,262.26525899053195
1,7669,151.16726772614305
1,7670,251.79407864260043
1,7671,58.51988874322535
1,7672,259.76028009789167
1,7673,59.30537482089708
1,7674,259.6191665124172
1,7675,41.46099731423714
1,7676,322.5410699811091
1,7677,251.05253873589754
1,7678,275.5325543680487
1,7679,260.5539828420689
1,7680,276.5277754072614
1,7681,270.27373382194344
1,7682,102.96091425448098
1,7683,269.6555792075138
1,7684,258.8668602559728
1,7685,250.59257210889177
1,7686,59.413726954765735
1,7687,270.69038074435775
1,7688,34.67678752830668
1,7689,256.0356784782875
1,7690,249.75509411193525
1,7691,48.81802896715763
1,7692,272.5091394522184
1,7693,256.8650462764781
1,7694,180.29027197721572
1,7695,256.8484264359065
1,7696,268.09400235754595
1,7697,264.1600591468444
1,7698,244.41008596678682
1,7699,175.31412251730293
1,7700,178.58427335780357
1,7701,272.45555407449797
1,7702,246.4316064083274
1,7703,218.3286195694525
1,7704,212.68057648409751
1,7705,123.51252477322566
1,7706,243.35099366410373
1,7707,46.39867358720749
1,7708,242.11364464294257
1,7709,250.42928573433346
1,7710,261.238558617194
1,7711,244.93011007771258
1,7712,249.26025778770304
1,7713,53.89107754656891
1,7714,246.0205768556939
1,7715,97.22316278538784
1,7716,257.27573563131983
1,7717,54.05301564262949
1,7718,245.89154541727294
1,7719,86.14397624697385
1,7720,255.47094316039158
1,7721,267.0049559774984
1,7722,64.14418033621483
1,7723,260.82765423225896
1,7724,253.57589703209914
1,7725,255.37310304979917
1,7726,238.50087026651784
1,7727,256.426167520215
1,7728,62.34403711189415
1,7729,338.8491112494496
1,7730,57.990808945835134
1,7731,289.0065813167482
1,7732,263.13330627570605
1,7733,56.08105435022081
1,7734,184.51529751558766
1,7735,258.41728774017565
1,7736,62.815184231727486
1,7737,216.22014298313013
1,7738,58.51455865747096
1,7739,267.47826086873545
1,7740,58.5225910432789
1,7741,260.9271953654588
1,7742,90.20861539215252
1,7743,475.1503671009342
1,7744,65.0652733865037
1,7745,192.80217303686027
1,7746,258.1715316327076
1,7747,258.26487935464735
1,7748,59.69629408943287
1,7749,45.93831809670936
1,7750,329.91329478947404
1,7751,60.46145241050152
1,7752,266.25351358937144
1,7753,60.56165323973811
1,7754,116.62494200090043
1,7755,275.80138506679475
1,7756,65.2553855160598
1,7757,462.31327143579296
1,7758,60.59058696055415
1,7759,252.63865140838112
1,7760,150.07939922358918
1,7761,259.5196675198003
1,7762,261.7918318713718
1,7763,262.8936688236161
1,7764,126.49405852877163
1,7765,187.81725516376991
1,7766,264.68723714252957
1,7767,56.99382536850567
1,7768,255.67298333299797
1,7769,252.29054543675588
1,7770,255.57566724526893
1,7771,149.0956310530264
1,7772,82.9408317930029
1,7773,261.40462781822725
1,7774,260.9878837471029
1,7775,34.67871004061864
1,7776,215.50376780255698
1,7777,258.30280463201314
1,7778,252.18439733451294
1,7779,150.36097160743304
1,7780,49.01076746669224
1,7781,259.13251666153326
1,7782,142.30512079072537
1,7783,258.7766942225919
1,7784,260.44563561897587
1,7785,268.08879406128426
1,7786,195.85061667006306
1,7787,261.0706730927368
1,7788,124.82150168548247
1,7789,185.43327453640583
1,7790,58.914418865146345
1,7791,268.5292427895058
1,7792,58.93180720895738
1,7793,257.4951521565671
1,7794,47.39317498641614
1,7795,58.84571521371812
1,7796,261.53406946122874
1,7797,294.40405183823805
1,7798,184.53779490694717
1,7799,266.43837490080944
1,7800,146.16795683904797
1,7801,261.7720532471192
1,7802,55.05381542507415
1,7803,257.79880121494193
1,7804,90.69685839327973
1,7805,281.8681102842132
1,7806,261.791797347487
1,7807,283.3068578231
1,7808,178.63569038746948
1,7809,250.67995282867975
1,7810,267.22193057361244
1,7811,264.94496572356127
1,7812,252.3587032989227
1,7813,469.8880243196794
1,7814,251.16593477395998
1,7815,226.0510451764569
1,7816,56.24044612172554
1,7817,245.96718078613557
1,7818,54.10449658877813
1,7819,247.0631696466672
1,7820,249.56384084594322
1,7821,253.67737406187987
1,7822,46.11960432458427
1,7823,244.48065478714636
1,7824,250.4651807217032
1,7825,256.46845422035716
1,7826,394.3331380817756
1,7827,252.43556824673288
1,7828,98.33427188043805
1,7829,82.08183619653522
1,7830,63.175245304736585
1,7831,244.27447721161127
1,7832,252.1269194079938
1,7833,251.75749817287527
1,7834,261.1357581669133
1,7835,400.7843081164483
1,7836,250.1648966471581
1,7837,265.9440958799409
1,7838,267.650238007123
1,7839,48.895644009128205
1,7840,287.9279858301645
1,7841,256.94391273559114
1,7842,257.9793846379827
1,7843,264.20344411025064
1,7844,261.79694690900385
1,7845,58.736778460950966
1,7846,257.6879295394413
1,7847,259.9016054528592
1,7848,90.05763451696421
1,7849,258.90805306946436
1,7850,274.66832565089203
1,7851,265.90962857317663
1,7852,265.8381830162324
1,7853,258.27565240783434
1,7854,90.88784808114781
1,7855,259.61941430946075
1,7856,258.18737089695946
1,7857,270.8547662296934
1,7858,86.0896986303392
1,7859,269.21887887788364
1,7860,266.18996802246517
1,7861,262.56466020681887
1,7862,252.37757729472676
1,7863,48.786312321913115
1,7864,277.0531677225796
1,7865,59.99746041556794
1,7866,268.43139452958735
1,7867,263.4088168666885
1,7868,264.9955977405451
1,7869,47.29570630112198
1,7870,33.22047759353168
1,7871,243.2056457606562
1,7872,57.20801278617773
1,7873,249.6909545982639
1,7874,247.67719113057558
1,7875,240.0802698345682
1,7876,153.79154795263935
1,7877,249.0958550706182
1,7878,161.57932796710253
1,7879,253.91403781967307
1,7880,46.52559291156868
1,7881,148.50632465457184
1,7882,240.32696948428037
1,7883,121.38040717633044
1,7884,181.55315767039275
1,7885,247.54480249651073
1,7886,138.30944260451545
1,7887,51.31591896350315
1,7888,261.42086642776883
1,7889,236.80575782525062
1,7890,274.9218751205905
1,7891,144.99240193745698
1,7892,264.19255528927147
1,7893,122.18476419683122
1,7894,182.39426493710738
1,7895,254.54554327412816
1,7896,59.406979192585894
1,7897,252.8182957912033
1,7898,55.10050226296161
1,7899,254.49693556384787
1,7900,50.47578998204054
1,7901,121.58420208848852
1,7902,278.05249603822847
1,7903,253.24171459820673
1,7904,180.35451507423954
1,7905,252.02949046326756
1,7906,246.45911639046392
1,7907,97.47747845662364
1,7908,257.419435519736
1,7909,253.7135949824127
1,7910,76.64605011663738
1,7911,318.3078103166523
1,7912,291.50639111873204
1,7913,256.6520668423613
1,7914,257.75735139227004
1,7915,256.3693509933307
1,7916,57.92718413888757
1,7917,252.13836042443597
1,7918,53.631173624308076
1,7919,287.62890024609834
1,7920,55.212650994204736
1,7921,266.2305789947823
1,7922,263.4728212058411
1,7923,270.1705006316266
1,7924,60.48683615538306
1,7925,266.7616765922615
1,7926,278.48931469532965
1,7927,269.33226830284485
1,7928,238.5497040888032
1,7929,256.77283681383926
1,7930,36.272510366065376
1,7931,230.72805171677322
1,7932,246.123713683281
1,7933,248.40093459016396
1,7934,253.44966385668496
1,7935,255.73452065066417
1,7936,60.37569382988512
1,7937,64.10538818441515
1,7938,272.7344642175496
1,7939,240.3252080305104
1,7940,249.45616360565106
1,7941,246.50863767068856
1,7942,245.13530682737218
1,7943,248.1610870254264
1,7944,239.2783099277006
1,7945,259.9308980536034
1,7946,245.5767653612728
1,7947,265.6765643916791
1,7948,259.0137262044757
1,7949,252.69188008644855
1,7950,277.0131938557304
1,7951,250.21252219425145
1,7952,46.60491067789242
1,7953,254.34399848505873
1,7954,254.5064354758356
1,7955,236.43044845012395
1,7956,261.7758451712365
1,7957,192.21436991306598
1,7958,245.77975590167475
1,7959,262.35273591939165
1,7960,33.95026579818421
1,7961,133.02281375892125
1,7962,240.16589544540415
1,7963,251.31948529004018
1,7964,257.2647446926933
1,7965,246.10444507007702
1,7966,245.98744295194058
1,7967,251.80570307357738
1,7968,58.682517517953855
1,7969,58.48320333912921
1,7970,263.19438773638217
1,7971,248.79572462675722
1,7972,246.13561344502972
1,7973,251.12472194153148
1,7974,49.39395386800206
1,7975,249.6167228666153
1,7976,58.43649119650592
1,7977,150.97414023719975
1,7978,288.89794130906887
1,7979,249.39264965879124
1,7980,254.9112266776703
1,7981,40.389145955498414
1,7982,271.9898376037152
1,7983,58.83912597611819
1,7984,283.00590731967793
1,7985,252.54854517767905
1,7986,58.670764325619544
1,7987,58.032851896064926
1,7988,268.5394135102822
1,7989,248.46259230128783
1,7990,57.375444196221366
1,7991,249.60347041243105
1,7992,241.32162240281164
1,7993,246.03246125438517
1,7994,46.26352287653315
1,7995,243.24416341275554
1,7996,55.78044358369953
1,7997,244.06949603213042
1,7998,132.6212486449011
1,7999,249.34049582356312
1,8000,250.56291160440225
1,8001,249.50788371847713
1,8002,248.78721439989008
1,8003,521.2673788866289
1,8004,246.5944807234348
1,8005,260.9948972424037
1,8006,240.31309893908394
1,8007,262.9681882795637
1,8008,48.26270880332425
1,8009,244.7902386587765
1,8010,57.668636951206196
1,8011,254.0153488642302
1,8012,248.25225858925097
1,8013,31.826094815371277
1,8014,241.4243288438032
1,8015,56.43053159536451
1,8016,251.3555669401287
1,8017,148.97808123262712
1,8018,256.00371349650266
1,8019,56.25544190450789
1,8020,255.87028894416625
1,8021,56.56799785332416
1,8022,268.6747123938116
1,8023,49.38524744208098
1,8024,56.756202315823984
1,8025,250.37422426432664
1,8026,180.65317105888255
1,8027,251.026504982316
1,8028,277.32668879773155
1,8029,263.2289579748551
1,8030,269.72532784442694
1,8031,254.25917122913373
1,8032,258.0266867107589
1,8033,52.14314713851357
1,8034,254.21709242954557
1,8035,54.22111781373117
1,8036,57.302203258514055
1,8037,267.9256670869905
1,8038,87.001630676161
1,8039,251.84235131237205
1,8040,259.3315456642924
1,8041,59.3539788973153
1,8042,250.31084993169404
1,8043,280.3787941035454
1,8044,42.69722606935879
1,8045,261.40003669885004
1,8046,54.07295397154258
1,8047,254.60944211222244
1,8048,263.05117078529895
1,8049,259.285704673866
1,8050,262.6686919174839
1,8051,180.90847028289494
1,8052,243.44653058370093
1,8053,248.7387031983995
1,8054,259.34852285782137
1,8055,252.64590853447294
1,8056,292.53272629000367
1,8057,218.52741763842482
1,8058,11.529239755471227
1,8059,180.23331153674414
1,8060,259.67639791945885
1,8061,257.24731403003506
1,8062,61.16036084157156
1,8063,187.7654911735624
1,8064,264.1275414491221
1,8065,49.021139317150386
1,8066,254.91693075829008
1,8067,88.89602813930006
1,8068,362.9771768840726
1,8069,284.1732413178092
1,8070,152.6891579579539
1,8071,56.99830040418699
1,8072,253.9707784907577
1,8073,58.910806414205865
1,8074,298.1912049506594
1,8075,265.344000987821
1,8076,272.16802140835836
1,8077,289.4747970049933
1,8078,88.11921580202923
1,8079,257.6973729336686
1,8080,259.3449870717314
1,8081,289.181132151472
1,8082,252.4024024533537
1,8083,86.66163202223933
1,8084,303.3895365118523
1,8085,261.4752118262377
1,8086,247.5420530790098
1,8087,236.84222991490572
1,8088,42.78967862922727
1,8089,271.93951026367756
1,8090,178.27617075967396
1,8091,54.31988018540591
1,8092,245.70959011061097
1,8093,46.71584849200573
1,8094,54.26481162099175
1,8095,250.74698055728015
1,8096,252.85613688803488
1,8097,48.29627054490099
1,8098,54.4438787535792
1,8099,217.0749076682826
1,8100,142.14831000919494
1,8101,42.906398504231646
1,8102,332.5415548747747
1,8103,270.6165736757047
1,8104,54.48632505313479
1,8105,252.17172464184875
1,8106,22.444271123978236
1,8107,54.52457120791995
1,8108,267.49585656941593
1,8109,49.017742716169565
1,8110,251.61559542719203
1,8111,246.02282490681924
1,8112,155.66477583520816
1,8113,263.04614562251777
1,8114,56.684244634278755
1,8115,249.19278355572476
1,8116,248.60722362709706
1,8117,254.6658735965945
1,8118,197.17270977496491
1,8119,252.7997835343716
1,8120,266.8811874202287
1,8121,149.43235974022417
1,8122,255.25941634327586
1,8123,57.69045158417069
1,8124,259.689427928792
1,8125,49.92748085749997
1,8126,58.92913595401073
1,8127,246.70602218820534
1,8128,267.1976378926764
1,8129,143.5623836293433
1,8130,284.76240361823113
1,8131,218.21240141635445
1,8132,251.71004474341117
1,8133,58.83034520723601
1,8134,256.69063715071456
1,8135,91.24424902500988
1,8136,370.0613334089734
1,8137,284.1852787029885
1,8138,150.59592258954444
1,8139,260.1127177327256
1,8140,300.4924961751758
1,8141,216.93015874164695
1,8142,249.50037067185266
1,8143,180.29872878652245
1,8144,257.6646317470182
1,8145,260.1421507046732
1,8146,257.7028668103958
1,8147,645.1932636417978
1,8148,249.00076277008122
1,8149,55.90040089200032
1,8150,253.96061385172464
1,8151,261.29674715773115
1,8152,254.98630442346064
1,8153,249.29023429452928
1,8154,65.6151775921626
1,8155,269.66845904261584
1,8156,257.9680192441291
1,8157,257.2662011463389
1,8158,261.8392656836665
1,8159,271.8107435125879
1,8160,179.7707107073511
1,8161,246.39895132568688
1,8162,263.9354165227487
1,8163,255.3718802201194
1,8164,266.74108583392007
1,8165,256.9911824927873
1,8166,278.1014131121875
1,8167,265.7149270530097
1,8168,50.26889287663647
1,8169,264.99664340145114
1,8170,251.69274285333373
1,8171,204.3049836103818
1,8172,253.55844177163783
1,8173,54.425065040628205
1,8174,33.75219112189283
1,8175,79.51590784185825
1,8176,120.89282669645678
1,8177,243.32342187715543
1,8178,244.54905451632757
1,8179,54.349290676512084
1,8180,252.70622361404747
1,8181,52.83275665343544
1,8182,247.49383877178633
1,8183,262.0801133750824
1,8184,225.5624645631688
1,8185,17.499921056500458
1,8186,233.59025056157006
1,8187,59.39481107728678
1,8188,248.58387889429792
1,8189,54.164129072991074
1,8190,253.24739533269656
1,8191,33.61998513875744
1,8192,252.8029645106672
1,8193,246.2349437736029
1,8194,251.56492004130104
1,8195,253.05552769339386
1,8196,97.80484677805848
1,8197,171.14959700904757
1,8198,58.442528537671876
1,8199,264.66469942233454
1,8200,238.2285129838238
1,8201,16.420520833618305
1,8202,240.06402870721627
1,8203,74.2322978942021
1,8204,58.60479017678702
1,8205,178.45827046460556
1,8206,49.49914111416338
1,8207,255.6859782708799
1,8208,44.16251236637336
1,8209,250.95610851941606
1,8210,59.11530442013343
1,8211,259.08174259750706
1,8212,180.3820142161714
1,8213,260.8869501857155
1,8214,58.90118777051875
1,8215,265.23987056936255
1,8216,220.4603433927935
1,8217,260.414283889837
1,8218,85.17343027296943
1,8219,265.56114185056856
1,8220,59.3761426414345
1,8221,85.17602842197849
1,8222,259.8269801536348
1,8223,126.57806960962071
1,8224,263.19244786073847
1,8225,149.44912834461934
1,8226,58.451063956299876
1,8227,259.3637411881523
1,8228,256.0583765930591
1,8229,250.48403912925716
1,8230,257.04229407202666
1,8231,251.5089637792512
1,8232,48.1292521375662
1,8233,267.26144178053937
1,8234,257.90615115350863
1,8235,363.68316305186613
1,8236,255.54799114225477
1,8237,55.991854189716605
1,8238,258.8197490616841
1,8239,48.19433609946823
1,8240,252.98394409840768
1,8241,233.46089186149436
1,8242,29.878354601047093
1,8243,265.13538002294706
1,8244,55.72824025305599
1,8245,259.9504271345776
1,8246,324.2726136783119
1,8247,237.48337616744402
1,8248,219.24874577204977
1,8249,239.82855692034826
1,8250,232.66192556975034
1,8251,265.2079689950915
1,8252,248.6817635658515
1,8253,210.1021133072027
1,8254,249.8555099745101
1,8255,56.15037086777141
1,8256,258.79024723670915
1,8257,252.56333147681332
1,8258,238.71137363565236
1,8259,252.2685906032214
1,8260,54.2504874780735
1,8261,246.74623964421855
1,8262,271.97659552800343
1,8263,60.788482234352884
1,8264,264.8442522375045
1,8265,259.17066565856817
1,8266,46.03202354559893
1,8267,246.15929005310358
1,8268,268.56400387008244
1,8269,34.193999379388295
1,8270,352.8923630263263
1,8271,238.62962918258512
1,8272,251.0877399469025
1,8273,253.44310318033368
1,8274,253.37196597921732
1,8275,55.51945714940412
1,8276,255.42356758812411
1,8277,56.21193667686086
1,8278,251.64155962694622
1,8279,249.27847717055886
1,8280,251.9983198514985
1,8281,238.36598566321794
1,8282,260.3241140423296
1,8283,54.726249453437276
1,8284,249.41662062844648
1,8285,234.83323803505027
1,8286,46.55644480984692
1,8287,246.91527086299743
1,8288,251.02785200442798
1,8289,85.32923349136901
1,8290,247.7802193490994
1,8291,55.92675015545751
1,8292,257.6812849839051
1,8293,237.44513057355817
1,8294,90.01622640214023
1,8295,254.32168344576212
1,8296,57.50140628893994
1,8297,254.57838536217247
1,8298,259.38267812020155
1,8299,257.15637897588505
1,8300,58.780211937189776
1,8301,264.70737622055424
1,8302,271.4716543910525
1,8303,45.821122475837285
1,8304,260.3823128222543
1,8305,268.25286491276916
1,8306,57.969615136712456
1,8307,259.15960078180717
1,8308,259.4107489952228
1,8309,266.1002170603886
1,8310,58.18964018884016
1,8311,232.28254164890302
1,8312,279.7161169972656
1,8313,259.7592506663224
1,8314,127.57764597980933
1,8315,192.82935779572767
1,8316,266.8866919424937
1,8317,263.0855286778085
1,8318,61.72277240021968
1,8319,274.1334786440464
1,8320,86.19372125446063
1,8321,151.54027696054322
1,8322,268.2704305029155
1,8323,58.293678697420134
1,8324,260.565511954033
1,8325,59.114858299017556
1,8326,149.25094979441653
1,8327,129.62995286098996
1,8328,268.94113576631264
1,8329,54.338517319213466
1,8330,151.27290454313942
1,8331,263.4586326901378
1,8332,254.84867909193542
1,8333,262.9133445242606
1,8334,240.30098094790225
1,8335,210.09831987282806
1,8336,217.95792782943477
1,8337,234.3195826076569
1,8338,217.2520347234422
1,8339,222.37702937260042
1,8340,308.66946756415433
1,8341,213.9404402150459
1,8342,316.7841909428501
1,8343,45.377808088790076
1,8344,302.48838113102613
1,8345,50.741973457799475
1,8346,241.84464967743938
1,8347,50.04522120322879
1,8348,235.80476513420825
1,8349,165.5276614535297
1,8350,241.6038028371222
1,8351,47.28463102882111
1,8352,204.2039556341294
1,8353,257.3154968819226
1,8354,247.03994743638464
1,8355,223.6669425839015
1,8356,213.4283682916465
1,8357,220.3471957763993
1,8358,29.610963832513225
1,8359,218.58757610552925
1,8360,240.71924035778758
1,8361,233.80868732654477
1,8362,49.041613809149005
1,8363,215.25151273076395
1,8364,227.02862611921182
1,8365,230.93639096832595
1,8366,49.17375787166169
1,8367,227.2634665112331
1,8368,277.3823610962189
1,8369,234.8226038474951
1,8370,60.18624819330162
1,8371,260.84086629483926
1,8372,49.888446411992376
1,8373,206.9724836679728
1,8374,249.23728429562135
1,8375,254.1439172834223
1,8376,255.23175353740424
1,8377,51.24567209925481
1,8378,229.87086460874426
1,8379,248.45672729709372
1,8380,43.980006090556785
1,8381,256.91368573586783
1,8382,241.19934947758722
1,8383,243.93835244405716
1,8384,238.3073075313962
1,8385,234.4123807097103
1,8386,43.0266244532655
1,8387,215.0040746459211
1,8388,188.87075003804625
1,8389,227.9933908623866
1,8390,229.77986232000444
1,8391,257.1958867934172
1,8392,39.35202644386005
1,8393,241.31288090094125
1,8394,456.7096893482737
1,8395,51.72125059930093
1,8396,265.6889170548792
1,8397,224.61935686229765
1,8398,81.94803134168731
1,8399,228.57657446243186
1,8400,269.00860657308516
1,8401,230.36619571113022
1,8402,53.114433506145915
1,8403,236.7370210912697
1,8404,131.29127097514242
1,8405,308.02278904216644
1,8406,52.5443466297039
1,8407,231.84504858150342
1,8408,131.97975159668982
1,8409,53.940601701545646
1,8410,95.50282112336663
1,8411,232.72627223488914
1,8412,50.79881306699169
1,8413,31.646985993209846
1,8414,194.388678183298
1,8415,227.5768036278355
1,8416,230.61986230387242
1,8417,231.49079518329057
1,8418,44.02807246210685
1,8419,240.38813798871269
1,8420,49.82956544692624
1,8421,232.34235705441984
1,8422,133.95056733857726
1,8423,226.10594403584682
1,8424,51.08283682288264
1,8425,245.09901971757935
1,8426,44.458356486283044
1,8427,238.37158287900854
1,8428,167.18369348113424
1,8429,230.12072723753104
1,8430,51.11151094855403
1,8431,253.0503653779724
1,8432,71.54386075633221
1,8433,241.02055557398648
1,8434,46.76789943204751
1,8435,237.91686828507767
1,8436,172.32723249805895
1,8437,234.9064429099987
1,8438,246.25824488209057
1,8439,244.3687900075629
1,8440,51.16818511796804
1,8441,208.87522305788224
1,8442,249.6027655480797
1,8443,32.835583289845566
1,8444,224.22790263883985
1,8445,303.8081058514392
1,8446,224.53866335151815
1,8447,216.25323236285584
1,8448,53.5845112611795
1,8449,236.53875545589244
1,8450,365.15741647579284
1,8451,177.93522789647096
1,8452,244.81749424126906
1,8453,53.394924232817914
1,8454,207.79695687613471
1,8455,264.26376805492305
1,8456,45.23532166554412
1,8457,141.73169545751176
1,8458,237.10746812632664
1,8459,258.94877849750355
1,8460,229.52760961356154
1,8461,265.2933499681456
1,8462,251.62069706058065
1,8463,83.18320172547247
1,8464,257.05795050036016
1,8465,329.8806371544615
1,8466,80.09005500666099
1,8467,216.326029267789
1,8468,52.41433677029771
1,8469,221.11245799543752
1,8470,168.30012483843186
1,8471,241.9629597104199
1,8472,50.12114258402235
1,8473,209.10023165791677
1,8474,252.6888974690687
1,8475,258.18523168519255
1,8476,222.86745014222126
1,8477,232.42541594297387
1,8478,50.982270118131396
1,8479,212.88009650060275
1,8480,79.76801891620588
1,8481,283.89137037448074
1,8482,252.66527964399938
1,8483,173.98737146373725
1,8484,54.49491772064172
1,8485,246.25552460853328
1,8486,228.13823259241536
1,8487,256.445505008148
1,8488,50.62435995026502
1,8489,224.36064257440552
1,8490,245.0302723655701
1,8491,45.17546536648563
1,8492,136.4980392073939
1,8493,252.646294886377
1,8494,33.58805616788348
1,8495,240.3251564628295
1,8496,244.49096368566865
1,8497,52.93696039700995
1,8498,236.19394679949232
1,8499,324.1429428177397
1,8500,253.53168392257115
1,8501,51.80729541579251
1,8502,212.72630134238926
1,8503,267.11005609191426
1,8504,250.74109854045832
1,8505,254.82409878822295
1,8506,76.32349105449634
1,8507,239.06723778268358
1,8508,238.19454882501407
1,8509,46.10637601526105
1,8510,368.9975307645075
1,8511,181.57854432015796
1,8512,52.26529057189535
1,8513,250.30794390538153
1,8514,255.23654086569047
1,8515,232.98975347946185
1,8516,116.96497464141841
1,8517,210.6537918085446
1,8518,188.92701666855027
1,8519,55.003992200585344
1,8520,249.3343902217899
1,8521,325.3181447714142
1,8522,255.81227090406622
1,8523,228.8558444494323
1,8524,32.53797139113105
1,8525,259.62242658497513
1,8526,45.10478575086139
1,8527,32.760624303270944
1,8528,257.10187076476075
1,8529,267.0403167552096
1,8530,81.43482056159101
1,8531,199.22464435031293
1,8532,232.11458705017685
1,8533,240.96783058206182
1,8534,54.46102551255984
1,8535,32.76666470918331
1,8536,384.62413367116744
1,8537,259.79910772543394
1,8538,237.65290831962784
1,8539,52.313656139911345
1,8540,317.28042488890674
1,8541,53.59642456996791
1,8542,262.79884316472294
1,8543,238.65645767565456
1,8544,229.96499944799672
1,8545,142.38949723804387
1,8546,235.30388026269793
1,8547,115.43202559862728
1,8548,50.503706036464706
1,8549,233.99391996546018
1,8550,50.48966985787584
1,8551,236.95131383504065
1,8552,226.1311956106644
1,8553,246.90468658560468
1,8554,53.95716687917342
1,8555,227.93169359954396
1,8556,246.31357473521317
1,8557,263.08082892665357
1,8558,248.91642172929113
1,8559,84.04384691007323
1,8560,251.62620651809763
1,8561,140.4068778411155
1,8562,244.7910705856821
1,8563,51.955912033767575
1,8564,237.41162693247708
1,8565,238.25644453871342
1,8566,168.67320054882074
1,8567,283.9776510227849
1,8568,248.54938146621677
1,8569,52.096159296816154
1,8570,347.08030005572516
1,8571,257.32073462060146
1,8572,46.71692325051509
1,8573,239.61749435896974
1,8574,251.12294779887134
1,8575,247.66513068468737
1,8576,246.52210948809397
1,8577,140.06846113802652
1,8578,141.5778435922016
1,8579,243.08532324073877
1,8580,144.2111864365186
1,8581,256.16062691572773
1,8582,53.273827326804025
1,8583,242.27348481500897
1,8584,42.192721730470495
1,8585,251.01619595606292
1,8586,330.35625946640926
1,8587,81.50365760331904
1,8588,244.68823886474615
1,8589,53.77436765777562
1,8590,252.46025079564302
1,8591,53.10063299555844
1,8592,225.83108813526934
1,8593,253.60350298642845
1,8594,188.6778558258507
1,8595,57.25464941615095
1,8596,253.8102555434
1,8597,242.05771786030016
1,8598,249.74807372390373
1,8599,254.55757186921417
1,8600,253.75736770337704
1,8601,57.95046283104038
1,8602,249.24240118343903
1,8603,252.54027642560334
1,8604,203.1088087908799
1,8605,245.65727455474826
1,8606,54.82027605306964
1,8607,355.16811956503403
1,8608,253.32845803611957
1,8609,252.3238208954861
1,8610,12.587752385055879
1,8611,258.3959479700568
1,8612,250.3722207221497
1,8613,67.98547098862619
1,8614,192.3991068134481
1,8615,246.38118703856532
1,8616,55.00087889302178
1,8617,250.78439052153414
1,8618,54.92692717183037
1,8619,171.540829765433
1,8620,63.849095314270734
1,8621,256.64791569258256
1,8622,235.90909067008823
1,8623,87.85186597117858
1,8624,246.31216420015974
1,8625,120.8202278824877
1,8626,247.04160316695896
1,8627,327.2371400284277
1,8628,248.81997072721595
1,8629,182.11573946465387
1,8630,239.1706425556705
1,8631,55.03210781786464
1,8632,248.45442622390516
1,8633,250.69025144588494
1,8634,55.31636708635378
1,8635,237.7635099707113
1,8636,181.2221779763098
1,8637,249.5976134832797
1,8638,54.792453980075784
1,8639,248.81956995047366
1,8640,257.58763605758475
1,8641,46.128633264723014
1,8642,53.42793919971486
1,8643,252.87048698731016
1,8644,51.878049334647386
1,8645,209.71879113037448
1,8646,255.6255906972526
1,8647,258.13219042342416
1,8648,273.13874219652774
1,8649,231.21639655500996
1,8650,285.50111947151487
1,8651,230.45129511746686
1,8652,246.189930930865
1,8653,57.00932513643596
1,8654,33.213262130716856
1,8655,241.3313889442484
1,8656,254.89566585548673
1,8657,51.3174081774754
1,8658,308.44177957948386
1,8659,52.599873584179164
1,8660,231.37805542022517
1,8661,230.7477082722039
1,8662,50.67635247471485
1,8663,202.515589692498
1,8664,53.06267805876483
1,8665,282.2096311568241
1,8666,229.91753476728033
1,8667,52.130743812324766
1,8668,239.32431895575897
1,8669,167.25628920644766
1,8670,241.5274455464789
1,8671,50.7795230107113
1,8672,234.3001104057193
1,8673,249.9977845054026
1,8674,241.05067971426007
1,8675,174.1457188465294
1,8676,50.84343828852535
1,8677,256.6891057536795
1,8678,232.2970369175901
1,8679,57.15669388370223
1,8680,242.5332636289786
1,8681,331.37032773788656
1,8682,255.37407074965256
1,8683,51.71271841975687
1,8684,210.54073050217636
1,8685,250.884626985187
1,8686,226.61523540960337
1,8687,226.56639761708132
1,8688,232.74676088825504
1,8689,44.99245382163062
1,8690,137.83112675689244
1,8691,246.8634219535562
1,8692,50.9871412915907
1,8693,242.53040361129848
1,8694,53.22042096325174
1,8695,248.49343311907575
1,8696,82.39597578361763
1,8697,255.22762873401987
1,8698,135.36802892730165
1,8699,132.86300051952782
1,8700,279.74052665619894
1,8701,13.96193185015874
1,8702,125.11422002549405
1,8703,50.55067454682723
1,8704,255.5134917084439
1,8705,40.516288803652174
1,8706,215.15461860009682
1,8707,53.12825355232534
1,8708,240.0013399473694
1,8709,249.22014301629846
1,8710,52.06232355737628
1,8711,159.73099272522046
1,8712,273.3039189583609
1,8713,259.17646504706
1,8714,85.95255660438994
1,8715,254.03818392469014
1,8716,53.122161940622405
1,8717,252.31984583889164
1,8718,251.34240627727291
1,8719,57.257973845386616
1,8720,243.34860749533487
1,8721,50.36116367041885
1,8722,100.16973208408027
1,8723,254.41079284813688
1,8724,53.56656260135674
1,8725,41.651430375409994
1,8726,303.8240315291497
1,8727,56.014879205786
1,8728,237.9074411173082
1,8729,100.91354026656481
1,8730,53.82462748495825
1,8731,285.84125175990823
1,8732,309.4952170952406
1,8733,237.71441032864863
1,8734,215.49990342829756
1,8735,239.97064008155053
1,8736,253.50588880857325
1,8737,52.877192138892475
1,8738,248.27197340819717
1,8739,404.95005897950426
1,8740,53.584512372312474
1,8741,253.2834926957709
1,8742,243.23009788200113
1,8743,249.43085501541134
1,8744,159.27408481419457
1,8745,270.36272576913507
1,8746,253.34804545776728
1,8747,239.29442131429224
1,8748,248.83849175257774
1,8749,99.56243783272126
1,8750,226.6959783129457
1,8751,40.51883239745413
1,8752,238.1613258256246
1,8753,53.69586677301095
1,8754,158.88688075078534
1,8755,270.2246435436594
1,8756,148.24940842737976
1,8757,242.79880438313583
1,8758,13.537548461200723
1,8759,125.32517168651503
1,8760,54.07474924012823
1,8761,254.95100386430772
1,8762,42.976291646783906
1,8763,216.99996101192573
1,8764,54.18277780797773
1,8765,242.80415811156456
1,8766,249.9491012455909
1,8767,52.9885983257455
1,8768,157.24617599637537
1,8769,265.5816647252205
1,8770,252.02856163005526
1,8771,82.24342599164925
1,8772,249.57580273961588
1,8773,52.08160681929667
1,8774,244.02964057652122
1,8775,246.27936558514523
1,8776,52.130123561823126
1,8777,109.20255020369386
1,8778,223.7179551535744
1,8779,40.30593386103128
1,8780,237.5070901478614
1,8781,51.7929567481312
1,8782,253.52836457389319
1,8783,248.84521048385324
1,8784,45.25605443573874
1,8785,242.74596484863062
1,8786,244.17269318328607
1,8787,54.008631761193755
1,8788,241.78301208491018
1,8789,51.331303765998896
1,8790,98.16960485132752
1,8791,253.3397633410238
1,8792,53.13725715170018
1,8793,41.13136811387936
1,8794,302.95260832976135
1,8795,53.12816195974462
1,8796,241.8885599148535
1,8797,100.02911070705264
1,8798,53.44042656065983
1,8799,292.0945764207082
1,8800,409.47992810150174
1,8801,53.448048437723656
1,8802,253.39458099045237
1,8803,249.68795105887438
1,8804,46.10564889072408
1,8805,244.58336840386215
1,8806,246.80743528578063
1,8807,303.0926461082213
1,8808,242.98129577029263
1,8809,215.88350020099028
1,8810,237.4685998600989
1,8811,251.2346452383345
1,8812,53.92111831064322
1,8813,244.75470143892153
1,8814,52.8303411675077
1,8815,41.82531902813842
1,8816,246.02980402651366
1,8817,54.67941526374225
1,8818,158.61668157359594
1,8819,269.0231069378018
1,8820,209.69543596939286
1,8821,161.99105148882012
1,8822,99.18359835052703
1,8823,119.23962023008534
1,8824,270.18196223068617
1,8825,150.8242538022044
1,8826,148.41065802397452
1,8827,246.2358240220194
1,8828,53.77236051636846
1,8829,81.2797030969162
1,8830,231.86767018388576
1,8831,249.5009106803588
1,8832,241.76815032893626
1,8833,58.690694135285284
1,8834,247.4481663059555
1,8835,97.04901516320697
1,8836,249.01937321266936
1,8837,257.9836417928677
1,8838,255.06965157703866
1,8839,155.40860480852336
1,8840,237.90472622247512
1,8841,52.66962692265234
1,8842,264.7001450310285
1,8843,253.30201388690676
1,8844,33.355554846165134
1,8845,232.4319099311691
1,8846,52.21751470737291
1,8847,138.2229581350449
1,8848,469.038782043499
1,8849,253.09622526472356
1,8850,237.5032327252266
1,8851,52.21967593184844
1,8852,241.5178961697634
1,8853,168.58558409888747
1,8854,33.68118221858434
1,8855,244.80427094254526
1,8856,255.01229958635298
1,8857,53.76025797414282
1,8858,493.5246812584821
1,8859,46.22521679770968
1,8860,255.08291439832652
1,8861,34.9910815445114
1,8862,242.74278724579648
1,8863,252.87720146687337
1,8864,221.13049200149095
1,8865,246.71016707703563
1,8866,139.590310616453
1,8867,190.7801476405968
1,8868,54.9710806898761
1,8869,249.55448102089824
1,8870,54.979102490184246
1,8871,208.36328481627027
1,8872,55.82383594712705
1,8873,254.48937524108425
1,8874,247.44794807510667
1,8875,55.29629725360954
1,8876,251.9078014022256
1,8877,257.29900093300756
1,8878,34.62597084542762
1,8879,250.07015031213479
1,8880,46.80414559828195
1,8881,57.87181975534785
1,8882,495.219082597113
1,8883,57.97198434585553
1,8884,34.65005928415276
1,8885,241.54420542974668
1,8886,240.2000843517692
1,8887,55.75896554520695
1,8888,289.13727479657575
1,8889,252.33463256423641
1,8890,241.0861630510859
1,8891,242.3794338635015
1,8892,58.98681475532416
1,8893,248.85272838229983
1,8894,66.65042833317922
1,8895,250.05547588401066
1,8896,456.88482011522
1,8897,238.76833877490822
1,8898,52.75951908187318
1,8899,245.65319978028168
1,8900,138.7975446058259
1,8901,61.06491771937314
1,8902,179.72832636329883
1,8903,247.48202604551983
1,8904,54.3160502157648
1,8905,245.72088550899718
1,8906,250.76783926286637
1,8907,45.30142095587998
1,8908,138.42413201446152
1,8909,186.6160269670563
1,8910,267.28057068379655
1,8911,52.3836275980594
1,8912,205.6058746230037
1,8913,247.49749730153047
1,8914,46.39633263683118
1,8915,63.072790822219794
1,8916,247.84425326504322
1,8917,259.0489531301837
1,8918,27.41945950498001
1,8919,80.76040553143935
1,8920,139.7230886761286
1,8921,191.28691328426714
1,8922,54.850371630503304
1,8923,143.9279597334882
1,8924,195.83716969464746
1,8925,57.38556630665735
1,8926,43.567713044156676
1,8927,244.60680829468873
1,8928,262.30446177630995
1,8929,248.44185554732084
1,8930,260.5331381363823
1,8931,86.97830892694682
1,8932,244.2669051343766
1,8933,262.19192501667925
1,8934,60.907970647760465
1,8935,250.17818674367746
1,8936,56.23613538639789
1,8937,217.0787463690591
1,8938,256.23004802119084
1,8939,149.48401902247025
1,8940,260.16047445693994
1,8941,92.90272870381429
1,8942,261.8114212027502
1,8943,250.76781326079578
1,8944,47.5937325416406
1,8945,197.5214411780005
1,8946,249.80473628394216
1,8947,59.2186095302216
1,8948,251.02305192166276
1,8949,56.30799832698817
1,8950,243.9076397784856
1,8951,251.10213596164255
1,8952,249.6888841574296
1,8953,267.6950025728016
1,8954,56.57775084226512
1,8955,252.8430625340318
1,8956,180.49835759041878
1,8957,255.86507850911678
1,8958,247.93596223041405
1,8959,147.8412453083001
1,8960,250.27683836791442
1,8961,55.0205285868024
1,8962,241.82289014411555
1,8963,56.79375324935086
1,8964,256.2778162028493
1,8965,251.36625518194484
1,8966,55.0279971636086
1,8967,252.58020195389656
1,8968,43.492673413311365
1,8969,242.73054376401325
1,8970,54.802094163061355
1,8971,252.8450914103567
1,8972,253.50418425331048
1,8973,43.48205722482548
1,8974,239.3043807571613
1,8975,249.442710116365
1,8976,335.9063251526161
1,8977,56.91300602602681
1,8978,243.6636145192534
1,8979,53.99757575019042
1,8980,268.8703270254282
1,8981,53.05853373965871
1,8982,240.60682190060476
1,8983,267.7679041861535
1,8984,56.93672232912684
1,8985,249.19718349364007
1,8986,338.0413546602124
1,8987,254.8157393431749
1,8988,54.04089392856547
1,8989,259.18346702426174
1,8990,248.36825628239694
1,8991,77.27306103147465
1,8992,145.34496295484118
1,8993,255.84389565837606
1,8994,267.4963140762352
1,8995,18.16901424706316
1,8996,248.99291184794572
1,8997,234.38572117948348
1,8998,238.4300285252217
1,8999,92.59526731573271
1,9000,231.65997662469303
1,9001,216.46741981995996
1,9002,208.93343586188792
1,9003,224.33896057994178
1,9004,368.64517912459445
1,9005,222.4863740960618
1,9006,233.1688273589962
1,9007,46.00565551207697
1,9008,224.8202318410569
1,9009,96.4537447110778
1,9010,48.8715442246071
1,9011,238.56502484012353
1,9012,130.48005889678404
1,9013,244.20387454893745
1,9014,229.4919689036404
1,9015,233.03834019768573
1,9016,246.36705858326647
1,9017,92.11079531448186
1,9018,246.50929404846758
1,9019,52.07906711940815
1,9020,205.17702204994134
1,9021,43.14774521824194
1,9022,50.66696229333964
1,9023,226.0607891075574
1,9024,275.9833947181751
1,9025,51.9395638771545
1,9026,245.88722893877213
1,9027,93.12867382980278
1,9028,251.765618444761
1,9029,248.17404820618162
1,9030,233.45216417056116
1,9031,144.33544049393572
1,9032,78.91258915109746
1,9033,234.58170236060255
1,9034,236.1004415106339
1,9035,254.60304032110736
1,9036,49.03933131437843
1,9037,362.0912836311844
1,9038,233.11251253064484
1,9039,242.68577269866893
1,9040,231.1069463019469
1,9041,250.79770327998068
1,9042,297.9997578779477
1,9043,223.20649848508484
1,9044,141.47835198053036
1,9045,220.2782951520406
1,9046,226.526186160183
1,9047,43.3398957482988
1,9048,180.58711744862245
1,9049,221.72686233797384
1,9050,228.63275211307212
1,9051,236.1409219326339
1,9052,178.33633524527175
1,9053,88.08664018216913
1,9054,215.06352861496737
1,9055,47.90447718260681
1,9056,78.2591345364568
1,9057,245.31799095043155
1,9058,50.34537896579907
1,9059,272.33895151390914
1,9060,231.5879586699606
1,9061,28.587450602863285
1,9062,126.17732275213669
1,9063,252.54985189320186
1,9064,57.721235885179155
1,9065,161.24062727006748
1,9066,68.73930128724598
1,9067,207.76596866931703
1,9068,52.93813866334918
1,9069,239.71836763439177
1,9070,236.07433195669182
1,9071,51.32527363129152
1,9072,272.4152420562465
1,9073,234.83144054981545
1,9074,44.361552225084324
1,9075,32.037752746003655
1,9076,203.97365260090533
1,9077,161.12175432444235
1,9078,239.48640694162606
1,9079,228.74317585581838
1,9080,253.95182306100918
1,9081,224.09764208025666
1,9082,169.55632593871752
1,9083,32.66608939813316
1,9084,198.00150847596407
1,9085,227.41763303866566
1,9086,241.59825956020865
1,9087,230.57293587210356
1,9088,236.07638990265266
1,9089,224.70294205303168
1,9090,53.09895685572167
1,9091,129.21580936568557
1,9092,44.82388766769586
1,9093,94.10895343666932
1,9094,248.65500309435035
1,9095,346.16469327456304
1,9096,218.1767835613306
1,9097,56.47686329694196
1,9098,138.63579986387845
1,9099,41.35750077903261
1,9100,249.9229247065117
1,9101,54.15556560887535
1,9102,162.42451675212027
1,9103,229.90952318000996
1,9104,244.82924141156468
1,9105,233.3564561677947
1,9106,424.70681852733196
1,9107,326.7785397520518
1,9108,55.52723244822907
1,9109,33.31052326986358
1,9110,245.3814995662276
1,9111,58.506124672679576
1,9112,59.57825307001787
1,9113,240.26701021281053
1,9114,49.42404970227987
1,9115,504.179708793358
1,9116,49.42404970227987
1,9117,237.01108988536623
1,9118,233.6437759882017
1,9119,270.84932382847273
1,9120,118.95423522024379
1,9121,242.68957897663273
1,9122,10.971078870326412
1,9123,226.34209089434478
1,9124,117.82554822497939
1,9125,214.67537330625677
1,9126,182.6294950359994
1,9127,94.98055143327481
1,9128,245.17958044082854
1,9129,46.32242261891651
1,9130,125.97470482055229
1,9131,230.4464245337041
1,9132,119.2480366696101
1,9133,249.10969240275344
1,9134,51.68008329936651
1,9135,278.3611983425095
1,9136,240.706382121633
1,9137,217.83531305446553
1,9138,191.8298834678656
1,9139,240.13504513227065
1,9140,225.03736071747272
1,9141,97.91912369183422
1,9142,235.10887129647233
1,9143,224.27480352524833
1,9144,52.92067005827936
1,9145,253.23788767652002
1,9146,44.88177490176952
1,9147,242.26995489813206
1,9148,231.66164161594253
1,9149,139.0130788670232
1,9150,243.7487656751025
1,9151,139.5177195640489
1,9152,248.86183400706733
1,9153,359.1686343958414
1,9154,243.17544537797357
1,9155,250.60202683987075
1,9156,51.60214491714416
1,9157,115.93479630108493
1,9158,238.40091411229912
1,9159,242.98262589465594
1,9160,94.32156989196494
1,9161,244.0867703079802
1,9162,127.59374718041528
1,9163,250.0758306648156
1,9164,236.2630899619466
1,9165,256.7881925686231
1,9166,88.98372241437643
1,9167,46.08750130853937
1,9168,344.0135413221522
1,9169,238.3768713356138
1,9170,48.14945550541419
1,9171,242.75590687799524
1,9172,95.69935042456547
1,9173,243.6013512107259
1,9174,334.49011843845835
1,9175,54.54151481953133
1,9176,257.36902201932907
1,9177,212.56664797692886
1,9178,245.6351863550965
1,9179,46.477056694867386
1,9180,255.3434578570135
1,9181,42.363029653011395
1,9182,252.64814824076205
1,9183,56.155664557586576
1,9184,247.9419408590203
1,9185,232.38584838761057
1,9186,156.53714147160395
1,9187,255.5077464773721
1,9188,249.138062324977
1,9189,46.241587059785786
1,9190,240.642163813006
1,9191,163.78610412212385
1,9192,244.31788224807573
1,9193,238.3282270700659
1,9194,143.27100819161709
1,9195,184.5498600013456
1,9196,119.78686832888053
1,9197,240.9841382148112
1,9198,244.8390274763468
1,9199,58.054872978379876
1,9200,295.0113154115062
1,9201,52.0830589548484
1,9202,95.58977072176508
1,9203,244.3101413250628
1,9204,128.19796798445162
1,9205,126.99553526494458
1,9206,119.70444801096778
1,9207,182.2884699439859
1,9208,242.04896044014112
1,9209,33.13177180642174
1,9210,238.85643634742235
1,9211,95.01954522463141
1,9212,244.51561560498158
1,9213,47.59923468373668
1,9214,78.62614219960795
1,9215,154.1774308758402
1,9216,47.454772969970136
1,9217,134.85142778385156
1,9218,57.306959088731745
1,9219,96.0782099757259
1,9220,233.35074727820967
1,9221,41.13941422975168
1,9222,239.30300425344126
1,9223,257.85088306924206
1,9224,139.1713883582088
1,9225,55.74215999614158
1,9226,238.99722885663783
1,9227,243.81833003517795
1,9228,56.5083477833503
1,9229,347.6765269815848
1,9230,33.05652322093805
1,9231,231.04552479394775
1,9232,52.611040415544174
1,9233,136.57961382628744
1,9234,249.00070955436684
1,9235,247.6060383525133
1,9236,55.65674434440055
1,9237,222.17274950800777
1,9238,113.07963800634727
1,9239,239.6310581534803
1,9240,53.69982496971622
1,9241,242.72676167719726
1,9242,56.22789499528116
1,9243,239.99009239411703
1,9244,48.20586057302363
1,9245,257.54589106914386
1,9246,234.00391280096375
1,9247,248.66570049820012
1,9248,229.39744024082205
1,9249,57.00892529541889
1,9250,245.79539613927392
1,9251,243.52392971645617
1,9252,243.10451520431644
1,9253,248.19835990451278
1,9254,153.46088361885703
1,9255,422.50717196067694
1,9256,49.94239797052971
1,9257,470.8812812622841
1,9258,57.88718361264841
1,9259,239.96582949938917
1,9260,40.81710119309123
1,9261,246.15439616347572
1,9262,45.029207903578225
1,9263,93.97885970135313
1,9264,241.8336613743669
1,9265,56.67316910516523
1,9266,54.35330873200564
1,9267,96.31517695863499
1,9268,170.0357047635766
1,9269,51.708467442241044
1,9270,128.79773357382822
1,9271,46.08320920380513
1,9272,246.07809339056791
1,9273,104.81938350686818
1,9274,96.52289392777668
1,9275,243.96712855694528
1,9276,127.91678989104645
1,9277,54.406479713463206
1,9278,250.85231117442365
1,9279,234.6807734025966
1,9280,63.85853713618993
1,9281,130.7219512479238
1,9282,47.81126370453069
1,9283,237.21108890315764
1,9284,250.01907146734146
1,9285,140.55921785069899
1,9286,246.2244220718802
1,9287,52.55127293901113
1,9288,96.79846334903618
1,9289,246.8954684778295
1,9290,245.22939797335238
1,9291,75.15885843346013
1,9292,243.5663383130689
1,9293,58.01914918611922
1,9294,244.5550270552493
1,9295,55.60425416782839
1,9296,247.56822178839008
1,9297,257.8715526162755
1,9298,57.11440343084921
1,9299,385.83013244035556
1,9300,57.115016109484934
1,9301,253.7559242415354
1,9302,240.2696003237134
1,9303,244.29889598528882
1,9304,58.51369117402039
1,9305,242.4307856356333
1,9306,143.601215082456
1,9307,52.36054096909788
1,9308,382.0520670274459
1,9309,50.721049945288556
1,9310,247.36916983436112
1,9311,51.417417569263876
1,9312,237.4274766217685
1,9313,127.74631845102368
1,9314,8.526295485310785
1,9315,350.32815823266964
1,9316,232.2150248159532
1,9317,242.09410393032516
1,9318,49.33547846987328
1,9319,72.27884833256967
1,9320,239.0118422029969
1,9321,300.9979530242829
1,9322,86.2879144195313
1,9323,243.09633281515465
1,9324,141.50624424445232
1,9325,127.3876884079956
1,9326,258.2980086990239
1,9327,98.16112272656504
1,9328,48.825905788151005
1,9329,243.50579492543284
1,9330,202.5632522355706
1,9331,249.23139520984228
1,9332,45.03910168791454
1,9333,238.42864651055646
1,9334,183.9982599938465
1,9335,248.7319397251412
1,9336,54.43404817399648
1,9337,307.9823233228401
1,9338,262.7117403101167
1,9339,229.81383244009476
1,9340,337.6365517093474
1,9341,244.25352853812538
1,9342,59.3086982219709
1,9343,137.60564665854423
1,9344,72.0700848267084
1,9345,209.83165124685564
1,9346,138.94237353018116
1,9347,236.65699072142405
1,9348,52.44004932458374
1,9349,275.0920114057378
1,9350,94.10667753618489
1,9351,234.4024779488259
1,9352,50.04389479949903
1,9353,238.83848808513594
1,9354,236.09831313531936
1,9355,51.91873260674733
1,9356,333.25916167188836
1,9357,212.23688840615404
1,9358,240.28716818918164
1,9359,351.7026637240634
1,9360,41.059121249778556
1,9361,327.1312272939463
1,9362,387.14825782966585
1,9363,239.46618815274297
1,9364,250.98212145774573
1,9365,138.52383604084042
1,9366,243.94009726747538
1,9367,52.10018921665487
1,9368,244.88442550188103
1,9369,277.90388618777985
1,9370,124.98027400274819
1,9371,51.95159148246077
1,9372,244.1103039242932
1,9373,284.24213006433445
1,9374,300.96342337098605
1,9375,243.8568738329985
1,9376,28.39917160430698
1,9377,319.9133455653496
1,9378,249.15905668513312
1,9379,42.119938887322036
1,9380,328.65785405005136
1,9381,377.38619543381947
1,9382,160.02520796291986
1,9383,212.10063192625796
1,9384,361.71075094840774
1,9385,257.37822028738026
1,9386,126.3278307178173
1,9387,42.35611093085604
1,9388,236.34681340533808
1,9389,56.11534590143846
1,9390,243.7480241569349
1,9391,46.17543363310429
1,9392,233.8630700987971
1,9393,46.19784453386625
1,9394,54.50275907772196
1,9395,246.38882789505055
1,9396,241.49947129003056
1,9397,51.709574708634605
1,9398,198.39525234498018
1,9399,52.03962135085678
1,9400,289.29496419566976
1,9401,98.14993509344151
1,9402,134.69254087152075
1,9403,143.55497131661727
1,9404,238.09236676935296
1,9405,235.89010360070347
1,9406,88.8145094045894
1,9407,49.244132394360356
1,9408,95.1848139320978
1,9409,235.6383553549664
1,9410,54.09867919392796
1,9411,233.88059505012998
1,9412,218.02517066689109
1,9413,243.83383269632054
1,9414,82.03254839359573
1,9415,245.14946114330445
1,9416,206.02068152193578
1,9417,228.064292017009
1,9418,99.89076467663608
1,9419,56.44973206110878
1,9420,229.228982791776
1,9421,149.39072337610997
1,9422,243.4050793612451
1,9423,237.86964048616
1,9424,159.48833417339415
