subtaskID,datapointID,answer
1,0,313.16524598550427
1,1,71.76607902157437
1,2,289.0851191099972
1,3,24.221529054134542
1,4,440.8868490318493
1,5,50.52442789541565
1,6,420.4761555704147
1,7,275.18957955766837
1,8,262.7377661307701
1,9,289.8410418251317
1,10,253.562287396279
1,11,51.20464350107616
1,12,297.1906182531129
1,13,278.6013598449133
1,14,75.7057699746375
1,15,279.50747762235676
1,16,173.42920894647915
1,17,167.05844320388377
1,18,290.12984888152005
1,19,434.3078541902554
1,20,83.36190388009189
1,21,170.61451362508424
1,22,327.67775259069117
1,23,299.4193523514533
1,24,298.82502337833586
1,25,60.06999193161724
1,26,304.5289116822235
1,27,192.9938166234581
1,28,85.17234607182088
1,29,66.44435179849626
1,30,281.6213034254148
1,31,76.22864311474403
1,32,306.8157350934143
1,33,303.5852446938678
1,34,51.32014925559457
1,35,294.5183044531158
1,36,76.59992423538671
1,37,495.7815877092188
1,38,122.3478540338701
1,39,280.12180543850707
1,40,76.31632201164327
1,41,278.7938171972287
1,42,180.53556290077512
1,43,264.8641839208717
1,44,297.60962842204174
1,45,68.97917707122437
1,46,302.9901719794369
1,47,287.63482563079026
1,48,123.49292656036657
1,49,304.4167694525139
1,50,160.64710470418206
1,51,287.80637724005874
1,52,280.6041831212722
1,53,77.8610279477145
1,54,292.1073740452739
1,55,290.99424824696246
1,56,241.7121680215267
1,57,286.0842111848109
1,58,123.22701383720931
1,59,277.70050359711223
1,60,83.70127312778251
1,61,230.9455523428864
1,62,77.33407762676899
1,63,294.9553266205689
1,64,303.70295454858393
1,65,300.6878110105017
1,66,59.87441460089503
1,67,306.74227735155034
1,68,196.7368008148738
1,69,290.3825584683109
1,70,76.70711401976843
1,71,531.5373770727276
1,72,70.11401662573857
1,73,355.6021718691868
1,74,290.40850723070787
1,75,386.83823149884984
1,76,309.0778364941268
1,77,120.78571156600285
1,78,66.01203847742619
1,79,289.0287691255053
1,80,83.23910873936161
1,81,282.19150217317997
1,82,211.40068215509115
1,83,282.2291692378831
1,84,77.09730102740504
1,85,291.87760330352705
1,86,165.31473620829692
1,87,171.47513578242166
1,88,289.78653404786473
1,89,282.23355446169364
1,90,608.4369622028223
1,91,59.58903716538443
1,92,196.92873096026668
1,93,289.53348681133815
1,94,304.0581999802776
1,95,296.6751098535898
1,96,293.8807171656464
1,97,281.2136860268921
1,98,292.62402053389536
1,99,59.07344879357081
1,100,294.7831893090001
1,101,75.69787731535088
1,102,278.6100751993955
1,103,210.02228409587846
1,104,290.65006826027
1,105,112.9396031811127
1,106,300.27482964672566
1,107,269.04827642656085
1,108,59.658781076431076
1,109,307.87477813220124
1,110,283.59334463253083
1,111,83.53817051618647
1,112,273.70036536945895
1,113,75.35202684594884
1,114,170.84355359419266
1,115,275.820734763465
1,116,291.0160309693377
1,117,279.22955751354164
1,118,208.83462286948847
1,119,76.42594369276037
1,120,147.65947363112912
1,121,76.4582001515616
1,122,283.58296442439894
1,123,322.228823267793
1,124,274.5424354254207
1,125,198.82177301218985
1,126,275.1946738228396
1,127,74.1934751948752
1,128,281.9419731884823
1,129,172.0579310587745
1,130,276.1255123192869
1,131,76.73075977995062
1,132,261.62247780574774
1,133,83.80803298028778
1,134,291.1744445997297
1,135,58.01676797385244
1,136,348.1654118859077
1,137,279.0837029073861
1,138,272.92227831277523
1,139,275.94796988777705
1,140,277.56011823802885
1,141,289.1371167191101
1,142,122.74458650926496
1,143,279.7830939397648
1,144,268.5981085505958
1,145,286.22223122423344
1,146,78.37934330893306
1,147,272.5317967983387
1,148,53.30761794667381
1,149,278.6637628129098
1,150,276.8904512973242
1,151,61.59076286493116
1,152,306.04766128489973
1,153,276.59107143130757
1,154,214.30737633560835
1,155,275.21526763528414
1,156,280.15632041998737
1,157,275.50507433932563
1,158,288.2005724893729
1,159,203.62024248595512
1,160,205.47963483307893
1,161,274.8237350508297
1,162,305.6016867400823
1,163,261.1707947259431
1,164,248.2195952622293
1,165,157.86045014101478
1,166,216.66312011519344
1,167,59.11424129838556
1,168,279.9439851913467
1,169,269.0730324844634
1,170,284.55959834045825
1,171,273.8139077872104
1,172,265.23444887560095
1,173,75.72082775471675
1,174,266.7007424946186
1,175,128.3446728166931
1,176,275.6209505315063
1,177,75.42433388025698
1,178,274.517660307245
1,179,113.38389475388338
1,180,269.35091296788505
1,181,290.64499550834466
1,182,89.20076157334434
1,183,280.5431600913991
1,184,296.1684633032686
1,185,290.0114926794264
1,186,293.5959669455435
1,187,279.61178439901056
1,188,88.73236579104287
1,189,344.32619555052395
1,190,85.21911508827787
1,191,310.71779090788345
1,192,275.2347987337007
1,193,76.38780067916429
1,194,217.41131550916884
1,195,279.954644559029
1,196,85.33327777762713
1,197,276.9780573704109
1,198,76.64010177082072
1,199,280.83535293756006
1,200,76.6803067414913
1,201,268.92287323474363
1,202,117.88752211229085
1,203,496.7175195927755
1,204,89.11470374381088
1,205,231.13107025288159
1,206,278.02331473893923
1,207,274.4036220945948
1,208,84.00420970088182
1,209,66.79608368620953
1,210,341.3931533360252
1,211,78.18840492963687
1,212,301.978670440041
1,213,78.85201591579275
1,214,149.61971686166706
1,215,315.8825607092939
1,216,90.92852201736815
1,217,452.8558470925552
1,218,86.18495637720682
1,219,281.5985528334459
1,220,181.8778853204766
1,221,286.5852837676953
1,222,269.65024487403895
1,223,286.1358574762844
1,224,157.9693805451923
1,225,230.35714516796222
1,226,275.297504673761
1,227,77.4046737822307
1,228,286.59957860150496
1,229,273.7831375174188
1,230,280.2567921663758
1,231,181.50563179622281
1,232,118.98776353833208
1,233,285.9416730254437
1,234,274.3364193216713
1,235,52.092707960973314
1,236,241.02895986863834
1,237,279.8253971695617
1,238,282.2108118186445
1,239,189.73851714736338
1,240,60.82928983069175
1,241,290.7079619483345
1,242,181.85479899522107
1,243,283.2330383825948
1,244,274.08450125500514
1,245,299.88810854322435
1,246,263.0849266509073
1,247,276.4162780233994
1,248,160.68425397508116
1,249,217.49832110962367
1,250,77.12908793749506
1,251,292.2663707734815
1,252,77.14173760991912
1,253,276.0974040666306
1,254,61.45847062504268
1,255,77.1396977864508
1,256,289.1745645235385
1,257,343.564921301443
1,258,209.5802839670106
1,259,281.6242702386452
1,260,192.29134493699542
1,261,281.79115495256957
1,262,71.69717125114701
1,263,282.4338434881092
1,264,123.47915596503276
1,265,302.8984894279439
1,266,280.5459571534232
1,267,324.0974560403248
1,268,216.0323294476253
1,269,303.38490754153463
1,270,299.5285125707567
1,271,318.64491111166984
1,272,274.27552818987436
1,273,499.1939995186416
1,274,279.6364343049137
1,275,244.3898565998798
1,276,75.78046287688065
1,277,278.6398099611388
1,278,75.84222994788858
1,279,266.9149017591851
1,280,287.6897848107608
1,281,281.52604384490644
1,282,60.01189679659806
1,283,274.19140138133207
1,284,279.90510135677147
1,285,279.62090620887534
1,286,387.3075357792199
1,287,279.65978987699714
1,288,136.10816395522426
1,289,115.94986507469616
1,290,88.88077576301296
1,291,280.58301162858334
1,292,280.6170255677247
1,293,277.8231555243141
1,294,288.8888850468593
1,295,378.23277756870925
1,296,275.8401855599625
1,297,321.09099227610534
1,298,293.3175723722171
1,299,60.73010776401133
1,300,310.58968743388505
1,301,269.9786175954266
1,302,267.6655513916445
1,303,270.0343594000018
1,304,267.6750577944121
1,305,76.8103411165458
1,306,262.9004964591501
1,307,280.64484754755324
1,308,119.1241409538316
1,309,265.2820699088651
1,310,267.81127431370203
1,311,267.5191293896903
1,312,267.55713217043893
1,313,275.9151778202284
1,314,119.53865625622232
1,315,273.58075212225333
1,316,280.19477703407284
1,317,277.0661350028854
1,318,126.09191203205428
1,319,291.61986215667844
1,320,297.624785062374
1,321,292.87354498805666
1,322,278.6627902783166
1,323,64.01940149836157
1,324,268.0794784571152
1,325,86.90734183785713
1,326,273.4910247269467
1,327,279.56154040274635
1,328,270.791927977492
1,329,61.5870458408131
1,330,51.81688959046169
1,331,277.82820937873623
1,332,77.66807205575455
1,333,278.54661500522263
1,334,302.60207145451983
1,335,310.2968458567726
1,336,201.25529226427184
1,337,292.06183046857626
1,338,189.69908685860355
1,339,274.4246306663574
1,340,59.82105662628839
1,341,199.9220930470575
1,342,290.78000646905855
1,343,158.49575223756756
1,344,237.37037081184434
1,345,279.4326582050806
1,346,185.43429807633504
1,347,71.69378149606021
1,348,282.4192728949689
1,349,287.3752349021447
1,350,298.1968057566236
1,351,206.31182770911698
1,352,292.3222382488192
1,353,160.48291437804224
1,354,238.62832917919326
1,355,280.98956186914273
1,356,84.36537072124335
1,357,287.50412042111634
1,358,76.84410916853832
1,359,282.7693557633772
1,360,77.15378052390778
1,361,161.26392758033836
1,362,320.31469445783216
1,363,279.89682810791896
1,364,226.80932179069725
1,365,283.81774131402585
1,366,283.7378929715512
1,367,136.61093517721713
1,368,279.38539388802263
1,369,277.0054928454274
1,370,94.41881050368386
1,371,353.3115597842515
1,372,320.6765413024143
1,373,279.56866661574094
1,374,268.3185370915893
1,375,267.9725755252613
1,376,77.22875140714507
1,377,280.72347982399947
1,378,78.30146429393113
1,379,324.8049021133636
1,380,76.2133894652875
1,381,283.3241224741664
1,382,295.3273981280295
1,383,278.62834562238396
1,384,80.18895385623169
1,385,287.8332692042261
1,386,323.5219725224187
1,387,299.44791366037055
1,388,285.1803964173518
1,389,283.10467391503
1,390,52.15255558019915
1,391,286.7417407446925
1,392,288.11292847953644
1,393,277.8720233000829
1,394,301.700002426312
1,395,302.29207749037226
1,396,74.57331162214916
1,397,84.71599632481114
1,398,294.68870561670053
1,399,290.815705759331
1,400,278.1577862478615
1,401,279.15223714865203
1,402,280.49968974464326
1,403,288.69818455232917
1,404,280.91705093079827
1,405,306.23472720354897
1,406,283.19645120806035
1,407,312.12810481875846
1,408,297.55117435523016
1,409,286.4514369387626
1,410,321.96697143560147
1,411,286.03144646154925
1,412,60.5484165964448
1,413,286.7687339724958
1,414,286.1111281412782
1,415,279.16099602190104
1,416,297.5985133268755
1,417,260.0153346346672
1,418,281.44522355561566
1,419,281.97108540268346
1,420,52.88447046804548
1,421,171.58651036193888
1,422,280.19688463076665
1,423,296.39459881515955
1,424,298.643133973389
1,425,286.9810028743351
1,426,279.35497018073573
1,427,284.0314949621231
1,428,77.9153535590764
1,429,86.60202490537404
1,430,297.07804181480617
1,431,302.18778833346187
1,432,281.3204665296446
1,433,274.5981010331393
1,434,61.56581632565997
1,435,277.22037764621103
1,436,78.32107062740211
1,437,184.3466399816652
1,438,321.32437097127746
1,439,289.6945956513252
1,440,288.17145956416437
1,441,50.41698634461179
1,442,306.4743447793163
1,443,74.18100937385977
1,444,335.1274580036727
1,445,293.40986944602605
1,446,76.81658981002288
1,447,85.659436543478
1,448,304.7543693243955
1,449,288.20514897320123
1,450,86.04156078816793
1,451,289.4036909841546
1,452,280.4043983302076
1,453,282.8665033156011
1,454,60.500819430321464
1,455,289.6569797083943
1,456,85.81272590396364
1,457,280.075551734995
1,458,169.66911296807677
1,459,293.62891396966313
1,460,287.28329393226545
1,461,295.4082236162557
1,462,291.29485662651837
1,463,518.9607784068945
1,464,293.0397436715166
1,465,303.4548126770066
1,466,289.8207276135213
1,467,288.2615640414791
1,468,61.36603551162796
1,469,296.35197133254235
1,470,86.47357635436327
1,471,286.26016070276467
1,472,285.97655149656885
1,473,44.15644433157955
1,474,281.9992751413449
1,475,72.28815626634334
1,476,276.21326461266926
1,477,179.13668899488135
1,478,291.40783970373303
1,479,78.10307223194768
1,480,286.6351139587145
1,481,78.08424837921375
1,482,279.93581123234037
1,483,61.60494567262545
1,484,78.35268528534189
1,485,284.25724605345385
1,486,214.1490616251471
1,487,284.1317090324099
1,488,369.99550492647427
1,489,290.13059900656685
1,490,309.46838640573696
1,491,299.44136427116143
1,492,287.92361898639007
1,493,76.85332288499274
1,494,289.21654861259196
1,495,77.46666209579817
1,496,86.54514938497947
1,497,295.1016312260969
1,498,122.39664662371241
1,499,290.6437565090971
1,500,285.3592432133616
1,501,84.96218742469728
1,502,292.28058505353744
1,503,288.7793367926064
1,504,67.17123695854562
1,505,295.8933730366061
1,506,77.0932864022114
1,507,286.1042114363942
1,508,281.2918948553061
1,509,298.386262561094
1,510,295.0934124513445
1,511,215.0056143476748
1,512,293.6747143213694
1,513,296.1890902676494
1,514,300.99332392363317
1,515,289.75176237248945
1,516,362.04047282669706
1,517,273.7523821702366
1,518,21.404266702231524
1,519,224.1110117745767
1,520,301.32844778243674
1,521,280.75988510779723
1,522,85.32176040197992
1,523,215.71179778177472
1,524,302.5782822469336
1,525,61.56997248415129
1,526,295.1825972871519
1,527,121.40820089940746
1,528,374.8243981798936
1,529,295.70267176821125
1,530,207.1829315875654
1,531,78.15288636989467
1,532,279.8941190347163
1,533,85.39310474964782
1,534,359.18820068678286
1,535,292.9161973185969
1,536,296.0975621852915
1,537,283.7992017372005
1,538,120.87400352782906
1,539,296.43763712478335
1,540,293.8515372549516
1,541,287.8502692905374
1,542,298.119167709002
1,543,121.87432854905539
1,544,386.83980864460545
1,545,286.0330755140413
1,546,288.9394835197247
1,547,293.1438360854411
1,548,67.08500376171037
1,549,286.832599196525
1,550,188.1760098911608
1,551,77.04670455110197
1,552,292.71615463097396
1,553,60.45729605905128
1,554,76.93161251967685
1,555,291.9164159047989
1,556,289.2454922296447
1,557,60.529353515022365
1,558,77.24561679059039
1,559,255.74416532115083
1,560,181.3296947988907
1,561,67.86152444129735
1,562,336.1499581267485
1,563,293.05212975382284
1,564,77.60157908658611
1,565,299.13201381133194
1,566,38.21489789618035
1,567,77.6256506907308
1,568,289.27497532287174
1,569,61.31256159129
1,570,291.32236940511075
1,571,292.0953564249245
1,572,206.84023863840997
1,573,295.9089826004879
1,574,77.77776298519579
1,575,287.3556502378593
1,576,288.38472543337474
1,577,279.21439895228775
1,578,258.7918275382016
1,579,280.8408404316583
1,580,297.89510155209894
1,581,181.26241348743324
1,582,295.73812302012095
1,583,78.1899825397066
1,584,301.9222042864191
1,585,63.82344618048509
1,586,79.31988651779852
1,587,300.5178848138572
1,588,299.0063038248923
1,589,182.5316109919051
1,590,328.19499859002735
1,591,274.1592763614186
1,592,298.821156117369
1,593,78.4111332818324
1,594,282.2852109239293
1,595,121.79302257908758
1,596,366.74539804286246
1,597,296.0615691629066
1,598,181.4874488920007
1,599,287.60448728704256
1,600,356.8860204001455
1,601,267.9288979100377
1,602,289.6525887345232
1,603,213.34041335930408
1,604,308.66475423639906
1,605,291.41584795728625
1,606,307.41687231218856
1,607,643.6974278859495
1,608,295.2437210258827
1,609,77.86460701540682
1,610,297.67455840162535
1,611,299.5339181797214
1,612,290.7018023893488
1,613,292.99699159479803
1,614,90.38267834808761
1,615,297.6735535689555
1,616,299.17642232997065
1,617,292.9187994897115
1,618,291.6551690043692
1,619,310.26191815125804
1,620,215.83221061778832
1,621,288.35610310648474
1,622,301.1700419595438
1,623,289.611517071413
1,624,281.8270216487073
1,625,303.8642816793583
1,626,319.5987179365558
1,627,316.8748888124941
1,628,57.680943767564486
1,629,306.4883752346572
1,630,268.6824649103148
1,631,246.3076957527885
1,632,274.55096862135684
1,633,76.67753447186313
1,634,52.43693047489797
1,635,117.3356125259078
1,636,163.06224131803094
1,637,267.9585876615188
1,638,270.3042158506862
1,639,76.69683176723106
1,640,277.4786896086965
1,641,76.49429710241931
1,642,278.5855003532736
1,643,304.50941486188145
1,644,271.4970024203693
1,645,25.371347403933
1,646,294.5330842843507
1,647,84.19210193475647
1,648,279.9208600410907
1,649,77.45736568946006
1,650,280.9511631073392
1,651,52.521170606797
1,652,274.94386021582886
1,653,278.1000601064119
1,654,289.9300046181321
1,655,301.4973722913693
1,656,135.81535001249736
1,657,197.98585790267782
1,658,86.16122921995556
1,659,282.6518750329567
1,660,285.27581504442
1,661,26.107805186268436
1,662,292.8175882588992
1,663,96.96986658578413
1,664,79.70203720653504
1,665,225.32465188186714
1,666,61.23501913752337
1,667,297.86529889324527
1,668,70.2009045082066
1,669,281.021165904316
1,670,84.91542484019124
1,671,293.5642117496591
1,672,220.4169962020434
1,673,279.2358470322241
1,674,78.00788631763164
1,675,288.5551281827475
1,676,298.2988599947804
1,677,280.0431815830682
1,678,125.80764837946151
1,679,297.15770003090734
1,680,87.75494661838619
1,681,125.88944891724681
1,682,279.1367808467545
1,683,164.24840345993607
1,684,279.14722550078704
1,685,188.95489746195227
1,686,76.37902703042826
1,687,305.8498351755429
1,688,278.0768217603413
1,689,278.61092495910435
1,690,261.57951130287836
1,691,304.9124509145944
1,692,61.217857724704764
1,693,306.6667622737193
1,694,278.60941284678836
1,695,410.20656890055807
1,696,282.0331759395635
1,697,77.65500210912134
1,698,306.24867512635814
1,699,61.218780088867454
1,700,282.4357415753516
1,701,287.273229445758
1,702,38.48792706161934
1,703,279.11138208548584
1,704,77.66096599394955
1,705,287.9472454915261
1,706,307.8898132773734
1,707,301.0425740543888
1,708,286.0910686815967
1,709,299.6097230554808
1,710,290.6323362803561
1,711,302.60479811939416
1,712,295.5831687107897
1,713,286.58285194345456
1,714,289.88832711336187
1,715,76.63790742191831
1,716,295.25549423823213
1,717,304.4992312430128
1,718,288.61530328891007
1,719,280.56050331018014
1,720,76.80113909064723
1,721,288.18900548717414
1,722,300.32493797813737
1,723,71.05656075258179
1,724,278.4799162054479
1,725,260.7948587021257
1,726,64.91513132474873
1,727,275.6485176303328
1,728,265.75207728528886
1,729,52.5305959499902
1,730,341.48028720853625
1,731,284.3351222228205
1,732,290.4169891940013
1,733,280.88946128200325
1,734,280.34299278130254
1,735,75.75492475537312
1,736,273.39079738009326
1,737,84.8139130325975
1,738,274.9553305921137
1,739,290.4591977847234
1,740,280.00036305603044
1,741,285.55792169155836
1,742,280.1003812233106
1,743,75.4265264954224
1,744,271.81807023949887
1,745,289.83262663180096
1,746,60.18852377544112
1,747,275.8450270214333
1,748,273.8035270582567
1,749,118.4938093100624
1,750,272.83550701611506
1,751,71.06588237274114
1,752,270.57038892899334
1,753,248.0696347349368
1,754,118.50483774593776
1,755,274.3156506675614
1,756,75.9752487178965
1,757,274.31972547585156
1,758,289.1353100222789
1,759,279.74327402528695
1,760,76.79415351912489
1,761,276.14627899857675
1,762,269.6980024760777
1,763,69.24960144289018
1,764,267.2805923794939
1,765,269.47940062818645
1,766,76.51474774858104
1,767,271.30704988700006
1,768,274.49676665110127
1,769,285.6423490855627
1,770,76.71351780092755
1,771,256.8150575646197
1,772,300.1204094900856
1,773,304.78283910715976
1,774,161.91141925494753
1,775,236.3648076668523
1,776,274.05071564138524
1,777,276.72201984031216
1,778,86.22499897204355
1,779,282.63565287483556
1,780,122.22152074606032
1,781,180.27365631753196
1,782,270.81830680567884
1,783,77.49729166836232
1,784,275.8453638769312
1,785,84.41390523367869
1,786,180.78880100182073
1,787,177.08245051094173
1,788,272.4844820583473
1,789,77.02531319849783
1,790,179.63446345872245
1,791,277.17760206720004
1,792,277.96216443179276
1,793,280.11574454260847
1,794,271.72432683340867
1,795,15.433329024399736
1,796,276.8282700126698
1,797,278.3937587583256
1,798,277.512238841853
1,799,115.29701195010787
1,800,265.5779702866158
1,801,271.08203008531825
1,802,232.12021476272562
1,803,269.1516737121938
1,804,373.82939500342843
1,805,245.6649236055013
1,806,262.6707832832477
1,807,59.9483261234267
1,808,269.24927314666934
1,809,116.43625252792043
1,810,69.79569255549035
1,811,257.5205446405269
1,812,157.9641088795754
1,813,269.96273843567036
1,814,262.76468480036925
1,815,263.4907165580276
1,816,273.4338044884579
1,817,124.04614246881161
1,818,263.73960228319993
1,819,71.96500690794963
1,820,229.1750521889241
1,821,54.363719743909286
1,822,71.6242677246483
1,823,257.41736612026443
1,824,296.25885265417554
1,825,76.92434843271049
1,826,259.42347802692063
1,827,124.22844071463695
1,828,274.07781941574467
1,829,258.01363667830776
1,830,258.22093955985343
1,831,164.02799741341323
1,832,109.01292761237991
1,833,263.09630931020945
1,834,271.6037531672332
1,835,283.44115267000063
1,836,65.8194173071847
1,837,372.778774565268
1,838,263.279209382107
1,839,272.127182014337
1,840,271.8422193381566
1,841,273.70541389419986
1,842,314.87966727149376
1,843,273.47904789250504
1,844,170.18705625059997
1,845,257.9013679784316
1,846,262.0982745894593
1,847,54.80868570141381
1,848,196.99760319157798
1,849,259.71267540104145
1,850,257.753008921541
1,851,258.5897674108588
1,852,190.1000493203363
1,853,103.40550361856245
1,854,261.7702327520135
1,855,65.41685345944657
1,856,108.19962352283085
1,857,264.3994804639171
1,858,72.82673124965415
1,859,288.6596833796884
1,860,258.9707187609133
1,861,29.834921014951803
1,862,143.12185142971714
1,863,277.9684406384911
1,864,74.30391779122985
1,865,174.8319362464771
1,866,85.91537971715374
1,867,228.34779355407943
1,868,75.98758418605391
1,869,260.5705747975268
1,870,273.62483011663574
1,871,71.70883828737459
1,872,296.15605875410466
1,873,257.55320903610067
1,874,54.15715701162915
1,875,40.274569759888585
1,876,224.51908667538424
1,877,173.0408762521877
1,878,263.01987779455663
1,879,264.5579368365481
1,880,269.44182230043475
1,881,262.06709399743613
1,882,186.69352809965346
1,883,42.589971566112816
1,884,223.2919311671293
1,885,274.7988575066281
1,886,263.35003448931104
1,887,263.3729514184878
1,888,258.01364580664085
1,889,254.30361287611214
1,890,77.88079967383837
1,891,154.4676137467078
1,892,55.10378362608553
1,893,123.29821571870862
1,894,273.19429286769366
1,895,374.5098657960556
1,896,256.33948402481593
1,897,78.10924420295846
1,898,170.93811386167266
1,899,61.58802779218113
1,900,257.3546783346815
1,901,73.52789637465303
1,902,178.0312660317281
1,903,256.4168821633698
1,904,264.40530980375996
1,905,270.58862115369493
1,906,438.8437477189832
1,907,334.5585179194262
1,908,74.85466788649255
1,909,42.89540619122178
1,910,268.7649534069541
1,911,79.75610586927385
1,912,73.45684150190066
1,913,261.20719830354426
1,914,69.03011503810598
1,915,525.2715157234313
1,916,69.02481196567138
1,917,259.8335923742905
1,918,259.00558076125185
1,919,272.897161301326
1,920,145.7070573128932
1,921,261.2452267144824
1,922,19.007524356627467
1,923,262.24624238568686
1,924,145.2546636330202
1,925,255.49006005957557
1,926,192.20507241501969
1,927,125.19400233967417
1,928,273.9918611477473
1,929,55.23955107253113
1,930,150.72809850925066
1,931,264.3446603009452
1,932,145.22311795986028
1,933,231.54260309228812
1,934,73.9688364393865
1,935,290.18712729339836
1,936,261.6996665639748
1,937,251.1352875819079
1,938,192.75902781316705
1,939,260.6017146951426
1,940,238.7605338264405
1,941,117.93227845523592
1,942,264.0597639053128
1,943,274.4132049652384
1,944,71.89600993107749
1,945,270.44665683282744
1,946,53.557167866436004
1,947,264.41466638199296
1,948,264.0102972669915
1,949,171.73394324530562
1,950,267.11294725571025
1,951,169.75698405912172
1,952,267.6243611361913
1,953,372.1765382081902
1,954,264.7115920862481
1,955,273.56046724081614
1,956,65.69191301554986
1,957,143.96016274512442
1,958,264.3839365690093
1,959,264.77280113029695
1,960,123.41260257647544
1,961,264.3513853248009
1,962,151.2595740267986
1,963,275.72932424862586
1,964,262.342260092278
1,965,275.1005545686305
1,966,103.37418007913622
1,967,55.40177153835262
1,968,345.65937516113706
1,969,257.33472130348207
1,970,55.48580028168001
1,971,273.54352552978486
1,972,123.56849672913056
1,973,257.71564258695275
1,974,334.81847184909185
1,975,73.96095140674515
1,976,275.4273666084039
1,977,233.91646359289837
1,978,264.7752636070425
1,979,55.66913941359458
1,980,276.3507973081479
1,981,61.99062720648311
1,982,262.2373616678031
1,983,75.22060604777188
1,984,275.0099049442704
1,985,263.5515000415776
1,986,180.8922447206679
1,987,277.33065352403173
1,988,270.0990037850471
1,989,56.88110837799819
1,990,268.42245688594215
1,991,180.9972429188752
1,992,257.04472623647416
1,993,272.951816269544
1,994,171.44624904415986
1,995,203.5429098456621
1,996,146.15835728076158
1,997,263.3006447458244
1,998,266.7184680155301
1,999,78.5679597632228
1,1000,290.0224894185343
1,1001,60.192436567493054
1,1002,125.39667738337141
1,1003,259.4707426600408
1,1004,150.10519139224627
1,1005,149.98410310428955
1,1006,150.5793086024355
1,1007,193.01428690029553
1,1008,258.7005837209057
1,1009,42.472332261134106
1,1010,261.03367809090923
1,1011,125.5615936431544
1,1012,256.254975953791
1,1013,55.616421399516135
1,1014,107.02291909388369
1,1015,165.89683043979372
1,1016,56.11858849299554
1,1017,154.22207262618514
1,1018,72.48532256309514
1,1019,123.3365082277144
1,1020,258.8178085700457
1,1021,61.970583551317674
1,1022,261.7940369641679
1,1023,258.21377884604294
1,1024,170.54441954060823
1,1025,77.22555573270414
1,1026,265.3408583724098
1,1027,284.76738263241367
1,1028,74.97381947024016
1,1029,367.61757400865747
1,1030,43.03604541715583
1,1031,265.445804078457
1,1032,62.61851705520765
1,1033,171.05354158365623
1,1034,278.6060614388135
1,1035,277.5845665742703
1,1036,74.44299766242645
1,1037,255.6181551682594
1,1038,141.3293386763559
1,1039,263.4846513612346
1,1040,73.26199001339843
1,1041,274.5107901214893
1,1042,74.0185277442523
1,1043,260.64968114743715
1,1044,55.25648130522305
1,1045,275.05977989751636
1,1046,247.13395994430462
1,1047,276.39585737592023
1,1048,263.17499020575883
1,1049,58.85891670089087
1,1050,275.1843827831145
1,1051,260.69848215758975
1,1052,264.0428864522197
1,1053,259.13232893892825
1,1054,173.65546200791323
1,1055,433.747904558403
1,1056,71.9602686963933
1,1057,470.70576249715225
1,1058,74.42145350166328
1,1059,260.17753186337495
1,1060,60.80460733738595
1,1061,264.61525390911703
1,1062,54.48965991331926
1,1063,122.50819748247748
1,1064,265.62550767155324
1,1065,77.50788794096951
1,1066,69.44143338200519
1,1067,119.18294611541774
1,1068,197.94646141822886
1,1069,66.6528647376527
1,1070,146.635486560538
1,1071,55.376327217071015
1,1072,264.22626230079254
1,1073,122.30697200618626
1,1074,120.06063307515865
1,1075,272.8093133427191
1,1076,151.39055808296118
1,1077,63.20576161535507
1,1078,269.4493189946143
1,1079,272.7116657166739
1,1080,77.74270364559426
1,1081,150.7420445715456
1,1082,55.74573257512952
1,1083,269.8586818234752
1,1084,270.98017098550565
1,1085,172.80520522450348
1,1086,275.27913120615847
1,1087,67.04031818624227
1,1088,120.77390755404363
1,1089,271.3479710496541
1,1090,272.8481992872754
1,1091,104.02286693526679
1,1092,263.08481365294784
1,1093,78.6832630787695
1,1094,275.0215126176171
1,1095,65.65641421013089
1,1096,272.08853269831553
1,1097,266.41927905300355
1,1098,79.88317533707028
1,1099,375.4291269303547
1,1100,79.88317533707028
1,1101,264.7445642225506
1,1102,271.97935271333466
1,1103,262.16723666478686
1,1104,79.20788149962549
1,1105,273.3145524871454
1,1106,174.91978897711607
1,1107,74.48515640505325
1,1108,421.5988198489448
1,1109,69.07016360400777
1,1110,259.67868946728066
1,1111,60.3375844278193
1,1112,263.17671341944356
1,1113,150.1281842632861
1,1114,15.595222594933016
1,1115,377.8611947675111
1,1116,273.51172993148094
1,1117,264.48047235172476
1,1118,69.18731088823915
1,1119,103.17598034403193
1,1120,262.05461133266584
1,1121,317.1813888769424
1,1122,104.68236002129936
1,1123,258.4945578149534
1,1124,170.95772333855018
1,1125,164.1984218698972
1,1126,233.08695412763132
1,1127,126.19292976558305
1,1128,69.1992656486529
1,1129,261.6649575581365
1,1130,224.88308352955573
1,1131,244.86345508218608
1,1132,55.57644798237297
1,1133,263.97209276820985
1,1134,197.25909840897674
1,1135,274.3330375980329
1,1136,78.13168604214908
1,1137,336.2248020577499
1,1138,306.75328778324945
1,1139,275.1930147328093
1,1140,369.8679209919635
1,1141,276.40609230630923
1,1142,76.88340301784845
1,1143,169.00718913641927
1,1144,102.5776113416917
1,1145,227.26955936624842
1,1146,169.70465534506113
1,1147,274.4938621134727
1,1148,77.6131977124024
1,1149,303.1482489048846
1,1150,118.9167465029046
1,1151,273.4739684670093
1,1152,65.87908553029791
1,1153,278.6320298423933
1,1154,271.2649597254583
1,1155,72.38222761869899
1,1156,352.3884835893119
1,1157,249.0180495544335
1,1158,276.71020510310115
1,1159,338.68078996869656
1,1160,62.922283017758204
1,1161,335.28058057077385
1,1162,393.2670831085551
1,1163,275.24321874495206
1,1164,261.9830700075239
1,1165,174.61080860960283
1,1166,276.62081598198785
1,1167,73.21163022711258
1,1168,273.7849955536207
1,1169,308.0631335631906
1,1170,151.8754324466648
1,1171,67.09567329502426
1,1172,275.93140349971833
1,1173,304.6091850123316
1,1174,347.7973133512312
1,1175,281.1489519472975
1,1176,35.826752867628045
1,1177,328.0610578145583
1,1178,271.1434766385855
1,1179,62.46732291634319
1,1180,334.8388099480486
1,1181,405.4930662225389
1,1182,178.62851061519717
1,1183,229.94198033557106
1,1184,388.8199187996956
1,1185,273.38873491928615
1,1186,152.27340476833064
1,1187,65.52562121388247
1,1188,290.3241643076258
1,1189,75.6970071384932
1,1190,272.7232611301416
1,1191,57.246500982208126
1,1192,272.4840145214309
1,1193,57.258781329801714
1,1194,78.97075022369853
1,1195,274.6421015265435
1,1196,272.44668914084554
1,1197,68.7702995114914
1,1198,196.65503418003544
1,1199,63.4465093683868
1,1200,330.0168807855527
1,1201,118.03381172309722
1,1202,151.61354500065124
1,1203,177.1094866104352
1,1204,276.4265833535642
1,1205,270.01930557559496
1,1206,103.73351847355846
1,1207,69.3670250134773
1,1208,124.02764165233046
1,1209,273.8953600420203
1,1210,74.15859109382099
1,1211,275.59664719827094
1,1212,266.6698686376994
1,1213,268.3190631668318
1,1214,110.35873146479784
1,1215,270.6420791157948
1,1216,225.85850302268864
1,1217,284.11226826037375
1,1218,130.52346568488122
1,1219,78.91540111389979
1,1220,274.3192737694219
1,1221,174.76222248327133
1,1222,275.9702582681748
1,1223,276.81174339969306
1,1224,177.64276556142391
1,1225,239.1836875274831
1,1226,260.45308156151793
1,1227,278.35108868025134
1,1228,273.28831156580475
1,1229,272.91856774447496
1,1230,254.2368394111914
1,1231,309.8860236770157
1,1232,266.32626417162766
1,1233,330.94328036889465
1,1234,58.71173351617085
1,1235,324.6251795767889
1,1236,78.21881817820777
1,1237,258.6721915949538
1,1238,68.78193815912839
1,1239,261.01224158629947
1,1240,182.87736937999546
1,1241,263.597060402741
1,1242,69.67989440373873
1,1243,216.63364131217548
1,1244,263.64482150605664
1,1245,260.0350621850671
1,1246,294.95839689792905
1,1247,268.10470155032084
1,1248,273.57738027287553
1,1249,41.44962000146731
1,1250,273.02124055494266
1,1251,264.29880992485784
1,1252,270.4505282874463
1,1253,71.46223891583654
1,1254,262.08937790023487
1,1255,273.2572733785289
1,1256,271.2595819346677
1,1257,71.5770478949977
1,1258,259.65833671079827
1,1259,267.6234623279212
1,1260,259.1090364483278
1,1261,80.04977933949863
1,1262,263.1633434432217
1,1263,72.04446986611245
1,1264,221.84885891960508
1,1265,263.26751735810365
1,1266,263.8348279149988
1,1267,260.4258526534467
1,1268,72.38325024055935
1,1269,254.01592116292798
1,1270,260.92216017053954
1,1271,53.80726148715698
1,1272,264.11142963456206
1,1273,271.5455621737956
1,1274,263.5633138783514
1,1275,275.79600357757187
1,1276,254.59693219057075
1,1277,53.851728583558526
1,1278,256.6938231606086
1,1279,221.09705363924863
1,1280,263.06107019160464
1,1281,268.3109698888129
1,1282,261.0097817167655
1,1283,59.253841202453415
1,1284,261.34730053435413
1,1285,481.2009609393409
1,1286,57.9871273703966
1,1287,279.3065528182642
1,1288,254.93163118995585
1,1289,114.5003771064279
1,1290,256.79173181674037
1,1291,285.8685517656028
1,1292,261.76099069521194
1,1293,66.65744581203651
1,1294,258.04609586003596
1,1295,153.12544641913536
1,1296,325.90998173853166
1,1297,71.54264576564498
1,1298,260.99422395909835
1,1299,151.01108339648718
1,1300,68.18631812161246
1,1301,119.06514012017837
1,1302,258.7184192648093
1,1303,71.68605181636417
1,1304,39.59335911948608
1,1305,219.37888827504162
1,1306,262.1208659276909
1,1307,265.3835755260411
1,1308,257.12752038244264
1,1309,53.09502178782839
1,1310,256.5568203004252
1,1311,71.67873953666343
1,1312,265.21451639517494
1,1313,170.21089367467874
1,1314,256.93861687637326
1,1315,72.55028690412804
1,1316,268.51671372448675
1,1317,54.05529865994062
1,1318,266.53714344550696
1,1319,185.47079515331006
1,1320,266.97036066343355
1,1321,72.65603691312872
1,1322,275.09041868262887
1,1323,95.40782298929989
1,1324,262.3896091560137
1,1325,54.22938078609755
1,1326,257.35510530857306
1,1327,193.40262033289667
1,1328,271.75661528213874
1,1329,267.902580538444
1,1330,254.9258353336049
1,1331,72.94469976164616
1,1332,222.59159248215644
1,1333,261.13297208347313
1,1334,42.56058743873101
1,1335,256.4823375309105
1,1336,318.38648128933306
1,1337,262.78603247982335
1,1338,256.3901989368861
1,1339,73.77548498406108
1,1340,261.71486017996574
1,1341,354.7797240419885
1,1342,189.92125189069364
1,1343,256.8531581499549
1,1344,74.42355635454946
1,1345,222.42884896398658
1,1346,262.07384057659505
1,1347,55.66113118184914
1,1348,170.51482249676215
1,1349,257.1276511526803
1,1350,248.95770097690976
1,1351,263.27200129119115
1,1352,270.1373545850365
1,1353,258.29719769409155
1,1354,100.61309173957123
1,1355,275.9651039460123
1,1356,321.8685109435065
1,1357,105.86979022998233
1,1358,260.5877104099139
1,1359,71.84246068919832
1,1360,262.1992772673334
1,1361,186.60382627534278
1,1362,260.6516174061806
1,1363,71.85412753716638
1,1364,216.8192294398399
1,1365,261.3264931526763
1,1366,277.51468534753553
1,1367,258.62734996161566
1,1368,271.1873118915977
1,1369,64.67869541721349
1,1370,257.16797851383615
1,1371,108.62688719701256
1,1372,301.5393454843572
1,1373,258.73922560881147
1,1374,194.22687896946832
1,1375,82.22919699939956
1,1376,266.85419509964476
1,1377,264.2106367935076
1,1378,270.9944970713378
1,1379,72.79074277109784
1,1380,260.5583151623507
1,1381,267.02889566640107
1,1382,54.47047815609483
1,1383,168.66527000415846
1,1384,273.8549352487868
1,1385,45.35618675169647
1,1386,271.2016816865082
1,1387,257.5962977320164
1,1388,73.55028354735308
1,1389,261.4112382345355
1,1390,329.23370753575796
1,1391,255.43198750726302
1,1392,73.3230601206004
1,1393,222.70120187964895
1,1394,267.47860805444066
1,1395,257.65517716112777
1,1396,257.9065029678985
1,1397,103.83351240157188
1,1398,258.45729961232166
1,1399,272.21131199303414
1,1400,54.87770293012781
1,1401,373.8814122041899
1,1402,200.5883299198881
1,1403,69.40182659719473
1,1404,272.018216835881
1,1405,277.8667975419569
1,1406,261.2921601029039
1,1407,146.38279639963577
1,1408,232.34663427900614
1,1409,195.56425066319565
1,1410,74.35940103303287
1,1411,254.6279119229932
1,1412,328.87790276399375
1,1413,255.1961125726582
1,1414,251.21487158491516
1,1415,43.75679559665052
1,1416,255.73332589668442
1,1417,54.61811829033762
1,1418,41.625523811816706
1,1419,258.21414707006204
1,1420,266.9833856095876
1,1421,109.67922513296064
1,1422,212.18015093368263
1,1423,260.3022122823869
1,1424,272.3967322292838
1,1425,73.90309920454057
1,1426,43.76915525791476
1,1427,449.4693208395462
1,1428,259.50189450127493
1,1429,259.3792377608504
1,1430,62.45319614659458
1,1431,327.05328630712586
1,1432,82.479076336831
1,1433,270.64503308350197
1,1434,264.0306961089701
1,1435,274.82103549943696
1,1436,174.82743638414988
1,1437,259.5759566666793
1,1438,151.00813410287356
1,1439,73.68391701919646
1,1440,268.54504605076403
1,1441,73.69998891384273
1,1442,267.44851176088866
1,1443,262.66681725640626
1,1444,264.5225339314979
1,1445,82.09860517093968
1,1446,274.410560493707
1,1447,289.23210216782854
1,1448,281.9688655123963
1,1449,275.7664634165998
1,1450,104.17405670898455
1,1451,277.2728267566545
1,1452,161.8861817048354
1,1453,270.84336172199966
1,1454,74.0188469243936
1,1455,267.4531792304718
1,1456,272.76616662447566
1,1457,190.98549618673653
1,1458,288.9124220763882
1,1459,278.136360119988
1,1460,73.85012704946824
1,1461,339.4365686895069
1,1462,275.0928130591579
1,1463,55.592024616447475
1,1464,272.3207367235433
1,1465,277.32236441059035
1,1466,272.5615617263781
1,1467,275.9170418004918
1,1468,171.77456093480544
1,1469,177.15217591615584
1,1470,282.985713438369
1,1471,168.04309604334634
1,1472,270.39661607686617
1,1473,68.8222426627456
1,1474,276.24455908570894
1,1475,63.19222427991056
1,1476,272.99735016844994
1,1477,328.9684247269124
1,1478,112.866226754199
1,1479,269.9172081943455
1,1480,75.79663829807347
1,1481,270.44587773362434
1,1482,75.45882858478842
1,1483,256.1081265488807
1,1484,276.3006564704617
1,1485,203.03864936165348
1,1486,84.6950935861145
1,1487,277.97776223795245
1,1488,276.59681204744214
1,1489,277.3488228736186
1,1490,289.34611536530576
1,1491,272.39509984471727
1,1492,80.85485783718052
1,1493,267.57854677459284
1,1494,275.2878261852258
1,1495,224.63345219896834
1,1496,278.22901829401303
1,1497,76.94505375894266
1,1498,340.0127456934038
1,1499,279.23119222374703
1,1500,265.69456875932167
1,1501,23.65062569860146
1,1502,273.9564996202805
1,1503,272.59813546191685
1,1504,84.20447702761058
1,1505,206.09312141772733
1,1506,264.98784219435174
1,1507,75.80687040355485
1,1508,272.30846916966186
1,1509,75.82284201953209
1,1510,194.7153464629733
1,1511,83.19828889013294
1,1512,261.0560306506623
1,1513,278.6340636547184
1,1514,109.01006031866595
1,1515,273.7260657880578
1,1516,148.93137453865967
1,1517,275.4703944882559
1,1518,334.8725537805898
1,1519,281.95787235878663
1,1520,203.47720395610685
1,1521,272.03808176077007
1,1522,75.83574167654301
1,1523,271.95400287829625
1,1524,273.4559106940894
1,1525,84.67599352722294
1,1526,275.6089665542088
1,1527,192.07020960151206
1,1528,272.3965585369451
1,1529,75.73046986599158
1,1530,264.3776959350364
1,1531,274.1659852471348
1,1532,57.493966789823155
1,1533,84.57545204028541
1,1534,276.0255007435996
1,1535,75.966200418639
1,1536,222.7248264974855
1,1537,280.20450569587626
1,1538,283.47817658155816
1,1539,293.05045668691287
1,1540,290.62663147249464
1,1541,305.62947417822534
1,1542,262.71337123027473
1,1543,290.12927245754037
1,1544,72.17493712303282
1,1545,42.45744640765124
1,1546,257.5568678488494
1,1547,274.40862667215197
1,1548,60.76440300246571
1,1549,329.2815917053109
1,1550,80.1627166952831
1,1551,276.6430495698582
1,1552,276.92066132151905
1,1553,72.61302004470129
1,1554,225.01779156685797
1,1555,59.19116293025414
1,1556,280.1317649070782
1,1557,268.52122382300166
1,1558,72.96352227737042
1,1559,273.35264858201276
1,1560,188.1746122286409
1,1561,280.7431893344881
1,1562,73.50320708023135
1,1563,273.15235518284646
1,1564,268.3349791121369
1,1565,278.8306705904522
1,1566,195.28497787992285
1,1567,73.50811097503362
1,1568,276.8034329020343
1,1569,280.07652371336894
1,1570,68.20504427279978
1,1571,273.92466039241424
1,1572,326.4424154764637
1,1573,269.6428237202374
1,1574,71.21813467323368
1,1575,220.4738032664327
1,1576,274.29810091691945
1,1577,271.2331983366166
1,1578,257.5917029704878
1,1579,271.0998428345823
1,1580,54.05214522544511
1,1581,161.98186292480023
1,1582,262.5828620729575
1,1583,72.15336028598368
1,1584,265.1307033488876
1,1585,81.6775137829402
1,1586,265.38582593975195
1,1587,103.90584846036231
1,1588,275.67766772772404
1,1589,166.7946726654823
1,1590,151.28035317335247
1,1591,262.1955913973151
1,1592,20.956490261094718
1,1593,143.23766443909867
1,1594,72.75371687870242
1,1595,276.2345182363566
1,1596,61.48723439434316
1,1597,245.45021046190482
1,1598,82.59113930354397
1,1599,260.79391796981514
1,1600,276.225636736462
1,1601,73.40343334690675
1,1602,176.25694139047528
1,1603,292.57765436770694
1,1604,275.9132962559403
1,1605,106.95607335860126
1,1606,276.08072692205326
1,1607,73.89181133440766
1,1608,280.61972335344086
1,1609,258.66974968607065
1,1610,69.84058678508738
1,1611,265.16375590544396
1,1612,68.61209918115347
1,1613,124.26424034763745
1,1614,271.771128843288
1,1615,74.05151120284684
1,1616,60.96239769218744
1,1617,318.54583455472795
1,1618,75.310762551712
1,1619,271.4040326960753
1,1620,129.93821931242132
1,1621,75.33571461966804
1,1622,328.2207600724564
1,1623,320.45889829874204
1,1624,270.8941962659294
1,1625,263.2714272019777
1,1626,259.40406786976007
1,1627,261.80232165898144
1,1628,73.74711666466831
1,1629,255.67116376515395
1,1630,393.62556329823326
1,1631,73.73926668737974
1,1632,261.92528150275143
1,1633,257.4203588961411
1,1634,261.9967131985471
1,1635,175.92494498920294
1,1636,284.0138606611033
1,1637,265.70735397785666
1,1638,261.83908222529277
1,1639,276.78303799363687
1,1640,127.93399153925273
1,1641,258.5794339223023
1,1642,61.673098823218595
1,1643,263.6069060152282
1,1644,73.75216634439066
1,1645,175.98050705247962
1,1646,284.1614364039882
1,1647,162.82626254025885
1,1648,265.9639735661202
1,1649,16.934523079527214
1,1650,135.0820571552136
1,1651,68.16143185029156
1,1652,280.4302294444603
1,1653,59.20012821746538
1,1654,247.81899453062755
1,1655,80.46717524098497
1,1656,260.7560176648605
1,1657,279.0772407150025
1,1658,72.54325265054798
1,1659,174.48226133359756
1,1660,292.6092621754679
1,1661,273.85025976425345
1,1662,103.76848367197721
1,1663,269.20437809196403
1,1664,72.8529393340176
1,1665,270.3478481988699
1,1666,274.99405452871736
1,1667,72.55781517612252
1,1668,138.7906310873857
1,1669,259.3639532470049
1,1670,60.82084979788915
1,1671,270.71119799672465
1,1672,73.3535290346492
1,1673,275.3744195392871
1,1674,265.5489025976981
1,1675,54.8492454164584
1,1676,269.3003379160922
1,1677,267.770902231714
1,1678,71.87037929315385
1,1679,271.22815281592574
1,1680,66.06191213566188
1,1681,124.08238399168187
1,1682,268.74364917773954
1,1683,73.67955381174207
1,1684,61.651378189116514
1,1685,318.53079747030597
1,1686,73.83565782667358
1,1687,269.02230430002373
1,1688,128.05809663335657
1,1689,73.81798254536822
1,1690,329.4874524522951
1,1691,391.75496537124525
1,1692,74.00776819717396
1,1693,263.66195548826215
1,1694,260.09811640975965
1,1695,55.095890474727895
1,1696,263.8062809178984
1,1697,262.23993977610934
1,1698,321.07563103204825
1,1699,270.4850003203894
1,1700,263.3233063174327
1,1701,259.600494034937
1,1702,261.64253415471563
1,1703,74.77393028409702
1,1704,256.76300312066047
1,1705,65.2084017741922
1,1706,62.06916863105951
1,1707,264.07390363999286
1,1708,74.21990902233107
1,1709,175.92346782465418
1,1710,286.75026975459446
1,1711,243.89858188948722
1,1712,185.21449992200087
1,1713,127.82119824875818
1,1714,145.0425062545474
1,1715,284.26439649449884
1,1716,169.3936665236808
1,1717,165.69507935439833
1,1718,262.3095877315365
1,1719,73.74009902519022
1,1720,110.42130004078038
1,1721,262.761965290421
1,1722,280.51126507447566
1,1723,282.3131382255261
1,1724,68.34951748454186
1,1725,274.4538539148881
1,1726,117.68765846876138
1,1727,272.88729433459315
1,1728,267.45958026495794
1,1729,274.4514772176741
1,1730,188.72676468130283
1,1731,272.58122002706807
1,1732,60.68023477364796
1,1733,280.3914563376431
1,1734,267.10519260056265
1,1735,43.775860899706714
1,1736,265.50707264513557
1,1737,72.26910435727092
1,1738,171.97641386424453
1,1739,492.7111190831104
1,1740,271.62678065885535
1,1741,270.3463040189864
1,1742,72.11239753245445
1,1743,257.73650669836786
1,1744,189.93008966443665
1,1745,45.30034381981022
1,1746,269.5573302853866
1,1747,268.7100377011849
1,1748,73.30071254692716
1,1749,516.7333571307208
1,1750,54.735861138550575
1,1751,270.5415966621675
1,1752,43.28110149322092
1,1753,262.85340502106123
1,1754,280.48896345664826
1,1755,253.54995298801006
1,1756,259.40551442933395
1,1757,166.10199707466307
1,1758,201.66926271953264
1,1759,73.82191549814202
1,1760,257.11808586560926
1,1761,73.86212046881259
1,1762,227.8981935328705
1,1763,82.20962197494795
1,1764,275.7145485727713
1,1765,260.9850728988064
1,1766,74.00776819717396
1,1767,269.68529016377045
1,1768,261.874578086422
1,1769,45.44267506455872
1,1770,256.94273012508603
1,1771,55.192628702798615
1,1772,75.28107168611695
1,1773,457.0359335388879
1,1774,75.30602375407298
1,1775,46.69620722966464
1,1776,265.0739690679499
1,1777,260.1918017330728
1,1778,74.74287665493956
1,1779,294.3071939854606
1,1780,268.85792945716764
1,1781,254.4454469789834
1,1782,281.87727088572126
1,1783,68.35565758638154
1,1784,274.01798657508334
1,1785,79.62341304077682
1,1786,282.0604185912076
1,1787,450.39167127902385
1,1788,267.4519939318975
1,1789,72.5368655739823
1,1790,273.8506059376183
1,1791,170.28730371241542
1,1792,81.14440805903745
1,1793,197.2855165715945
1,1794,271.7249909683338
1,1795,77.73442945108162
1,1796,268.9341978620792
1,1797,270.20184559135816
1,1798,53.93737383989942
1,1799,170.5533881361709
1,1800,200.08712099042702
1,1801,271.5960520640622
1,1802,61.701582605684436
1,1803,232.74617865987818
1,1804,267.4577714861595
1,1805,54.81434904977121
1,1806,81.66907632303149
1,1807,272.9846185944874
1,1808,270.3618487685885
1,1809,35.079249458674894
1,1810,109.0492613920104
1,1811,166.43871046961522
1,1812,201.60191589996856
1,1813,72.78094720989283
1,1814,163.705648948134
1,1815,217.34314617337668
1,1816,73.68569391358174
1,1817,61.60977584656207
1,1818,264.9384372871818
1,1819,276.14419843673966
1,1820,268.649936857512
1,1821,258.7280068678073
1,1822,107.07853138840937
1,1823,273.92093363239667
1,1824,270.49996795602993
1,1825,79.36748501987853
1,1826,258.9261714474883
1,1827,73.49261137954636
1,1828,223.58147692931675
1,1829,264.3571106016951
1,1830,166.7050602330133
1,1831,262.63413979491685
1,1832,106.59027283680946
1,1833,268.6751884539291
1,1834,270.2167201103091
1,1835,56.28151730689501
1,1836,209.20171582291837
1,1837,268.85519279310256
1,1838,75.28194593867374
1,1839,258.0724860357483
1,1840,73.6824038811829
1,1841,257.7081078387181
1,1842,263.7463509797244
1,1843,270.77185230625787
1,1844,266.60210666971534
1,1845,73.71571592362436
1,1846,260.77866758739464
1,1847,191.77449160499538
1,1848,260.9720157067138
1,1849,274.29338966503485
1,1850,165.72275435163033
1,1851,256.3585260773756
1,1852,73.2040540501158
1,1853,259.1244808679281
1,1854,73.77374781124043
1,1855,262.4368015578207
1,1856,262.19632065837686
1,1857,73.18479849211579
1,1858,268.4515894983205
1,1859,61.65363271993418
1,1860,263.23739662140326
1,1861,73.75991869938396
1,1862,271.5961233729821
1,1863,269.1064046649452
1,1864,61.505786882111664
1,1865,260.57599932600095
1,1866,260.6730105657902
1,1867,327.79288844000274
1,1868,74.0460722107704
1,1869,274.6867664952213
1,1870,73.31043722810426
1,1871,286.0201336977636
1,1872,60.18093552243194
1,1873,263.2728927621114
1,1874,276.29939602176836
1,1875,74.04647928194836
1,1876,268.4106294123336
1,1877,341.70872659350607
1,1878,272.9113798239378
1,1879,73.3281527326188
1,1880,266.98848494997355
1,1881,262.3312489106646
1,1882,110.45837232482941
1,1883,167.0792064873262
1,1884,260.64058106502193
1,1885,271.72432683340867
1,1886,15.433329024399736
1,1887,276.8282700126698
1,1888,278.3937587583256
1,1889,277.512238841853
1,1890,115.29701195010787
1,1891,265.5779702866158
1,1892,271.08203008531825
1,1893,232.12021476272562
1,1894,269.1516737121938
1,1895,373.82939500342843
1,1896,245.6649236055013
1,1897,262.6707832832477
1,1898,59.9483261234267
1,1899,269.24927314666934
1,1900,116.43625252792043
1,1901,69.79569255549035
1,1902,257.5205446405269
1,1903,157.9641088795754
1,1904,269.96273843567036
1,1905,262.76468480036925
1,1906,263.4907165580276
1,1907,273.4338044884579
1,1908,124.04614246881161
1,1909,263.73960228319993
1,1910,71.96500690794963
1,1911,229.1750521889241
1,1912,54.363719743909286
1,1913,71.6242677246483
1,1914,257.41736612026443
1,1915,296.25885265417554
1,1916,76.92434843271049
1,1917,259.42347802692063
1,1918,124.22844071463695
1,1919,274.07781941574467
1,1920,258.01363667830776
1,1921,258.22093955985343
1,1922,164.02799741341323
1,1923,109.01292761237991
1,1924,263.09630931020945
1,1925,271.6037531672332
1,1926,283.44115267000063
1,1927,65.8194173071847
1,1928,372.778774565268
1,1929,263.279209382107
1,1930,272.127182014337
1,1931,271.8422193381566
1,1932,273.70541389419986
1,1933,314.87966727149376
1,1934,273.47904789250504
1,1935,170.18705625059997
1,1936,257.9013679784316
1,1937,262.0982745894593
1,1938,54.80868570141381
1,1939,196.99760319157798
1,1940,259.71267540104145
1,1941,257.753008921541
1,1942,258.5897674108588
1,1943,190.1000493203363
1,1944,103.40550361856245
1,1945,261.7702327520135
1,1946,65.41685345944657
1,1947,108.19962352283085
1,1948,264.3994804639171
1,1949,72.82673124965415
1,1950,288.6596833796884
1,1951,258.9707187609133
1,1952,29.834921014951803
1,1953,143.12185142971714
1,1954,277.9684406384911
1,1955,74.30391779122985
1,1956,174.8319362464771
1,1957,85.91537971715374
1,1958,228.34779355407943
1,1959,75.98758418605391
1,1960,260.5705747975268
1,1961,273.62483011663574
1,1962,71.70883828737459
1,1963,296.15605875410466
1,1964,257.55320903610067
1,1965,54.15715701162915
1,1966,40.274569759888585
1,1967,224.51908667538424
1,1968,173.0408762521877
1,1969,263.01987779455663
1,1970,264.5579368365481
1,1971,269.44182230043475
1,1972,262.06709399743613
1,1973,186.69352809965346
1,1974,42.589971566112816
1,1975,223.2919311671293
1,1976,274.7988575066281
1,1977,263.35003448931104
1,1978,263.3729514184878
1,1979,258.01364580664085
1,1980,254.30361287611214
1,1981,77.88079967383837
1,1982,154.4676137467078
1,1983,55.10378362608553
1,1984,123.29821571870862
1,1985,273.19429286769366
1,1986,374.5098657960556
1,1987,256.33948402481593
1,1988,78.10924420295846
1,1989,170.93811386167266
1,1990,61.58802779218113
1,1991,257.3546783346815
1,1992,73.52789637465303
1,1993,178.0312660317281
1,1994,256.4168821633698
1,1995,264.40530980375996
1,1996,270.58862115369493
1,1997,438.8437477189832
1,1998,334.5585179194262
1,1999,74.85466788649255
1,2000,42.89540619122178
1,2001,268.7649534069541
1,2002,79.75610586927385
1,2003,73.45684150190066
1,2004,261.20719830354426
1,2005,69.03011503810598
1,2006,525.2715157234313
1,2007,69.02481196567138
1,2008,259.8335923742905
1,2009,259.00558076125185
1,2010,272.897161301326
1,2011,145.7070573128932
1,2012,261.2452267144824
1,2013,19.007524356627467
1,2014,262.24624238568686
1,2015,145.2546636330202
1,2016,255.49006005957557
1,2017,192.20507241501969
1,2018,125.19400233967417
1,2019,273.9918611477473
1,2020,55.23955107253113
1,2021,150.72809850925066
1,2022,264.3446603009452
1,2023,145.22311795986028
1,2024,231.54260309228812
1,2025,73.9688364393865
1,2026,290.18712729339836
1,2027,261.6996665639748
1,2028,251.1352875819079
1,2029,192.75902781316705
1,2030,260.6017146951426
1,2031,238.7605338264405
1,2032,117.93227845523592
1,2033,264.0597639053128
1,2034,274.4132049652384
1,2035,71.89600993107749
1,2036,270.44665683282744
1,2037,53.557167866436004
1,2038,264.41466638199296
1,2039,264.0102972669915
1,2040,171.73394324530562
1,2041,267.11294725571025
1,2042,169.75698405912172
1,2043,267.6243611361913
1,2044,372.1765382081902
1,2045,264.7115920862481
1,2046,273.56046724081614
1,2047,65.69191301554986
1,2048,143.96016274512442
1,2049,264.3839365690093
1,2050,264.77280113029695
1,2051,123.41260257647544
1,2052,264.3513853248009
1,2053,151.2595740267986
1,2054,275.72932424862586
1,2055,262.342260092278
1,2056,275.1005545686305
1,2057,103.37418007913622
1,2058,55.40177153835262
1,2059,345.65937516113706
1,2060,257.33472130348207
1,2061,55.48580028168001
1,2062,273.54352552978486
1,2063,123.56849672913056
1,2064,257.71564258695275
1,2065,334.81847184909185
1,2066,73.96095140674515
1,2067,275.4273666084039
1,2068,233.91646359289837
1,2069,264.7752636070425
1,2070,55.66913941359458
1,2071,276.3507973081479
1,2072,61.99062720648311
1,2073,262.2373616678031
1,2074,75.22060604777188
1,2075,275.0099049442704
1,2076,263.5515000415776
1,2077,180.8922447206679
1,2078,277.33065352403173
1,2079,270.0990037850471
1,2080,56.88110837799819
1,2081,268.42245688594215
1,2082,180.9972429188752
1,2083,257.04472623647416
1,2084,272.951816269544
1,2085,171.44624904415986
1,2086,203.5429098456621
1,2087,146.15835728076158
1,2088,263.3006447458244
1,2089,266.7184680155301
1,2090,78.5679597632228
1,2091,290.0224894185343
1,2092,60.192436567493054
1,2093,125.39667738337141
1,2094,259.4707426600408
1,2095,150.10519139224627
1,2096,149.98410310428955
1,2097,150.5793086024355
1,2098,193.01428690029553
1,2099,258.7005837209057
1,2100,42.472332261134106
1,2101,261.03367809090923
1,2102,125.5615936431544
1,2103,256.254975953791
1,2104,55.616421399516135
1,2105,107.02291909388369
1,2106,165.89683043979372
1,2107,56.11858849299554
1,2108,154.22207262618514
1,2109,72.48532256309514
1,2110,123.3365082277144
1,2111,258.8178085700457
1,2112,61.970583551317674
1,2113,261.7940369641679
1,2114,258.21377884604294
1,2115,170.54441954060823
1,2116,77.22555573270414
1,2117,265.3408583724098
1,2118,284.76738263241367
1,2119,74.97381947024016
1,2120,367.61757400865747
1,2121,43.03604541715583
1,2122,265.445804078457
1,2123,62.61851705520765
1,2124,171.05354158365623
1,2125,278.6060614388135
1,2126,277.5845665742703
1,2127,74.44299766242645
1,2128,255.6181551682594
1,2129,141.3293386763559
1,2130,263.4846513612346
1,2131,73.26199001339843
1,2132,274.5107901214893
1,2133,74.0185277442523
1,2134,260.64968114743715
1,2135,55.25648130522305
1,2136,275.05977989751636
1,2137,247.13395994430462
1,2138,276.39585737592023
1,2139,263.17499020575883
1,2140,58.85891670089087
1,2141,275.1843827831145
1,2142,260.69848215758975
1,2143,264.0428864522197
1,2144,259.13232893892825
1,2145,173.65546200791323
1,2146,433.747904558403
1,2147,71.9602686963933
1,2148,470.70576249715225
1,2149,74.42145350166328
1,2150,260.17753186337495
1,2151,60.80460733738595
1,2152,264.61525390911703
1,2153,54.48965991331926
1,2154,122.50819748247748
1,2155,265.62550767155324
1,2156,77.50788794096951
1,2157,69.44143338200519
1,2158,119.18294611541774
1,2159,197.94646141822886
1,2160,66.6528647376527
1,2161,146.635486560538
1,2162,55.376327217071015
1,2163,264.22626230079254
1,2164,122.30697200618626
1,2165,120.06063307515865
1,2166,272.8093133427191
1,2167,151.39055808296118
1,2168,63.20576161535507
1,2169,269.4493189946143
1,2170,272.7116657166739
1,2171,77.74270364559426
1,2172,150.7420445715456
1,2173,55.74573257512952
1,2174,269.8586818234752
1,2175,270.98017098550565
1,2176,172.80520522450348
1,2177,275.27913120615847
1,2178,67.04031818624227
1,2179,120.77390755404363
1,2180,271.3479710496541
1,2181,272.8481992872754
1,2182,104.02286693526679
1,2183,263.08481365294784
1,2184,78.6832630787695
1,2185,275.0215126176171
1,2186,65.65641421013089
1,2187,272.08853269831553
1,2188,266.41927905300355
1,2189,79.88317533707028
1,2190,375.4291269303547
1,2191,79.88317533707028
1,2192,264.7445642225506
1,2193,271.97935271333466
1,2194,262.16723666478686
1,2195,79.20788149962549
1,2196,273.3145524871454
1,2197,174.91978897711607
1,2198,74.48515640505325
1,2199,421.5988198489448
1,2200,69.07016360400777
1,2201,259.67868946728066
1,2202,60.3375844278193
1,2203,263.17671341944356
1,2204,150.1281842632861
1,2205,15.595222594933016
1,2206,377.8611947675111
1,2207,273.51172993148094
1,2208,264.48047235172476
1,2209,69.18731088823915
1,2210,103.17598034403193
1,2211,262.05461133266584
1,2212,317.1813888769424
1,2213,104.68236002129936
1,2214,258.4945578149534
1,2215,170.95772333855018
1,2216,164.1984218698972
1,2217,233.08695412763132
1,2218,126.19292976558305
1,2219,69.1992656486529
1,2220,261.6649575581365
1,2221,224.88308352955573
1,2222,244.86345508218608
1,2223,55.57644798237297
1,2224,263.97209276820985
1,2225,197.25909840897674
1,2226,274.3330375980329
1,2227,78.13168604214908
1,2228,336.2248020577499
1,2229,306.75328778324945
1,2230,275.1930147328093
1,2231,369.8679209919635
1,2232,276.40609230630923
1,2233,76.88340301784845
1,2234,169.00718913641927
1,2235,102.5776113416917
1,2236,227.26955936624842
1,2237,169.70465534506113
1,2238,274.4938621134727
1,2239,77.6131977124024
1,2240,303.1482489048846
1,2241,118.9167465029046
1,2242,273.4739684670093
1,2243,65.87908553029791
1,2244,278.6320298423933
1,2245,271.2649597254583
1,2246,72.38222761869899
1,2247,352.3884835893119
1,2248,249.0180495544335
1,2249,276.71020510310115
1,2250,338.68078996869656
1,2251,62.922283017758204
1,2252,335.28058057077385
1,2253,393.2670831085551
1,2254,275.24321874495206
1,2255,261.9830700075239
1,2256,174.61080860960283
1,2257,276.62081598198785
1,2258,73.21163022711258
1,2259,273.7849955536207
1,2260,308.0631335631906
1,2261,151.8754324466648
1,2262,67.09567329502426
1,2263,275.93140349971833
1,2264,304.6091850123316
1,2265,347.7973133512312
1,2266,281.1489519472975
1,2267,35.826752867628045
1,2268,328.0610578145583
1,2269,271.1434766385855
1,2270,62.46732291634319
1,2271,334.8388099480486
1,2272,405.4930662225389
1,2273,178.62851061519717
1,2274,229.94198033557106
1,2275,388.8199187996956
1,2276,273.38873491928615
1,2277,152.27340476833064
1,2278,65.52562121388247
1,2279,290.3241643076258
1,2280,75.6970071384932
1,2281,272.7232611301416
1,2282,57.246500982208126
1,2283,272.4840145214309
1,2284,57.258781329801714
1,2285,78.97075022369853
1,2286,274.6421015265435
1,2287,272.44668914084554
1,2288,68.7702995114914
1,2289,196.65503418003544
1,2290,63.4465093683868
1,2291,330.0168807855527
1,2292,118.03381172309722
1,2293,151.61354500065124
1,2294,177.1094866104352
1,2295,276.4265833535642
1,2296,270.01930557559496
1,2297,103.73351847355846
1,2298,69.3670250134773
1,2299,124.02764165233046
1,2300,273.8953600420203
1,2301,74.15859109382099
1,2302,275.59664719827094
1,2303,266.6698686376994
1,2304,268.3190631668318
1,2305,110.35873146479784
1,2306,270.6420791157948
1,2307,225.85850302268864
1,2308,284.11226826037375
1,2309,130.52346568488122
1,2310,78.91540111389979
1,2311,274.3192737694219
1,2312,174.76222248327133
1,2313,275.9702582681748
1,2314,276.81174339969306
1,2315,177.64276556142391
1,2316,239.1836875274831
1,2317,260.45308156151793
1,2318,278.35108868025134
1,2319,273.28831156580475
1,2320,272.91856774447496
1,2321,254.2368394111914
1,2322,309.8860236770157
1,2323,266.32626417162766
1,2324,330.94328036889465
1,2325,58.71173351617085
1,2326,324.6251795767889
1,2327,78.21881817820777
1,2328,258.6721915949538
1,2329,68.78193815912839
1,2330,261.01224158629947
1,2331,182.87736937999546
1,2332,263.597060402741
1,2333,69.67989440373873
1,2334,216.63364131217548
1,2335,263.64482150605664
1,2336,260.0350621850671
1,2337,294.95839689792905
1,2338,268.10470155032084
1,2339,273.57738027287553
1,2340,41.44962000146731
1,2341,273.02124055494266
1,2342,264.29880992485784
1,2343,270.4505282874463
1,2344,71.46223891583654
1,2345,262.08937790023487
1,2346,273.2572733785289
1,2347,271.2595819346677
1,2348,71.5770478949977
1,2349,259.65833671079827
1,2350,267.6234623279212
1,2351,259.1090364483278
1,2352,80.04977933949863
1,2353,263.1633434432217
1,2354,72.04446986611245
1,2355,221.84885891960508
1,2356,263.26751735810365
1,2357,263.8348279149988
1,2358,260.4258526534467
1,2359,72.38325024055935
1,2360,254.01592116292798
1,2361,260.92216017053954
1,2362,53.80726148715698
1,2363,264.11142963456206
1,2364,271.5455621737956
1,2365,263.5633138783514
1,2366,275.79600357757187
1,2367,254.59693219057075
1,2368,53.851728583558526
1,2369,256.6938231606086
1,2370,221.09705363924863
1,2371,263.06107019160464
1,2372,268.3109698888129
1,2373,261.0097817167655
1,2374,59.253841202453415
1,2375,261.34730053435413
1,2376,481.2009609393409
1,2377,57.9871273703966
1,2378,279.3065528182642
1,2379,254.93163118995585
1,2380,114.5003771064279
1,2381,256.79173181674037
1,2382,285.8685517656028
1,2383,261.76099069521194
1,2384,66.65744581203651
1,2385,258.04609586003596
1,2386,153.12544641913536
1,2387,325.90998173853166
1,2388,71.54264576564498
1,2389,260.99422395909835
1,2390,151.01108339648718
1,2391,68.18631812161246
1,2392,119.06514012017837
1,2393,258.7184192648093
1,2394,71.68605181636417
1,2395,39.59335911948608
1,2396,219.37888827504162
1,2397,262.1208659276909
1,2398,265.3835755260411
1,2399,257.12752038244264
1,2400,53.09502178782839
1,2401,256.5568203004252
1,2402,71.67873953666343
1,2403,265.21451639517494
1,2404,170.21089367467874
1,2405,256.93861687637326
1,2406,72.55028690412804
1,2407,268.51671372448675
1,2408,54.05529865994062
1,2409,266.53714344550696
1,2410,185.47079515331006
1,2411,266.97036066343355
1,2412,72.65603691312872
1,2413,275.09041868262887
1,2414,95.40782298929989
1,2415,262.3896091560137
1,2416,54.22938078609755
1,2417,257.35510530857306
1,2418,193.40262033289667
1,2419,271.75661528213874
1,2420,267.902580538444
1,2421,254.9258353336049
1,2422,72.94469976164616
1,2423,222.59159248215644
1,2424,261.13297208347313
1,2425,42.56058743873101
1,2426,256.4823375309105
1,2427,318.38648128933306
1,2428,262.78603247982335
1,2429,256.3901989368861
1,2430,73.77548498406108
1,2431,261.71486017996574
1,2432,354.7797240419885
1,2433,189.92125189069364
1,2434,256.8531581499549
1,2435,74.42355635454946
1,2436,222.42884896398658
1,2437,262.07384057659505
1,2438,55.66113118184914
1,2439,170.51482249676215
1,2440,257.1276511526803
1,2441,248.95770097690976
1,2442,263.27200129119115
1,2443,270.1373545850365
1,2444,258.29719769409155
1,2445,100.61309173957123
1,2446,275.9651039460123
1,2447,321.8685109435065
1,2448,105.86979022998233
1,2449,260.5877104099139
1,2450,71.84246068919832
1,2451,262.1992772673334
1,2452,186.60382627534278
1,2453,260.6516174061806
1,2454,71.85412753716638
1,2455,216.8192294398399
1,2456,261.3264931526763
1,2457,277.51468534753553
1,2458,258.62734996161566
1,2459,271.1873118915977
1,2460,64.67869541721349
1,2461,257.16797851383615
1,2462,108.62688719701256
1,2463,301.5393454843572
1,2464,258.73922560881147
1,2465,194.22687896946832
1,2466,82.22919699939956
1,2467,266.85419509964476
1,2468,264.2106367935076
1,2469,270.9944970713378
1,2470,72.79074277109784
1,2471,260.5583151623507
1,2472,267.02889566640107
1,2473,54.47047815609483
1,2474,168.66527000415846
1,2475,273.8549352487868
1,2476,45.35618675169647
1,2477,271.2016816865082
1,2478,257.5962977320164
1,2479,73.55028354735308
1,2480,261.4112382345355
1,2481,329.23370753575796
1,2482,255.43198750726302
1,2483,73.3230601206004
1,2484,222.70120187964895
1,2485,267.47860805444066
1,2486,257.65517716112777
1,2487,257.9065029678985
1,2488,103.83351240157188
1,2489,258.45729961232166
1,2490,272.21131199303414
1,2491,54.87770293012781
1,2492,373.8814122041899
1,2493,200.5883299198881
1,2494,69.40182659719473
1,2495,272.018216835881
1,2496,277.8667975419569
1,2497,261.2921601029039
1,2498,146.38279639963577
1,2499,232.34663427900614
1,2500,195.56425066319565
1,2501,74.35940103303287
1,2502,254.6279119229932
1,2503,328.87790276399375
1,2504,255.1961125726582
1,2505,251.21487158491516
1,2506,43.75679559665052
1,2507,255.73332589668442
1,2508,54.61811829033762
1,2509,41.625523811816706
1,2510,258.21414707006204
1,2511,266.9833856095876
1,2512,109.67922513296064
1,2513,212.18015093368263
1,2514,260.3022122823869
1,2515,272.3967322292838
1,2516,73.90309920454057
1,2517,43.76915525791476
1,2518,449.4693208395462
1,2519,259.50189450127493
1,2520,259.3792377608504
1,2521,62.45319614659458
1,2522,327.05328630712586
1,2523,82.479076336831
1,2524,270.64503308350197
1,2525,264.0306961089701
1,2526,274.82103549943696
1,2527,174.82743638414988
1,2528,259.5759566666793
1,2529,151.00813410287356
1,2530,73.68391701919646
1,2531,268.54504605076403
1,2532,73.69998891384273
1,2533,267.44851176088866
1,2534,262.66681725640626
1,2535,264.5225339314979
1,2536,82.09860517093968
1,2537,274.410560493707
1,2538,289.23210216782854
1,2539,281.9688655123963
1,2540,275.7664634165998
1,2541,104.17405670898455
1,2542,277.2728267566545
1,2543,161.8861817048354
1,2544,270.84336172199966
1,2545,74.0188469243936
1,2546,267.4531792304718
1,2547,272.76616662447566
1,2548,190.98549618673653
1,2549,288.9124220763882
1,2550,278.136360119988
1,2551,73.85012704946824
1,2552,339.4365686895069
1,2553,275.0928130591579
1,2554,55.592024616447475
1,2555,272.3207367235433
1,2556,277.32236441059035
1,2557,272.5615617263781
1,2558,275.9170418004918
1,2559,171.77456093480544
1,2560,177.15217591615584
1,2561,282.985713438369
1,2562,168.04309604334634
1,2563,270.39661607686617
1,2564,68.8222426627456
1,2565,276.24455908570894
1,2566,63.19222427991056
1,2567,272.99735016844994
1,2568,328.9684247269124
1,2569,112.866226754199
1,2570,269.9172081943455
1,2571,75.79663829807347
1,2572,270.44587773362434
1,2573,75.45882858478842
1,2574,256.1081265488807
1,2575,276.3006564704617
1,2576,203.03864936165348
1,2577,84.6950935861145
1,2578,277.97776223795245
1,2579,276.59681204744214
1,2580,277.3488228736186
1,2581,289.34611536530576
1,2582,272.39509984471727
1,2583,80.85485783718052
1,2584,267.57854677459284
1,2585,275.2878261852258
1,2586,224.63345219896834
1,2587,278.22901829401303
1,2588,76.94505375894266
1,2589,340.0127456934038
1,2590,279.23119222374703
1,2591,265.69456875932167
1,2592,23.65062569860146
1,2593,273.9564996202805
1,2594,272.59813546191685
1,2595,84.20447702761058
1,2596,206.09312141772733
1,2597,264.98784219435174
1,2598,75.80687040355485
1,2599,272.30846916966186
1,2600,75.82284201953209
1,2601,194.7153464629733
1,2602,83.19828889013294
1,2603,261.0560306506623
1,2604,278.6340636547184
1,2605,109.01006031866595
1,2606,273.7260657880578
1,2607,148.93137453865967
1,2608,275.4703944882559
1,2609,334.8725537805898
1,2610,281.95787235878663
1,2611,203.47720395610685
1,2612,272.03808176077007
1,2613,75.83574167654301
1,2614,271.95400287829625
1,2615,273.4559106940894
1,2616,84.67599352722294
1,2617,275.6089665542088
1,2618,192.07020960151206
1,2619,272.3965585369451
1,2620,75.73046986599158
1,2621,264.3776959350364
1,2622,274.1659852471348
1,2623,57.493966789823155
1,2624,84.57545204028541
1,2625,276.0255007435996
1,2626,75.966200418639
1,2627,222.7248264974855
1,2628,280.20450569587626
1,2629,283.47817658155816
1,2630,293.05045668691287
1,2631,290.62663147249464
1,2632,305.62947417822534
1,2633,262.71337123027473
1,2634,290.12927245754037
1,2635,72.17493712303282
1,2636,42.45744640765124
1,2637,257.5568678488494
1,2638,274.40862667215197
1,2639,60.76440300246571
1,2640,329.2815917053109
1,2641,80.1627166952831
1,2642,276.6430495698582
1,2643,276.92066132151905
1,2644,72.61302004470129
1,2645,225.01779156685797
1,2646,59.19116293025414
1,2647,280.1317649070782
1,2648,268.52122382300166
1,2649,72.96352227737042
1,2650,273.35264858201276
1,2651,188.1746122286409
1,2652,280.7431893344881
1,2653,73.50320708023135
1,2654,273.15235518284646
1,2655,268.3349791121369
1,2656,278.8306705904522
1,2657,195.28497787992285
1,2658,73.50811097503362
1,2659,276.8034329020343
1,2660,280.07652371336894
1,2661,68.20504427279978
1,2662,273.92466039241424
1,2663,326.4424154764637
1,2664,269.6428237202374
1,2665,71.21813467323368
1,2666,220.4738032664327
1,2667,274.29810091691945
1,2668,271.2331983366166
1,2669,257.5917029704878
1,2670,271.0998428345823
1,2671,54.05214522544511
1,2672,161.98186292480023
1,2673,262.5828620729575
1,2674,72.15336028598368
1,2675,265.1307033488876
1,2676,81.6775137829402
1,2677,265.38582593975195
1,2678,103.90584846036231
1,2679,275.67766772772404
1,2680,166.7946726654823
1,2681,151.28035317335247
1,2682,262.1955913973151
1,2683,20.956490261094718
1,2684,143.23766443909867
1,2685,72.75371687870242
1,2686,276.2345182363566
1,2687,61.48723439434316
1,2688,245.45021046190482
1,2689,82.59113930354397
1,2690,260.79391796981514
1,2691,276.225636736462
1,2692,73.40343334690675
1,2693,176.25694139047528
1,2694,292.57765436770694
1,2695,275.9132962559403
1,2696,106.95607335860126
1,2697,276.08072692205326
1,2698,73.89181133440766
1,2699,280.61972335344086
1,2700,258.66974968607065
1,2701,69.84058678508738
1,2702,265.16375590544396
1,2703,68.61209918115347
1,2704,124.26424034763745
1,2705,271.771128843288
1,2706,74.05151120284684
1,2707,60.96239769218744
1,2708,318.54583455472795
1,2709,75.310762551712
1,2710,271.4040326960753
1,2711,129.93821931242132
1,2712,75.33571461966804
1,2713,328.2207600724564
1,2714,320.45889829874204
1,2715,270.8941962659294
1,2716,263.2714272019777
1,2717,259.40406786976007
1,2718,261.80232165898144
1,2719,73.74711666466831
1,2720,255.67116376515395
1,2721,393.62556329823326
1,2722,73.73926668737974
1,2723,261.92528150275143
1,2724,257.4203588961411
1,2725,261.9967131985471
1,2726,175.92494498920294
1,2727,284.0138606611033
1,2728,265.70735397785666
1,2729,261.83908222529277
1,2730,276.78303799363687
1,2731,127.93399153925273
1,2732,258.5794339223023
1,2733,61.673098823218595
1,2734,263.6069060152282
1,2735,73.75216634439066
1,2736,175.98050705247962
1,2737,284.1614364039882
1,2738,162.82626254025885
1,2739,265.9639735661202
1,2740,16.934523079527214
1,2741,135.0820571552136
1,2742,68.16143185029156
1,2743,280.4302294444603
1,2744,59.20012821746538
1,2745,247.81899453062755
1,2746,80.46717524098497
1,2747,260.7560176648605
1,2748,279.0772407150025
1,2749,72.54325265054798
1,2750,174.48226133359756
1,2751,292.6092621754679
1,2752,273.85025976425345
1,2753,103.76848367197721
1,2754,269.20437809196403
1,2755,72.8529393340176
1,2756,270.3478481988699
1,2757,274.99405452871736
1,2758,72.55781517612252
1,2759,138.7906310873857
1,2760,259.3639532470049
1,2761,60.82084979788915
1,2762,270.71119799672465
1,2763,73.3535290346492
1,2764,275.3744195392871
1,2765,265.5489025976981
1,2766,54.8492454164584
1,2767,269.3003379160922
1,2768,267.770902231714
1,2769,71.87037929315385
1,2770,271.22815281592574
1,2771,66.06191213566188
1,2772,124.08238399168187
1,2773,268.74364917773954
1,2774,73.67955381174207
1,2775,61.651378189116514
1,2776,318.53079747030597
1,2777,73.83565782667358
1,2778,269.02230430002373
1,2779,128.05809663335657
1,2780,73.81798254536822
1,2781,329.4874524522951
1,2782,391.75496537124525
1,2783,74.00776819717396
1,2784,263.66195548826215
1,2785,260.09811640975965
1,2786,55.095890474727895
1,2787,263.8062809178984
1,2788,262.23993977610934
1,2789,321.07563103204825
1,2790,270.4850003203894
1,2791,263.3233063174327
1,2792,259.600494034937
1,2793,261.64253415471563
1,2794,74.77393028409702
1,2795,256.76300312066047
1,2796,65.2084017741922
1,2797,62.06916863105951
1,2798,264.07390363999286
1,2799,74.21990902233107
1,2800,175.92346782465418
1,2801,286.75026975459446
1,2802,243.89858188948722
1,2803,185.21449992200087
1,2804,127.82119824875818
1,2805,145.0425062545474
1,2806,284.26439649449884
1,2807,169.3936665236808
1,2808,165.69507935439833
1,2809,262.3095877315365
1,2810,73.74009902519022
1,2811,110.42130004078038
1,2812,262.761965290421
1,2813,280.51126507447566
1,2814,282.3131382255261
1,2815,68.34951748454186
1,2816,274.4538539148881
1,2817,117.68765846876138
1,2818,272.88729433459315
1,2819,267.45958026495794
1,2820,274.4514772176741
1,2821,188.72676468130283
1,2822,272.58122002706807
1,2823,60.68023477364796
1,2824,280.3914563376431
1,2825,267.10519260056265
1,2826,43.775860899706714
1,2827,265.50707264513557
1,2828,72.26910435727092
1,2829,171.97641386424453
1,2830,492.7111190831104
1,2831,271.62678065885535
1,2832,270.3463040189864
1,2833,72.11239753245445
1,2834,257.73650669836786
1,2835,189.93008966443665
1,2836,45.30034381981022
1,2837,269.5573302853866
1,2838,268.7100377011849
1,2839,73.30071254692716
1,2840,516.7333571307208
1,2841,54.735861138550575
1,2842,270.5415966621675
1,2843,43.28110149322092
1,2844,262.85340502106123
1,2845,280.48896345664826
1,2846,253.54995298801006
1,2847,259.40551442933395
1,2848,166.10199707466307
1,2849,201.66926271953264
1,2850,73.82191549814202
1,2851,257.11808586560926
1,2852,73.86212046881259
1,2853,227.8981935328705
1,2854,82.20962197494795
1,2855,275.7145485727713
1,2856,260.9850728988064
1,2857,74.00776819717396
1,2858,269.68529016377045
1,2859,261.874578086422
1,2860,45.44267506455872
1,2861,256.94273012508603
1,2862,55.192628702798615
1,2863,75.28107168611695
1,2864,457.0359335388879
1,2865,75.30602375407298
1,2866,46.69620722966464
1,2867,265.0739690679499
1,2868,260.1918017330728
1,2869,74.74287665493956
1,2870,294.3071939854606
1,2871,268.85792945716764
1,2872,254.4454469789834
1,2873,281.87727088572126
1,2874,68.35565758638154
1,2875,274.01798657508334
1,2876,79.62341304077682
1,2877,282.0604185912076
1,2878,450.39167127902385
1,2879,267.4519939318975
1,2880,72.5368655739823
1,2881,273.8506059376183
1,2882,170.28730371241542
1,2883,81.14440805903745
1,2884,197.2855165715945
1,2885,271.7249909683338
1,2886,77.73442945108162
1,2887,268.9341978620792
1,2888,270.20184559135816
1,2889,53.93737383989942
1,2890,170.5533881361709
1,2891,200.08712099042702
1,2892,271.5960520640622
1,2893,61.701582605684436
1,2894,232.74617865987818
1,2895,267.4577714861595
1,2896,54.81434904977121
1,2897,81.66907632303149
1,2898,272.9846185944874
1,2899,270.3618487685885
1,2900,35.079249458674894
1,2901,109.0492613920104
1,2902,166.43871046961522
1,2903,201.60191589996856
1,2904,72.78094720989283
1,2905,163.705648948134
1,2906,217.34314617337668
1,2907,73.68569391358174
1,2908,61.60977584656207
1,2909,264.9384372871818
1,2910,276.14419843673966
1,2911,268.649936857512
1,2912,258.7280068678073
1,2913,107.07853138840937
1,2914,273.92093363239667
1,2915,270.49996795602993
1,2916,79.36748501987853
1,2917,258.9261714474883
1,2918,73.49261137954636
1,2919,223.58147692931675
1,2920,264.3571106016951
1,2921,166.7050602330133
1,2922,262.63413979491685
1,2923,106.59027283680946
1,2924,268.6751884539291
1,2925,270.2167201103091
1,2926,56.28151730689501
1,2927,209.20171582291837
1,2928,268.85519279310256
1,2929,75.28194593867374
1,2930,258.0724860357483
1,2931,73.6824038811829
1,2932,257.7081078387181
1,2933,263.7463509797244
1,2934,270.77185230625787
1,2935,266.60210666971534
1,2936,73.71571592362436
1,2937,260.77866758739464
1,2938,191.77449160499538
1,2939,260.9720157067138
1,2940,274.29338966503485
1,2941,165.72275435163033
1,2942,256.3585260773756
1,2943,73.2040540501158
1,2944,259.1244808679281
1,2945,73.77374781124043
1,2946,262.4368015578207
1,2947,262.19632065837686
1,2948,73.18479849211579
1,2949,268.4515894983205
1,2950,61.65363271993418
1,2951,263.23739662140326
1,2952,73.75991869938396
1,2953,271.5961233729821
1,2954,269.1064046649452
1,2955,61.505786882111664
1,2956,260.57599932600095
1,2957,260.6730105657902
1,2958,327.79288844000274
1,2959,74.0460722107704
1,2960,274.6867664952213
1,2961,73.31043722810426
1,2962,286.0201336977636
1,2963,60.18093552243194
1,2964,263.2728927621114
1,2965,276.29939602176836
1,2966,74.04647928194836
1,2967,268.4106294123336
1,2968,341.70872659350607
1,2969,272.9113798239378
1,2970,73.3281527326188
1,2971,266.98848494997355
1,2972,262.3312489106646
1,2973,110.45837232482941
1,2974,167.0792064873262
1,2975,260.64058106502193
1,2976,313.16524598550427
1,2977,71.76607902157437
1,2978,289.0851191099972
1,2979,24.221529054134542
1,2980,440.8868490318493
1,2981,50.52442789541565
1,2982,420.4761555704147
1,2983,275.18957955766837
1,2984,262.7377661307701
1,2985,289.8410418251317
1,2986,253.562287396279
1,2987,51.20464350107616
1,2988,297.1906182531129
1,2989,278.6013598449133
1,2990,75.7057699746375
1,2991,279.50747762235676
1,2992,173.42920894647915
1,2993,167.05844320388377
1,2994,290.12984888152005
1,2995,434.3078541902554
1,2996,83.36190388009189
1,2997,170.61451362508424
1,2998,327.67775259069117
1,2999,299.4193523514533
1,3000,298.82502337833586
1,3001,60.06999193161724
1,3002,304.5289116822235
1,3003,192.9938166234581
1,3004,85.17234607182088
1,3005,66.44435179849626
1,3006,281.6213034254148
1,3007,76.22864311474403
1,3008,306.8157350934143
1,3009,303.5852446938678
1,3010,51.32014925559457
1,3011,294.5183044531158
1,3012,76.59992423538671
1,3013,495.7815877092188
1,3014,122.3478540338701
1,3015,280.12180543850707
1,3016,76.31632201164327
1,3017,278.7938171972287
1,3018,180.53556290077512
1,3019,264.8641839208717
1,3020,297.60962842204174
1,3021,68.97917707122437
1,3022,302.9901719794369
1,3023,287.63482563079026
1,3024,123.49292656036657
1,3025,304.4167694525139
1,3026,160.64710470418206
1,3027,287.80637724005874
1,3028,280.6041831212722
1,3029,77.8610279477145
1,3030,292.1073740452739
1,3031,290.99424824696246
1,3032,241.7121680215267
1,3033,286.0842111848109
1,3034,123.22701383720931
1,3035,277.70050359711223
1,3036,83.70127312778251
1,3037,230.9455523428864
1,3038,77.33407762676899
1,3039,294.9553266205689
1,3040,303.70295454858393
1,3041,300.6878110105017
1,3042,59.87441460089503
1,3043,306.74227735155034
1,3044,196.7368008148738
1,3045,290.3825584683109
1,3046,76.70711401976843
1,3047,531.5373770727276
1,3048,70.11401662573857
1,3049,355.6021718691868
1,3050,290.40850723070787
1,3051,386.83823149884984
1,3052,309.0778364941268
1,3053,120.78571156600285
1,3054,66.01203847742619
1,3055,289.0287691255053
1,3056,83.23910873936161
1,3057,282.19150217317997
1,3058,211.40068215509115
1,3059,282.2291692378831
1,3060,77.09730102740504
1,3061,291.87760330352705
1,3062,165.31473620829692
1,3063,171.47513578242166
1,3064,289.78653404786473
1,3065,282.23355446169364
1,3066,608.4369622028223
1,3067,59.58903716538443
1,3068,196.92873096026668
1,3069,289.53348681133815
1,3070,304.0581999802776
1,3071,296.6751098535898
1,3072,293.8807171656464
1,3073,281.2136860268921
1,3074,292.62402053389536
1,3075,59.07344879357081
1,3076,294.7831893090001
1,3077,75.69787731535088
1,3078,278.6100751993955
1,3079,210.02228409587846
1,3080,290.65006826027
1,3081,112.9396031811127
1,3082,300.27482964672566
1,3083,269.04827642656085
1,3084,59.658781076431076
1,3085,307.87477813220124
1,3086,283.59334463253083
1,3087,83.53817051618647
1,3088,273.70036536945895
1,3089,75.35202684594884
1,3090,170.84355359419266
1,3091,275.820734763465
1,3092,291.0160309693377
1,3093,279.22955751354164
1,3094,208.83462286948847
1,3095,76.42594369276037
1,3096,147.65947363112912
1,3097,76.4582001515616
1,3098,283.58296442439894
1,3099,322.228823267793
1,3100,274.5424354254207
1,3101,198.82177301218985
1,3102,275.1946738228396
1,3103,74.1934751948752
1,3104,281.9419731884823
1,3105,172.0579310587745
1,3106,276.1255123192869
1,3107,76.73075977995062
1,3108,261.62247780574774
1,3109,83.80803298028778
1,3110,291.1744445997297
1,3111,58.01676797385244
1,3112,348.1654118859077
1,3113,279.0837029073861
1,3114,272.92227831277523
1,3115,275.94796988777705
1,3116,277.56011823802885
1,3117,289.1371167191101
1,3118,122.74458650926496
1,3119,279.7830939397648
1,3120,268.5981085505958
1,3121,286.22223122423344
1,3122,78.37934330893306
1,3123,272.5317967983387
1,3124,53.30761794667381
1,3125,278.6637628129098
1,3126,276.8904512973242
1,3127,61.59076286493116
1,3128,306.04766128489973
1,3129,276.59107143130757
1,3130,214.30737633560835
1,3131,275.21526763528414
1,3132,280.15632041998737
1,3133,275.50507433932563
1,3134,288.2005724893729
1,3135,203.62024248595512
1,3136,205.47963483307893
1,3137,274.8237350508297
1,3138,305.6016867400823
1,3139,261.1707947259431
1,3140,248.2195952622293
1,3141,157.86045014101478
1,3142,216.66312011519344
1,3143,59.11424129838556
1,3144,279.9439851913467
1,3145,269.0730324844634
1,3146,284.55959834045825
1,3147,273.8139077872104
1,3148,265.23444887560095
1,3149,75.72082775471675
1,3150,266.7007424946186
1,3151,128.3446728166931
1,3152,275.6209505315063
1,3153,75.42433388025698
1,3154,274.517660307245
1,3155,113.38389475388338
1,3156,269.35091296788505
1,3157,290.64499550834466
1,3158,89.20076157334434
1,3159,280.5431600913991
1,3160,296.1684633032686
1,3161,290.0114926794264
1,3162,293.5959669455435
1,3163,279.61178439901056
1,3164,88.73236579104287
1,3165,344.32619555052395
1,3166,85.21911508827787
1,3167,310.71779090788345
1,3168,275.2347987337007
1,3169,76.38780067916429
1,3170,217.41131550916884
1,3171,279.954644559029
1,3172,85.33327777762713
1,3173,276.9780573704109
1,3174,76.64010177082072
1,3175,280.83535293756006
1,3176,76.6803067414913
1,3177,268.92287323474363
1,3178,117.88752211229085
1,3179,496.7175195927755
1,3180,89.11470374381088
1,3181,231.13107025288159
1,3182,278.02331473893923
1,3183,274.4036220945948
1,3184,84.00420970088182
1,3185,66.79608368620953
1,3186,341.3931533360252
1,3187,78.18840492963687
1,3188,301.978670440041
1,3189,78.85201591579275
1,3190,149.61971686166706
1,3191,315.8825607092939
1,3192,90.92852201736815
1,3193,452.8558470925552
1,3194,86.18495637720682
1,3195,281.5985528334459
1,3196,181.8778853204766
1,3197,286.5852837676953
1,3198,269.65024487403895
1,3199,286.1358574762844
1,3200,157.9693805451923
1,3201,230.35714516796222
1,3202,275.297504673761
1,3203,77.4046737822307
1,3204,286.59957860150496
1,3205,273.7831375174188
1,3206,280.2567921663758
1,3207,181.50563179622281
1,3208,118.98776353833208
1,3209,285.9416730254437
1,3210,274.3364193216713
1,3211,52.092707960973314
1,3212,241.02895986863834
1,3213,279.8253971695617
1,3214,282.2108118186445
1,3215,189.73851714736338
1,3216,60.82928983069175
1,3217,290.7079619483345
1,3218,181.85479899522107
1,3219,283.2330383825948
1,3220,274.08450125500514
1,3221,299.88810854322435
1,3222,263.0849266509073
1,3223,276.4162780233994
1,3224,160.68425397508116
1,3225,217.49832110962367
1,3226,77.12908793749506
1,3227,292.2663707734815
1,3228,77.14173760991912
1,3229,276.0974040666306
1,3230,61.45847062504268
1,3231,77.1396977864508
1,3232,289.1745645235385
1,3233,343.564921301443
1,3234,209.5802839670106
1,3235,281.6242702386452
1,3236,192.29134493699542
1,3237,281.79115495256957
1,3238,71.69717125114701
1,3239,282.4338434881092
1,3240,123.47915596503276
1,3241,302.8984894279439
1,3242,280.5459571534232
1,3243,324.0974560403248
1,3244,216.0323294476253
1,3245,303.38490754153463
1,3246,299.5285125707567
1,3247,318.64491111166984
1,3248,274.27552818987436
1,3249,499.1939995186416
1,3250,279.6364343049137
1,3251,244.3898565998798
1,3252,75.78046287688065
1,3253,278.6398099611388
1,3254,75.84222994788858
1,3255,266.9149017591851
1,3256,287.6897848107608
1,3257,281.52604384490644
1,3258,60.01189679659806
1,3259,274.19140138133207
1,3260,279.90510135677147
1,3261,279.62090620887534
1,3262,387.3075357792199
1,3263,279.65978987699714
1,3264,136.10816395522426
1,3265,115.94986507469616
1,3266,88.88077576301296
1,3267,280.58301162858334
1,3268,280.6170255677247
1,3269,277.8231555243141
1,3270,288.8888850468593
1,3271,378.23277756870925
1,3272,275.8401855599625
1,3273,321.09099227610534
1,3274,293.3175723722171
1,3275,60.73010776401133
1,3276,310.58968743388505
1,3277,269.9786175954266
1,3278,267.6655513916445
1,3279,270.0343594000018
1,3280,267.6750577944121
1,3281,76.8103411165458
1,3282,262.9004964591501
1,3283,280.64484754755324
1,3284,119.1241409538316
1,3285,265.2820699088651
1,3286,267.81127431370203
1,3287,267.5191293896903
1,3288,267.55713217043893
1,3289,275.9151778202284
1,3290,119.53865625622232
1,3291,273.58075212225333
1,3292,280.19477703407284
1,3293,277.0661350028854
1,3294,126.09191203205428
1,3295,291.61986215667844
1,3296,297.624785062374
1,3297,292.87354498805666
1,3298,278.6627902783166
1,3299,64.01940149836157
1,3300,268.0794784571152
1,3301,86.90734183785713
1,3302,273.4910247269467
1,3303,279.56154040274635
1,3304,270.791927977492
1,3305,61.5870458408131
1,3306,51.81688959046169
1,3307,277.82820937873623
1,3308,77.66807205575455
1,3309,278.54661500522263
1,3310,302.60207145451983
1,3311,310.2968458567726
1,3312,201.25529226427184
1,3313,292.06183046857626
1,3314,189.69908685860355
1,3315,274.4246306663574
1,3316,59.82105662628839
1,3317,199.9220930470575
1,3318,290.78000646905855
1,3319,158.49575223756756
1,3320,237.37037081184434
1,3321,279.4326582050806
1,3322,185.43429807633504
1,3323,71.69378149606021
1,3324,282.4192728949689
1,3325,287.3752349021447
1,3326,298.1968057566236
1,3327,206.31182770911698
1,3328,292.3222382488192
1,3329,160.48291437804224
1,3330,238.62832917919326
1,3331,280.98956186914273
1,3332,84.36537072124335
1,3333,287.50412042111634
1,3334,76.84410916853832
1,3335,282.7693557633772
1,3336,77.15378052390778
1,3337,161.26392758033836
1,3338,320.31469445783216
1,3339,279.89682810791896
1,3340,226.80932179069725
1,3341,283.81774131402585
1,3342,283.7378929715512
1,3343,136.61093517721713
1,3344,279.38539388802263
1,3345,277.0054928454274
1,3346,94.41881050368386
1,3347,353.3115597842515
1,3348,320.6765413024143
1,3349,279.56866661574094
1,3350,268.3185370915893
1,3351,267.9725755252613
1,3352,77.22875140714507
1,3353,280.72347982399947
1,3354,78.30146429393113
1,3355,324.8049021133636
1,3356,76.2133894652875
1,3357,283.3241224741664
1,3358,295.3273981280295
1,3359,278.62834562238396
1,3360,80.18895385623169
1,3361,287.8332692042261
1,3362,323.5219725224187
1,3363,299.44791366037055
1,3364,285.1803964173518
1,3365,283.10467391503
1,3366,52.15255558019915
1,3367,286.7417407446925
1,3368,288.11292847953644
1,3369,277.8720233000829
1,3370,301.700002426312
1,3371,302.29207749037226
1,3372,74.57331162214916
1,3373,84.71599632481114
1,3374,294.68870561670053
1,3375,290.815705759331
1,3376,278.1577862478615
1,3377,279.15223714865203
1,3378,280.49968974464326
1,3379,288.69818455232917
1,3380,280.91705093079827
1,3381,306.23472720354897
1,3382,283.19645120806035
1,3383,312.12810481875846
1,3384,297.55117435523016
1,3385,286.4514369387626
1,3386,321.96697143560147
1,3387,286.03144646154925
1,3388,60.5484165964448
1,3389,286.7687339724958
1,3390,286.1111281412782
1,3391,279.16099602190104
1,3392,297.5985133268755
1,3393,260.0153346346672
1,3394,281.44522355561566
1,3395,281.97108540268346
1,3396,52.88447046804548
1,3397,171.58651036193888
1,3398,280.19688463076665
1,3399,296.39459881515955
1,3400,298.643133973389
1,3401,286.9810028743351
1,3402,279.35497018073573
1,3403,284.0314949621231
1,3404,77.9153535590764
1,3405,86.60202490537404
1,3406,297.07804181480617
1,3407,302.18778833346187
1,3408,281.3204665296446
1,3409,274.5981010331393
1,3410,61.56581632565997
1,3411,277.22037764621103
1,3412,78.32107062740211
1,3413,184.3466399816652
1,3414,321.32437097127746
1,3415,289.6945956513252
1,3416,288.17145956416437
1,3417,50.41698634461179
1,3418,306.4743447793163
1,3419,74.18100937385977
1,3420,335.1274580036727
1,3421,293.40986944602605
1,3422,76.81658981002288
1,3423,85.659436543478
1,3424,304.7543693243955
1,3425,288.20514897320123
1,3426,86.04156078816793
1,3427,289.4036909841546
1,3428,280.4043983302076
1,3429,282.8665033156011
1,3430,60.500819430321464
1,3431,289.6569797083943
1,3432,85.81272590396364
1,3433,280.075551734995
1,3434,169.66911296807677
1,3435,293.62891396966313
1,3436,287.28329393226545
1,3437,295.4082236162557
1,3438,291.29485662651837
1,3439,518.9607784068945
1,3440,293.0397436715166
1,3441,303.4548126770066
1,3442,289.8207276135213
1,3443,288.2615640414791
1,3444,61.36603551162796
1,3445,296.35197133254235
1,3446,86.47357635436327
1,3447,286.26016070276467
1,3448,285.97655149656885
1,3449,44.15644433157955
1,3450,281.9992751413449
1,3451,72.28815626634334
1,3452,276.21326461266926
1,3453,179.13668899488135
1,3454,291.40783970373303
1,3455,78.10307223194768
1,3456,286.6351139587145
1,3457,78.08424837921375
1,3458,279.93581123234037
1,3459,61.60494567262545
1,3460,78.35268528534189
1,3461,284.25724605345385
1,3462,214.1490616251471
1,3463,284.1317090324099
1,3464,369.99550492647427
1,3465,290.13059900656685
1,3466,309.46838640573696
1,3467,299.44136427116143
1,3468,287.92361898639007
1,3469,76.85332288499274
1,3470,289.21654861259196
1,3471,77.46666209579817
1,3472,86.54514938497947
1,3473,295.1016312260969
1,3474,122.39664662371241
1,3475,290.6437565090971
1,3476,285.3592432133616
1,3477,84.96218742469728
1,3478,292.28058505353744
1,3479,288.7793367926064
1,3480,67.17123695854562
1,3481,295.8933730366061
1,3482,77.0932864022114
1,3483,286.1042114363942
1,3484,281.2918948553061
1,3485,298.386262561094
1,3486,295.0934124513445
1,3487,215.0056143476748
1,3488,293.6747143213694
1,3489,296.1890902676494
1,3490,300.99332392363317
1,3491,289.75176237248945
1,3492,362.04047282669706
1,3493,273.7523821702366
1,3494,21.404266702231524
1,3495,224.1110117745767
1,3496,301.32844778243674
1,3497,280.75988510779723
1,3498,85.32176040197992
1,3499,215.71179778177472
1,3500,302.5782822469336
1,3501,61.56997248415129
1,3502,295.1825972871519
1,3503,121.40820089940746
1,3504,374.8243981798936
1,3505,295.70267176821125
1,3506,207.1829315875654
1,3507,78.15288636989467
1,3508,279.8941190347163
1,3509,85.39310474964782
1,3510,359.18820068678286
1,3511,292.9161973185969
1,3512,296.0975621852915
1,3513,283.7992017372005
1,3514,120.87400352782906
1,3515,296.43763712478335
1,3516,293.8515372549516
1,3517,287.8502692905374
1,3518,298.119167709002
1,3519,121.87432854905539
1,3520,386.83980864460545
1,3521,286.0330755140413
1,3522,288.9394835197247
1,3523,293.1438360854411
1,3524,67.08500376171037
1,3525,286.832599196525
1,3526,188.1760098911608
1,3527,77.04670455110197
1,3528,292.71615463097396
1,3529,60.45729605905128
1,3530,76.93161251967685
1,3531,291.9164159047989
1,3532,289.2454922296447
1,3533,60.529353515022365
1,3534,77.24561679059039
1,3535,255.74416532115083
1,3536,181.3296947988907
1,3537,67.86152444129735
1,3538,336.1499581267485
1,3539,293.05212975382284
1,3540,77.60157908658611
1,3541,299.13201381133194
1,3542,38.21489789618035
1,3543,77.6256506907308
1,3544,289.27497532287174
1,3545,61.31256159129
1,3546,291.32236940511075
1,3547,292.0953564249245
1,3548,206.84023863840997
1,3549,295.9089826004879
1,3550,77.77776298519579
1,3551,287.3556502378593
1,3552,288.38472543337474
1,3553,279.21439895228775
1,3554,258.7918275382016
1,3555,280.8408404316583
1,3556,297.89510155209894
1,3557,181.26241348743324
1,3558,295.73812302012095
1,3559,78.1899825397066
1,3560,301.9222042864191
1,3561,63.82344618048509
1,3562,79.31988651779852
1,3563,300.5178848138572
1,3564,299.0063038248923
1,3565,182.5316109919051
1,3566,328.19499859002735
1,3567,274.1592763614186
1,3568,298.821156117369
1,3569,78.4111332818324
1,3570,282.2852109239293
1,3571,121.79302257908758
1,3572,366.74539804286246
1,3573,296.0615691629066
1,3574,181.4874488920007
1,3575,287.60448728704256
1,3576,356.8860204001455
1,3577,267.9288979100377
1,3578,289.6525887345232
1,3579,213.34041335930408
1,3580,308.66475423639906
1,3581,291.41584795728625
1,3582,307.41687231218856
1,3583,643.6974278859495
1,3584,295.2437210258827
1,3585,77.86460701540682
1,3586,297.67455840162535
1,3587,299.5339181797214
1,3588,290.7018023893488
1,3589,292.99699159479803
1,3590,90.38267834808761
1,3591,297.6735535689555
1,3592,299.17642232997065
1,3593,292.9187994897115
1,3594,291.6551690043692
1,3595,310.26191815125804
1,3596,215.83221061778832
1,3597,288.35610310648474
1,3598,301.1700419595438
1,3599,289.611517071413
1,3600,281.8270216487073
1,3601,303.8642816793583
1,3602,319.5987179365558
1,3603,316.8748888124941
1,3604,57.680943767564486
1,3605,306.4883752346572
1,3606,268.6824649103148
1,3607,246.3076957527885
1,3608,274.55096862135684
1,3609,76.67753447186313
1,3610,52.43693047489797
1,3611,117.3356125259078
1,3612,163.06224131803094
1,3613,267.9585876615188
1,3614,270.3042158506862
1,3615,76.69683176723106
1,3616,277.4786896086965
1,3617,76.49429710241931
1,3618,278.5855003532736
1,3619,304.50941486188145
1,3620,271.4970024203693
1,3621,25.371347403933
1,3622,294.5330842843507
1,3623,84.19210193475647
1,3624,279.9208600410907
1,3625,77.45736568946006
1,3626,280.9511631073392
1,3627,52.521170606797
1,3628,274.94386021582886
1,3629,278.1000601064119
1,3630,289.9300046181321
1,3631,301.4973722913693
1,3632,135.81535001249736
1,3633,197.98585790267782
1,3634,86.16122921995556
1,3635,282.6518750329567
1,3636,285.27581504442
1,3637,26.107805186268436
1,3638,292.8175882588992
1,3639,96.96986658578413
1,3640,79.70203720653504
1,3641,225.32465188186714
1,3642,61.23501913752337
1,3643,297.86529889324527
1,3644,70.2009045082066
1,3645,281.021165904316
1,3646,84.91542484019124
1,3647,293.5642117496591
1,3648,220.4169962020434
1,3649,279.2358470322241
1,3650,78.00788631763164
1,3651,288.5551281827475
1,3652,298.2988599947804
1,3653,280.0431815830682
1,3654,125.80764837946151
1,3655,297.15770003090734
1,3656,87.75494661838619
1,3657,125.88944891724681
1,3658,279.1367808467545
1,3659,164.24840345993607
1,3660,279.14722550078704
1,3661,188.95489746195227
1,3662,76.37902703042826
1,3663,305.8498351755429
1,3664,278.0768217603413
1,3665,278.61092495910435
1,3666,261.57951130287836
1,3667,304.9124509145944
1,3668,61.217857724704764
1,3669,306.6667622737193
1,3670,278.60941284678836
1,3671,410.20656890055807
1,3672,282.0331759395635
1,3673,77.65500210912134
1,3674,306.24867512635814
1,3675,61.218780088867454
1,3676,282.4357415753516
1,3677,287.273229445758
1,3678,38.48792706161934
1,3679,279.11138208548584
1,3680,77.66096599394955
1,3681,287.9472454915261
1,3682,307.8898132773734
1,3683,301.0425740543888
1,3684,286.0910686815967
1,3685,299.6097230554808
1,3686,290.6323362803561
1,3687,302.60479811939416
1,3688,295.5831687107897
1,3689,286.58285194345456
1,3690,289.88832711336187
1,3691,76.63790742191831
1,3692,295.25549423823213
1,3693,304.4992312430128
1,3694,288.61530328891007
1,3695,280.56050331018014
1,3696,76.80113909064723
1,3697,288.18900548717414
1,3698,300.32493797813737
1,3699,71.05656075258179
1,3700,278.4799162054479
1,3701,260.7948587021257
1,3702,64.91513132474873
1,3703,275.6485176303328
1,3704,265.75207728528886
1,3705,52.5305959499902
1,3706,341.48028720853625
1,3707,284.3351222228205
1,3708,290.4169891940013
1,3709,280.88946128200325
1,3710,280.34299278130254
1,3711,75.75492475537312
1,3712,273.39079738009326
1,3713,84.8139130325975
1,3714,274.9553305921137
1,3715,290.4591977847234
1,3716,280.00036305603044
1,3717,285.55792169155836
1,3718,280.1003812233106
1,3719,75.4265264954224
1,3720,271.81807023949887
1,3721,289.83262663180096
1,3722,60.18852377544112
1,3723,275.8450270214333
1,3724,273.8035270582567
1,3725,118.4938093100624
1,3726,272.83550701611506
1,3727,71.06588237274114
1,3728,270.57038892899334
1,3729,248.0696347349368
1,3730,118.50483774593776
1,3731,274.3156506675614
1,3732,75.9752487178965
1,3733,274.31972547585156
1,3734,289.1353100222789
1,3735,279.74327402528695
1,3736,76.79415351912489
1,3737,276.14627899857675
1,3738,269.6980024760777
1,3739,69.24960144289018
1,3740,267.2805923794939
1,3741,269.47940062818645
1,3742,76.51474774858104
1,3743,271.30704988700006
1,3744,274.49676665110127
1,3745,285.6423490855627
1,3746,76.71351780092755
1,3747,256.8150575646197
1,3748,300.1204094900856
1,3749,304.78283910715976
1,3750,161.91141925494753
1,3751,236.3648076668523
1,3752,274.05071564138524
1,3753,276.72201984031216
1,3754,86.22499897204355
1,3755,282.63565287483556
1,3756,122.22152074606032
1,3757,180.27365631753196
1,3758,270.81830680567884
1,3759,77.49729166836232
1,3760,275.8453638769312
1,3761,84.41390523367869
1,3762,180.78880100182073
1,3763,177.08245051094173
1,3764,272.4844820583473
1,3765,77.02531319849783
1,3766,179.63446345872245
1,3767,277.17760206720004
1,3768,277.96216443179276
1,3769,280.11574454260847
1,3770,239.1836875274831
1,3771,260.45308156151793
1,3772,278.35108868025134
1,3773,273.28831156580475
1,3774,272.91856774447496
1,3775,254.2368394111914
1,3776,309.8860236770157
1,3777,266.32626417162766
1,3778,330.94328036889465
1,3779,58.71173351617085
1,3780,324.6251795767889
1,3781,78.21881817820777
1,3782,258.6721915949538
1,3783,68.78193815912839
1,3784,261.01224158629947
1,3785,182.87736937999546
1,3786,263.597060402741
1,3787,69.67989440373873
1,3788,216.63364131217548
1,3789,263.64482150605664
1,3790,260.0350621850671
1,3791,294.95839689792905
1,3792,268.10470155032084
1,3793,273.57738027287553
1,3794,41.44962000146731
1,3795,273.02124055494266
1,3796,264.29880992485784
1,3797,270.4505282874463
1,3798,71.46223891583654
1,3799,262.08937790023487
1,3800,273.2572733785289
1,3801,271.2595819346677
1,3802,71.5770478949977
1,3803,259.65833671079827
1,3804,267.6234623279212
1,3805,259.1090364483278
1,3806,80.04977933949863
1,3807,263.1633434432217
1,3808,72.04446986611245
1,3809,221.84885891960508
1,3810,263.26751735810365
1,3811,263.8348279149988
1,3812,260.4258526534467
1,3813,72.38325024055935
1,3814,254.01592116292798
1,3815,260.92216017053954
1,3816,53.80726148715698
1,3817,264.11142963456206
1,3818,271.5455621737956
1,3819,263.5633138783514
1,3820,275.79600357757187
1,3821,254.59693219057075
1,3822,53.851728583558526
1,3823,256.6938231606086
1,3824,221.09705363924863
1,3825,263.06107019160464
1,3826,268.3109698888129
1,3827,261.0097817167655
1,3828,59.253841202453415
1,3829,261.34730053435413
1,3830,481.2009609393409
1,3831,57.9871273703966
1,3832,279.3065528182642
1,3833,254.93163118995585
1,3834,114.5003771064279
1,3835,256.79173181674037
1,3836,285.8685517656028
1,3837,261.76099069521194
1,3838,66.65744581203651
1,3839,258.04609586003596
1,3840,153.12544641913536
1,3841,325.90998173853166
1,3842,71.54264576564498
1,3843,260.99422395909835
1,3844,151.01108339648718
1,3845,68.18631812161246
1,3846,119.06514012017837
1,3847,258.7184192648093
1,3848,71.68605181636417
1,3849,39.59335911948608
1,3850,219.37888827504162
1,3851,262.1208659276909
1,3852,265.3835755260411
1,3853,257.12752038244264
1,3854,53.09502178782839
1,3855,256.5568203004252
1,3856,71.67873953666343
1,3857,265.21451639517494
1,3858,170.21089367467874
1,3859,256.93861687637326
1,3860,72.55028690412804
1,3861,268.51671372448675
1,3862,54.05529865994062
1,3863,266.53714344550696
1,3864,185.47079515331006
1,3865,266.97036066343355
1,3866,72.65603691312872
1,3867,275.09041868262887
1,3868,95.40782298929989
1,3869,262.3896091560137
1,3870,54.22938078609755
1,3871,257.35510530857306
1,3872,193.40262033289667
1,3873,271.75661528213874
1,3874,267.902580538444
1,3875,254.9258353336049
1,3876,72.94469976164616
1,3877,222.59159248215644
1,3878,261.13297208347313
1,3879,42.56058743873101
1,3880,256.4823375309105
1,3881,318.38648128933306
1,3882,262.78603247982335
1,3883,256.3901989368861
1,3884,73.77548498406108
1,3885,261.71486017996574
1,3886,354.7797240419885
1,3887,189.92125189069364
1,3888,256.8531581499549
1,3889,74.42355635454946
1,3890,222.42884896398658
1,3891,262.07384057659505
1,3892,55.66113118184914
1,3893,170.51482249676215
1,3894,257.1276511526803
1,3895,248.95770097690976
1,3896,263.27200129119115
1,3897,270.1373545850365
1,3898,258.29719769409155
1,3899,100.61309173957123
1,3900,275.9651039460123
1,3901,321.8685109435065
1,3902,105.86979022998233
1,3903,260.5877104099139
1,3904,71.84246068919832
1,3905,262.1992772673334
1,3906,186.60382627534278
1,3907,260.6516174061806
1,3908,71.85412753716638
1,3909,216.8192294398399
1,3910,261.3264931526763
1,3911,277.51468534753553
1,3912,258.62734996161566
1,3913,271.1873118915977
1,3914,64.67869541721349
1,3915,257.16797851383615
1,3916,108.62688719701256
1,3917,301.5393454843572
1,3918,258.73922560881147
1,3919,194.22687896946832
1,3920,82.22919699939956
1,3921,266.85419509964476
1,3922,264.2106367935076
1,3923,270.9944970713378
1,3924,72.79074277109784
1,3925,260.5583151623507
1,3926,267.02889566640107
1,3927,54.47047815609483
1,3928,168.66527000415846
1,3929,273.8549352487868
1,3930,45.35618675169647
1,3931,271.2016816865082
1,3932,257.5962977320164
1,3933,73.55028354735308
1,3934,261.4112382345355
1,3935,329.23370753575796
1,3936,255.43198750726302
1,3937,73.3230601206004
1,3938,222.70120187964895
1,3939,267.47860805444066
1,3940,257.65517716112777
1,3941,257.9065029678985
1,3942,103.83351240157188
1,3943,258.45729961232166
1,3944,272.21131199303414
1,3945,54.87770293012781
1,3946,373.8814122041899
1,3947,200.5883299198881
1,3948,69.40182659719473
1,3949,272.018216835881
1,3950,277.8667975419569
1,3951,261.2921601029039
1,3952,146.38279639963577
1,3953,232.34663427900614
1,3954,195.56425066319565
1,3955,74.35940103303287
1,3956,254.6279119229932
1,3957,328.87790276399375
1,3958,255.1961125726582
1,3959,251.21487158491516
1,3960,43.75679559665052
1,3961,255.73332589668442
1,3962,54.61811829033762
1,3963,41.625523811816706
1,3964,258.21414707006204
1,3965,266.9833856095876
1,3966,109.67922513296064
1,3967,212.18015093368263
1,3968,260.3022122823869
1,3969,272.3967322292838
1,3970,73.90309920454057
1,3971,43.76915525791476
1,3972,449.4693208395462
1,3973,259.50189450127493
1,3974,259.3792377608504
1,3975,62.45319614659458
1,3976,327.05328630712586
1,3977,82.479076336831
1,3978,270.64503308350197
1,3979,264.0306961089701
1,3980,274.82103549943696
1,3981,174.82743638414988
1,3982,259.5759566666793
1,3983,151.00813410287356
1,3984,73.68391701919646
1,3985,268.54504605076403
1,3986,73.69998891384273
1,3987,267.44851176088866
1,3988,262.66681725640626
1,3989,264.5225339314979
1,3990,82.09860517093968
1,3991,274.410560493707
1,3992,289.23210216782854
1,3993,281.9688655123963
1,3994,275.7664634165998
1,3995,104.17405670898455
1,3996,277.2728267566545
1,3997,161.8861817048354
1,3998,270.84336172199966
1,3999,74.0188469243936
1,4000,267.4531792304718
1,4001,272.76616662447566
1,4002,190.98549618673653
1,4003,288.9124220763882
1,4004,278.136360119988
1,4005,73.85012704946824
1,4006,339.4365686895069
1,4007,275.0928130591579
1,4008,55.592024616447475
1,4009,272.3207367235433
1,4010,277.32236441059035
1,4011,272.5615617263781
1,4012,275.9170418004918
1,4013,171.77456093480544
1,4014,177.15217591615584
1,4015,282.985713438369
1,4016,168.04309604334634
1,4017,270.39661607686617
1,4018,68.8222426627456
1,4019,276.24455908570894
1,4020,63.19222427991056
1,4021,272.99735016844994
1,4022,328.9684247269124
1,4023,112.866226754199
1,4024,269.9172081943455
1,4025,75.79663829807347
1,4026,270.44587773362434
1,4027,75.45882858478842
1,4028,256.1081265488807
1,4029,276.3006564704617
1,4030,203.03864936165348
1,4031,84.6950935861145
1,4032,277.97776223795245
1,4033,276.59681204744214
1,4034,277.3488228736186
1,4035,289.34611536530576
1,4036,272.39509984471727
1,4037,80.85485783718052
1,4038,267.57854677459284
1,4039,275.2878261852258
1,4040,224.63345219896834
1,4041,278.22901829401303
1,4042,76.94505375894266
1,4043,340.0127456934038
1,4044,279.23119222374703
1,4045,265.69456875932167
1,4046,23.65062569860146
1,4047,273.9564996202805
1,4048,272.59813546191685
1,4049,84.20447702761058
1,4050,206.09312141772733
1,4051,264.98784219435174
1,4052,75.80687040355485
1,4053,272.30846916966186
1,4054,75.82284201953209
1,4055,194.7153464629733
1,4056,83.19828889013294
1,4057,261.0560306506623
1,4058,278.6340636547184
1,4059,109.01006031866595
1,4060,273.7260657880578
1,4061,148.93137453865967
1,4062,275.4703944882559
1,4063,334.8725537805898
1,4064,281.95787235878663
1,4065,203.47720395610685
1,4066,272.03808176077007
1,4067,75.83574167654301
1,4068,271.95400287829625
1,4069,273.4559106940894
1,4070,84.67599352722294
1,4071,275.6089665542088
1,4072,192.07020960151206
1,4073,272.3965585369451
1,4074,75.73046986599158
1,4075,264.3776959350364
1,4076,274.1659852471348
1,4077,57.493966789823155
1,4078,84.57545204028541
1,4079,276.0255007435996
1,4080,75.966200418639
1,4081,222.7248264974855
1,4082,280.20450569587626
1,4083,283.47817658155816
1,4084,293.05045668691287
1,4085,290.62663147249464
1,4086,305.62947417822534
1,4087,262.71337123027473
1,4088,290.12927245754037
1,4089,72.17493712303282
1,4090,42.45744640765124
1,4091,257.5568678488494
1,4092,274.40862667215197
1,4093,60.76440300246571
1,4094,329.2815917053109
1,4095,80.1627166952831
1,4096,276.6430495698582
1,4097,276.92066132151905
1,4098,72.61302004470129
1,4099,225.01779156685797
1,4100,59.19116293025414
1,4101,280.1317649070782
1,4102,268.52122382300166
1,4103,72.96352227737042
1,4104,273.35264858201276
1,4105,188.1746122286409
1,4106,280.7431893344881
1,4107,73.50320708023135
1,4108,273.15235518284646
1,4109,268.3349791121369
1,4110,278.8306705904522
1,4111,195.28497787992285
1,4112,73.50811097503362
1,4113,276.8034329020343
1,4114,280.07652371336894
1,4115,68.20504427279978
1,4116,273.92466039241424
1,4117,326.4424154764637
1,4118,269.6428237202374
1,4119,71.21813467323368
1,4120,220.4738032664327
1,4121,274.29810091691945
1,4122,271.2331983366166
1,4123,257.5917029704878
1,4124,271.0998428345823
1,4125,54.05214522544511
1,4126,161.98186292480023
1,4127,262.5828620729575
1,4128,72.15336028598368
1,4129,265.1307033488876
1,4130,81.6775137829402
1,4131,265.38582593975195
1,4132,103.90584846036231
1,4133,275.67766772772404
1,4134,166.7946726654823
1,4135,151.28035317335247
1,4136,262.1955913973151
1,4137,20.956490261094718
1,4138,143.23766443909867
1,4139,72.75371687870242
1,4140,276.2345182363566
1,4141,61.48723439434316
1,4142,245.45021046190482
1,4143,82.59113930354397
1,4144,260.79391796981514
1,4145,276.225636736462
1,4146,73.40343334690675
1,4147,176.25694139047528
1,4148,292.57765436770694
1,4149,275.9132962559403
1,4150,106.95607335860126
1,4151,276.08072692205326
1,4152,73.89181133440766
1,4153,280.61972335344086
1,4154,258.66974968607065
1,4155,69.84058678508738
1,4156,265.16375590544396
1,4157,68.61209918115347
1,4158,124.26424034763745
1,4159,271.771128843288
1,4160,74.05151120284684
1,4161,60.96239769218744
1,4162,318.54583455472795
1,4163,75.310762551712
1,4164,271.4040326960753
1,4165,129.93821931242132
1,4166,75.33571461966804
1,4167,328.2207600724564
1,4168,320.45889829874204
1,4169,270.8941962659294
1,4170,263.2714272019777
1,4171,259.40406786976007
1,4172,261.80232165898144
1,4173,73.74711666466831
1,4174,255.67116376515395
1,4175,393.62556329823326
1,4176,73.73926668737974
1,4177,261.92528150275143
1,4178,257.4203588961411
1,4179,261.9967131985471
1,4180,175.92494498920294
1,4181,284.0138606611033
1,4182,265.70735397785666
1,4183,261.83908222529277
1,4184,276.78303799363687
1,4185,127.93399153925273
1,4186,258.5794339223023
1,4187,61.673098823218595
1,4188,263.6069060152282
1,4189,73.75216634439066
1,4190,175.98050705247962
1,4191,284.1614364039882
1,4192,162.82626254025885
1,4193,265.9639735661202
1,4194,16.934523079527214
1,4195,135.0820571552136
1,4196,68.16143185029156
1,4197,280.4302294444603
1,4198,59.20012821746538
1,4199,247.81899453062755
1,4200,80.46717524098497
1,4201,260.7560176648605
1,4202,279.0772407150025
1,4203,72.54325265054798
1,4204,174.48226133359756
1,4205,292.6092621754679
1,4206,273.85025976425345
1,4207,103.76848367197721
1,4208,269.20437809196403
1,4209,72.8529393340176
1,4210,270.3478481988699
1,4211,274.99405452871736
1,4212,72.55781517612252
1,4213,138.7906310873857
1,4214,259.3639532470049
1,4215,60.82084979788915
1,4216,270.71119799672465
1,4217,73.3535290346492
1,4218,275.3744195392871
1,4219,265.5489025976981
1,4220,54.8492454164584
1,4221,269.3003379160922
1,4222,267.770902231714
1,4223,71.87037929315385
1,4224,271.22815281592574
1,4225,66.06191213566188
1,4226,124.08238399168187
1,4227,268.74364917773954
1,4228,73.67955381174207
1,4229,61.651378189116514
1,4230,318.53079747030597
1,4231,73.83565782667358
1,4232,269.02230430002373
1,4233,128.05809663335657
1,4234,73.81798254536822
1,4235,329.4874524522951
1,4236,391.75496537124525
1,4237,74.00776819717396
1,4238,263.66195548826215
1,4239,260.09811640975965
1,4240,55.095890474727895
1,4241,263.8062809178984
1,4242,262.23993977610934
1,4243,321.07563103204825
1,4244,270.4850003203894
1,4245,263.3233063174327
1,4246,259.600494034937
1,4247,261.64253415471563
1,4248,74.77393028409702
1,4249,256.76300312066047
1,4250,65.2084017741922
1,4251,62.06916863105951
1,4252,264.07390363999286
1,4253,74.21990902233107
1,4254,175.92346782465418
1,4255,286.75026975459446
1,4256,243.89858188948722
1,4257,185.21449992200087
1,4258,127.82119824875818
1,4259,145.0425062545474
1,4260,284.26439649449884
1,4261,169.3936665236808
1,4262,165.69507935439833
1,4263,262.3095877315365
1,4264,73.74009902519022
1,4265,110.42130004078038
1,4266,262.761965290421
1,4267,280.51126507447566
1,4268,282.3131382255261
1,4269,68.34951748454186
1,4270,274.4538539148881
1,4271,117.68765846876138
1,4272,272.88729433459315
1,4273,267.45958026495794
1,4274,274.4514772176741
1,4275,188.72676468130283
1,4276,272.58122002706807
1,4277,60.68023477364796
1,4278,280.3914563376431
1,4279,267.10519260056265
1,4280,43.775860899706714
1,4281,265.50707264513557
1,4282,72.26910435727092
1,4283,171.97641386424453
1,4284,492.7111190831104
1,4285,271.62678065885535
1,4286,270.3463040189864
1,4287,72.11239753245445
1,4288,257.73650669836786
1,4289,189.93008966443665
1,4290,45.30034381981022
1,4291,269.5573302853866
1,4292,268.7100377011849
1,4293,73.30071254692716
1,4294,516.7333571307208
1,4295,54.735861138550575
1,4296,270.5415966621675
1,4297,43.28110149322092
1,4298,262.85340502106123
1,4299,280.48896345664826
1,4300,253.54995298801006
1,4301,259.40551442933395
1,4302,166.10199707466307
1,4303,201.66926271953264
1,4304,73.82191549814202
1,4305,257.11808586560926
1,4306,73.86212046881259
1,4307,227.8981935328705
1,4308,82.20962197494795
1,4309,275.7145485727713
1,4310,260.9850728988064
1,4311,74.00776819717396
1,4312,269.68529016377045
1,4313,261.874578086422
1,4314,45.44267506455872
1,4315,256.94273012508603
1,4316,55.192628702798615
1,4317,75.28107168611695
1,4318,457.0359335388879
1,4319,75.30602375407298
1,4320,46.69620722966464
1,4321,265.0739690679499
1,4322,260.1918017330728
1,4323,74.74287665493956
1,4324,294.3071939854606
1,4325,268.85792945716764
1,4326,254.4454469789834
1,4327,281.87727088572126
1,4328,68.35565758638154
1,4329,274.01798657508334
1,4330,79.62341304077682
1,4331,282.0604185912076
1,4332,450.39167127902385
1,4333,267.4519939318975
1,4334,72.5368655739823
1,4335,273.8506059376183
1,4336,170.28730371241542
1,4337,81.14440805903745
1,4338,197.2855165715945
1,4339,271.7249909683338
1,4340,77.73442945108162
1,4341,268.9341978620792
1,4342,270.20184559135816
1,4343,53.93737383989942
1,4344,170.5533881361709
1,4345,200.08712099042702
1,4346,271.5960520640622
1,4347,61.701582605684436
1,4348,232.74617865987818
1,4349,267.4577714861595
1,4350,54.81434904977121
1,4351,81.66907632303149
1,4352,272.9846185944874
1,4353,270.3618487685885
1,4354,35.079249458674894
1,4355,109.0492613920104
1,4356,166.43871046961522
1,4357,201.60191589996856
1,4358,72.78094720989283
1,4359,163.705648948134
1,4360,217.34314617337668
1,4361,73.68569391358174
1,4362,61.60977584656207
1,4363,264.9384372871818
1,4364,276.14419843673966
1,4365,268.649936857512
1,4366,258.7280068678073
1,4367,107.07853138840937
1,4368,273.92093363239667
1,4369,270.49996795602993
1,4370,79.36748501987853
1,4371,258.9261714474883
1,4372,73.49261137954636
1,4373,223.58147692931675
1,4374,264.3571106016951
1,4375,166.7050602330133
1,4376,262.63413979491685
1,4377,106.59027283680946
1,4378,268.6751884539291
1,4379,270.2167201103091
1,4380,56.28151730689501
1,4381,209.20171582291837
1,4382,268.85519279310256
1,4383,75.28194593867374
1,4384,258.0724860357483
1,4385,73.6824038811829
1,4386,257.7081078387181
1,4387,263.7463509797244
1,4388,270.77185230625787
1,4389,266.60210666971534
1,4390,73.71571592362436
1,4391,260.77866758739464
1,4392,191.77449160499538
1,4393,260.9720157067138
1,4394,274.29338966503485
1,4395,165.72275435163033
1,4396,256.3585260773756
1,4397,73.2040540501158
1,4398,259.1244808679281
1,4399,73.77374781124043
1,4400,262.4368015578207
1,4401,262.19632065837686
1,4402,73.18479849211579
1,4403,268.4515894983205
1,4404,61.65363271993418
1,4405,263.23739662140326
1,4406,73.75991869938396
1,4407,271.5961233729821
1,4408,269.1064046649452
1,4409,61.505786882111664
1,4410,260.57599932600095
1,4411,260.6730105657902
1,4412,327.79288844000274
1,4413,74.0460722107704
1,4414,274.6867664952213
1,4415,73.31043722810426
1,4416,286.0201336977636
1,4417,60.18093552243194
1,4418,263.2728927621114
1,4419,276.29939602176836
1,4420,74.04647928194836
1,4421,268.4106294123336
1,4422,341.70872659350607
1,4423,272.9113798239378
1,4424,73.3281527326188
1,4425,266.98848494997355
1,4426,262.3312489106646
1,4427,110.45837232482941
1,4428,167.0792064873262
1,4429,260.64058106502193
1,4430,313.16524598550427
1,4431,71.76607902157437
1,4432,289.0851191099972
1,4433,24.221529054134542
1,4434,440.8868490318493
1,4435,50.52442789541565
1,4436,420.4761555704147
1,4437,275.18957955766837
1,4438,262.7377661307701
1,4439,289.8410418251317
1,4440,253.562287396279
1,4441,51.20464350107616
1,4442,297.1906182531129
1,4443,278.6013598449133
1,4444,75.7057699746375
1,4445,279.50747762235676
1,4446,173.42920894647915
1,4447,167.05844320388377
1,4448,290.12984888152005
1,4449,434.3078541902554
1,4450,83.36190388009189
1,4451,170.61451362508424
1,4452,327.67775259069117
1,4453,299.4193523514533
1,4454,298.82502337833586
1,4455,60.06999193161724
1,4456,304.5289116822235
1,4457,192.9938166234581
1,4458,85.17234607182088
1,4459,66.44435179849626
1,4460,281.6213034254148
1,4461,76.22864311474403
1,4462,306.8157350934143
1,4463,303.5852446938678
1,4464,51.32014925559457
1,4465,294.5183044531158
1,4466,76.59992423538671
1,4467,495.7815877092188
1,4468,122.3478540338701
1,4469,280.12180543850707
1,4470,76.31632201164327
1,4471,278.7938171972287
1,4472,180.53556290077512
1,4473,264.8641839208717
1,4474,297.60962842204174
1,4475,68.97917707122437
1,4476,302.9901719794369
1,4477,287.63482563079026
1,4478,123.49292656036657
1,4479,304.4167694525139
1,4480,160.64710470418206
1,4481,287.80637724005874
1,4482,280.6041831212722
1,4483,77.8610279477145
1,4484,292.1073740452739
1,4485,290.99424824696246
1,4486,241.7121680215267
1,4487,286.0842111848109
1,4488,123.22701383720931
1,4489,277.70050359711223
1,4490,83.70127312778251
1,4491,230.9455523428864
1,4492,77.33407762676899
1,4493,294.9553266205689
1,4494,303.70295454858393
1,4495,300.6878110105017
1,4496,59.87441460089503
1,4497,306.74227735155034
1,4498,196.7368008148738
1,4499,290.3825584683109
1,4500,76.70711401976843
1,4501,531.5373770727276
1,4502,70.11401662573857
1,4503,355.6021718691868
1,4504,290.40850723070787
1,4505,386.83823149884984
1,4506,309.0778364941268
1,4507,120.78571156600285
1,4508,66.01203847742619
1,4509,289.0287691255053
1,4510,83.23910873936161
1,4511,282.19150217317997
1,4512,211.40068215509115
1,4513,282.2291692378831
1,4514,77.09730102740504
1,4515,291.87760330352705
1,4516,165.31473620829692
1,4517,171.47513578242166
1,4518,289.78653404786473
1,4519,282.23355446169364
1,4520,608.4369622028223
1,4521,59.58903716538443
1,4522,196.92873096026668
1,4523,289.53348681133815
1,4524,304.0581999802776
1,4525,296.6751098535898
1,4526,293.8807171656464
1,4527,281.2136860268921
1,4528,292.62402053389536
1,4529,59.07344879357081
1,4530,294.7831893090001
1,4531,75.69787731535088
1,4532,278.6100751993955
1,4533,210.02228409587846
1,4534,290.65006826027
1,4535,112.9396031811127
1,4536,300.27482964672566
1,4537,269.04827642656085
1,4538,59.658781076431076
1,4539,307.87477813220124
1,4540,283.59334463253083
1,4541,83.53817051618647
1,4542,273.70036536945895
1,4543,75.35202684594884
1,4544,170.84355359419266
1,4545,275.820734763465
1,4546,291.0160309693377
1,4547,279.22955751354164
1,4548,208.83462286948847
1,4549,76.42594369276037
1,4550,147.65947363112912
1,4551,76.4582001515616
1,4552,283.58296442439894
1,4553,322.228823267793
1,4554,274.5424354254207
1,4555,198.82177301218985
1,4556,275.1946738228396
1,4557,74.1934751948752
1,4558,281.9419731884823
1,4559,172.0579310587745
1,4560,276.1255123192869
1,4561,76.73075977995062
1,4562,261.62247780574774
1,4563,83.80803298028778
1,4564,291.1744445997297
1,4565,58.01676797385244
1,4566,348.1654118859077
1,4567,279.0837029073861
1,4568,272.92227831277523
1,4569,275.94796988777705
1,4570,277.56011823802885
1,4571,289.1371167191101
1,4572,122.74458650926496
1,4573,279.7830939397648
1,4574,268.5981085505958
1,4575,286.22223122423344
1,4576,78.37934330893306
1,4577,272.5317967983387
1,4578,53.30761794667381
1,4579,278.6637628129098
1,4580,276.8904512973242
1,4581,61.59076286493116
1,4582,306.04766128489973
1,4583,276.59107143130757
1,4584,214.30737633560835
1,4585,275.21526763528414
1,4586,280.15632041998737
1,4587,275.50507433932563
1,4588,288.2005724893729
1,4589,203.62024248595512
1,4590,205.47963483307893
1,4591,274.8237350508297
1,4592,305.6016867400823
1,4593,261.1707947259431
1,4594,248.2195952622293
1,4595,157.86045014101478
1,4596,216.66312011519344
1,4597,59.11424129838556
1,4598,279.9439851913467
1,4599,269.0730324844634
1,4600,284.55959834045825
1,4601,273.8139077872104
1,4602,265.23444887560095
1,4603,75.72082775471675
1,4604,266.7007424946186
1,4605,128.3446728166931
1,4606,275.6209505315063
1,4607,75.42433388025698
1,4608,274.517660307245
1,4609,113.38389475388338
1,4610,269.35091296788505
1,4611,290.64499550834466
1,4612,89.20076157334434
1,4613,280.5431600913991
1,4614,296.1684633032686
1,4615,290.0114926794264
1,4616,293.5959669455435
1,4617,279.61178439901056
1,4618,88.73236579104287
1,4619,344.32619555052395
1,4620,85.21911508827787
1,4621,310.71779090788345
1,4622,275.2347987337007
1,4623,76.38780067916429
1,4624,217.41131550916884
1,4625,279.954644559029
1,4626,85.33327777762713
1,4627,276.9780573704109
1,4628,76.64010177082072
1,4629,280.83535293756006
1,4630,76.6803067414913
1,4631,268.92287323474363
1,4632,117.88752211229085
1,4633,496.7175195927755
1,4634,89.11470374381088
1,4635,231.13107025288159
1,4636,278.02331473893923
1,4637,274.4036220945948
1,4638,84.00420970088182
1,4639,66.79608368620953
1,4640,341.3931533360252
1,4641,78.18840492963687
1,4642,301.978670440041
1,4643,78.85201591579275
1,4644,149.61971686166706
1,4645,315.8825607092939
1,4646,90.92852201736815
1,4647,452.8558470925552
1,4648,86.18495637720682
1,4649,281.5985528334459
1,4650,181.8778853204766
1,4651,286.5852837676953
1,4652,269.65024487403895
1,4653,286.1358574762844
1,4654,157.9693805451923
1,4655,230.35714516796222
1,4656,275.297504673761
1,4657,77.4046737822307
1,4658,286.59957860150496
1,4659,273.7831375174188
1,4660,280.2567921663758
1,4661,181.50563179622281
1,4662,118.98776353833208
1,4663,285.9416730254437
1,4664,274.3364193216713
1,4665,52.092707960973314
1,4666,241.02895986863834
1,4667,279.8253971695617
1,4668,282.2108118186445
1,4669,189.73851714736338
1,4670,60.82928983069175
1,4671,290.7079619483345
1,4672,181.85479899522107
1,4673,283.2330383825948
1,4674,274.08450125500514
1,4675,299.88810854322435
1,4676,263.0849266509073
1,4677,276.4162780233994
1,4678,160.68425397508116
1,4679,217.49832110962367
1,4680,77.12908793749506
1,4681,292.2663707734815
1,4682,77.14173760991912
1,4683,276.0974040666306
1,4684,61.45847062504268
1,4685,77.1396977864508
1,4686,289.1745645235385
1,4687,343.564921301443
1,4688,209.5802839670106
1,4689,281.6242702386452
1,4690,192.29134493699542
1,4691,281.79115495256957
1,4692,71.69717125114701
1,4693,282.4338434881092
1,4694,123.47915596503276
1,4695,302.8984894279439
1,4696,280.5459571534232
1,4697,324.0974560403248
1,4698,216.0323294476253
1,4699,303.38490754153463
1,4700,299.5285125707567
1,4701,318.64491111166984
1,4702,274.27552818987436
1,4703,499.1939995186416
1,4704,279.6364343049137
1,4705,244.3898565998798
1,4706,75.78046287688065
1,4707,278.6398099611388
1,4708,75.84222994788858
1,4709,266.9149017591851
1,4710,287.6897848107608
1,4711,281.52604384490644
1,4712,60.01189679659806
1,4713,274.19140138133207
1,4714,279.90510135677147
1,4715,279.62090620887534
1,4716,387.3075357792199
1,4717,279.65978987699714
1,4718,136.10816395522426
1,4719,115.94986507469616
1,4720,88.88077576301296
1,4721,280.58301162858334
1,4722,280.6170255677247
1,4723,277.8231555243141
1,4724,288.8888850468593
1,4725,378.23277756870925
1,4726,275.8401855599625
1,4727,321.09099227610534
1,4728,293.3175723722171
1,4729,60.73010776401133
1,4730,310.58968743388505
1,4731,269.9786175954266
1,4732,267.6655513916445
1,4733,270.0343594000018
1,4734,267.6750577944121
1,4735,76.8103411165458
1,4736,262.9004964591501
1,4737,280.64484754755324
1,4738,119.1241409538316
1,4739,265.2820699088651
1,4740,267.81127431370203
1,4741,267.5191293896903
1,4742,267.55713217043893
1,4743,275.9151778202284
1,4744,119.53865625622232
1,4745,273.58075212225333
1,4746,280.19477703407284
1,4747,277.0661350028854
1,4748,126.09191203205428
1,4749,291.61986215667844
1,4750,297.624785062374
1,4751,292.87354498805666
1,4752,278.6627902783166
1,4753,64.01940149836157
1,4754,268.0794784571152
1,4755,86.90734183785713
1,4756,273.4910247269467
1,4757,279.56154040274635
1,4758,270.791927977492
1,4759,61.5870458408131
1,4760,51.81688959046169
1,4761,277.82820937873623
1,4762,77.66807205575455
1,4763,278.54661500522263
1,4764,302.60207145451983
1,4765,310.2968458567726
1,4766,201.25529226427184
1,4767,292.06183046857626
1,4768,189.69908685860355
1,4769,274.4246306663574
1,4770,59.82105662628839
1,4771,199.9220930470575
1,4772,290.78000646905855
1,4773,158.49575223756756
1,4774,237.37037081184434
1,4775,279.4326582050806
1,4776,185.43429807633504
1,4777,71.69378149606021
1,4778,282.4192728949689
1,4779,287.3752349021447
1,4780,298.1968057566236
1,4781,206.31182770911698
1,4782,292.3222382488192
1,4783,160.48291437804224
1,4784,238.62832917919326
1,4785,280.98956186914273
1,4786,84.36537072124335
1,4787,287.50412042111634
1,4788,76.84410916853832
1,4789,282.7693557633772
1,4790,77.15378052390778
1,4791,161.26392758033836
1,4792,320.31469445783216
1,4793,279.89682810791896
1,4794,226.80932179069725
1,4795,283.81774131402585
1,4796,283.7378929715512
1,4797,136.61093517721713
1,4798,279.38539388802263
1,4799,277.0054928454274
1,4800,94.41881050368386
1,4801,353.3115597842515
1,4802,320.6765413024143
1,4803,279.56866661574094
1,4804,268.3185370915893
1,4805,267.9725755252613
1,4806,77.22875140714507
1,4807,280.72347982399947
1,4808,78.30146429393113
1,4809,324.8049021133636
1,4810,76.2133894652875
1,4811,283.3241224741664
1,4812,295.3273981280295
1,4813,278.62834562238396
1,4814,80.18895385623169
1,4815,287.8332692042261
1,4816,323.5219725224187
1,4817,299.44791366037055
1,4818,285.1803964173518
1,4819,283.10467391503
1,4820,52.15255558019915
1,4821,286.7417407446925
1,4822,288.11292847953644
1,4823,277.8720233000829
1,4824,301.700002426312
1,4825,302.29207749037226
1,4826,74.57331162214916
1,4827,84.71599632481114
1,4828,294.68870561670053
1,4829,290.815705759331
1,4830,278.1577862478615
1,4831,279.15223714865203
1,4832,280.49968974464326
1,4833,288.69818455232917
1,4834,280.91705093079827
1,4835,306.23472720354897
1,4836,283.19645120806035
1,4837,312.12810481875846
1,4838,297.55117435523016
1,4839,286.4514369387626
1,4840,321.96697143560147
1,4841,286.03144646154925
1,4842,60.5484165964448
1,4843,286.7687339724958
1,4844,286.1111281412782
1,4845,279.16099602190104
1,4846,297.5985133268755
1,4847,260.0153346346672
1,4848,281.44522355561566
1,4849,281.97108540268346
1,4850,52.88447046804548
1,4851,171.58651036193888
1,4852,280.19688463076665
1,4853,296.39459881515955
1,4854,298.643133973389
1,4855,286.9810028743351
1,4856,279.35497018073573
1,4857,284.0314949621231
1,4858,77.9153535590764
1,4859,86.60202490537404
1,4860,297.07804181480617
1,4861,302.18778833346187
1,4862,281.3204665296446
1,4863,274.5981010331393
1,4864,61.56581632565997
1,4865,277.22037764621103
1,4866,78.32107062740211
1,4867,184.3466399816652
1,4868,321.32437097127746
1,4869,289.6945956513252
1,4870,288.17145956416437
1,4871,50.41698634461179
1,4872,306.4743447793163
1,4873,74.18100937385977
1,4874,335.1274580036727
1,4875,293.40986944602605
1,4876,76.81658981002288
1,4877,85.659436543478
1,4878,304.7543693243955
1,4879,288.20514897320123
1,4880,86.04156078816793
1,4881,289.4036909841546
1,4882,280.4043983302076
1,4883,282.8665033156011
1,4884,60.500819430321464
1,4885,289.6569797083943
1,4886,85.81272590396364
1,4887,280.075551734995
1,4888,169.66911296807677
1,4889,293.62891396966313
1,4890,287.28329393226545
1,4891,295.4082236162557
1,4892,291.29485662651837
1,4893,518.9607784068945
1,4894,293.0397436715166
1,4895,303.4548126770066
1,4896,289.8207276135213
1,4897,288.2615640414791
1,4898,61.36603551162796
1,4899,296.35197133254235
1,4900,86.47357635436327
1,4901,286.26016070276467
1,4902,285.97655149656885
1,4903,44.15644433157955
1,4904,281.9992751413449
1,4905,72.28815626634334
1,4906,276.21326461266926
1,4907,179.13668899488135
1,4908,291.40783970373303
1,4909,78.10307223194768
1,4910,286.6351139587145
1,4911,78.08424837921375
1,4912,279.93581123234037
1,4913,61.60494567262545
1,4914,78.35268528534189
1,4915,284.25724605345385
1,4916,214.1490616251471
1,4917,284.1317090324099
1,4918,369.99550492647427
1,4919,290.13059900656685
1,4920,309.46838640573696
1,4921,299.44136427116143
1,4922,287.92361898639007
1,4923,76.85332288499274
1,4924,289.21654861259196
1,4925,77.46666209579817
1,4926,86.54514938497947
1,4927,295.1016312260969
1,4928,122.39664662371241
1,4929,290.6437565090971
1,4930,285.3592432133616
1,4931,84.96218742469728
1,4932,292.28058505353744
1,4933,288.7793367926064
1,4934,67.17123695854562
1,4935,295.8933730366061
1,4936,77.0932864022114
1,4937,286.1042114363942
1,4938,281.2918948553061
1,4939,298.386262561094
1,4940,295.0934124513445
1,4941,215.0056143476748
1,4942,293.6747143213694
1,4943,296.1890902676494
1,4944,300.99332392363317
1,4945,289.75176237248945
1,4946,362.04047282669706
1,4947,273.7523821702366
1,4948,21.404266702231524
1,4949,224.1110117745767
1,4950,301.32844778243674
1,4951,280.75988510779723
1,4952,85.32176040197992
1,4953,215.71179778177472
1,4954,302.5782822469336
1,4955,61.56997248415129
1,4956,295.1825972871519
1,4957,121.40820089940746
1,4958,374.8243981798936
1,4959,295.70267176821125
1,4960,207.1829315875654
1,4961,78.15288636989467
1,4962,279.8941190347163
1,4963,85.39310474964782
1,4964,359.18820068678286
1,4965,292.9161973185969
1,4966,296.0975621852915
1,4967,283.7992017372005
1,4968,120.87400352782906
1,4969,296.43763712478335
1,4970,293.8515372549516
1,4971,287.8502692905374
1,4972,298.119167709002
1,4973,121.87432854905539
1,4974,386.83980864460545
1,4975,286.0330755140413
1,4976,288.9394835197247
1,4977,293.1438360854411
1,4978,67.08500376171037
1,4979,286.832599196525
1,4980,188.1760098911608
1,4981,77.04670455110197
1,4982,292.71615463097396
1,4983,60.45729605905128
1,4984,76.93161251967685
1,4985,291.9164159047989
1,4986,289.2454922296447
1,4987,60.529353515022365
1,4988,77.24561679059039
1,4989,255.74416532115083
1,4990,181.3296947988907
1,4991,67.86152444129735
1,4992,336.1499581267485
1,4993,293.05212975382284
1,4994,77.60157908658611
1,4995,299.13201381133194
1,4996,38.21489789618035
1,4997,77.6256506907308
1,4998,289.27497532287174
1,4999,61.31256159129
1,5000,291.32236940511075
1,5001,292.0953564249245
1,5002,206.84023863840997
1,5003,295.9089826004879
1,5004,77.77776298519579
1,5005,287.3556502378593
1,5006,288.38472543337474
1,5007,279.21439895228775
1,5008,258.7918275382016
1,5009,280.8408404316583
1,5010,297.89510155209894
1,5011,181.26241348743324
1,5012,295.73812302012095
1,5013,78.1899825397066
1,5014,301.9222042864191
1,5015,63.82344618048509
1,5016,79.31988651779852
1,5017,300.5178848138572
1,5018,299.0063038248923
1,5019,182.5316109919051
1,5020,328.19499859002735
1,5021,274.1592763614186
1,5022,298.821156117369
1,5023,78.4111332818324
1,5024,282.2852109239293
1,5025,121.79302257908758
1,5026,366.74539804286246
1,5027,296.0615691629066
1,5028,181.4874488920007
1,5029,287.60448728704256
1,5030,356.8860204001455
1,5031,267.9288979100377
1,5032,289.6525887345232
1,5033,213.34041335930408
1,5034,308.66475423639906
1,5035,291.41584795728625
1,5036,307.41687231218856
1,5037,643.6974278859495
1,5038,295.2437210258827
1,5039,77.86460701540682
1,5040,297.67455840162535
1,5041,299.5339181797214
1,5042,290.7018023893488
1,5043,292.99699159479803
1,5044,90.38267834808761
1,5045,297.6735535689555
1,5046,299.17642232997065
1,5047,292.9187994897115
1,5048,291.6551690043692
1,5049,310.26191815125804
1,5050,215.83221061778832
1,5051,288.35610310648474
1,5052,301.1700419595438
1,5053,289.611517071413
1,5054,281.8270216487073
1,5055,303.8642816793583
1,5056,319.5987179365558
1,5057,316.8748888124941
1,5058,57.680943767564486
1,5059,306.4883752346572
1,5060,268.6824649103148
1,5061,246.3076957527885
1,5062,274.55096862135684
1,5063,76.67753447186313
1,5064,52.43693047489797
1,5065,117.3356125259078
1,5066,163.06224131803094
1,5067,267.9585876615188
1,5068,270.3042158506862
1,5069,76.69683176723106
1,5070,277.4786896086965
1,5071,76.49429710241931
1,5072,278.5855003532736
1,5073,304.50941486188145
1,5074,271.4970024203693
1,5075,25.371347403933
1,5076,294.5330842843507
1,5077,84.19210193475647
1,5078,279.9208600410907
1,5079,77.45736568946006
1,5080,280.9511631073392
1,5081,52.521170606797
1,5082,274.94386021582886
1,5083,278.1000601064119
1,5084,289.9300046181321
1,5085,301.4973722913693
1,5086,135.81535001249736
1,5087,197.98585790267782
1,5088,86.16122921995556
1,5089,282.6518750329567
1,5090,285.27581504442
1,5091,26.107805186268436
1,5092,292.8175882588992
1,5093,96.96986658578413
1,5094,79.70203720653504
1,5095,225.32465188186714
1,5096,61.23501913752337
1,5097,297.86529889324527
1,5098,70.2009045082066
1,5099,281.021165904316
1,5100,84.91542484019124
1,5101,293.5642117496591
1,5102,220.4169962020434
1,5103,279.2358470322241
1,5104,78.00788631763164
1,5105,288.5551281827475
1,5106,298.2988599947804
1,5107,280.0431815830682
1,5108,125.80764837946151
1,5109,297.15770003090734
1,5110,87.75494661838619
1,5111,125.88944891724681
1,5112,279.1367808467545
1,5113,164.24840345993607
1,5114,279.14722550078704
1,5115,188.95489746195227
1,5116,76.37902703042826
1,5117,305.8498351755429
1,5118,278.0768217603413
1,5119,278.61092495910435
1,5120,261.57951130287836
1,5121,304.9124509145944
1,5122,61.217857724704764
1,5123,306.6667622737193
1,5124,278.60941284678836
1,5125,410.20656890055807
1,5126,282.0331759395635
1,5127,77.65500210912134
1,5128,306.24867512635814
1,5129,61.218780088867454
1,5130,282.4357415753516
1,5131,287.273229445758
1,5132,38.48792706161934
1,5133,279.11138208548584
1,5134,77.66096599394955
1,5135,287.9472454915261
1,5136,307.8898132773734
1,5137,301.0425740543888
1,5138,286.0910686815967
1,5139,299.6097230554808
1,5140,290.6323362803561
1,5141,302.60479811939416
1,5142,295.5831687107897
1,5143,286.58285194345456
1,5144,289.88832711336187
1,5145,76.63790742191831
1,5146,295.25549423823213
1,5147,304.4992312430128
1,5148,288.61530328891007
1,5149,280.56050331018014
1,5150,76.80113909064723
1,5151,288.18900548717414
1,5152,300.32493797813737
1,5153,71.05656075258179
1,5154,278.4799162054479
1,5155,260.7948587021257
1,5156,64.91513132474873
1,5157,275.6485176303328
1,5158,265.75207728528886
1,5159,52.5305959499902
1,5160,341.48028720853625
1,5161,284.3351222228205
1,5162,290.4169891940013
1,5163,280.88946128200325
1,5164,280.34299278130254
1,5165,75.75492475537312
1,5166,273.39079738009326
1,5167,84.8139130325975
1,5168,274.9553305921137
1,5169,290.4591977847234
1,5170,280.00036305603044
1,5171,285.55792169155836
1,5172,280.1003812233106
1,5173,75.4265264954224
1,5174,271.81807023949887
1,5175,289.83262663180096
1,5176,60.18852377544112
1,5177,275.8450270214333
1,5178,273.8035270582567
1,5179,118.4938093100624
1,5180,272.83550701611506
1,5181,71.06588237274114
1,5182,270.57038892899334
1,5183,248.0696347349368
1,5184,118.50483774593776
1,5185,274.3156506675614
1,5186,75.9752487178965
1,5187,274.31972547585156
1,5188,289.1353100222789
1,5189,279.74327402528695
1,5190,76.79415351912489
1,5191,276.14627899857675
1,5192,269.6980024760777
1,5193,69.24960144289018
1,5194,267.2805923794939
1,5195,269.47940062818645
1,5196,76.51474774858104
1,5197,271.30704988700006
1,5198,274.49676665110127
1,5199,285.6423490855627
1,5200,76.71351780092755
1,5201,256.8150575646197
1,5202,300.1204094900856
1,5203,304.78283910715976
1,5204,161.91141925494753
1,5205,236.3648076668523
1,5206,274.05071564138524
1,5207,276.72201984031216
1,5208,86.22499897204355
1,5209,282.63565287483556
1,5210,122.22152074606032
1,5211,180.27365631753196
1,5212,270.81830680567884
1,5213,77.49729166836232
1,5214,275.8453638769312
1,5215,84.41390523367869
1,5216,180.78880100182073
1,5217,177.08245051094173
1,5218,272.4844820583473
1,5219,77.02531319849783
1,5220,179.63446345872245
1,5221,277.17760206720004
1,5222,277.96216443179276
1,5223,280.11574454260847
1,5224,271.72432683340867
1,5225,15.433329024399736
1,5226,276.8282700126698
1,5227,278.3937587583256
1,5228,277.512238841853
1,5229,115.29701195010787
1,5230,265.5779702866158
1,5231,271.08203008531825
1,5232,232.12021476272562
1,5233,269.1516737121938
1,5234,373.82939500342843
1,5235,245.6649236055013
1,5236,262.6707832832477
1,5237,59.9483261234267
1,5238,269.24927314666934
1,5239,116.43625252792043
1,5240,69.79569255549035
1,5241,257.5205446405269
1,5242,157.9641088795754
1,5243,269.96273843567036
1,5244,262.76468480036925
1,5245,263.4907165580276
1,5246,273.4338044884579
1,5247,124.04614246881161
1,5248,263.73960228319993
1,5249,71.96500690794963
1,5250,229.1750521889241
1,5251,54.363719743909286
1,5252,71.6242677246483
1,5253,257.41736612026443
1,5254,296.25885265417554
1,5255,76.92434843271049
1,5256,259.42347802692063
1,5257,124.22844071463695
1,5258,274.07781941574467
1,5259,258.01363667830776
1,5260,258.22093955985343
1,5261,164.02799741341323
1,5262,109.01292761237991
1,5263,263.09630931020945
1,5264,271.6037531672332
1,5265,283.44115267000063
1,5266,65.8194173071847
1,5267,372.778774565268
1,5268,263.279209382107
1,5269,272.127182014337
1,5270,271.8422193381566
1,5271,273.70541389419986
1,5272,314.87966727149376
1,5273,273.47904789250504
1,5274,170.18705625059997
1,5275,257.9013679784316
1,5276,262.0982745894593
1,5277,54.80868570141381
1,5278,196.99760319157798
1,5279,259.71267540104145
1,5280,257.753008921541
1,5281,258.5897674108588
1,5282,190.1000493203363
1,5283,103.40550361856245
1,5284,261.7702327520135
1,5285,65.41685345944657
1,5286,108.19962352283085
1,5287,264.3994804639171
1,5288,72.82673124965415
1,5289,288.6596833796884
1,5290,258.9707187609133
1,5291,29.834921014951803
1,5292,143.12185142971714
1,5293,277.9684406384911
1,5294,74.30391779122985
1,5295,174.8319362464771
1,5296,85.91537971715374
1,5297,228.34779355407943
1,5298,75.98758418605391
1,5299,260.5705747975268
1,5300,273.62483011663574
1,5301,71.70883828737459
1,5302,296.15605875410466
1,5303,257.55320903610067
1,5304,54.15715701162915
1,5305,40.274569759888585
1,5306,224.51908667538424
1,5307,173.0408762521877
1,5308,263.01987779455663
1,5309,264.5579368365481
1,5310,269.44182230043475
1,5311,262.06709399743613
1,5312,186.69352809965346
1,5313,42.589971566112816
1,5314,223.2919311671293
1,5315,274.7988575066281
1,5316,263.35003448931104
1,5317,263.3729514184878
1,5318,258.01364580664085
1,5319,254.30361287611214
1,5320,77.88079967383837
1,5321,154.4676137467078
1,5322,55.10378362608553
1,5323,123.29821571870862
1,5324,273.19429286769366
1,5325,374.5098657960556
1,5326,256.33948402481593
1,5327,78.10924420295846
1,5328,170.93811386167266
1,5329,61.58802779218113
1,5330,257.3546783346815
1,5331,73.52789637465303
1,5332,178.0312660317281
1,5333,256.4168821633698
1,5334,264.40530980375996
1,5335,270.58862115369493
1,5336,438.8437477189832
1,5337,334.5585179194262
1,5338,74.85466788649255
1,5339,42.89540619122178
1,5340,268.7649534069541
1,5341,79.75610586927385
1,5342,73.45684150190066
1,5343,261.20719830354426
1,5344,69.03011503810598
1,5345,525.2715157234313
1,5346,69.02481196567138
1,5347,259.8335923742905
1,5348,259.00558076125185
1,5349,272.897161301326
1,5350,145.7070573128932
1,5351,261.2452267144824
1,5352,19.007524356627467
1,5353,262.24624238568686
1,5354,145.2546636330202
1,5355,255.49006005957557
1,5356,192.20507241501969
1,5357,125.19400233967417
1,5358,273.9918611477473
1,5359,55.23955107253113
1,5360,150.72809850925066
1,5361,264.3446603009452
1,5362,145.22311795986028
1,5363,231.54260309228812
1,5364,73.9688364393865
1,5365,290.18712729339836
1,5366,261.6996665639748
1,5367,251.1352875819079
1,5368,192.75902781316705
1,5369,260.6017146951426
1,5370,238.7605338264405
1,5371,117.93227845523592
1,5372,264.0597639053128
1,5373,274.4132049652384
1,5374,71.89600993107749
1,5375,270.44665683282744
1,5376,53.557167866436004
1,5377,264.41466638199296
1,5378,264.0102972669915
1,5379,171.73394324530562
1,5380,267.11294725571025
1,5381,169.75698405912172
1,5382,267.6243611361913
1,5383,372.1765382081902
1,5384,264.7115920862481
1,5385,273.56046724081614
1,5386,65.69191301554986
1,5387,143.96016274512442
1,5388,264.3839365690093
1,5389,264.77280113029695
1,5390,123.41260257647544
1,5391,264.3513853248009
1,5392,151.2595740267986
1,5393,275.72932424862586
1,5394,262.342260092278
1,5395,275.1005545686305
1,5396,103.37418007913622
1,5397,55.40177153835262
1,5398,345.65937516113706
1,5399,257.33472130348207
1,5400,55.48580028168001
1,5401,273.54352552978486
1,5402,123.56849672913056
1,5403,257.71564258695275
1,5404,334.81847184909185
1,5405,73.96095140674515
1,5406,275.4273666084039
1,5407,233.91646359289837
1,5408,264.7752636070425
1,5409,55.66913941359458
1,5410,276.3507973081479
1,5411,61.99062720648311
1,5412,262.2373616678031
1,5413,75.22060604777188
1,5414,275.0099049442704
1,5415,263.5515000415776
1,5416,180.8922447206679
1,5417,277.33065352403173
1,5418,270.0990037850471
1,5419,56.88110837799819
1,5420,268.42245688594215
1,5421,180.9972429188752
1,5422,257.04472623647416
1,5423,272.951816269544
1,5424,171.44624904415986
1,5425,203.5429098456621
1,5426,146.15835728076158
1,5427,263.3006447458244
1,5428,266.7184680155301
1,5429,78.5679597632228
1,5430,290.0224894185343
1,5431,60.192436567493054
1,5432,125.39667738337141
1,5433,259.4707426600408
1,5434,150.10519139224627
1,5435,149.98410310428955
1,5436,150.5793086024355
1,5437,193.01428690029553
1,5438,258.7005837209057
1,5439,42.472332261134106
1,5440,261.03367809090923
1,5441,125.5615936431544
1,5442,256.254975953791
1,5443,55.616421399516135
1,5444,107.02291909388369
1,5445,165.89683043979372
1,5446,56.11858849299554
1,5447,154.22207262618514
1,5448,72.48532256309514
1,5449,123.3365082277144
1,5450,258.8178085700457
1,5451,61.970583551317674
1,5452,261.7940369641679
1,5453,258.21377884604294
1,5454,170.54441954060823
1,5455,77.22555573270414
1,5456,265.3408583724098
1,5457,284.76738263241367
1,5458,74.97381947024016
1,5459,367.61757400865747
1,5460,43.03604541715583
1,5461,265.445804078457
1,5462,62.61851705520765
1,5463,171.05354158365623
1,5464,278.6060614388135
1,5465,277.5845665742703
1,5466,74.44299766242645
1,5467,255.6181551682594
1,5468,141.3293386763559
1,5469,263.4846513612346
1,5470,73.26199001339843
1,5471,274.5107901214893
1,5472,74.0185277442523
1,5473,260.64968114743715
1,5474,55.25648130522305
1,5475,275.05977989751636
1,5476,247.13395994430462
1,5477,276.39585737592023
1,5478,263.17499020575883
1,5479,58.85891670089087
1,5480,275.1843827831145
1,5481,260.69848215758975
1,5482,264.0428864522197
1,5483,259.13232893892825
1,5484,173.65546200791323
1,5485,433.747904558403
1,5486,71.9602686963933
1,5487,470.70576249715225
1,5488,74.42145350166328
1,5489,260.17753186337495
1,5490,60.80460733738595
1,5491,264.61525390911703
1,5492,54.48965991331926
1,5493,122.50819748247748
1,5494,265.62550767155324
1,5495,77.50788794096951
1,5496,69.44143338200519
1,5497,119.18294611541774
1,5498,197.94646141822886
1,5499,66.6528647376527
1,5500,146.635486560538
1,5501,55.376327217071015
1,5502,264.22626230079254
1,5503,122.30697200618626
1,5504,120.06063307515865
1,5505,272.8093133427191
1,5506,151.39055808296118
1,5507,63.20576161535507
1,5508,269.4493189946143
1,5509,272.7116657166739
1,5510,77.74270364559426
1,5511,150.7420445715456
1,5512,55.74573257512952
1,5513,269.8586818234752
1,5514,270.98017098550565
1,5515,172.80520522450348
1,5516,275.27913120615847
1,5517,67.04031818624227
1,5518,120.77390755404363
1,5519,271.3479710496541
1,5520,272.8481992872754
1,5521,104.02286693526679
1,5522,263.08481365294784
1,5523,78.6832630787695
1,5524,275.0215126176171
1,5525,65.65641421013089
1,5526,272.08853269831553
1,5527,266.41927905300355
1,5528,79.88317533707028
1,5529,375.4291269303547
1,5530,79.88317533707028
1,5531,264.7445642225506
1,5532,271.97935271333466
1,5533,262.16723666478686
1,5534,79.20788149962549
1,5535,273.3145524871454
1,5536,174.91978897711607
1,5537,74.48515640505325
1,5538,421.5988198489448
1,5539,69.07016360400777
1,5540,259.67868946728066
1,5541,60.3375844278193
1,5542,263.17671341944356
1,5543,150.1281842632861
1,5544,15.595222594933016
1,5545,377.8611947675111
1,5546,273.51172993148094
1,5547,264.48047235172476
1,5548,69.18731088823915
1,5549,103.17598034403193
1,5550,262.05461133266584
1,5551,317.1813888769424
1,5552,104.68236002129936
1,5553,258.4945578149534
1,5554,170.95772333855018
1,5555,164.1984218698972
1,5556,233.08695412763132
1,5557,126.19292976558305
1,5558,69.1992656486529
1,5559,261.6649575581365
1,5560,224.88308352955573
1,5561,244.86345508218608
1,5562,55.57644798237297
1,5563,263.97209276820985
1,5564,197.25909840897674
1,5565,274.3330375980329
1,5566,78.13168604214908
1,5567,336.2248020577499
1,5568,306.75328778324945
1,5569,275.1930147328093
1,5570,369.8679209919635
1,5571,276.40609230630923
1,5572,76.88340301784845
1,5573,169.00718913641927
1,5574,102.5776113416917
1,5575,227.26955936624842
1,5576,169.70465534506113
1,5577,274.4938621134727
1,5578,77.6131977124024
1,5579,303.1482489048846
1,5580,118.9167465029046
1,5581,273.4739684670093
1,5582,65.87908553029791
1,5583,278.6320298423933
1,5584,271.2649597254583
1,5585,72.38222761869899
1,5586,352.3884835893119
1,5587,249.0180495544335
1,5588,276.71020510310115
1,5589,338.68078996869656
1,5590,62.922283017758204
1,5591,335.28058057077385
1,5592,393.2670831085551
1,5593,275.24321874495206
1,5594,261.9830700075239
1,5595,174.61080860960283
1,5596,276.62081598198785
1,5597,73.21163022711258
1,5598,273.7849955536207
1,5599,308.0631335631906
1,5600,151.8754324466648
1,5601,67.09567329502426
1,5602,275.93140349971833
1,5603,304.6091850123316
1,5604,347.7973133512312
1,5605,281.1489519472975
1,5606,35.826752867628045
1,5607,328.0610578145583
1,5608,271.1434766385855
1,5609,62.46732291634319
1,5610,334.8388099480486
1,5611,405.4930662225389
1,5612,178.62851061519717
1,5613,229.94198033557106
1,5614,388.8199187996956
1,5615,273.38873491928615
1,5616,152.27340476833064
1,5617,65.52562121388247
1,5618,290.3241643076258
1,5619,75.6970071384932
1,5620,272.7232611301416
1,5621,57.246500982208126
1,5622,272.4840145214309
1,5623,57.258781329801714
1,5624,78.97075022369853
1,5625,274.6421015265435
1,5626,272.44668914084554
1,5627,68.7702995114914
1,5628,196.65503418003544
1,5629,63.4465093683868
1,5630,330.0168807855527
1,5631,118.03381172309722
1,5632,151.61354500065124
1,5633,177.1094866104352
1,5634,276.4265833535642
1,5635,270.01930557559496
1,5636,103.73351847355846
1,5637,69.3670250134773
1,5638,124.02764165233046
1,5639,273.8953600420203
1,5640,74.15859109382099
1,5641,275.59664719827094
1,5642,266.6698686376994
1,5643,268.3190631668318
1,5644,110.35873146479784
1,5645,270.6420791157948
1,5646,225.85850302268864
1,5647,284.11226826037375
1,5648,130.52346568488122
1,5649,78.91540111389979
1,5650,274.3192737694219
1,5651,174.76222248327133
1,5652,275.9702582681748
1,5653,276.81174339969306
1,5654,177.64276556142391
1,5655,313.16524598550427
1,5656,71.76607902157437
1,5657,289.0851191099972
1,5658,24.221529054134542
1,5659,440.8868490318493
1,5660,50.52442789541565
1,5661,420.4761555704147
1,5662,275.18957955766837
1,5663,262.7377661307701
1,5664,289.8410418251317
1,5665,253.562287396279
1,5666,51.20464350107616
1,5667,297.1906182531129
1,5668,278.6013598449133
1,5669,75.7057699746375
1,5670,279.50747762235676
1,5671,173.42920894647915
1,5672,167.05844320388377
1,5673,290.12984888152005
1,5674,434.3078541902554
1,5675,83.36190388009189
1,5676,170.61451362508424
1,5677,327.67775259069117
1,5678,299.4193523514533
1,5679,298.82502337833586
1,5680,60.06999193161724
1,5681,304.5289116822235
1,5682,192.9938166234581
1,5683,85.17234607182088
1,5684,66.44435179849626
1,5685,281.6213034254148
1,5686,76.22864311474403
1,5687,306.8157350934143
1,5688,303.5852446938678
1,5689,51.32014925559457
1,5690,294.5183044531158
1,5691,76.59992423538671
1,5692,495.7815877092188
1,5693,122.3478540338701
1,5694,280.12180543850707
1,5695,76.31632201164327
1,5696,278.7938171972287
1,5697,180.53556290077512
1,5698,264.8641839208717
1,5699,297.60962842204174
1,5700,68.97917707122437
1,5701,302.9901719794369
1,5702,287.63482563079026
1,5703,123.49292656036657
1,5704,304.4167694525139
1,5705,160.64710470418206
1,5706,287.80637724005874
1,5707,280.6041831212722
1,5708,77.8610279477145
1,5709,292.1073740452739
1,5710,290.99424824696246
1,5711,241.7121680215267
1,5712,286.0842111848109
1,5713,123.22701383720931
1,5714,277.70050359711223
1,5715,83.70127312778251
1,5716,230.9455523428864
1,5717,77.33407762676899
1,5718,294.9553266205689
1,5719,303.70295454858393
1,5720,300.6878110105017
1,5721,59.87441460089503
1,5722,306.74227735155034
1,5723,196.7368008148738
1,5724,290.3825584683109
1,5725,76.70711401976843
1,5726,531.5373770727276
1,5727,70.11401662573857
1,5728,355.6021718691868
1,5729,290.40850723070787
1,5730,386.83823149884984
1,5731,309.0778364941268
1,5732,120.78571156600285
1,5733,66.01203847742619
1,5734,289.0287691255053
1,5735,83.23910873936161
1,5736,282.19150217317997
1,5737,211.40068215509115
1,5738,282.2291692378831
1,5739,77.09730102740504
1,5740,291.87760330352705
1,5741,165.31473620829692
1,5742,171.47513578242166
1,5743,289.78653404786473
1,5744,282.23355446169364
1,5745,608.4369622028223
1,5746,59.58903716538443
1,5747,196.92873096026668
1,5748,289.53348681133815
1,5749,304.0581999802776
1,5750,296.6751098535898
1,5751,293.8807171656464
1,5752,281.2136860268921
1,5753,292.62402053389536
1,5754,59.07344879357081
1,5755,294.7831893090001
1,5756,75.69787731535088
1,5757,278.6100751993955
1,5758,210.02228409587846
1,5759,290.65006826027
1,5760,112.9396031811127
1,5761,300.27482964672566
1,5762,269.04827642656085
1,5763,59.658781076431076
1,5764,307.87477813220124
1,5765,283.59334463253083
1,5766,83.53817051618647
1,5767,273.70036536945895
1,5768,75.35202684594884
1,5769,170.84355359419266
1,5770,275.820734763465
1,5771,291.0160309693377
1,5772,279.22955751354164
1,5773,208.83462286948847
1,5774,76.42594369276037
1,5775,147.65947363112912
1,5776,76.4582001515616
1,5777,283.58296442439894
1,5778,322.228823267793
1,5779,274.5424354254207
1,5780,198.82177301218985
1,5781,275.1946738228396
1,5782,74.1934751948752
1,5783,281.9419731884823
1,5784,172.0579310587745
1,5785,276.1255123192869
1,5786,76.73075977995062
1,5787,261.62247780574774
1,5788,83.80803298028778
1,5789,291.1744445997297
1,5790,58.01676797385244
1,5791,348.1654118859077
1,5792,279.0837029073861
1,5793,272.92227831277523
1,5794,275.94796988777705
1,5795,277.56011823802885
1,5796,289.1371167191101
1,5797,122.74458650926496
1,5798,279.7830939397648
1,5799,268.5981085505958
1,5800,286.22223122423344
1,5801,78.37934330893306
1,5802,272.5317967983387
1,5803,53.30761794667381
1,5804,278.6637628129098
1,5805,276.8904512973242
1,5806,61.59076286493116
1,5807,306.04766128489973
1,5808,276.59107143130757
1,5809,214.30737633560835
1,5810,275.21526763528414
1,5811,280.15632041998737
1,5812,275.50507433932563
1,5813,288.2005724893729
1,5814,203.62024248595512
1,5815,205.47963483307893
1,5816,274.8237350508297
1,5817,305.6016867400823
1,5818,261.1707947259431
1,5819,248.2195952622293
1,5820,157.86045014101478
1,5821,216.66312011519344
1,5822,59.11424129838556
1,5823,279.9439851913467
1,5824,269.0730324844634
1,5825,284.55959834045825
1,5826,273.8139077872104
1,5827,265.23444887560095
1,5828,75.72082775471675
1,5829,266.7007424946186
1,5830,128.3446728166931
1,5831,275.6209505315063
1,5832,75.42433388025698
1,5833,274.517660307245
1,5834,113.38389475388338
1,5835,269.35091296788505
1,5836,290.64499550834466
1,5837,89.20076157334434
1,5838,280.5431600913991
1,5839,296.1684633032686
1,5840,290.0114926794264
1,5841,293.5959669455435
1,5842,279.61178439901056
1,5843,88.73236579104287
1,5844,344.32619555052395
1,5845,85.21911508827787
1,5846,310.71779090788345
1,5847,275.2347987337007
1,5848,76.38780067916429
1,5849,217.41131550916884
1,5850,279.954644559029
1,5851,85.33327777762713
1,5852,276.9780573704109
1,5853,76.64010177082072
1,5854,280.83535293756006
1,5855,76.6803067414913
1,5856,268.92287323474363
1,5857,117.88752211229085
1,5858,496.7175195927755
1,5859,89.11470374381088
1,5860,231.13107025288159
1,5861,278.02331473893923
1,5862,274.4036220945948
1,5863,84.00420970088182
1,5864,66.79608368620953
1,5865,341.3931533360252
1,5866,78.18840492963687
1,5867,301.978670440041
1,5868,78.85201591579275
1,5869,149.61971686166706
1,5870,315.8825607092939
1,5871,90.92852201736815
1,5872,452.8558470925552
1,5873,86.18495637720682
1,5874,281.5985528334459
1,5875,181.8778853204766
1,5876,286.5852837676953
1,5877,269.65024487403895
1,5878,286.1358574762844
1,5879,157.9693805451923
1,5880,230.35714516796222
1,5881,275.297504673761
1,5882,77.4046737822307
1,5883,286.59957860150496
1,5884,273.7831375174188
1,5885,280.2567921663758
1,5886,181.50563179622281
1,5887,118.98776353833208
1,5888,285.9416730254437
1,5889,274.3364193216713
1,5890,52.092707960973314
1,5891,241.02895986863834
1,5892,279.8253971695617
1,5893,282.2108118186445
1,5894,189.73851714736338
1,5895,60.82928983069175
1,5896,290.7079619483345
1,5897,181.85479899522107
1,5898,283.2330383825948
1,5899,274.08450125500514
1,5900,299.88810854322435
1,5901,263.0849266509073
1,5902,276.4162780233994
1,5903,160.68425397508116
1,5904,217.49832110962367
1,5905,77.12908793749506
1,5906,292.2663707734815
1,5907,77.14173760991912
1,5908,276.0974040666306
1,5909,61.45847062504268
1,5910,77.1396977864508
1,5911,289.1745645235385
1,5912,343.564921301443
1,5913,209.5802839670106
1,5914,281.6242702386452
1,5915,192.29134493699542
1,5916,281.79115495256957
1,5917,71.69717125114701
1,5918,282.4338434881092
1,5919,123.47915596503276
1,5920,302.8984894279439
1,5921,280.5459571534232
1,5922,324.0974560403248
1,5923,216.0323294476253
1,5924,303.38490754153463
1,5925,299.5285125707567
1,5926,318.64491111166984
1,5927,274.27552818987436
1,5928,499.1939995186416
1,5929,279.6364343049137
1,5930,244.3898565998798
1,5931,75.78046287688065
1,5932,278.6398099611388
1,5933,75.84222994788858
1,5934,266.9149017591851
1,5935,287.6897848107608
1,5936,281.52604384490644
1,5937,60.01189679659806
1,5938,274.19140138133207
1,5939,279.90510135677147
1,5940,279.62090620887534
1,5941,387.3075357792199
1,5942,279.65978987699714
1,5943,136.10816395522426
1,5944,115.94986507469616
1,5945,88.88077576301296
1,5946,280.58301162858334
1,5947,280.6170255677247
1,5948,277.8231555243141
1,5949,288.8888850468593
1,5950,378.23277756870925
1,5951,275.8401855599625
1,5952,321.09099227610534
1,5953,293.3175723722171
1,5954,60.73010776401133
1,5955,310.58968743388505
1,5956,269.9786175954266
1,5957,267.6655513916445
1,5958,270.0343594000018
1,5959,267.6750577944121
1,5960,76.8103411165458
1,5961,262.9004964591501
1,5962,280.64484754755324
1,5963,119.1241409538316
1,5964,265.2820699088651
1,5965,267.81127431370203
1,5966,267.5191293896903
1,5967,267.55713217043893
1,5968,275.9151778202284
1,5969,119.53865625622232
1,5970,273.58075212225333
1,5971,280.19477703407284
1,5972,277.0661350028854
1,5973,126.09191203205428
1,5974,291.61986215667844
1,5975,297.624785062374
1,5976,292.87354498805666
1,5977,278.6627902783166
1,5978,64.01940149836157
1,5979,268.0794784571152
1,5980,86.90734183785713
1,5981,273.4910247269467
1,5982,279.56154040274635
1,5983,270.791927977492
1,5984,61.5870458408131
1,5985,51.81688959046169
1,5986,277.82820937873623
1,5987,77.66807205575455
1,5988,278.54661500522263
1,5989,302.60207145451983
1,5990,310.2968458567726
1,5991,201.25529226427184
1,5992,292.06183046857626
1,5993,189.69908685860355
1,5994,274.4246306663574
1,5995,59.82105662628839
1,5996,199.9220930470575
1,5997,290.78000646905855
1,5998,158.49575223756756
1,5999,237.37037081184434
1,6000,279.4326582050806
1,6001,185.43429807633504
1,6002,71.69378149606021
1,6003,282.4192728949689
1,6004,287.3752349021447
1,6005,298.1968057566236
1,6006,206.31182770911698
1,6007,292.3222382488192
1,6008,160.48291437804224
1,6009,238.62832917919326
1,6010,280.98956186914273
1,6011,84.36537072124335
1,6012,287.50412042111634
1,6013,76.84410916853832
1,6014,282.7693557633772
1,6015,77.15378052390778
1,6016,161.26392758033836
1,6017,320.31469445783216
1,6018,279.89682810791896
1,6019,226.80932179069725
1,6020,283.81774131402585
1,6021,283.7378929715512
1,6022,136.61093517721713
1,6023,279.38539388802263
1,6024,277.0054928454274
1,6025,94.41881050368386
1,6026,353.3115597842515
1,6027,320.6765413024143
1,6028,279.56866661574094
1,6029,268.3185370915893
1,6030,267.9725755252613
1,6031,77.22875140714507
1,6032,280.72347982399947
1,6033,78.30146429393113
1,6034,324.8049021133636
1,6035,76.2133894652875
1,6036,283.3241224741664
1,6037,295.3273981280295
1,6038,278.62834562238396
1,6039,80.18895385623169
1,6040,287.8332692042261
1,6041,323.5219725224187
1,6042,299.44791366037055
1,6043,285.1803964173518
1,6044,283.10467391503
1,6045,52.15255558019915
1,6046,286.7417407446925
1,6047,288.11292847953644
1,6048,277.8720233000829
1,6049,301.700002426312
1,6050,302.29207749037226
1,6051,74.57331162214916
1,6052,84.71599632481114
1,6053,294.68870561670053
1,6054,290.815705759331
1,6055,278.1577862478615
1,6056,279.15223714865203
1,6057,280.49968974464326
1,6058,288.69818455232917
1,6059,280.91705093079827
1,6060,306.23472720354897
1,6061,283.19645120806035
1,6062,312.12810481875846
1,6063,297.55117435523016
1,6064,286.4514369387626
1,6065,321.96697143560147
1,6066,286.03144646154925
1,6067,60.5484165964448
1,6068,286.7687339724958
1,6069,286.1111281412782
1,6070,279.16099602190104
1,6071,297.5985133268755
1,6072,260.0153346346672
1,6073,281.44522355561566
1,6074,281.97108540268346
1,6075,52.88447046804548
1,6076,171.58651036193888
1,6077,280.19688463076665
1,6078,296.39459881515955
1,6079,298.643133973389
1,6080,286.9810028743351
1,6081,279.35497018073573
1,6082,284.0314949621231
1,6083,77.9153535590764
1,6084,86.60202490537404
1,6085,297.07804181480617
1,6086,302.18778833346187
1,6087,281.3204665296446
1,6088,274.5981010331393
1,6089,61.56581632565997
1,6090,277.22037764621103
1,6091,78.32107062740211
1,6092,184.3466399816652
1,6093,321.32437097127746
1,6094,289.6945956513252
1,6095,288.17145956416437
1,6096,50.41698634461179
1,6097,306.4743447793163
1,6098,74.18100937385977
1,6099,335.1274580036727
1,6100,293.40986944602605
1,6101,76.81658981002288
1,6102,85.659436543478
1,6103,304.7543693243955
1,6104,288.20514897320123
1,6105,86.04156078816793
1,6106,289.4036909841546
1,6107,280.4043983302076
1,6108,282.8665033156011
1,6109,60.500819430321464
1,6110,289.6569797083943
1,6111,85.81272590396364
1,6112,280.075551734995
1,6113,169.66911296807677
1,6114,293.62891396966313
1,6115,287.28329393226545
1,6116,295.4082236162557
1,6117,291.29485662651837
1,6118,518.9607784068945
1,6119,293.0397436715166
1,6120,303.4548126770066
1,6121,289.8207276135213
1,6122,288.2615640414791
1,6123,61.36603551162796
1,6124,296.35197133254235
1,6125,86.47357635436327
1,6126,286.26016070276467
1,6127,285.97655149656885
1,6128,44.15644433157955
1,6129,281.9992751413449
1,6130,72.28815626634334
1,6131,276.21326461266926
1,6132,179.13668899488135
1,6133,291.40783970373303
1,6134,78.10307223194768
1,6135,286.6351139587145
1,6136,78.08424837921375
1,6137,279.93581123234037
1,6138,61.60494567262545
1,6139,78.35268528534189
1,6140,284.25724605345385
1,6141,214.1490616251471
1,6142,284.1317090324099
1,6143,369.99550492647427
1,6144,290.13059900656685
1,6145,309.46838640573696
1,6146,299.44136427116143
1,6147,287.92361898639007
1,6148,76.85332288499274
1,6149,289.21654861259196
1,6150,77.46666209579817
1,6151,86.54514938497947
1,6152,295.1016312260969
1,6153,122.39664662371241
1,6154,290.6437565090971
1,6155,285.3592432133616
1,6156,84.96218742469728
1,6157,292.28058505353744
1,6158,288.7793367926064
1,6159,67.17123695854562
1,6160,295.8933730366061
1,6161,77.0932864022114
1,6162,286.1042114363942
1,6163,281.2918948553061
1,6164,298.386262561094
1,6165,295.0934124513445
1,6166,215.0056143476748
1,6167,293.6747143213694
1,6168,296.1890902676494
1,6169,300.99332392363317
1,6170,289.75176237248945
1,6171,362.04047282669706
1,6172,273.7523821702366
1,6173,21.404266702231524
1,6174,224.1110117745767
1,6175,301.32844778243674
1,6176,280.75988510779723
1,6177,85.32176040197992
1,6178,215.71179778177472
1,6179,302.5782822469336
1,6180,61.56997248415129
1,6181,295.1825972871519
1,6182,121.40820089940746
1,6183,374.8243981798936
1,6184,295.70267176821125
1,6185,207.1829315875654
1,6186,78.15288636989467
1,6187,279.8941190347163
1,6188,85.39310474964782
1,6189,359.18820068678286
1,6190,292.9161973185969
1,6191,296.0975621852915
1,6192,283.7992017372005
1,6193,120.87400352782906
1,6194,296.43763712478335
1,6195,293.8515372549516
1,6196,287.8502692905374
1,6197,298.119167709002
1,6198,121.87432854905539
1,6199,386.83980864460545
1,6200,286.0330755140413
1,6201,288.9394835197247
1,6202,293.1438360854411
1,6203,67.08500376171037
1,6204,286.832599196525
1,6205,188.1760098911608
1,6206,77.04670455110197
1,6207,292.71615463097396
1,6208,60.45729605905128
1,6209,76.93161251967685
1,6210,291.9164159047989
1,6211,289.2454922296447
1,6212,60.529353515022365
1,6213,77.24561679059039
1,6214,255.74416532115083
1,6215,181.3296947988907
1,6216,67.86152444129735
1,6217,336.1499581267485
1,6218,293.05212975382284
1,6219,77.60157908658611
1,6220,299.13201381133194
1,6221,38.21489789618035
1,6222,77.6256506907308
1,6223,289.27497532287174
1,6224,61.31256159129
1,6225,291.32236940511075
1,6226,292.0953564249245
1,6227,206.84023863840997
1,6228,295.9089826004879
1,6229,77.77776298519579
1,6230,287.3556502378593
1,6231,288.38472543337474
1,6232,279.21439895228775
1,6233,258.7918275382016
1,6234,280.8408404316583
1,6235,297.89510155209894
1,6236,181.26241348743324
1,6237,295.73812302012095
1,6238,78.1899825397066
1,6239,301.9222042864191
1,6240,63.82344618048509
1,6241,79.31988651779852
1,6242,300.5178848138572
1,6243,299.0063038248923
1,6244,182.5316109919051
1,6245,328.19499859002735
1,6246,274.1592763614186
1,6247,298.821156117369
1,6248,78.4111332818324
1,6249,282.2852109239293
1,6250,121.79302257908758
1,6251,366.74539804286246
1,6252,296.0615691629066
1,6253,181.4874488920007
1,6254,287.60448728704256
1,6255,356.8860204001455
1,6256,267.9288979100377
1,6257,289.6525887345232
1,6258,213.34041335930408
1,6259,308.66475423639906
1,6260,291.41584795728625
1,6261,307.41687231218856
1,6262,643.6974278859495
1,6263,295.2437210258827
1,6264,77.86460701540682
1,6265,297.67455840162535
1,6266,299.5339181797214
1,6267,290.7018023893488
1,6268,292.99699159479803
1,6269,90.38267834808761
1,6270,297.6735535689555
1,6271,299.17642232997065
1,6272,292.9187994897115
1,6273,291.6551690043692
1,6274,310.26191815125804
1,6275,215.83221061778832
1,6276,288.35610310648474
1,6277,301.1700419595438
1,6278,289.611517071413
1,6279,281.8270216487073
1,6280,303.8642816793583
1,6281,319.5987179365558
1,6282,316.8748888124941
1,6283,57.680943767564486
1,6284,306.4883752346572
1,6285,268.6824649103148
1,6286,246.3076957527885
1,6287,274.55096862135684
1,6288,76.67753447186313
1,6289,52.43693047489797
1,6290,117.3356125259078
1,6291,163.06224131803094
1,6292,267.9585876615188
1,6293,270.3042158506862
1,6294,76.69683176723106
1,6295,277.4786896086965
1,6296,76.49429710241931
1,6297,278.5855003532736
1,6298,304.50941486188145
1,6299,271.4970024203693
1,6300,25.371347403933
1,6301,294.5330842843507
1,6302,84.19210193475647
1,6303,279.9208600410907
1,6304,77.45736568946006
1,6305,280.9511631073392
1,6306,52.521170606797
1,6307,274.94386021582886
1,6308,278.1000601064119
1,6309,289.9300046181321
1,6310,301.4973722913693
1,6311,135.81535001249736
1,6312,197.98585790267782
1,6313,86.16122921995556
1,6314,282.6518750329567
1,6315,285.27581504442
1,6316,26.107805186268436
1,6317,292.8175882588992
1,6318,96.96986658578413
1,6319,79.70203720653504
1,6320,225.32465188186714
1,6321,61.23501913752337
1,6322,297.86529889324527
1,6323,70.2009045082066
1,6324,281.021165904316
1,6325,84.91542484019124
1,6326,293.5642117496591
1,6327,220.4169962020434
1,6328,279.2358470322241
1,6329,78.00788631763164
1,6330,288.5551281827475
1,6331,298.2988599947804
1,6332,280.0431815830682
1,6333,125.80764837946151
1,6334,297.15770003090734
1,6335,87.75494661838619
1,6336,125.88944891724681
1,6337,279.1367808467545
1,6338,164.24840345993607
1,6339,279.14722550078704
1,6340,188.95489746195227
1,6341,76.37902703042826
1,6342,305.8498351755429
1,6343,278.0768217603413
1,6344,278.61092495910435
1,6345,261.57951130287836
1,6346,304.9124509145944
1,6347,61.217857724704764
1,6348,306.6667622737193
1,6349,278.60941284678836
1,6350,410.20656890055807
1,6351,282.0331759395635
1,6352,77.65500210912134
1,6353,306.24867512635814
1,6354,61.218780088867454
1,6355,282.4357415753516
1,6356,287.273229445758
1,6357,38.48792706161934
1,6358,279.11138208548584
1,6359,77.66096599394955
1,6360,287.9472454915261
1,6361,307.8898132773734
1,6362,301.0425740543888
1,6363,286.0910686815967
1,6364,299.6097230554808
1,6365,290.6323362803561
1,6366,302.60479811939416
1,6367,295.5831687107897
1,6368,286.58285194345456
1,6369,289.88832711336187
1,6370,76.63790742191831
1,6371,295.25549423823213
1,6372,304.4992312430128
1,6373,288.61530328891007
1,6374,280.56050331018014
1,6375,76.80113909064723
1,6376,288.18900548717414
1,6377,300.32493797813737
1,6378,71.05656075258179
1,6379,278.4799162054479
1,6380,260.7948587021257
1,6381,64.91513132474873
1,6382,275.6485176303328
1,6383,265.75207728528886
1,6384,52.5305959499902
1,6385,341.48028720853625
1,6386,284.3351222228205
1,6387,290.4169891940013
1,6388,280.88946128200325
1,6389,280.34299278130254
1,6390,75.75492475537312
1,6391,273.39079738009326
1,6392,84.8139130325975
1,6393,274.9553305921137
1,6394,290.4591977847234
1,6395,280.00036305603044
1,6396,285.55792169155836
1,6397,280.1003812233106
1,6398,75.4265264954224
1,6399,271.81807023949887
1,6400,289.83262663180096
1,6401,60.18852377544112
1,6402,275.8450270214333
1,6403,273.8035270582567
1,6404,118.4938093100624
1,6405,272.83550701611506
1,6406,71.06588237274114
1,6407,270.57038892899334
1,6408,248.0696347349368
1,6409,118.50483774593776
1,6410,274.3156506675614
1,6411,75.9752487178965
1,6412,274.31972547585156
1,6413,289.1353100222789
1,6414,279.74327402528695
1,6415,76.79415351912489
1,6416,276.14627899857675
1,6417,269.6980024760777
1,6418,69.24960144289018
1,6419,267.2805923794939
1,6420,269.47940062818645
1,6421,76.51474774858104
1,6422,271.30704988700006
1,6423,274.49676665110127
1,6424,285.6423490855627
1,6425,76.71351780092755
1,6426,256.8150575646197
1,6427,300.1204094900856
1,6428,304.78283910715976
1,6429,161.91141925494753
1,6430,236.3648076668523
1,6431,274.05071564138524
1,6432,276.72201984031216
1,6433,86.22499897204355
1,6434,282.63565287483556
1,6435,122.22152074606032
1,6436,180.27365631753196
1,6437,270.81830680567884
1,6438,77.49729166836232
1,6439,275.8453638769312
1,6440,84.41390523367869
1,6441,180.78880100182073
1,6442,177.08245051094173
1,6443,272.4844820583473
1,6444,77.02531319849783
1,6445,179.63446345872245
1,6446,277.17760206720004
1,6447,277.96216443179276
1,6448,280.11574454260847
1,6449,239.1836875274831
1,6450,260.45308156151793
1,6451,278.35108868025134
1,6452,273.28831156580475
1,6453,272.91856774447496
1,6454,254.2368394111914
1,6455,309.8860236770157
1,6456,266.32626417162766
1,6457,330.94328036889465
1,6458,58.71173351617085
1,6459,324.6251795767889
1,6460,78.21881817820777
1,6461,258.6721915949538
1,6462,68.78193815912839
1,6463,261.01224158629947
1,6464,182.87736937999546
1,6465,263.597060402741
1,6466,69.67989440373873
1,6467,216.63364131217548
1,6468,263.64482150605664
1,6469,260.0350621850671
1,6470,294.95839689792905
1,6471,268.10470155032084
1,6472,273.57738027287553
1,6473,41.44962000146731
1,6474,273.02124055494266
1,6475,264.29880992485784
1,6476,270.4505282874463
1,6477,71.46223891583654
1,6478,262.08937790023487
1,6479,273.2572733785289
1,6480,271.2595819346677
1,6481,71.5770478949977
1,6482,259.65833671079827
1,6483,267.6234623279212
1,6484,259.1090364483278
1,6485,80.04977933949863
1,6486,263.1633434432217
1,6487,72.04446986611245
1,6488,221.84885891960508
1,6489,263.26751735810365
1,6490,263.8348279149988
1,6491,260.4258526534467
1,6492,72.38325024055935
1,6493,254.01592116292798
1,6494,260.92216017053954
1,6495,53.80726148715698
1,6496,264.11142963456206
1,6497,271.5455621737956
1,6498,263.5633138783514
1,6499,275.79600357757187
1,6500,254.59693219057075
1,6501,53.851728583558526
1,6502,256.6938231606086
1,6503,221.09705363924863
1,6504,263.06107019160464
1,6505,268.3109698888129
1,6506,261.0097817167655
1,6507,59.253841202453415
1,6508,261.34730053435413
1,6509,481.2009609393409
1,6510,57.9871273703966
1,6511,279.3065528182642
1,6512,254.93163118995585
1,6513,114.5003771064279
1,6514,256.79173181674037
1,6515,285.8685517656028
1,6516,261.76099069521194
1,6517,66.65744581203651
1,6518,258.04609586003596
1,6519,153.12544641913536
1,6520,325.90998173853166
1,6521,71.54264576564498
1,6522,260.99422395909835
1,6523,151.01108339648718
1,6524,68.18631812161246
1,6525,119.06514012017837
1,6526,258.7184192648093
1,6527,71.68605181636417
1,6528,39.59335911948608
1,6529,219.37888827504162
1,6530,262.1208659276909
1,6531,265.3835755260411
1,6532,257.12752038244264
1,6533,53.09502178782839
1,6534,256.5568203004252
1,6535,71.67873953666343
1,6536,265.21451639517494
1,6537,170.21089367467874
1,6538,256.93861687637326
1,6539,72.55028690412804
1,6540,268.51671372448675
1,6541,54.05529865994062
1,6542,266.53714344550696
1,6543,185.47079515331006
1,6544,266.97036066343355
1,6545,72.65603691312872
1,6546,275.09041868262887
1,6547,95.40782298929989
1,6548,262.3896091560137
1,6549,54.22938078609755
1,6550,257.35510530857306
1,6551,193.40262033289667
1,6552,271.75661528213874
1,6553,267.902580538444
1,6554,254.9258353336049
1,6555,72.94469976164616
1,6556,222.59159248215644
1,6557,261.13297208347313
1,6558,42.56058743873101
1,6559,256.4823375309105
1,6560,318.38648128933306
1,6561,262.78603247982335
1,6562,256.3901989368861
1,6563,73.77548498406108
1,6564,261.71486017996574
1,6565,354.7797240419885
1,6566,189.92125189069364
1,6567,256.8531581499549
1,6568,74.42355635454946
1,6569,222.42884896398658
1,6570,262.07384057659505
1,6571,55.66113118184914
1,6572,170.51482249676215
1,6573,257.1276511526803
1,6574,248.95770097690976
1,6575,263.27200129119115
1,6576,270.1373545850365
1,6577,258.29719769409155
1,6578,100.61309173957123
1,6579,275.9651039460123
1,6580,321.8685109435065
1,6581,105.86979022998233
1,6582,260.5877104099139
1,6583,71.84246068919832
1,6584,262.1992772673334
1,6585,186.60382627534278
1,6586,260.6516174061806
1,6587,71.85412753716638
1,6588,216.8192294398399
1,6589,261.3264931526763
1,6590,277.51468534753553
1,6591,258.62734996161566
1,6592,271.1873118915977
1,6593,64.67869541721349
1,6594,257.16797851383615
1,6595,108.62688719701256
1,6596,301.5393454843572
1,6597,258.73922560881147
1,6598,194.22687896946832
1,6599,82.22919699939956
1,6600,266.85419509964476
1,6601,264.2106367935076
1,6602,270.9944970713378
1,6603,72.79074277109784
1,6604,260.5583151623507
1,6605,267.02889566640107
1,6606,54.47047815609483
1,6607,168.66527000415846
1,6608,273.8549352487868
1,6609,45.35618675169647
1,6610,271.2016816865082
1,6611,257.5962977320164
1,6612,73.55028354735308
1,6613,261.4112382345355
1,6614,329.23370753575796
1,6615,255.43198750726302
1,6616,73.3230601206004
1,6617,222.70120187964895
1,6618,267.47860805444066
1,6619,257.65517716112777
1,6620,257.9065029678985
1,6621,103.83351240157188
1,6622,258.45729961232166
1,6623,272.21131199303414
1,6624,54.87770293012781
1,6625,373.8814122041899
1,6626,200.5883299198881
1,6627,69.40182659719473
1,6628,272.018216835881
1,6629,277.8667975419569
1,6630,261.2921601029039
1,6631,146.38279639963577
1,6632,232.34663427900614
1,6633,195.56425066319565
1,6634,74.35940103303287
1,6635,254.6279119229932
1,6636,328.87790276399375
1,6637,255.1961125726582
1,6638,251.21487158491516
1,6639,43.75679559665052
1,6640,255.73332589668442
1,6641,54.61811829033762
1,6642,41.625523811816706
1,6643,258.21414707006204
1,6644,266.9833856095876
1,6645,109.67922513296064
1,6646,212.18015093368263
1,6647,260.3022122823869
1,6648,272.3967322292838
1,6649,73.90309920454057
1,6650,43.76915525791476
1,6651,449.4693208395462
1,6652,259.50189450127493
1,6653,259.3792377608504
1,6654,62.45319614659458
1,6655,327.05328630712586
1,6656,82.479076336831
1,6657,270.64503308350197
1,6658,264.0306961089701
1,6659,274.82103549943696
1,6660,174.82743638414988
1,6661,259.5759566666793
1,6662,151.00813410287356
1,6663,73.68391701919646
1,6664,268.54504605076403
1,6665,73.69998891384273
1,6666,267.44851176088866
1,6667,262.66681725640626
1,6668,264.5225339314979
1,6669,82.09860517093968
1,6670,274.410560493707
1,6671,289.23210216782854
1,6672,281.9688655123963
1,6673,275.7664634165998
1,6674,104.17405670898455
1,6675,277.2728267566545
1,6676,161.8861817048354
1,6677,270.84336172199966
1,6678,74.0188469243936
1,6679,267.4531792304718
1,6680,272.76616662447566
1,6681,190.98549618673653
1,6682,288.9124220763882
1,6683,278.136360119988
1,6684,73.85012704946824
1,6685,339.4365686895069
1,6686,275.0928130591579
1,6687,55.592024616447475
1,6688,272.3207367235433
1,6689,277.32236441059035
1,6690,272.5615617263781
1,6691,275.9170418004918
1,6692,171.77456093480544
1,6693,177.15217591615584
1,6694,282.985713438369
1,6695,168.04309604334634
1,6696,270.39661607686617
1,6697,68.8222426627456
1,6698,276.24455908570894
1,6699,63.19222427991056
1,6700,272.99735016844994
1,6701,328.9684247269124
1,6702,112.866226754199
1,6703,269.9172081943455
1,6704,75.79663829807347
1,6705,270.44587773362434
1,6706,75.45882858478842
1,6707,256.1081265488807
1,6708,276.3006564704617
1,6709,203.03864936165348
1,6710,84.6950935861145
1,6711,277.97776223795245
1,6712,276.59681204744214
1,6713,277.3488228736186
1,6714,289.34611536530576
1,6715,272.39509984471727
1,6716,80.85485783718052
1,6717,267.57854677459284
1,6718,275.2878261852258
1,6719,224.63345219896834
1,6720,278.22901829401303
1,6721,76.94505375894266
1,6722,340.0127456934038
1,6723,279.23119222374703
1,6724,265.69456875932167
1,6725,23.65062569860146
1,6726,273.9564996202805
1,6727,272.59813546191685
1,6728,84.20447702761058
1,6729,206.09312141772733
1,6730,264.98784219435174
1,6731,75.80687040355485
1,6732,272.30846916966186
1,6733,75.82284201953209
1,6734,194.7153464629733
1,6735,83.19828889013294
1,6736,261.0560306506623
1,6737,278.6340636547184
1,6738,109.01006031866595
1,6739,273.7260657880578
1,6740,148.93137453865967
1,6741,275.4703944882559
1,6742,334.8725537805898
1,6743,281.95787235878663
1,6744,203.47720395610685
1,6745,272.03808176077007
1,6746,75.83574167654301
1,6747,271.95400287829625
1,6748,273.4559106940894
1,6749,84.67599352722294
1,6750,275.6089665542088
1,6751,192.07020960151206
1,6752,272.3965585369451
1,6753,75.73046986599158
1,6754,264.3776959350364
1,6755,274.1659852471348
1,6756,57.493966789823155
1,6757,84.57545204028541
1,6758,276.0255007435996
1,6759,75.966200418639
1,6760,222.7248264974855
1,6761,280.20450569587626
1,6762,283.47817658155816
1,6763,293.05045668691287
1,6764,290.62663147249464
1,6765,305.62947417822534
1,6766,262.71337123027473
1,6767,290.12927245754037
1,6768,72.17493712303282
1,6769,42.45744640765124
1,6770,257.5568678488494
1,6771,274.40862667215197
1,6772,60.76440300246571
1,6773,329.2815917053109
1,6774,80.1627166952831
1,6775,276.6430495698582
1,6776,276.92066132151905
1,6777,72.61302004470129
1,6778,225.01779156685797
1,6779,59.19116293025414
1,6780,280.1317649070782
1,6781,268.52122382300166
1,6782,72.96352227737042
1,6783,273.35264858201276
1,6784,188.1746122286409
1,6785,280.7431893344881
1,6786,73.50320708023135
1,6787,273.15235518284646
1,6788,268.3349791121369
1,6789,278.8306705904522
1,6790,195.28497787992285
1,6791,73.50811097503362
1,6792,276.8034329020343
1,6793,280.07652371336894
1,6794,68.20504427279978
1,6795,273.92466039241424
1,6796,326.4424154764637
1,6797,269.6428237202374
1,6798,71.21813467323368
1,6799,220.4738032664327
1,6800,274.29810091691945
1,6801,271.2331983366166
1,6802,257.5917029704878
1,6803,271.0998428345823
1,6804,54.05214522544511
1,6805,161.98186292480023
1,6806,262.5828620729575
1,6807,72.15336028598368
1,6808,265.1307033488876
1,6809,81.6775137829402
1,6810,265.38582593975195
1,6811,103.90584846036231
1,6812,275.67766772772404
1,6813,166.7946726654823
1,6814,151.28035317335247
1,6815,262.1955913973151
1,6816,20.956490261094718
1,6817,143.23766443909867
1,6818,72.75371687870242
1,6819,276.2345182363566
1,6820,61.48723439434316
1,6821,245.45021046190482
1,6822,82.59113930354397
1,6823,260.79391796981514
1,6824,276.225636736462
1,6825,73.40343334690675
1,6826,176.25694139047528
1,6827,292.57765436770694
1,6828,275.9132962559403
1,6829,106.95607335860126
1,6830,276.08072692205326
1,6831,73.89181133440766
1,6832,280.61972335344086
1,6833,258.66974968607065
1,6834,69.84058678508738
1,6835,265.16375590544396
1,6836,68.61209918115347
1,6837,124.26424034763745
1,6838,271.771128843288
1,6839,74.05151120284684
1,6840,60.96239769218744
1,6841,318.54583455472795
1,6842,75.310762551712
1,6843,271.4040326960753
1,6844,129.93821931242132
1,6845,75.33571461966804
1,6846,328.2207600724564
1,6847,320.45889829874204
1,6848,270.8941962659294
1,6849,263.2714272019777
1,6850,259.40406786976007
1,6851,261.80232165898144
1,6852,73.74711666466831
1,6853,255.67116376515395
1,6854,393.62556329823326
1,6855,73.73926668737974
1,6856,261.92528150275143
1,6857,257.4203588961411
1,6858,261.9967131985471
1,6859,175.92494498920294
1,6860,284.0138606611033
1,6861,265.70735397785666
1,6862,261.83908222529277
1,6863,276.78303799363687
1,6864,127.93399153925273
1,6865,258.5794339223023
1,6866,61.673098823218595
1,6867,263.6069060152282
1,6868,73.75216634439066
1,6869,175.98050705247962
1,6870,284.1614364039882
1,6871,162.82626254025885
1,6872,265.9639735661202
1,6873,16.934523079527214
1,6874,135.0820571552136
1,6875,68.16143185029156
1,6876,280.4302294444603
1,6877,59.20012821746538
1,6878,247.81899453062755
1,6879,80.46717524098497
1,6880,260.7560176648605
1,6881,279.0772407150025
1,6882,72.54325265054798
1,6883,174.48226133359756
1,6884,292.6092621754679
1,6885,273.85025976425345
1,6886,103.76848367197721
1,6887,269.20437809196403
1,6888,72.8529393340176
1,6889,270.3478481988699
1,6890,274.99405452871736
1,6891,72.55781517612252
1,6892,138.7906310873857
1,6893,259.3639532470049
1,6894,60.82084979788915
1,6895,270.71119799672465
1,6896,73.3535290346492
1,6897,275.3744195392871
1,6898,265.5489025976981
1,6899,54.8492454164584
1,6900,269.3003379160922
1,6901,267.770902231714
1,6902,71.87037929315385
1,6903,271.22815281592574
1,6904,66.06191213566188
1,6905,124.08238399168187
1,6906,268.74364917773954
1,6907,73.67955381174207
1,6908,61.651378189116514
1,6909,318.53079747030597
1,6910,73.83565782667358
1,6911,269.02230430002373
1,6912,128.05809663335657
1,6913,73.81798254536822
1,6914,329.4874524522951
1,6915,391.75496537124525
1,6916,74.00776819717396
1,6917,263.66195548826215
1,6918,260.09811640975965
1,6919,55.095890474727895
1,6920,263.8062809178984
1,6921,262.23993977610934
1,6922,321.07563103204825
1,6923,270.4850003203894
1,6924,263.3233063174327
1,6925,259.600494034937
1,6926,261.64253415471563
1,6927,74.77393028409702
1,6928,256.76300312066047
1,6929,65.2084017741922
1,6930,62.06916863105951
1,6931,264.07390363999286
1,6932,74.21990902233107
1,6933,175.92346782465418
1,6934,286.75026975459446
1,6935,243.89858188948722
1,6936,185.21449992200087
1,6937,127.82119824875818
1,6938,145.0425062545474
1,6939,284.26439649449884
1,6940,169.3936665236808
1,6941,165.69507935439833
1,6942,262.3095877315365
1,6943,73.74009902519022
1,6944,110.42130004078038
1,6945,262.761965290421
1,6946,280.51126507447566
1,6947,282.3131382255261
1,6948,68.34951748454186
1,6949,274.4538539148881
1,6950,117.68765846876138
1,6951,272.88729433459315
1,6952,267.45958026495794
1,6953,274.4514772176741
1,6954,188.72676468130283
1,6955,272.58122002706807
1,6956,60.68023477364796
1,6957,280.3914563376431
1,6958,267.10519260056265
1,6959,43.775860899706714
1,6960,265.50707264513557
1,6961,72.26910435727092
1,6962,171.97641386424453
1,6963,492.7111190831104
1,6964,271.62678065885535
1,6965,270.3463040189864
1,6966,72.11239753245445
1,6967,257.73650669836786
1,6968,189.93008966443665
1,6969,45.30034381981022
1,6970,269.5573302853866
1,6971,268.7100377011849
1,6972,73.30071254692716
1,6973,516.7333571307208
1,6974,54.735861138550575
1,6975,270.5415966621675
1,6976,43.28110149322092
1,6977,262.85340502106123
1,6978,280.48896345664826
1,6979,253.54995298801006
1,6980,259.40551442933395
1,6981,166.10199707466307
1,6982,201.66926271953264
1,6983,73.82191549814202
1,6984,257.11808586560926
1,6985,73.86212046881259
1,6986,227.8981935328705
1,6987,82.20962197494795
1,6988,275.7145485727713
1,6989,260.9850728988064
1,6990,74.00776819717396
1,6991,269.68529016377045
1,6992,261.874578086422
1,6993,45.44267506455872
1,6994,256.94273012508603
1,6995,55.192628702798615
1,6996,75.28107168611695
1,6997,457.0359335388879
1,6998,75.30602375407298
1,6999,46.69620722966464
1,7000,265.0739690679499
1,7001,260.1918017330728
1,7002,74.74287665493956
1,7003,294.3071939854606
1,7004,268.85792945716764
1,7005,254.4454469789834
1,7006,281.87727088572126
1,7007,68.35565758638154
1,7008,274.01798657508334
1,7009,79.62341304077682
1,7010,282.0604185912076
1,7011,450.39167127902385
1,7012,267.4519939318975
1,7013,72.5368655739823
1,7014,273.8506059376183
1,7015,170.28730371241542
1,7016,81.14440805903745
1,7017,197.2855165715945
1,7018,271.7249909683338
1,7019,77.73442945108162
1,7020,268.9341978620792
1,7021,270.20184559135816
1,7022,53.93737383989942
1,7023,170.5533881361709
1,7024,200.08712099042702
1,7025,271.5960520640622
1,7026,61.701582605684436
1,7027,232.74617865987818
1,7028,267.4577714861595
1,7029,54.81434904977121
1,7030,81.66907632303149
1,7031,272.9846185944874
1,7032,270.3618487685885
1,7033,35.079249458674894
1,7034,109.0492613920104
1,7035,166.43871046961522
1,7036,201.60191589996856
1,7037,72.78094720989283
1,7038,163.705648948134
1,7039,217.34314617337668
1,7040,73.68569391358174
1,7041,61.60977584656207
1,7042,264.9384372871818
1,7043,276.14419843673966
1,7044,268.649936857512
1,7045,258.7280068678073
1,7046,107.07853138840937
1,7047,273.92093363239667
1,7048,270.49996795602993
1,7049,79.36748501987853
1,7050,258.9261714474883
1,7051,73.49261137954636
1,7052,223.58147692931675
1,7053,264.3571106016951
1,7054,166.7050602330133
1,7055,262.63413979491685
1,7056,106.59027283680946
1,7057,268.6751884539291
1,7058,270.2167201103091
1,7059,56.28151730689501
1,7060,209.20171582291837
1,7061,268.85519279310256
1,7062,75.28194593867374
1,7063,258.0724860357483
1,7064,73.6824038811829
1,7065,257.7081078387181
1,7066,263.7463509797244
1,7067,270.77185230625787
1,7068,266.60210666971534
1,7069,73.71571592362436
1,7070,260.77866758739464
1,7071,191.77449160499538
1,7072,260.9720157067138
1,7073,274.29338966503485
1,7074,165.72275435163033
1,7075,256.3585260773756
1,7076,73.2040540501158
1,7077,259.1244808679281
1,7078,73.77374781124043
1,7079,262.4368015578207
1,7080,262.19632065837686
1,7081,73.18479849211579
1,7082,268.4515894983205
1,7083,61.65363271993418
1,7084,263.23739662140326
1,7085,73.75991869938396
1,7086,271.5961233729821
1,7087,269.1064046649452
1,7088,61.505786882111664
1,7089,260.57599932600095
1,7090,260.6730105657902
1,7091,327.79288844000274
1,7092,74.0460722107704
1,7093,274.6867664952213
1,7094,73.31043722810426
1,7095,286.0201336977636
1,7096,60.18093552243194
1,7097,263.2728927621114
1,7098,276.29939602176836
1,7099,74.04647928194836
1,7100,268.4106294123336
1,7101,341.70872659350607
1,7102,272.9113798239378
1,7103,73.3281527326188
1,7104,266.98848494997355
1,7105,262.3312489106646
1,7106,110.45837232482941
1,7107,167.0792064873262
1,7108,260.64058106502193
1,7109,271.72432683340867
1,7110,15.433329024399736
1,7111,276.8282700126698
1,7112,278.3937587583256
1,7113,277.512238841853
1,7114,115.29701195010787
1,7115,265.5779702866158
1,7116,271.08203008531825
1,7117,232.12021476272562
1,7118,269.1516737121938
1,7119,373.82939500342843
1,7120,245.6649236055013
1,7121,262.6707832832477
1,7122,59.9483261234267
1,7123,269.24927314666934
1,7124,116.43625252792043
1,7125,69.79569255549035
1,7126,257.5205446405269
1,7127,157.9641088795754
1,7128,269.96273843567036
1,7129,262.76468480036925
1,7130,263.4907165580276
1,7131,273.4338044884579
1,7132,124.04614246881161
1,7133,263.73960228319993
1,7134,71.96500690794963
1,7135,229.1750521889241
1,7136,54.363719743909286
1,7137,71.6242677246483
1,7138,257.41736612026443
1,7139,296.25885265417554
1,7140,76.92434843271049
1,7141,259.42347802692063
1,7142,124.22844071463695
1,7143,274.07781941574467
1,7144,258.01363667830776
1,7145,258.22093955985343
1,7146,164.02799741341323
1,7147,109.01292761237991
1,7148,263.09630931020945
1,7149,271.6037531672332
1,7150,283.44115267000063
1,7151,65.8194173071847
1,7152,372.778774565268
1,7153,263.279209382107
1,7154,272.127182014337
1,7155,271.8422193381566
1,7156,273.70541389419986
1,7157,314.87966727149376
1,7158,273.47904789250504
1,7159,170.18705625059997
1,7160,257.9013679784316
1,7161,262.0982745894593
1,7162,54.80868570141381
1,7163,196.99760319157798
1,7164,259.71267540104145
1,7165,257.753008921541
1,7166,258.5897674108588
1,7167,190.1000493203363
1,7168,103.40550361856245
1,7169,261.7702327520135
1,7170,65.41685345944657
1,7171,108.19962352283085
1,7172,264.3994804639171
1,7173,72.82673124965415
1,7174,288.6596833796884
1,7175,258.9707187609133
1,7176,29.834921014951803
1,7177,143.12185142971714
1,7178,277.9684406384911
1,7179,74.30391779122985
1,7180,174.8319362464771
1,7181,85.91537971715374
1,7182,228.34779355407943
1,7183,75.98758418605391
1,7184,260.5705747975268
1,7185,273.62483011663574
1,7186,71.70883828737459
1,7187,296.15605875410466
1,7188,257.55320903610067
1,7189,54.15715701162915
1,7190,40.274569759888585
1,7191,224.51908667538424
1,7192,173.0408762521877
1,7193,263.01987779455663
1,7194,264.5579368365481
1,7195,269.44182230043475
1,7196,262.06709399743613
1,7197,186.69352809965346
1,7198,42.589971566112816
1,7199,223.2919311671293
1,7200,274.7988575066281
1,7201,263.35003448931104
1,7202,263.3729514184878
1,7203,258.01364580664085
1,7204,254.30361287611214
1,7205,77.88079967383837
1,7206,154.4676137467078
1,7207,55.10378362608553
1,7208,123.29821571870862
1,7209,273.19429286769366
1,7210,374.5098657960556
1,7211,256.33948402481593
1,7212,78.10924420295846
1,7213,170.93811386167266
1,7214,61.58802779218113
1,7215,257.3546783346815
1,7216,73.52789637465303
1,7217,178.0312660317281
1,7218,256.4168821633698
1,7219,264.40530980375996
1,7220,270.58862115369493
1,7221,438.8437477189832
1,7222,334.5585179194262
1,7223,74.85466788649255
1,7224,42.89540619122178
1,7225,268.7649534069541
1,7226,79.75610586927385
1,7227,73.45684150190066
1,7228,261.20719830354426
1,7229,69.03011503810598
1,7230,525.2715157234313
1,7231,69.02481196567138
1,7232,259.8335923742905
1,7233,259.00558076125185
1,7234,272.897161301326
1,7235,145.7070573128932
1,7236,261.2452267144824
1,7237,19.007524356627467
1,7238,262.24624238568686
1,7239,145.2546636330202
1,7240,255.49006005957557
1,7241,192.20507241501969
1,7242,125.19400233967417
1,7243,273.9918611477473
1,7244,55.23955107253113
1,7245,150.72809850925066
1,7246,264.3446603009452
1,7247,145.22311795986028
1,7248,231.54260309228812
1,7249,73.9688364393865
1,7250,290.18712729339836
1,7251,261.6996665639748
1,7252,251.1352875819079
1,7253,192.75902781316705
1,7254,260.6017146951426
1,7255,238.7605338264405
1,7256,117.93227845523592
1,7257,264.0597639053128
1,7258,274.4132049652384
1,7259,71.89600993107749
1,7260,270.44665683282744
1,7261,53.557167866436004
1,7262,264.41466638199296
1,7263,264.0102972669915
1,7264,171.73394324530562
1,7265,267.11294725571025
1,7266,169.75698405912172
1,7267,267.6243611361913
1,7268,372.1765382081902
1,7269,264.7115920862481
1,7270,273.56046724081614
1,7271,65.69191301554986
1,7272,143.96016274512442
1,7273,264.3839365690093
1,7274,264.77280113029695
1,7275,123.41260257647544
1,7276,264.3513853248009
1,7277,151.2595740267986
1,7278,275.72932424862586
1,7279,262.342260092278
1,7280,275.1005545686305
1,7281,103.37418007913622
1,7282,55.40177153835262
1,7283,345.65937516113706
1,7284,257.33472130348207
1,7285,55.48580028168001
1,7286,273.54352552978486
1,7287,123.56849672913056
1,7288,257.71564258695275
1,7289,334.81847184909185
1,7290,73.96095140674515
1,7291,275.4273666084039
1,7292,233.91646359289837
1,7293,264.7752636070425
1,7294,55.66913941359458
1,7295,276.3507973081479
1,7296,61.99062720648311
1,7297,262.2373616678031
1,7298,75.22060604777188
1,7299,275.0099049442704
1,7300,263.5515000415776
1,7301,180.8922447206679
1,7302,277.33065352403173
1,7303,270.0990037850471
1,7304,56.88110837799819
1,7305,268.42245688594215
1,7306,180.9972429188752
1,7307,257.04472623647416
1,7308,272.951816269544
1,7309,171.44624904415986
1,7310,203.5429098456621
1,7311,146.15835728076158
1,7312,263.3006447458244
1,7313,266.7184680155301
1,7314,78.5679597632228
1,7315,290.0224894185343
1,7316,60.192436567493054
1,7317,125.39667738337141
1,7318,259.4707426600408
1,7319,150.10519139224627
1,7320,149.98410310428955
1,7321,150.5793086024355
1,7322,193.01428690029553
1,7323,258.7005837209057
1,7324,42.472332261134106
1,7325,261.03367809090923
1,7326,125.5615936431544
1,7327,256.254975953791
1,7328,55.616421399516135
1,7329,107.02291909388369
1,7330,165.89683043979372
1,7331,56.11858849299554
1,7332,154.22207262618514
1,7333,72.48532256309514
1,7334,123.3365082277144
1,7335,258.8178085700457
1,7336,61.970583551317674
1,7337,261.7940369641679
1,7338,258.21377884604294
1,7339,170.54441954060823
1,7340,77.22555573270414
1,7341,265.3408583724098
1,7342,284.76738263241367
1,7343,74.97381947024016
1,7344,367.61757400865747
1,7345,43.03604541715583
1,7346,265.445804078457
1,7347,62.61851705520765
1,7348,171.05354158365623
1,7349,278.6060614388135
1,7350,277.5845665742703
1,7351,74.44299766242645
1,7352,255.6181551682594
1,7353,141.3293386763559
1,7354,263.4846513612346
1,7355,73.26199001339843
1,7356,274.5107901214893
1,7357,74.0185277442523
1,7358,260.64968114743715
1,7359,55.25648130522305
1,7360,275.05977989751636
1,7361,247.13395994430462
1,7362,276.39585737592023
1,7363,263.17499020575883
1,7364,58.85891670089087
1,7365,275.1843827831145
1,7366,260.69848215758975
1,7367,264.0428864522197
1,7368,259.13232893892825
1,7369,173.65546200791323
1,7370,433.747904558403
1,7371,71.9602686963933
1,7372,470.70576249715225
1,7373,74.42145350166328
1,7374,260.17753186337495
1,7375,60.80460733738595
1,7376,264.61525390911703
1,7377,54.48965991331926
1,7378,122.50819748247748
1,7379,265.62550767155324
1,7380,77.50788794096951
1,7381,69.44143338200519
1,7382,119.18294611541774
1,7383,197.94646141822886
1,7384,66.6528647376527
1,7385,146.635486560538
1,7386,55.376327217071015
1,7387,264.22626230079254
1,7388,122.30697200618626
1,7389,120.06063307515865
1,7390,272.8093133427191
1,7391,151.39055808296118
1,7392,63.20576161535507
1,7393,269.4493189946143
1,7394,272.7116657166739
1,7395,77.74270364559426
1,7396,150.7420445715456
1,7397,55.74573257512952
1,7398,269.8586818234752
1,7399,270.98017098550565
1,7400,172.80520522450348
1,7401,275.27913120615847
1,7402,67.04031818624227
1,7403,120.77390755404363
1,7404,271.3479710496541
1,7405,272.8481992872754
1,7406,104.02286693526679
1,7407,263.08481365294784
1,7408,78.6832630787695
1,7409,275.0215126176171
1,7410,65.65641421013089
1,7411,272.08853269831553
1,7412,266.41927905300355
1,7413,79.88317533707028
1,7414,375.4291269303547
1,7415,79.88317533707028
1,7416,264.7445642225506
1,7417,271.97935271333466
1,7418,262.16723666478686
1,7419,79.20788149962549
1,7420,273.3145524871454
1,7421,174.91978897711607
1,7422,74.48515640505325
1,7423,421.5988198489448
1,7424,69.07016360400777
1,7425,259.67868946728066
1,7426,60.3375844278193
1,7427,263.17671341944356
1,7428,150.1281842632861
1,7429,15.595222594933016
1,7430,377.8611947675111
1,7431,273.51172993148094
1,7432,264.48047235172476
1,7433,69.18731088823915
1,7434,103.17598034403193
1,7435,262.05461133266584
1,7436,317.1813888769424
1,7437,104.68236002129936
1,7438,258.4945578149534
1,7439,170.95772333855018
1,7440,164.1984218698972
1,7441,233.08695412763132
1,7442,126.19292976558305
1,7443,69.1992656486529
1,7444,261.6649575581365
1,7445,224.88308352955573
1,7446,244.86345508218608
1,7447,55.57644798237297
1,7448,263.97209276820985
1,7449,197.25909840897674
1,7450,274.3330375980329
1,7451,78.13168604214908
1,7452,336.2248020577499
1,7453,306.75328778324945
1,7454,275.1930147328093
1,7455,369.8679209919635
1,7456,276.40609230630923
1,7457,76.88340301784845
1,7458,169.00718913641927
1,7459,102.5776113416917
1,7460,227.26955936624842
1,7461,169.70465534506113
1,7462,274.4938621134727
1,7463,77.6131977124024
1,7464,303.1482489048846
1,7465,118.9167465029046
1,7466,273.4739684670093
1,7467,65.87908553029791
1,7468,278.6320298423933
1,7469,271.2649597254583
1,7470,72.38222761869899
1,7471,352.3884835893119
1,7472,249.0180495544335
1,7473,276.71020510310115
1,7474,338.68078996869656
1,7475,62.922283017758204
1,7476,335.28058057077385
1,7477,393.2670831085551
1,7478,275.24321874495206
1,7479,261.9830700075239
1,7480,174.61080860960283
1,7481,276.62081598198785
1,7482,73.21163022711258
1,7483,273.7849955536207
1,7484,308.0631335631906
1,7485,151.8754324466648
1,7486,67.09567329502426
1,7487,275.93140349971833
1,7488,304.6091850123316
1,7489,347.7973133512312
1,7490,281.1489519472975
1,7491,35.826752867628045
1,7492,328.0610578145583
1,7493,271.1434766385855
1,7494,62.46732291634319
1,7495,334.8388099480486
1,7496,405.4930662225389
1,7497,178.62851061519717
1,7498,229.94198033557106
1,7499,388.8199187996956
1,7500,273.38873491928615
1,7501,152.27340476833064
1,7502,65.52562121388247
1,7503,290.3241643076258
1,7504,75.6970071384932
1,7505,272.7232611301416
1,7506,57.246500982208126
1,7507,272.4840145214309
1,7508,57.258781329801714
1,7509,78.97075022369853
1,7510,274.6421015265435
1,7511,272.44668914084554
1,7512,68.7702995114914
1,7513,196.65503418003544
1,7514,63.4465093683868
1,7515,330.0168807855527
1,7516,118.03381172309722
1,7517,151.61354500065124
1,7518,177.1094866104352
1,7519,276.4265833535642
1,7520,270.01930557559496
1,7521,103.73351847355846
1,7522,69.3670250134773
1,7523,124.02764165233046
1,7524,273.8953600420203
1,7525,74.15859109382099
1,7526,275.59664719827094
1,7527,266.6698686376994
1,7528,268.3190631668318
1,7529,110.35873146479784
1,7530,270.6420791157948
1,7531,225.85850302268864
1,7532,284.11226826037375
1,7533,130.52346568488122
1,7534,78.91540111389979
1,7535,274.3192737694219
1,7536,174.76222248327133
1,7537,275.9702582681748
1,7538,276.81174339969306
1,7539,177.64276556142391
1,7540,313.16524598550427
1,7541,71.76607902157437
1,7542,289.0851191099972
1,7543,24.221529054134542
1,7544,440.8868490318493
1,7545,50.52442789541565
1,7546,420.4761555704147
1,7547,275.18957955766837
1,7548,262.7377661307701
1,7549,289.8410418251317
1,7550,253.562287396279
1,7551,51.20464350107616
1,7552,297.1906182531129
1,7553,278.6013598449133
1,7554,75.7057699746375
1,7555,279.50747762235676
1,7556,173.42920894647915
1,7557,167.05844320388377
1,7558,290.12984888152005
1,7559,434.3078541902554
1,7560,83.36190388009189
1,7561,170.61451362508424
1,7562,327.67775259069117
1,7563,299.4193523514533
1,7564,298.82502337833586
1,7565,60.06999193161724
1,7566,304.5289116822235
1,7567,192.9938166234581
1,7568,85.17234607182088
1,7569,66.44435179849626
1,7570,281.6213034254148
1,7571,76.22864311474403
1,7572,306.8157350934143
1,7573,303.5852446938678
1,7574,51.32014925559457
1,7575,294.5183044531158
1,7576,76.59992423538671
1,7577,495.7815877092188
1,7578,122.3478540338701
1,7579,280.12180543850707
1,7580,76.31632201164327
1,7581,278.7938171972287
1,7582,180.53556290077512
1,7583,264.8641839208717
1,7584,297.60962842204174
1,7585,68.97917707122437
1,7586,302.9901719794369
1,7587,287.63482563079026
1,7588,123.49292656036657
1,7589,304.4167694525139
1,7590,160.64710470418206
1,7591,287.80637724005874
1,7592,280.6041831212722
1,7593,77.8610279477145
1,7594,292.1073740452739
1,7595,290.99424824696246
1,7596,241.7121680215267
1,7597,286.0842111848109
1,7598,123.22701383720931
1,7599,277.70050359711223
1,7600,83.70127312778251
1,7601,230.9455523428864
1,7602,77.33407762676899
1,7603,294.9553266205689
1,7604,303.70295454858393
1,7605,300.6878110105017
1,7606,59.87441460089503
1,7607,306.74227735155034
1,7608,196.7368008148738
1,7609,290.3825584683109
1,7610,76.70711401976843
1,7611,531.5373770727276
1,7612,70.11401662573857
1,7613,355.6021718691868
1,7614,290.40850723070787
1,7615,386.83823149884984
1,7616,309.0778364941268
1,7617,120.78571156600285
1,7618,66.01203847742619
1,7619,289.0287691255053
1,7620,83.23910873936161
1,7621,282.19150217317997
1,7622,211.40068215509115
1,7623,282.2291692378831
1,7624,77.09730102740504
1,7625,291.87760330352705
1,7626,165.31473620829692
1,7627,171.47513578242166
1,7628,289.78653404786473
1,7629,282.23355446169364
1,7630,608.4369622028223
1,7631,59.58903716538443
1,7632,196.92873096026668
1,7633,289.53348681133815
1,7634,304.0581999802776
1,7635,296.6751098535898
1,7636,293.8807171656464
1,7637,281.2136860268921
1,7638,292.62402053389536
1,7639,59.07344879357081
1,7640,294.7831893090001
1,7641,75.69787731535088
1,7642,278.6100751993955
1,7643,210.02228409587846
1,7644,290.65006826027
1,7645,112.9396031811127
1,7646,300.27482964672566
1,7647,269.04827642656085
1,7648,59.658781076431076
1,7649,307.87477813220124
1,7650,283.59334463253083
1,7651,83.53817051618647
1,7652,273.70036536945895
1,7653,75.35202684594884
1,7654,170.84355359419266
1,7655,275.820734763465
1,7656,291.0160309693377
1,7657,279.22955751354164
1,7658,208.83462286948847
1,7659,76.42594369276037
1,7660,147.65947363112912
1,7661,76.4582001515616
1,7662,283.58296442439894
1,7663,322.228823267793
1,7664,274.5424354254207
1,7665,198.82177301218985
1,7666,275.1946738228396
1,7667,74.1934751948752
1,7668,281.9419731884823
1,7669,172.0579310587745
1,7670,276.1255123192869
1,7671,76.73075977995062
1,7672,261.62247780574774
1,7673,83.80803298028778
1,7674,291.1744445997297
1,7675,58.01676797385244
1,7676,348.1654118859077
1,7677,279.0837029073861
1,7678,272.92227831277523
1,7679,275.94796988777705
1,7680,277.56011823802885
1,7681,289.1371167191101
1,7682,122.74458650926496
1,7683,279.7830939397648
1,7684,268.5981085505958
1,7685,286.22223122423344
1,7686,78.37934330893306
1,7687,272.5317967983387
1,7688,53.30761794667381
1,7689,278.6637628129098
1,7690,276.8904512973242
1,7691,61.59076286493116
1,7692,306.04766128489973
1,7693,276.59107143130757
1,7694,214.30737633560835
1,7695,275.21526763528414
1,7696,280.15632041998737
1,7697,275.50507433932563
1,7698,288.2005724893729
1,7699,203.62024248595512
1,7700,205.47963483307893
1,7701,274.8237350508297
1,7702,305.6016867400823
1,7703,261.1707947259431
1,7704,248.2195952622293
1,7705,157.86045014101478
1,7706,216.66312011519344
1,7707,59.11424129838556
1,7708,279.9439851913467
1,7709,269.0730324844634
1,7710,284.55959834045825
1,7711,273.8139077872104
1,7712,265.23444887560095
1,7713,75.72082775471675
1,7714,266.7007424946186
1,7715,128.3446728166931
1,7716,275.6209505315063
1,7717,75.42433388025698
1,7718,274.517660307245
1,7719,113.38389475388338
1,7720,269.35091296788505
1,7721,290.64499550834466
1,7722,89.20076157334434
1,7723,280.5431600913991
1,7724,296.1684633032686
1,7725,290.0114926794264
1,7726,293.5959669455435
1,7727,279.61178439901056
1,7728,88.73236579104287
1,7729,344.32619555052395
1,7730,85.21911508827787
1,7731,310.71779090788345
1,7732,275.2347987337007
1,7733,76.38780067916429
1,7734,217.41131550916884
1,7735,279.954644559029
1,7736,85.33327777762713
1,7737,276.9780573704109
1,7738,76.64010177082072
1,7739,280.83535293756006
1,7740,76.6803067414913
1,7741,268.92287323474363
1,7742,117.88752211229085
1,7743,496.7175195927755
1,7744,89.11470374381088
1,7745,231.13107025288159
1,7746,278.02331473893923
1,7747,274.4036220945948
1,7748,84.00420970088182
1,7749,66.79608368620953
1,7750,341.3931533360252
1,7751,78.18840492963687
1,7752,301.978670440041
1,7753,78.85201591579275
1,7754,149.61971686166706
1,7755,315.8825607092939
1,7756,90.92852201736815
1,7757,452.8558470925552
1,7758,86.18495637720682
1,7759,281.5985528334459
1,7760,181.8778853204766
1,7761,286.5852837676953
1,7762,269.65024487403895
1,7763,286.1358574762844
1,7764,157.9693805451923
1,7765,230.35714516796222
1,7766,275.297504673761
1,7767,77.4046737822307
1,7768,286.59957860150496
1,7769,273.7831375174188
1,7770,280.2567921663758
1,7771,181.50563179622281
1,7772,118.98776353833208
1,7773,285.9416730254437
1,7774,274.3364193216713
1,7775,52.092707960973314
1,7776,241.02895986863834
1,7777,279.8253971695617
1,7778,282.2108118186445
1,7779,189.73851714736338
1,7780,60.82928983069175
1,7781,290.7079619483345
1,7782,181.85479899522107
1,7783,283.2330383825948
1,7784,274.08450125500514
1,7785,299.88810854322435
1,7786,263.0849266509073
1,7787,276.4162780233994
1,7788,160.68425397508116
1,7789,217.49832110962367
1,7790,77.12908793749506
1,7791,292.2663707734815
1,7792,77.14173760991912
1,7793,276.0974040666306
1,7794,61.45847062504268
1,7795,77.1396977864508
1,7796,289.1745645235385
1,7797,343.564921301443
1,7798,209.5802839670106
1,7799,281.6242702386452
1,7800,192.29134493699542
1,7801,281.79115495256957
1,7802,71.69717125114701
1,7803,282.4338434881092
1,7804,123.47915596503276
1,7805,302.8984894279439
1,7806,280.5459571534232
1,7807,324.0974560403248
1,7808,216.0323294476253
1,7809,303.38490754153463
1,7810,299.5285125707567
1,7811,318.64491111166984
1,7812,274.27552818987436
1,7813,499.1939995186416
1,7814,279.6364343049137
1,7815,244.3898565998798
1,7816,75.78046287688065
1,7817,278.6398099611388
1,7818,75.84222994788858
1,7819,266.9149017591851
1,7820,287.6897848107608
1,7821,281.52604384490644
1,7822,60.01189679659806
1,7823,274.19140138133207
1,7824,279.90510135677147
1,7825,279.62090620887534
1,7826,387.3075357792199
1,7827,279.65978987699714
1,7828,136.10816395522426
1,7829,115.94986507469616
1,7830,88.88077576301296
1,7831,280.58301162858334
1,7832,280.6170255677247
1,7833,277.8231555243141
1,7834,288.8888850468593
1,7835,378.23277756870925
1,7836,275.8401855599625
1,7837,321.09099227610534
1,7838,293.3175723722171
1,7839,60.73010776401133
1,7840,310.58968743388505
1,7841,269.9786175954266
1,7842,267.6655513916445
1,7843,270.0343594000018
1,7844,267.6750577944121
1,7845,76.8103411165458
1,7846,262.9004964591501
1,7847,280.64484754755324
1,7848,119.1241409538316
1,7849,265.2820699088651
1,7850,267.81127431370203
1,7851,267.5191293896903
1,7852,267.55713217043893
1,7853,275.9151778202284
1,7854,119.53865625622232
1,7855,273.58075212225333
1,7856,280.19477703407284
1,7857,277.0661350028854
1,7858,126.09191203205428
1,7859,291.61986215667844
1,7860,297.624785062374
1,7861,292.87354498805666
1,7862,278.6627902783166
1,7863,64.01940149836157
1,7864,268.0794784571152
1,7865,86.90734183785713
1,7866,273.4910247269467
1,7867,279.56154040274635
1,7868,270.791927977492
1,7869,61.5870458408131
1,7870,51.81688959046169
1,7871,277.82820937873623
1,7872,77.66807205575455
1,7873,278.54661500522263
1,7874,302.60207145451983
1,7875,310.2968458567726
1,7876,201.25529226427184
1,7877,292.06183046857626
1,7878,189.69908685860355
1,7879,274.4246306663574
1,7880,59.82105662628839
1,7881,199.9220930470575
1,7882,290.78000646905855
1,7883,158.49575223756756
1,7884,237.37037081184434
1,7885,279.4326582050806
1,7886,185.43429807633504
1,7887,71.69378149606021
1,7888,282.4192728949689
1,7889,287.3752349021447
1,7890,298.1968057566236
1,7891,206.31182770911698
1,7892,292.3222382488192
1,7893,160.48291437804224
1,7894,238.62832917919326
1,7895,280.98956186914273
1,7896,84.36537072124335
1,7897,287.50412042111634
1,7898,76.84410916853832
1,7899,282.7693557633772
1,7900,77.15378052390778
1,7901,161.26392758033836
1,7902,320.31469445783216
1,7903,279.89682810791896
1,7904,226.80932179069725
1,7905,283.81774131402585
1,7906,283.7378929715512
1,7907,136.61093517721713
1,7908,279.38539388802263
1,7909,277.0054928454274
1,7910,94.41881050368386
1,7911,353.3115597842515
1,7912,320.6765413024143
1,7913,279.56866661574094
1,7914,268.3185370915893
1,7915,267.9725755252613
1,7916,77.22875140714507
1,7917,280.72347982399947
1,7918,78.30146429393113
1,7919,324.8049021133636
1,7920,76.2133894652875
1,7921,283.3241224741664
1,7922,295.3273981280295
1,7923,278.62834562238396
1,7924,80.18895385623169
1,7925,287.8332692042261
1,7926,323.5219725224187
1,7927,299.44791366037055
1,7928,285.1803964173518
1,7929,283.10467391503
1,7930,52.15255558019915
1,7931,286.7417407446925
1,7932,288.11292847953644
1,7933,277.8720233000829
1,7934,301.700002426312
1,7935,302.29207749037226
1,7936,74.57331162214916
1,7937,84.71599632481114
1,7938,294.68870561670053
1,7939,290.815705759331
1,7940,278.1577862478615
1,7941,279.15223714865203
1,7942,280.49968974464326
1,7943,288.69818455232917
1,7944,280.91705093079827
1,7945,306.23472720354897
1,7946,283.19645120806035
1,7947,312.12810481875846
1,7948,297.55117435523016
1,7949,286.4514369387626
1,7950,321.96697143560147
1,7951,286.03144646154925
1,7952,60.5484165964448
1,7953,286.7687339724958
1,7954,286.1111281412782
1,7955,279.16099602190104
1,7956,297.5985133268755
1,7957,260.0153346346672
1,7958,281.44522355561566
1,7959,281.97108540268346
1,7960,52.88447046804548
1,7961,171.58651036193888
1,7962,280.19688463076665
1,7963,296.39459881515955
1,7964,298.643133973389
1,7965,286.9810028743351
1,7966,279.35497018073573
1,7967,284.0314949621231
1,7968,77.9153535590764
1,7969,86.60202490537404
1,7970,297.07804181480617
1,7971,302.18778833346187
1,7972,281.3204665296446
1,7973,274.5981010331393
1,7974,61.56581632565997
1,7975,277.22037764621103
1,7976,78.32107062740211
1,7977,184.3466399816652
1,7978,321.32437097127746
1,7979,289.6945956513252
1,7980,288.17145956416437
1,7981,50.41698634461179
1,7982,306.4743447793163
1,7983,74.18100937385977
1,7984,335.1274580036727
1,7985,293.40986944602605
1,7986,76.81658981002288
1,7987,85.659436543478
1,7988,304.7543693243955
1,7989,288.20514897320123
1,7990,86.04156078816793
1,7991,289.4036909841546
1,7992,280.4043983302076
1,7993,282.8665033156011
1,7994,60.500819430321464
1,7995,289.6569797083943
1,7996,85.81272590396364
1,7997,280.075551734995
1,7998,169.66911296807677
1,7999,293.62891396966313
1,8000,287.28329393226545
1,8001,295.4082236162557
1,8002,291.29485662651837
1,8003,518.9607784068945
1,8004,293.0397436715166
1,8005,303.4548126770066
1,8006,289.8207276135213
1,8007,288.2615640414791
1,8008,61.36603551162796
1,8009,296.35197133254235
1,8010,86.47357635436327
1,8011,286.26016070276467
1,8012,285.97655149656885
1,8013,44.15644433157955
1,8014,281.9992751413449
1,8015,72.28815626634334
1,8016,276.21326461266926
1,8017,179.13668899488135
1,8018,291.40783970373303
1,8019,78.10307223194768
1,8020,286.6351139587145
1,8021,78.08424837921375
1,8022,279.93581123234037
1,8023,61.60494567262545
1,8024,78.35268528534189
1,8025,284.25724605345385
1,8026,214.1490616251471
1,8027,284.1317090324099
1,8028,369.99550492647427
1,8029,290.13059900656685
1,8030,309.46838640573696
1,8031,299.44136427116143
1,8032,287.92361898639007
1,8033,76.85332288499274
1,8034,289.21654861259196
1,8035,77.46666209579817
1,8036,86.54514938497947
1,8037,295.1016312260969
1,8038,122.39664662371241
1,8039,290.6437565090971
1,8040,285.3592432133616
1,8041,84.96218742469728
1,8042,292.28058505353744
1,8043,288.7793367926064
1,8044,67.17123695854562
1,8045,295.8933730366061
1,8046,77.0932864022114
1,8047,286.1042114363942
1,8048,281.2918948553061
1,8049,298.386262561094
1,8050,295.0934124513445
1,8051,215.0056143476748
1,8052,293.6747143213694
1,8053,296.1890902676494
1,8054,300.99332392363317
1,8055,289.75176237248945
1,8056,362.04047282669706
1,8057,273.7523821702366
1,8058,21.404266702231524
1,8059,224.1110117745767
1,8060,301.32844778243674
1,8061,280.75988510779723
1,8062,85.32176040197992
1,8063,215.71179778177472
1,8064,302.5782822469336
1,8065,61.56997248415129
1,8066,295.1825972871519
1,8067,121.40820089940746
1,8068,374.8243981798936
1,8069,295.70267176821125
1,8070,207.1829315875654
1,8071,78.15288636989467
1,8072,279.8941190347163
1,8073,85.39310474964782
1,8074,359.18820068678286
1,8075,292.9161973185969
1,8076,296.0975621852915
1,8077,283.7992017372005
1,8078,120.87400352782906
1,8079,296.43763712478335
1,8080,293.8515372549516
1,8081,287.8502692905374
1,8082,298.119167709002
1,8083,121.87432854905539
1,8084,386.83980864460545
1,8085,286.0330755140413
1,8086,288.9394835197247
1,8087,293.1438360854411
1,8088,67.08500376171037
1,8089,286.832599196525
1,8090,188.1760098911608
1,8091,77.04670455110197
1,8092,292.71615463097396
1,8093,60.45729605905128
1,8094,76.93161251967685
1,8095,291.9164159047989
1,8096,289.2454922296447
1,8097,60.529353515022365
1,8098,77.24561679059039
1,8099,255.74416532115083
1,8100,181.3296947988907
1,8101,67.86152444129735
1,8102,336.1499581267485
1,8103,293.05212975382284
1,8104,77.60157908658611
1,8105,299.13201381133194
1,8106,38.21489789618035
1,8107,77.6256506907308
1,8108,289.27497532287174
1,8109,61.31256159129
1,8110,291.32236940511075
1,8111,292.0953564249245
1,8112,206.84023863840997
1,8113,295.9089826004879
1,8114,77.77776298519579
1,8115,287.3556502378593
1,8116,288.38472543337474
1,8117,279.21439895228775
1,8118,258.7918275382016
1,8119,280.8408404316583
1,8120,297.89510155209894
1,8121,181.26241348743324
1,8122,295.73812302012095
1,8123,78.1899825397066
1,8124,301.9222042864191
1,8125,63.82344618048509
1,8126,79.31988651779852
1,8127,300.5178848138572
1,8128,299.0063038248923
1,8129,182.5316109919051
1,8130,328.19499859002735
1,8131,274.1592763614186
1,8132,298.821156117369
1,8133,78.4111332818324
1,8134,282.2852109239293
1,8135,121.79302257908758
1,8136,366.74539804286246
1,8137,296.0615691629066
1,8138,181.4874488920007
1,8139,287.60448728704256
1,8140,356.8860204001455
1,8141,267.9288979100377
1,8142,289.6525887345232
1,8143,213.34041335930408
1,8144,308.66475423639906
1,8145,291.41584795728625
1,8146,307.41687231218856
1,8147,643.6974278859495
1,8148,295.2437210258827
1,8149,77.86460701540682
1,8150,297.67455840162535
1,8151,299.5339181797214
1,8152,290.7018023893488
1,8153,292.99699159479803
1,8154,90.38267834808761
1,8155,297.6735535689555
1,8156,299.17642232997065
1,8157,292.9187994897115
1,8158,291.6551690043692
1,8159,310.26191815125804
1,8160,215.83221061778832
1,8161,288.35610310648474
1,8162,301.1700419595438
1,8163,289.611517071413
1,8164,281.8270216487073
1,8165,303.8642816793583
1,8166,319.5987179365558
1,8167,316.8748888124941
1,8168,57.680943767564486
1,8169,306.4883752346572
1,8170,268.6824649103148
1,8171,246.3076957527885
1,8172,274.55096862135684
1,8173,76.67753447186313
1,8174,52.43693047489797
1,8175,117.3356125259078
1,8176,163.06224131803094
1,8177,267.9585876615188
1,8178,270.3042158506862
1,8179,76.69683176723106
1,8180,277.4786896086965
1,8181,76.49429710241931
1,8182,278.5855003532736
1,8183,304.50941486188145
1,8184,271.4970024203693
1,8185,25.371347403933
1,8186,294.5330842843507
1,8187,84.19210193475647
1,8188,279.9208600410907
1,8189,77.45736568946006
1,8190,280.9511631073392
1,8191,52.521170606797
1,8192,274.94386021582886
1,8193,278.1000601064119
1,8194,289.9300046181321
1,8195,301.4973722913693
1,8196,135.81535001249736
1,8197,197.98585790267782
1,8198,86.16122921995556
1,8199,282.6518750329567
1,8200,285.27581504442
1,8201,26.107805186268436
1,8202,292.8175882588992
1,8203,96.96986658578413
1,8204,79.70203720653504
1,8205,225.32465188186714
1,8206,61.23501913752337
1,8207,297.86529889324527
1,8208,70.2009045082066
1,8209,281.021165904316
1,8210,84.91542484019124
1,8211,293.5642117496591
1,8212,220.4169962020434
1,8213,279.2358470322241
1,8214,78.00788631763164
1,8215,288.5551281827475
1,8216,298.2988599947804
1,8217,280.0431815830682
1,8218,125.80764837946151
1,8219,297.15770003090734
1,8220,87.75494661838619
1,8221,125.88944891724681
1,8222,279.1367808467545
1,8223,164.24840345993607
1,8224,279.14722550078704
1,8225,188.95489746195227
1,8226,76.37902703042826
1,8227,305.8498351755429
1,8228,278.0768217603413
1,8229,278.61092495910435
1,8230,261.57951130287836
1,8231,304.9124509145944
1,8232,61.217857724704764
1,8233,306.6667622737193
1,8234,278.60941284678836
1,8235,410.20656890055807
1,8236,282.0331759395635
1,8237,77.65500210912134
1,8238,306.24867512635814
1,8239,61.218780088867454
1,8240,282.4357415753516
1,8241,287.273229445758
1,8242,38.48792706161934
1,8243,279.11138208548584
1,8244,77.66096599394955
1,8245,287.9472454915261
1,8246,307.8898132773734
1,8247,301.0425740543888
1,8248,286.0910686815967
1,8249,299.6097230554808
1,8250,290.6323362803561
1,8251,302.60479811939416
1,8252,295.5831687107897
1,8253,286.58285194345456
1,8254,289.88832711336187
1,8255,76.63790742191831
1,8256,295.25549423823213
1,8257,304.4992312430128
1,8258,288.61530328891007
1,8259,280.56050331018014
1,8260,76.80113909064723
1,8261,288.18900548717414
1,8262,300.32493797813737
1,8263,71.05656075258179
1,8264,278.4799162054479
1,8265,260.7948587021257
1,8266,64.91513132474873
1,8267,275.6485176303328
1,8268,265.75207728528886
1,8269,52.5305959499902
1,8270,341.48028720853625
1,8271,284.3351222228205
1,8272,290.4169891940013
1,8273,280.88946128200325
1,8274,280.34299278130254
1,8275,75.75492475537312
1,8276,273.39079738009326
1,8277,84.8139130325975
1,8278,274.9553305921137
1,8279,290.4591977847234
1,8280,280.00036305603044
1,8281,285.55792169155836
1,8282,280.1003812233106
1,8283,75.4265264954224
1,8284,271.81807023949887
1,8285,289.83262663180096
1,8286,60.18852377544112
1,8287,275.8450270214333
1,8288,273.8035270582567
1,8289,118.4938093100624
1,8290,272.83550701611506
1,8291,71.06588237274114
1,8292,270.57038892899334
1,8293,248.0696347349368
1,8294,118.50483774593776
1,8295,274.3156506675614
1,8296,75.9752487178965
1,8297,274.31972547585156
1,8298,289.1353100222789
1,8299,279.74327402528695
1,8300,76.79415351912489
1,8301,276.14627899857675
1,8302,269.6980024760777
1,8303,69.24960144289018
1,8304,267.2805923794939
1,8305,269.47940062818645
1,8306,76.51474774858104
1,8307,271.30704988700006
1,8308,274.49676665110127
1,8309,285.6423490855627
1,8310,76.71351780092755
1,8311,256.8150575646197
1,8312,300.1204094900856
1,8313,304.78283910715976
1,8314,161.91141925494753
1,8315,236.3648076668523
1,8316,274.05071564138524
1,8317,276.72201984031216
1,8318,86.22499897204355
1,8319,282.63565287483556
1,8320,122.22152074606032
1,8321,180.27365631753196
1,8322,270.81830680567884
1,8323,77.49729166836232
1,8324,275.8453638769312
1,8325,84.41390523367869
1,8326,180.78880100182073
1,8327,177.08245051094173
1,8328,272.4844820583473
1,8329,77.02531319849783
1,8330,179.63446345872245
1,8331,277.17760206720004
1,8332,277.96216443179276
1,8333,280.11574454260847
1,8334,239.1836875274831
1,8335,260.45308156151793
1,8336,278.35108868025134
1,8337,273.28831156580475
1,8338,272.91856774447496
1,8339,254.2368394111914
1,8340,309.8860236770157
1,8341,266.32626417162766
1,8342,330.94328036889465
1,8343,58.71173351617085
1,8344,324.6251795767889
1,8345,78.21881817820777
1,8346,258.6721915949538
1,8347,68.78193815912839
1,8348,261.01224158629947
1,8349,182.87736937999546
1,8350,263.597060402741
1,8351,69.67989440373873
1,8352,216.63364131217548
1,8353,263.64482150605664
1,8354,260.0350621850671
1,8355,294.95839689792905
1,8356,268.10470155032084
1,8357,273.57738027287553
1,8358,41.44962000146731
1,8359,273.02124055494266
1,8360,264.29880992485784
1,8361,270.4505282874463
1,8362,71.46223891583654
1,8363,262.08937790023487
1,8364,273.2572733785289
1,8365,271.2595819346677
1,8366,71.5770478949977
1,8367,259.65833671079827
1,8368,267.6234623279212
1,8369,259.1090364483278
1,8370,80.04977933949863
1,8371,263.1633434432217
1,8372,72.04446986611245
1,8373,221.84885891960508
1,8374,263.26751735810365
1,8375,263.8348279149988
1,8376,260.4258526534467
1,8377,72.38325024055935
1,8378,254.01592116292798
1,8379,260.92216017053954
1,8380,53.80726148715698
1,8381,264.11142963456206
1,8382,271.5455621737956
1,8383,263.5633138783514
1,8384,275.79600357757187
1,8385,254.59693219057075
1,8386,53.851728583558526
1,8387,256.6938231606086
1,8388,221.09705363924863
1,8389,263.06107019160464
1,8390,268.3109698888129
1,8391,261.0097817167655
1,8392,59.253841202453415
1,8393,261.34730053435413
1,8394,481.2009609393409
1,8395,57.9871273703966
1,8396,279.3065528182642
1,8397,254.93163118995585
1,8398,114.5003771064279
1,8399,256.79173181674037
1,8400,285.8685517656028
1,8401,261.76099069521194
1,8402,66.65744581203651
1,8403,258.04609586003596
1,8404,153.12544641913536
1,8405,325.90998173853166
1,8406,71.54264576564498
1,8407,260.99422395909835
1,8408,151.01108339648718
1,8409,68.18631812161246
1,8410,119.06514012017837
1,8411,258.7184192648093
1,8412,71.68605181636417
1,8413,39.59335911948608
1,8414,219.37888827504162
1,8415,262.1208659276909
1,8416,265.3835755260411
1,8417,257.12752038244264
1,8418,53.09502178782839
1,8419,256.5568203004252
1,8420,71.67873953666343
1,8421,265.21451639517494
1,8422,170.21089367467874
1,8423,256.93861687637326
1,8424,72.55028690412804
1,8425,268.51671372448675
1,8426,54.05529865994062
1,8427,266.53714344550696
1,8428,185.47079515331006
1,8429,266.97036066343355
1,8430,72.65603691312872
1,8431,275.09041868262887
1,8432,95.40782298929989
1,8433,262.3896091560137
1,8434,54.22938078609755
1,8435,257.35510530857306
1,8436,193.40262033289667
1,8437,271.75661528213874
1,8438,267.902580538444
1,8439,254.9258353336049
1,8440,72.94469976164616
1,8441,222.59159248215644
1,8442,261.13297208347313
1,8443,42.56058743873101
1,8444,256.4823375309105
1,8445,318.38648128933306
1,8446,262.78603247982335
1,8447,256.3901989368861
1,8448,73.77548498406108
1,8449,261.71486017996574
1,8450,354.7797240419885
1,8451,189.92125189069364
1,8452,256.8531581499549
1,8453,74.42355635454946
1,8454,222.42884896398658
1,8455,262.07384057659505
1,8456,55.66113118184914
1,8457,170.51482249676215
1,8458,257.1276511526803
1,8459,248.95770097690976
1,8460,263.27200129119115
1,8461,270.1373545850365
1,8462,258.29719769409155
1,8463,100.61309173957123
1,8464,275.9651039460123
1,8465,321.8685109435065
1,8466,105.86979022998233
1,8467,260.5877104099139
1,8468,71.84246068919832
1,8469,262.1992772673334
1,8470,186.60382627534278
1,8471,260.6516174061806
1,8472,71.85412753716638
1,8473,216.8192294398399
1,8474,261.3264931526763
1,8475,277.51468534753553
1,8476,258.62734996161566
1,8477,271.1873118915977
1,8478,64.67869541721349
1,8479,257.16797851383615
1,8480,108.62688719701256
1,8481,301.5393454843572
1,8482,258.73922560881147
1,8483,194.22687896946832
1,8484,82.22919699939956
1,8485,266.85419509964476
1,8486,264.2106367935076
1,8487,270.9944970713378
1,8488,72.79074277109784
1,8489,260.5583151623507
1,8490,267.02889566640107
1,8491,54.47047815609483
1,8492,168.66527000415846
1,8493,273.8549352487868
1,8494,45.35618675169647
1,8495,271.2016816865082
1,8496,257.5962977320164
1,8497,73.55028354735308
1,8498,261.4112382345355
1,8499,329.23370753575796
1,8500,255.43198750726302
1,8501,73.3230601206004
1,8502,222.70120187964895
1,8503,267.47860805444066
1,8504,257.65517716112777
1,8505,257.9065029678985
1,8506,103.83351240157188
1,8507,258.45729961232166
1,8508,272.21131199303414
1,8509,54.87770293012781
1,8510,373.8814122041899
1,8511,200.5883299198881
1,8512,69.40182659719473
1,8513,272.018216835881
1,8514,277.8667975419569
1,8515,261.2921601029039
1,8516,146.38279639963577
1,8517,232.34663427900614
1,8518,195.56425066319565
1,8519,74.35940103303287
1,8520,254.6279119229932
1,8521,328.87790276399375
1,8522,255.1961125726582
1,8523,251.21487158491516
1,8524,43.75679559665052
1,8525,255.73332589668442
1,8526,54.61811829033762
1,8527,41.625523811816706
1,8528,258.21414707006204
1,8529,266.9833856095876
1,8530,109.67922513296064
1,8531,212.18015093368263
1,8532,260.3022122823869
1,8533,272.3967322292838
1,8534,73.90309920454057
1,8535,43.76915525791476
1,8536,449.4693208395462
1,8537,259.50189450127493
1,8538,259.3792377608504
1,8539,62.45319614659458
1,8540,327.05328630712586
1,8541,82.479076336831
1,8542,270.64503308350197
1,8543,264.0306961089701
1,8544,274.82103549943696
1,8545,174.82743638414988
1,8546,259.5759566666793
1,8547,151.00813410287356
1,8548,73.68391701919646
1,8549,268.54504605076403
1,8550,73.69998891384273
1,8551,267.44851176088866
1,8552,262.66681725640626
1,8553,264.5225339314979
1,8554,82.09860517093968
1,8555,274.410560493707
1,8556,289.23210216782854
1,8557,281.9688655123963
1,8558,275.7664634165998
1,8559,104.17405670898455
1,8560,277.2728267566545
1,8561,161.8861817048354
1,8562,270.84336172199966
1,8563,74.0188469243936
1,8564,267.4531792304718
1,8565,272.76616662447566
1,8566,190.98549618673653
1,8567,288.9124220763882
1,8568,278.136360119988
1,8569,73.85012704946824
1,8570,339.4365686895069
1,8571,275.0928130591579
1,8572,55.592024616447475
1,8573,272.3207367235433
1,8574,277.32236441059035
1,8575,272.5615617263781
1,8576,275.9170418004918
1,8577,171.77456093480544
1,8578,177.15217591615584
1,8579,282.985713438369
1,8580,168.04309604334634
1,8581,270.39661607686617
1,8582,68.8222426627456
1,8583,276.24455908570894
1,8584,63.19222427991056
1,8585,272.99735016844994
1,8586,328.9684247269124
1,8587,112.866226754199
1,8588,269.9172081943455
1,8589,75.79663829807347
1,8590,270.44587773362434
1,8591,75.45882858478842
1,8592,256.1081265488807
1,8593,276.3006564704617
1,8594,203.03864936165348
1,8595,84.6950935861145
1,8596,277.97776223795245
1,8597,276.59681204744214
1,8598,277.3488228736186
1,8599,289.34611536530576
1,8600,272.39509984471727
1,8601,80.85485783718052
1,8602,267.57854677459284
1,8603,275.2878261852258
1,8604,224.63345219896834
1,8605,278.22901829401303
1,8606,76.94505375894266
1,8607,340.0127456934038
1,8608,279.23119222374703
1,8609,265.69456875932167
1,8610,23.65062569860146
1,8611,273.9564996202805
1,8612,272.59813546191685
1,8613,84.20447702761058
1,8614,206.09312141772733
1,8615,264.98784219435174
1,8616,75.80687040355485
1,8617,272.30846916966186
1,8618,75.82284201953209
1,8619,194.7153464629733
1,8620,83.19828889013294
1,8621,261.0560306506623
1,8622,278.6340636547184
1,8623,109.01006031866595
1,8624,273.7260657880578
1,8625,148.93137453865967
1,8626,275.4703944882559
1,8627,334.8725537805898
1,8628,281.95787235878663
1,8629,203.47720395610685
1,8630,272.03808176077007
1,8631,75.83574167654301
1,8632,271.95400287829625
1,8633,273.4559106940894
1,8634,84.67599352722294
1,8635,275.6089665542088
1,8636,192.07020960151206
1,8637,272.3965585369451
1,8638,75.73046986599158
1,8639,264.3776959350364
1,8640,274.1659852471348
1,8641,57.493966789823155
1,8642,84.57545204028541
1,8643,276.0255007435996
1,8644,75.966200418639
1,8645,222.7248264974855
1,8646,280.20450569587626
1,8647,283.47817658155816
1,8648,293.05045668691287
1,8649,290.62663147249464
1,8650,305.62947417822534
1,8651,262.71337123027473
1,8652,290.12927245754037
1,8653,72.17493712303282
1,8654,42.45744640765124
1,8655,257.5568678488494
1,8656,274.40862667215197
1,8657,60.76440300246571
1,8658,329.2815917053109
1,8659,80.1627166952831
1,8660,276.6430495698582
1,8661,276.92066132151905
1,8662,72.61302004470129
1,8663,225.01779156685797
1,8664,59.19116293025414
1,8665,280.1317649070782
1,8666,268.52122382300166
1,8667,72.96352227737042
1,8668,273.35264858201276
1,8669,188.1746122286409
1,8670,280.7431893344881
1,8671,73.50320708023135
1,8672,273.15235518284646
1,8673,268.3349791121369
1,8674,278.8306705904522
1,8675,195.28497787992285
1,8676,73.50811097503362
1,8677,276.8034329020343
1,8678,280.07652371336894
1,8679,68.20504427279978
1,8680,273.92466039241424
1,8681,326.4424154764637
1,8682,269.6428237202374
1,8683,71.21813467323368
1,8684,220.4738032664327
1,8685,274.29810091691945
1,8686,271.2331983366166
1,8687,257.5917029704878
1,8688,271.0998428345823
1,8689,54.05214522544511
1,8690,161.98186292480023
1,8691,262.5828620729575
1,8692,72.15336028598368
1,8693,265.1307033488876
1,8694,81.6775137829402
1,8695,265.38582593975195
1,8696,103.90584846036231
1,8697,275.67766772772404
1,8698,166.7946726654823
1,8699,151.28035317335247
1,8700,262.1955913973151
1,8701,20.956490261094718
1,8702,143.23766443909867
1,8703,72.75371687870242
1,8704,276.2345182363566
1,8705,61.48723439434316
1,8706,245.45021046190482
1,8707,82.59113930354397
1,8708,260.79391796981514
1,8709,276.225636736462
1,8710,73.40343334690675
1,8711,176.25694139047528
1,8712,292.57765436770694
1,8713,275.9132962559403
1,8714,106.95607335860126
1,8715,276.08072692205326
1,8716,73.89181133440766
1,8717,280.61972335344086
1,8718,258.66974968607065
1,8719,69.84058678508738
1,8720,265.16375590544396
1,8721,68.61209918115347
1,8722,124.26424034763745
1,8723,271.771128843288
1,8724,74.05151120284684
1,8725,60.96239769218744
1,8726,318.54583455472795
1,8727,75.310762551712
1,8728,271.4040326960753
1,8729,129.93821931242132
1,8730,75.33571461966804
1,8731,328.2207600724564
1,8732,320.45889829874204
1,8733,270.8941962659294
1,8734,263.2714272019777
1,8735,259.40406786976007
1,8736,261.80232165898144
1,8737,73.74711666466831
1,8738,255.67116376515395
1,8739,393.62556329823326
1,8740,73.73926668737974
1,8741,261.92528150275143
1,8742,257.4203588961411
1,8743,261.9967131985471
1,8744,175.92494498920294
1,8745,284.0138606611033
1,8746,265.70735397785666
1,8747,261.83908222529277
1,8748,276.78303799363687
1,8749,127.93399153925273
1,8750,258.5794339223023
1,8751,61.673098823218595
1,8752,263.6069060152282
1,8753,73.75216634439066
1,8754,175.98050705247962
1,8755,284.1614364039882
1,8756,162.82626254025885
1,8757,265.9639735661202
1,8758,16.934523079527214
1,8759,135.0820571552136
1,8760,68.16143185029156
1,8761,280.4302294444603
1,8762,59.20012821746538
1,8763,247.81899453062755
1,8764,80.46717524098497
1,8765,260.7560176648605
1,8766,279.0772407150025
1,8767,72.54325265054798
1,8768,174.48226133359756
1,8769,292.6092621754679
1,8770,273.85025976425345
1,8771,103.76848367197721
1,8772,269.20437809196403
1,8773,72.8529393340176
1,8774,270.3478481988699
1,8775,274.99405452871736
1,8776,72.55781517612252
1,8777,138.7906310873857
1,8778,259.3639532470049
1,8779,60.82084979788915
1,8780,270.71119799672465
1,8781,73.3535290346492
1,8782,275.3744195392871
1,8783,265.5489025976981
1,8784,54.8492454164584
1,8785,269.3003379160922
1,8786,267.770902231714
1,8787,71.87037929315385
1,8788,271.22815281592574
1,8789,66.06191213566188
1,8790,124.08238399168187
1,8791,268.74364917773954
1,8792,73.67955381174207
1,8793,61.651378189116514
1,8794,318.53079747030597
1,8795,73.83565782667358
1,8796,269.02230430002373
1,8797,128.05809663335657
1,8798,73.81798254536822
1,8799,329.4874524522951
1,8800,391.75496537124525
1,8801,74.00776819717396
1,8802,263.66195548826215
1,8803,260.09811640975965
1,8804,55.095890474727895
1,8805,263.8062809178984
1,8806,262.23993977610934
1,8807,321.07563103204825
1,8808,270.4850003203894
1,8809,263.3233063174327
1,8810,259.600494034937
1,8811,261.64253415471563
1,8812,74.77393028409702
1,8813,256.76300312066047
1,8814,65.2084017741922
1,8815,62.06916863105951
1,8816,264.07390363999286
1,8817,74.21990902233107
1,8818,175.92346782465418
1,8819,286.75026975459446
1,8820,243.89858188948722
1,8821,185.21449992200087
1,8822,127.82119824875818
1,8823,145.0425062545474
1,8824,284.26439649449884
1,8825,169.3936665236808
1,8826,165.69507935439833
1,8827,262.3095877315365
1,8828,73.74009902519022
1,8829,110.42130004078038
1,8830,262.761965290421
1,8831,280.51126507447566
1,8832,282.3131382255261
1,8833,68.34951748454186
1,8834,274.4538539148881
1,8835,117.68765846876138
1,8836,272.88729433459315
1,8837,267.45958026495794
1,8838,274.4514772176741
1,8839,188.72676468130283
1,8840,272.58122002706807
1,8841,60.68023477364796
1,8842,280.3914563376431
1,8843,267.10519260056265
1,8844,43.775860899706714
1,8845,265.50707264513557
1,8846,72.26910435727092
1,8847,171.97641386424453
1,8848,492.7111190831104
1,8849,271.62678065885535
1,8850,270.3463040189864
1,8851,72.11239753245445
1,8852,257.73650669836786
1,8853,189.93008966443665
1,8854,45.30034381981022
1,8855,269.5573302853866
1,8856,268.7100377011849
1,8857,73.30071254692716
1,8858,516.7333571307208
1,8859,54.735861138550575
1,8860,270.5415966621675
1,8861,43.28110149322092
1,8862,262.85340502106123
1,8863,280.48896345664826
1,8864,253.54995298801006
1,8865,259.40551442933395
1,8866,166.10199707466307
1,8867,201.66926271953264
1,8868,73.82191549814202
1,8869,257.11808586560926
1,8870,73.86212046881259
1,8871,227.8981935328705
1,8872,82.20962197494795
1,8873,275.7145485727713
1,8874,260.9850728988064
1,8875,74.00776819717396
1,8876,269.68529016377045
1,8877,261.874578086422
1,8878,45.44267506455872
1,8879,256.94273012508603
1,8880,55.192628702798615
1,8881,75.28107168611695
1,8882,457.0359335388879
1,8883,75.30602375407298
1,8884,46.69620722966464
1,8885,265.0739690679499
1,8886,260.1918017330728
1,8887,74.74287665493956
1,8888,294.3071939854606
1,8889,268.85792945716764
1,8890,254.4454469789834
1,8891,281.87727088572126
1,8892,68.35565758638154
1,8893,274.01798657508334
1,8894,79.62341304077682
1,8895,282.0604185912076
1,8896,450.39167127902385
1,8897,267.4519939318975
1,8898,72.5368655739823
1,8899,273.8506059376183
1,8900,170.28730371241542
1,8901,81.14440805903745
1,8902,197.2855165715945
1,8903,271.7249909683338
1,8904,77.73442945108162
1,8905,268.9341978620792
1,8906,270.20184559135816
1,8907,53.93737383989942
1,8908,170.5533881361709
1,8909,200.08712099042702
1,8910,271.5960520640622
1,8911,61.701582605684436
1,8912,232.74617865987818
1,8913,267.4577714861595
1,8914,54.81434904977121
1,8915,81.66907632303149
1,8916,272.9846185944874
1,8917,270.3618487685885
1,8918,35.079249458674894
1,8919,109.0492613920104
1,8920,166.43871046961522
1,8921,201.60191589996856
1,8922,72.78094720989283
1,8923,163.705648948134
1,8924,217.34314617337668
1,8925,73.68569391358174
1,8926,61.60977584656207
1,8927,264.9384372871818
1,8928,276.14419843673966
1,8929,268.649936857512
1,8930,258.7280068678073
1,8931,107.07853138840937
1,8932,273.92093363239667
1,8933,270.49996795602993
1,8934,79.36748501987853
1,8935,258.9261714474883
1,8936,73.49261137954636
1,8937,223.58147692931675
1,8938,264.3571106016951
1,8939,166.7050602330133
1,8940,262.63413979491685
1,8941,106.59027283680946
1,8942,268.6751884539291
1,8943,270.2167201103091
1,8944,56.28151730689501
1,8945,209.20171582291837
1,8946,268.85519279310256
1,8947,75.28194593867374
1,8948,258.0724860357483
1,8949,73.6824038811829
1,8950,257.7081078387181
1,8951,263.7463509797244
1,8952,270.77185230625787
1,8953,266.60210666971534
1,8954,73.71571592362436
1,8955,260.77866758739464
1,8956,191.77449160499538
1,8957,260.9720157067138
1,8958,274.29338966503485
1,8959,165.72275435163033
1,8960,256.3585260773756
1,8961,73.2040540501158
1,8962,259.1244808679281
1,8963,73.77374781124043
1,8964,262.4368015578207
1,8965,262.19632065837686
1,8966,73.18479849211579
1,8967,268.4515894983205
1,8968,61.65363271993418
1,8969,263.23739662140326
1,8970,73.75991869938396
1,8971,271.5961233729821
1,8972,269.1064046649452
1,8973,61.505786882111664
1,8974,260.57599932600095
1,8975,260.6730105657902
1,8976,327.79288844000274
1,8977,74.0460722107704
1,8978,274.6867664952213
1,8979,73.31043722810426
1,8980,286.0201336977636
1,8981,60.18093552243194
1,8982,263.2728927621114
1,8983,276.29939602176836
1,8984,74.04647928194836
1,8985,268.4106294123336
1,8986,341.70872659350607
1,8987,272.9113798239378
1,8988,73.3281527326188
1,8989,266.98848494997355
1,8990,262.3312489106646
1,8991,110.45837232482941
1,8992,167.0792064873262
1,8993,260.64058106502193
1,8994,271.72432683340867
1,8995,15.433329024399736
1,8996,276.8282700126698
1,8997,278.3937587583256
1,8998,277.512238841853
1,8999,115.29701195010787
1,9000,265.5779702866158
1,9001,271.08203008531825
1,9002,232.12021476272562
1,9003,269.1516737121938
1,9004,373.82939500342843
1,9005,245.6649236055013
1,9006,262.6707832832477
1,9007,59.9483261234267
1,9008,269.24927314666934
1,9009,116.43625252792043
1,9010,69.79569255549035
1,9011,257.5205446405269
1,9012,157.9641088795754
1,9013,269.96273843567036
1,9014,262.76468480036925
1,9015,263.4907165580276
1,9016,273.4338044884579
1,9017,124.04614246881161
1,9018,263.73960228319993
1,9019,71.96500690794963
1,9020,229.1750521889241
1,9021,54.363719743909286
1,9022,71.6242677246483
1,9023,257.41736612026443
1,9024,296.25885265417554
1,9025,76.92434843271049
1,9026,259.42347802692063
1,9027,124.22844071463695
1,9028,274.07781941574467
1,9029,258.01363667830776
1,9030,258.22093955985343
1,9031,164.02799741341323
1,9032,109.01292761237991
1,9033,263.09630931020945
1,9034,271.6037531672332
1,9035,283.44115267000063
1,9036,65.8194173071847
1,9037,372.778774565268
1,9038,263.279209382107
1,9039,272.127182014337
1,9040,271.8422193381566
1,9041,273.70541389419986
1,9042,314.87966727149376
1,9043,273.47904789250504
1,9044,170.18705625059997
1,9045,257.9013679784316
1,9046,262.0982745894593
1,9047,54.80868570141381
1,9048,196.99760319157798
1,9049,259.71267540104145
1,9050,257.753008921541
1,9051,258.5897674108588
1,9052,190.1000493203363
1,9053,103.40550361856245
1,9054,261.7702327520135
1,9055,65.41685345944657
1,9056,108.19962352283085
1,9057,264.3994804639171
1,9058,72.82673124965415
1,9059,288.6596833796884
1,9060,258.9707187609133
1,9061,29.834921014951803
1,9062,143.12185142971714
1,9063,277.9684406384911
1,9064,74.30391779122985
1,9065,174.8319362464771
1,9066,85.91537971715374
1,9067,228.34779355407943
1,9068,75.98758418605391
1,9069,260.5705747975268
1,9070,273.62483011663574
1,9071,71.70883828737459
1,9072,296.15605875410466
1,9073,257.55320903610067
1,9074,54.15715701162915
1,9075,40.274569759888585
1,9076,224.51908667538424
1,9077,173.0408762521877
1,9078,263.01987779455663
1,9079,264.5579368365481
1,9080,269.44182230043475
1,9081,262.06709399743613
1,9082,186.69352809965346
1,9083,42.589971566112816
1,9084,223.2919311671293
1,9085,274.7988575066281
1,9086,263.35003448931104
1,9087,263.3729514184878
1,9088,258.01364580664085
1,9089,254.30361287611214
1,9090,77.88079967383837
1,9091,154.4676137467078
1,9092,55.10378362608553
1,9093,123.29821571870862
1,9094,273.19429286769366
1,9095,374.5098657960556
1,9096,256.33948402481593
1,9097,78.10924420295846
1,9098,170.93811386167266
1,9099,61.58802779218113
1,9100,257.3546783346815
1,9101,73.52789637465303
1,9102,178.0312660317281
1,9103,256.4168821633698
1,9104,264.40530980375996
1,9105,270.58862115369493
1,9106,438.8437477189832
1,9107,334.5585179194262
1,9108,74.85466788649255
1,9109,42.89540619122178
1,9110,268.7649534069541
1,9111,79.75610586927385
1,9112,73.45684150190066
1,9113,261.20719830354426
1,9114,69.03011503810598
1,9115,525.2715157234313
1,9116,69.02481196567138
1,9117,259.8335923742905
1,9118,259.00558076125185
1,9119,272.897161301326
1,9120,145.7070573128932
1,9121,261.2452267144824
1,9122,19.007524356627467
1,9123,262.24624238568686
1,9124,145.2546636330202
1,9125,255.49006005957557
1,9126,192.20507241501969
1,9127,125.19400233967417
1,9128,273.9918611477473
1,9129,55.23955107253113
1,9130,150.72809850925066
1,9131,264.3446603009452
1,9132,145.22311795986028
1,9133,231.54260309228812
1,9134,73.9688364393865
1,9135,290.18712729339836
1,9136,261.6996665639748
1,9137,251.1352875819079
1,9138,192.75902781316705
1,9139,260.6017146951426
1,9140,238.7605338264405
1,9141,117.93227845523592
1,9142,264.0597639053128
1,9143,274.4132049652384
1,9144,71.89600993107749
1,9145,270.44665683282744
1,9146,53.557167866436004
1,9147,264.41466638199296
1,9148,264.0102972669915
1,9149,171.73394324530562
1,9150,267.11294725571025
1,9151,169.75698405912172
1,9152,267.6243611361913
1,9153,372.1765382081902
1,9154,264.7115920862481
1,9155,273.56046724081614
1,9156,65.69191301554986
1,9157,143.96016274512442
1,9158,264.3839365690093
1,9159,264.77280113029695
1,9160,123.41260257647544
1,9161,264.3513853248009
1,9162,151.2595740267986
1,9163,275.72932424862586
1,9164,262.342260092278
1,9165,275.1005545686305
1,9166,103.37418007913622
1,9167,55.40177153835262
1,9168,345.65937516113706
1,9169,257.33472130348207
1,9170,55.48580028168001
1,9171,273.54352552978486
1,9172,123.56849672913056
1,9173,257.71564258695275
1,9174,334.81847184909185
1,9175,73.96095140674515
1,9176,275.4273666084039
1,9177,233.91646359289837
1,9178,264.7752636070425
1,9179,55.66913941359458
1,9180,276.3507973081479
1,9181,61.99062720648311
1,9182,262.2373616678031
1,9183,75.22060604777188
1,9184,275.0099049442704
1,9185,263.5515000415776
1,9186,180.8922447206679
1,9187,277.33065352403173
1,9188,270.0990037850471
1,9189,56.88110837799819
1,9190,268.42245688594215
1,9191,180.9972429188752
1,9192,257.04472623647416
1,9193,272.951816269544
1,9194,171.44624904415986
1,9195,203.5429098456621
1,9196,146.15835728076158
1,9197,263.3006447458244
1,9198,266.7184680155301
1,9199,78.5679597632228
1,9200,290.0224894185343
1,9201,60.192436567493054
1,9202,125.39667738337141
1,9203,259.4707426600408
1,9204,150.10519139224627
1,9205,149.98410310428955
1,9206,150.5793086024355
1,9207,193.01428690029553
1,9208,258.7005837209057
1,9209,42.472332261134106
1,9210,261.03367809090923
1,9211,125.5615936431544
1,9212,256.254975953791
1,9213,55.616421399516135
1,9214,107.02291909388369
1,9215,165.89683043979372
1,9216,56.11858849299554
1,9217,154.22207262618514
1,9218,72.48532256309514
1,9219,123.3365082277144
1,9220,258.8178085700457
1,9221,61.970583551317674
1,9222,261.7940369641679
1,9223,258.21377884604294
1,9224,170.54441954060823
1,9225,77.22555573270414
1,9226,265.3408583724098
1,9227,284.76738263241367
1,9228,74.97381947024016
1,9229,367.61757400865747
1,9230,43.03604541715583
1,9231,265.445804078457
1,9232,62.61851705520765
1,9233,171.05354158365623
1,9234,278.6060614388135
1,9235,277.5845665742703
1,9236,74.44299766242645
1,9237,255.6181551682594
1,9238,141.3293386763559
1,9239,263.4846513612346
1,9240,73.26199001339843
1,9241,274.5107901214893
1,9242,74.0185277442523
1,9243,260.64968114743715
1,9244,55.25648130522305
1,9245,275.05977989751636
1,9246,247.13395994430462
1,9247,276.39585737592023
1,9248,263.17499020575883
1,9249,58.85891670089087
1,9250,275.1843827831145
1,9251,260.69848215758975
1,9252,264.0428864522197
1,9253,259.13232893892825
1,9254,173.65546200791323
1,9255,433.747904558403
1,9256,71.9602686963933
1,9257,470.70576249715225
1,9258,74.42145350166328
1,9259,260.17753186337495
1,9260,60.80460733738595
1,9261,264.61525390911703
1,9262,54.48965991331926
1,9263,122.50819748247748
1,9264,265.62550767155324
1,9265,77.50788794096951
1,9266,69.44143338200519
1,9267,119.18294611541774
1,9268,197.94646141822886
1,9269,66.6528647376527
1,9270,146.635486560538
1,9271,55.376327217071015
1,9272,264.22626230079254
1,9273,122.30697200618626
1,9274,120.06063307515865
1,9275,272.8093133427191
1,9276,151.39055808296118
1,9277,63.20576161535507
1,9278,269.4493189946143
1,9279,272.7116657166739
1,9280,77.74270364559426
1,9281,150.7420445715456
1,9282,55.74573257512952
1,9283,269.8586818234752
1,9284,270.98017098550565
1,9285,172.80520522450348
1,9286,275.27913120615847
1,9287,67.04031818624227
1,9288,120.77390755404363
1,9289,271.3479710496541
1,9290,272.8481992872754
1,9291,104.02286693526679
1,9292,263.08481365294784
1,9293,78.6832630787695
1,9294,275.0215126176171
1,9295,65.65641421013089
1,9296,272.08853269831553
1,9297,266.41927905300355
1,9298,79.88317533707028
1,9299,375.4291269303547
1,9300,79.88317533707028
1,9301,264.7445642225506
1,9302,271.97935271333466
1,9303,262.16723666478686
1,9304,79.20788149962549
1,9305,273.3145524871454
1,9306,174.91978897711607
1,9307,74.48515640505325
1,9308,421.5988198489448
1,9309,69.07016360400777
1,9310,259.67868946728066
1,9311,60.3375844278193
1,9312,263.17671341944356
1,9313,150.1281842632861
1,9314,15.595222594933016
1,9315,377.8611947675111
1,9316,273.51172993148094
1,9317,264.48047235172476
1,9318,69.18731088823915
1,9319,103.17598034403193
1,9320,262.05461133266584
1,9321,317.1813888769424
1,9322,104.68236002129936
1,9323,258.4945578149534
1,9324,170.95772333855018
1,9325,164.1984218698972
1,9326,233.08695412763132
1,9327,126.19292976558305
1,9328,69.1992656486529
1,9329,261.6649575581365
1,9330,224.88308352955573
1,9331,244.86345508218608
1,9332,55.57644798237297
1,9333,263.97209276820985
1,9334,197.25909840897674
1,9335,274.3330375980329
1,9336,78.13168604214908
1,9337,336.2248020577499
1,9338,306.75328778324945
1,9339,275.1930147328093
1,9340,369.8679209919635
1,9341,276.40609230630923
1,9342,76.88340301784845
1,9343,169.00718913641927
1,9344,102.5776113416917
1,9345,227.26955936624842
1,9346,169.70465534506113
1,9347,274.4938621134727
1,9348,77.6131977124024
1,9349,303.1482489048846
1,9350,118.9167465029046
1,9351,273.4739684670093
1,9352,65.87908553029791
1,9353,278.6320298423933
1,9354,271.2649597254583
1,9355,72.38222761869899
1,9356,352.3884835893119
1,9357,249.0180495544335
1,9358,276.71020510310115
1,9359,338.68078996869656
1,9360,62.922283017758204
1,9361,335.28058057077385
1,9362,393.2670831085551
1,9363,275.24321874495206
1,9364,261.9830700075239
1,9365,174.61080860960283
1,9366,276.62081598198785
1,9367,73.21163022711258
1,9368,273.7849955536207
1,9369,308.0631335631906
1,9370,151.8754324466648
1,9371,67.09567329502426
1,9372,275.93140349971833
1,9373,304.6091850123316
1,9374,347.7973133512312
1,9375,281.1489519472975
1,9376,35.826752867628045
1,9377,328.0610578145583
1,9378,271.1434766385855
1,9379,62.46732291634319
1,9380,334.8388099480486
1,9381,405.4930662225389
1,9382,178.62851061519717
1,9383,229.94198033557106
1,9384,388.8199187996956
1,9385,273.38873491928615
1,9386,152.27340476833064
1,9387,65.52562121388247
1,9388,290.3241643076258
1,9389,75.6970071384932
1,9390,272.7232611301416
1,9391,57.246500982208126
1,9392,272.4840145214309
1,9393,57.258781329801714
1,9394,78.97075022369853
1,9395,274.6421015265435
1,9396,272.44668914084554
1,9397,68.7702995114914
1,9398,196.65503418003544
1,9399,63.4465093683868
1,9400,330.0168807855527
1,9401,118.03381172309722
1,9402,151.61354500065124
1,9403,177.1094866104352
1,9404,276.4265833535642
1,9405,270.01930557559496
1,9406,103.73351847355846
1,9407,69.3670250134773
1,9408,124.02764165233046
1,9409,273.8953600420203
1,9410,74.15859109382099
1,9411,275.59664719827094
1,9412,266.6698686376994
1,9413,268.3190631668318
1,9414,110.35873146479784
1,9415,270.6420791157948
1,9416,225.85850302268864
1,9417,284.11226826037375
1,9418,130.52346568488122
1,9419,78.91540111389979
1,9420,274.3192737694219
1,9421,174.76222248327133
1,9422,275.9702582681748
1,9423,276.81174339969306
1,9424,177.64276556142391
