subtaskID,datapointID,answer
1,0,281.85137246165357
1,1,67.97867282325149
1,2,296.03718734786014
1,3,45.54741561435177
1,4,409.08105537265214
1,5,37.66712977659295
1,6,368.49158924138294
1,7,258.95098735501426
1,8,246.45948726231148
1,9,300.168585546905
1,10,212.65367565219645
1,11,47.33654588037602
1,12,255.99809116994362
1,13,264.9888507750818
1,14,55.43753216822513
1,15,282.0356698505864
1,16,121.41141932942344
1,17,143.18054061371254
1,18,308.2042807186188
1,19,415.1048783859713
1,20,58.91708263928179
1,21,141.29499081566462
1,22,283.39176003829596
1,23,195.03943116317043
1,24,265.8960266202205
1,25,27.03562375309556
1,26,233.52245957981373
1,27,117.66851894451719
1,28,47.7825311277017
1,29,47.050871499537394
1,30,284.4481138502256
1,31,38.385174920186806
1,32,211.23968425757505
1,33,330.90811675173654
1,34,22.417571798655636
1,35,268.6497385443306
1,36,43.01075321173035
1,37,321.5142387659858
1,38,72.2617770345924
1,39,243.51038724747804
1,40,44.547140240732176
1,41,304.80920400165274
1,42,108.74015113417522
1,43,224.52982200588625
1,44,291.87593700819536
1,45,28.892926149116033
1,46,198.68460236453112
1,47,282.5764452349957
1,48,77.76499437760677
1,49,214.40931723562815
1,50,97.65238399398469
1,51,260.4624605640372
1,52,250.22995750319046
1,53,42.39306937271071
1,54,250.86650816842402
1,55,185.2836442453027
1,56,190.3785910094606
1,57,252.2429099212756
1,58,69.97821399616667
1,59,331.0892798782008
1,60,44.82896854077884
1,61,197.16526573029532
1,62,38.23576294392213
1,63,326.8835856472336
1,64,209.84812873146922
1,65,274.37615351095667
1,66,38.796395099526634
1,67,235.64769153707732
1,68,128.71471952601493
1,69,328.54201765783824
1,70,38.8313965263365
1,71,398.93832397067797
1,72,46.455266764626955
1,73,294.1892732077027
1,74,277.134262215001
1,75,309.3324107763454
1,76,202.69760885943518
1,77,88.80945300000428
1,78,46.73747375309613
1,79,275.68499096264134
1,80,46.21595108760915
1,81,356.53517731013187
1,82,163.14961005591556
1,83,241.72730500190556
1,84,44.566023839966746
1,85,272.41256959162905
1,86,111.69661324362005
1,87,145.76003452460657
1,88,256.4067388036263
1,89,247.7973249438222
1,90,448.9173362035671
1,91,28.712190256127663
1,92,117.20912722589765
1,93,281.8246012597647
1,94,287.4744513257098
1,95,384.486212920236
1,96,331.26305315528253
1,97,338.0314920809666
1,98,328.4615496830057
1,99,42.21820696223193
1,100,324.4072469406591
1,101,48.968216334109144
1,102,318.666207394341
1,103,178.17884198027178
1,104,317.81584807554725
1,105,93.46445240977756
1,106,232.79945101876615
1,107,256.65960938223304
1,108,42.682917884682055
1,109,241.33010545137455
1,110,338.68911268917526
1,111,72.06045268194387
1,112,323.5071704648535
1,113,53.32523648566436
1,114,145.5811328126731
1,115,292.01441259982766
1,116,353.19842710363434
1,117,333.7282123466937
1,118,145.23284838965742
1,119,38.0868998935771
1,120,102.6578340995499
1,121,38.247635240833134
1,122,213.56941691405143
1,123,271.8303101020209
1,124,303.51996493312544
1,125,124.89918592423734
1,126,340.1431458120835
1,127,50.90852639607127
1,128,233.83437296046242
1,129,150.28951503784953
1,130,286.2709687061397
1,131,44.83337908474183
1,132,244.70996740400597
1,133,48.00741419626766
1,134,214.42970180216065
1,135,38.04639947248971
1,136,266.13921628598405
1,137,289.3905640618935
1,138,305.4324993035772
1,139,321.7915475517243
1,140,282.0594327376572
1,141,232.7894891803148
1,142,104.92787544988252
1,143,275.5241582948812
1,144,339.6184148233039
1,145,340.4604127196573
1,146,44.36183741179174
1,147,310.6352776057933
1,148,36.331583215930976
1,149,308.55417986202883
1,150,243.90601729247135
1,151,38.59458810608916
1,152,234.41121321494745
1,153,330.0582453219887
1,154,169.66588047423355
1,155,306.3808832661011
1,156,320.5902952046044
1,157,329.97296845423375
1,158,322.0600086810832
1,159,138.02257179794884
1,160,139.67185355408657
1,161,312.26494478639245
1,162,207.0498347442736
1,163,246.40270544043477
1,164,209.3712489976728
1,165,129.39966622923762
1,166,307.7056089737525
1,167,43.89208165922449
1,168,311.50901058351735
1,169,266.50988048900535
1,170,273.506986451886
1,171,338.51825159410095
1,172,336.8128288709271
1,173,51.76065182640352
1,174,274.11322749377285
1,175,100.71102948869544
1,176,303.419369549203
1,177,51.117120617491416
1,178,294.693016158541
1,179,80.14578095669171
1,180,321.37721064582115
1,181,296.8902963833376
1,182,66.62141645356158
1,183,340.7426816067873
1,184,278.2951426822429
1,185,307.137411813199
1,186,322.4052232340579
1,187,324.70585658899506
1,188,49.705453041526994
1,189,272.3788745923552
1,190,46.52365896779839
1,191,287.6854836441822
1,192,318.57746745140366
1,193,39.181724508450024
1,194,148.26713734298283
1,195,268.51927918021283
1,196,54.888976561670574
1,197,206.54124225699837
1,198,44.17420532036912
1,199,460.33426423757606
1,200,46.20628967264431
1,201,296.09677604027945
1,202,78.9456595710433
1,203,370.6663600910799
1,204,48.67220662916857
1,205,155.8666761264817
1,206,321.944207221739
1,207,321.56901720241194
1,208,45.14601362044699
1,209,44.80531218027615
1,210,304.0698183551119
1,211,45.69647279175526
1,212,285.13814355949836
1,213,42.51202268719161
1,214,98.06766475469595
1,215,394.7291174406712
1,216,55.9981863414608
1,217,395.5002148568674
1,218,46.71918007489434
1,219,276.2605842933159
1,220,114.58542834139661
1,221,284.9490364612959
1,222,245.0368664815661
1,223,278.9997241855029
1,224,107.50570400259186
1,225,196.1143617719062
1,226,333.7045354850628
1,227,43.49224550734256
1,228,261.9598452587649
1,229,253.71314491566443
1,230,281.7689712752716
1,231,121.20235162772448
1,232,76.39371169986792
1,233,294.5589873924989
1,234,248.61619849109573
1,235,26.266818886739628
1,236,197.2602003824935
1,237,218.5296144319148
1,238,280.8022697854857
1,239,137.2987298782605
1,240,26.95625518958512
1,241,302.7473382998376
1,242,119.89840531179581
1,243,295.7793679951335
1,244,254.52287298769994
1,245,281.0719273845684
1,246,199.2558712430697
1,247,324.9071649929051
1,248,122.98687924973376
1,249,140.5176085692494
1,250,44.8321926259907
1,251,234.9929079268574
1,252,42.949740207061
1,253,241.59737754228524
1,254,40.23113011563669
1,255,46.482577509552584
1,256,265.5786454978251
1,257,255.53412922983875
1,258,234.45391976510476
1,259,369.42842411644676
1,260,132.9831992561384
1,261,298.1772921769434
1,262,50.85116326389395
1,263,281.5576423420781
1,264,80.66795960309484
1,265,236.11169906385982
1,266,256.8589253567418
1,267,257.93600800819877
1,268,190.27662249336862
1,269,335.80385906391086
1,270,357.6399285654189
1,271,363.0427169652552
1,272,345.0060200109426
1,273,440.435824750188
1,274,320.5678978167065
1,275,248.13936457603003
1,276,55.615351277223795
1,277,311.30407397793414
1,278,53.80315284201134
1,279,264.34467695722753
1,280,299.09707430736944
1,281,312.30705002285004
1,282,50.27429698306423
1,283,332.7470148034724
1,284,319.89816852451145
1,285,269.28796996215
1,286,326.2281463477864
1,287,338.63245585021116
1,288,95.2618660499455
1,289,76.18039660533476
1,290,48.22544725773085
1,291,253.8048709432406
1,292,257.03350062205186
1,293,296.4972407105639
1,294,255.6500156116116
1,295,373.567482243227
1,296,282.97230765251675
1,297,319.90432173672184
1,298,333.620916355687
1,299,25.34591224133856
1,300,283.66849445940795
1,301,300.5338192987722
1,302,310.58842489295796
1,303,299.2932318149879
1,304,325.83573453697136
1,305,39.58370304932661
1,306,251.8627088795758
1,307,356.722724402822
1,308,80.47588046377554
1,309,252.79292249287488
1,310,368.80125642731485
1,311,364.8159068500887
1,312,362.20963286591416
1,313,346.17331487374065
1,314,78.80323072820079
1,315,320.67065656905436
1,316,298.53252283808223
1,317,295.7223908264933
1,318,73.3301473961128
1,319,255.69815077039752
1,320,252.0760977739851
1,321,317.2056242869594
1,322,304.8658567264715
1,323,40.19911989145602
1,324,315.3514805763694
1,325,46.96473744796988
1,326,324.96884124125245
1,327,329.8846649263807
1,328,347.90558040533176
1,329,27.447449109244495
1,330,34.76653725778657
1,331,296.972377236207
1,332,41.605966860452305
1,333,287.1926966479084
1,334,233.0528364606867
1,335,314.34082896419164
1,336,172.49067278770158
1,337,345.85152269722
1,338,177.07053915194734
1,339,273.6620170507624
1,340,55.05046981030152
1,341,144.0421868996647
1,342,316.9544940275788
1,343,121.57415744549286
1,344,200.11935588374357
1,345,266.68327998480305
1,346,125.31180914620091
1,347,64.4939550488402
1,348,349.29463898374945
1,349,336.76999198313956
1,350,276.1266198320202
1,351,136.47287788253038
1,352,233.86499931118416
1,353,117.69195675861477
1,354,199.5733849758417
1,355,273.5038288350383
1,356,46.32866552084741
1,357,301.49579821377097
1,358,44.151720028323794
1,359,251.34353255078966
1,360,53.61873379904013
1,361,100.83975608655477
1,362,253.08883300665087
1,363,319.24158278043694
1,364,165.6622223578584
1,365,303.570843881731
1,366,232.74273250206406
1,367,86.43940796826965
1,368,267.2200217829717
1,369,284.81719138816936
1,370,86.02550846921312
1,371,264.5104257313623
1,372,268.53622734321675
1,373,323.4339027059074
1,374,252.98495607811287
1,375,265.20118701730905
1,376,42.20368603442521
1,377,362.0375075130533
1,378,53.73214785224343
1,379,248.30559995072434
1,380,51.382919674055024
1,381,255.24124999124956
1,382,202.5120694300393
1,383,325.3909292122691
1,384,41.95728735623892
1,385,252.87925322142127
1,386,586.8193473669561
1,387,421.59630326655974
1,388,347.85550146732237
1,389,359.5686753391881
1,390,51.04868995079304
1,391,398.28883748211643
1,392,333.11518851455054
1,393,329.40207284251414
1,394,276.4613146300366
1,395,355.75532942729507
1,396,69.29523925268184
1,397,62.47871495448504
1,398,452.8319885283506
1,399,283.6926674968802
1,400,351.06873797323624
1,401,339.4347284484903
1,402,304.84216922316375
1,403,329.0723735180642
1,404,336.2464076581498
1,405,221.2935235470528
1,406,333.9604037168701
1,407,313.87939154839063
1,408,465.72723687351277
1,409,312.41915026051197
1,410,270.9918416069458
1,411,359.0107265471056
1,412,53.523881779623764
1,413,318.18241037344353
1,414,324.91035001801947
1,415,305.64521966028207
1,416,463.37352332159855
1,417,189.34097226120397
1,418,234.09172029110266
1,419,306.63790860555605
1,420,37.01538902940259
1,421,124.76668287752165
1,422,313.77849006151143
1,423,326.986505971141
1,424,328.1289371528536
1,425,279.61079172079167
1,426,311.5052291552771
1,427,306.0505324687697
1,428,44.07024640791789
1,429,47.21646219956197
1,430,436.68766975719154
1,431,168.73246033678322
1,432,312.8280512557445
1,433,374.2857245846719
1,434,39.737133989369404
1,435,327.5636054077974
1,436,45.23812912346742
1,437,115.44353691171918
1,438,220.90031491304978
1,439,273.97846446932203
1,440,262.539813961002
1,441,77.56773243955148
1,442,282.132696455084
1,443,70.04060989127622
1,444,309.9596475616599
1,445,313.88702593174423
1,446,58.7726150805261
1,447,59.98195891011032
1,448,474.214420720538
1,449,305.10552384001807
1,450,61.67528785094942
1,451,313.4633086102194
1,452,288.2169233872219
1,453,345.39483634962403
1,454,53.578611339680045
1,455,258.9463443961949
1,456,61.073730118413835
1,457,340.31389679567314
1,458,138.57660812118706
1,459,326.0622860378886
1,460,295.2932027942738
1,461,309.5711995519505
1,462,288.78227825205005
1,463,548.86404334509
1,464,304.51753703998486
1,465,343.87725819536945
1,466,319.83760606100475
1,467,544.6501558282329
1,468,27.745234907247987
1,469,243.96831865000746
1,470,47.479894757262414
1,471,328.45426714596437
1,472,324.20089258910934
1,473,31.180027855341677
1,474,268.91002799754517
1,475,47.93743524427927
1,476,245.20770862721508
1,477,115.48441597214526
1,478,257.8540963614985
1,479,47.45158042834363
1,480,335.3171851603108
1,481,43.18952093045782
1,482,309.51770334524264
1,483,40.493340645624635
1,484,46.349887784378545
1,485,315.5072600593379
1,486,169.93728311155772
1,487,309.3546167466958
1,488,223.37470614957323
1,489,243.9083135015639
1,490,317.7903423909432
1,491,380.6821208482684
1,492,323.272408937211
1,493,53.12310188466509
1,494,363.9486860969421
1,495,59.19090427731289
1,496,58.77126920571422
1,497,368.00585119586196
1,498,92.65738609075157
1,499,332.08432082404204
1,500,308.4702892727986
1,501,61.68114048982886
1,502,312.6216774797333
1,503,281.6012976656051
1,504,58.92471562488652
1,505,270.8275468230331
1,506,57.52811813976541
1,507,342.83796163605314
1,508,328.4889794173424
1,509,305.242562923504
1,510,324.39395308425696
1,511,169.78852784169555
1,512,274.53015339133685
1,513,295.1787187757355
1,514,328.6992210672469
1,515,308.8436121403026
1,516,290.64259412755223
1,517,196.0889787829583
1,518,15.249740869505851
1,519,160.29133817759322
1,520,321.8268700894006
1,521,306.1727426822601
1,522,49.75534419287965
1,523,188.15747649485184
1,524,341.4875762554551
1,525,27.51120196407626
1,526,316.2303002097072
1,527,79.10693575069305
1,528,322.13703111601006
1,529,266.3196086124249
1,530,121.5293521580107
1,531,47.533113283287264
1,532,247.22510830446527
1,533,49.37140912929137
1,534,296.96015855438077
1,535,251.87686598248075
1,536,261.8529921562414
1,537,304.23408908395805
1,538,100.28302903973645
1,539,302.7204179606774
1,540,458.3015429265008
1,541,339.61426293682916
1,542,276.869892127192
1,543,87.59782469575927
1,544,303.47574571255814
1,545,290.01584917771845
1,546,325.9194478818591
1,547,313.24358559403936
1,548,60.4793591667495
1,549,254.47587980748355
1,550,254.36855167563138
1,551,56.82200062691396
1,552,308.0654945978738
1,553,55.348177396921855
1,554,56.10741796329508
1,555,331.7750818282673
1,556,219.33878257653947
1,557,38.56688054806571
1,558,40.51094017448118
1,559,193.8079320421353
1,560,121.5645342436713
1,561,47.65097339469005
1,562,245.8455818877236
1,563,239.93864991809986
1,564,49.133888334774795
1,565,325.41741053616647
1,566,17.139525882062234
1,567,47.22864422299011
1,568,311.35692075959446
1,569,40.92984524660518
1,570,299.8844095860553
1,571,368.1412183882242
1,572,124.49837484839493
1,573,348.5913497331733
1,574,45.34513982060731
1,575,275.3275255155387
1,576,244.145525107159
1,577,410.7325654424948
1,578,198.1855595486362
1,579,285.12433206227763
1,580,320.6406466695346
1,581,123.84987216594804
1,582,294.28750742112106
1,583,44.71940491615652
1,584,426.3953782657091
1,585,42.46921358189677
1,586,40.29023288802
1,587,319.4466906185005
1,588,330.3189020151823
1,589,143.36575796811246
1,590,280.45890659473525
1,591,220.58286034423037
1,592,380.0890837703877
1,593,43.160742856365445
1,594,263.2971745231229
1,595,82.61393240844083
1,596,325.74590013661276
1,597,271.2802584985652
1,598,118.94490127649416
1,599,301.2575173267966
1,600,293.3703047503186
1,601,196.23606807729612
1,602,292.72547541989627
1,603,172.15235444759185
1,604,521.1795141770133
1,605,310.12674820074733
1,606,441.06093566550965
1,607,497.42926434629555
1,608,297.69675275668465
1,609,40.004191504429684
1,610,306.22651777930423
1,611,277.6193664892944
1,612,291.06838989409925
1,613,319.02461947945676
1,614,56.08615571232656
1,615,325.0389431877545
1,616,305.5711525584843
1,617,306.5480709425791
1,618,311.75460189459056
1,619,343.5785353380894
1,620,175.11797880021643
1,621,275.3387606921339
1,622,304.6069938493528
1,623,309.91912554034434
1,624,302.6026457816379
1,625,269.22442474404033
1,626,200.51506591974947
1,627,315.1300789231806
1,628,49.19323494551334
1,629,279.36159202554967
1,630,313.72322380319275
1,631,194.5328692226327
1,632,294.1243128027684
1,633,54.4998763543703
1,634,52.97277084195672
1,635,90.81942357113313
1,636,110.42180879469876
1,637,282.2314132905042
1,638,262.51451471956466
1,639,54.87404015473456
1,640,279.5012068431519
1,641,62.84892602415649
1,642,316.91722925707427
1,643,261.8322796652974
1,644,233.94325443656442
1,645,48.21285979376955
1,646,267.1337770199684
1,647,41.01010304313798
1,648,292.5656377043789
1,649,46.04952714084092
1,650,265.49152824214735
1,651,22.57861084074917
1,652,284.5989505500684
1,653,249.39958662729873
1,654,269.4827622137103
1,655,274.1408228958472
1,656,75.44299208049648
1,657,147.1971296318809
1,658,46.061120142939295
1,659,292.6558479286884
1,660,349.93498425492
1,661,36.89178064105078
1,662,257.5965573873081
1,663,68.40381671978969
1,664,56.313063638967904
1,665,141.6680979622667
1,666,39.89680706140369
1,667,210.2962863939435
1,668,44.95790130155251
1,669,283.1881073756948
1,670,48.03966778576718
1,671,277.6166242155158
1,672,167.09906368033626
1,673,293.17274431237684
1,674,43.448280111731684
1,675,248.73884188303984
1,676,192.80711438671824
1,677,269.19056146449844
1,678,76.10833640651606
1,679,271.64323925829035
1,680,47.18761428438287
1,681,76.88334769421655
1,682,280.37081871874307
1,683,103.44642358319457
1,684,264.1656338115034
1,685,118.82635667814553
1,686,45.64180067504431
1,687,246.36185805799676
1,688,293.978044260911
1,689,276.72518507994016
1,690,354.8434035180261
1,691,204.44804757888497
1,692,40.662724256940166
1,693,241.2257138286006
1,694,281.684903962047
1,695,344.33880163948584
1,696,262.78795360180806
1,697,44.16117266181319
1,698,302.6044709687132
1,699,27.971980880763915
1,700,278.9129438133021
1,701,248.51984047181543
1,702,34.505006134097314
1,703,331.0327838188619
1,704,44.00721718473036
1,705,292.18139276131274
1,706,652.7032769250704
1,707,357.59700893044123
1,708,192.17477144840683
1,709,324.05970877823233
1,710,260.38442566819924
1,711,224.62240373284698
1,712,351.78144227622477
1,713,153.21149272280348
1,714,279.45186144506795
1,715,60.43484329702721
1,716,236.1642448533009
1,717,221.72298800947704
1,718,395.01813968582826
1,719,311.0547799466466
1,720,52.551478455582675
1,721,341.2845083861325
1,722,273.27369769170986
1,723,69.92370014695605
1,724,286.7822903809158
1,725,326.78153353978485
1,726,62.63429167403284
1,727,254.04990601707777
1,728,339.4297849859378
1,729,39.266682490711986
1,730,294.45866955504346
1,731,346.6855250207301
1,732,346.0689124111874
1,733,307.2276779427997
1,734,310.12366716717776
1,735,58.060570394570064
1,736,264.57178092707227
1,737,62.15094248405612
1,738,367.02140988748215
1,739,278.53978510805524
1,740,309.57936937584236
1,741,302.2965988093513
1,742,358.0050944319963
1,743,36.64192340413387
1,744,257.21853550848476
1,745,291.0790034052072
1,746,39.53681524299003
1,747,300.5422672761225
1,748,296.763160146383
1,749,75.81003725656244
1,750,271.13118307730855
1,751,47.80048506158421
1,752,260.2178048232934
1,753,207.53157345083315
1,754,79.35869051103197
1,755,200.81192099554346
1,756,40.55236606753898
1,757,206.06217170177388
1,758,196.56075312949972
1,759,296.7788169889989
1,760,46.07198130555326
1,761,255.78437543572807
1,762,293.55964871396066
1,763,49.120455770102346
1,764,250.07487903168908
1,765,332.7089340117129
1,766,43.77560548107408
1,767,283.87918683839894
1,768,266.1833894810575
1,769,356.1124445803638
1,770,50.46750923221353
1,771,197.55431042152873
1,772,265.39085337327754
1,773,212.80212386420965
1,774,103.55143894149028
1,775,187.84352303348697
1,776,301.2343978530788
1,777,310.9639115927614
1,778,49.94558200970789
1,779,295.6268783306905
1,780,76.60478266986149
1,781,122.67698413572342
1,782,328.72220404373934
1,783,40.14027807274167
1,784,309.3308179689716
1,785,46.016260541547695
1,786,126.65503038604734
1,787,123.69314048153697
1,788,313.22629604281656
1,789,44.97123540829961
1,790,137.04843836386164
1,791,293.3451443763507
1,792,339.15876221095806
1,793,298.9643152117281
1,794,496.2535299554234
1,795,45.114311299082885
1,796,287.3954660212388
1,797,261.21848133410344
1,798,283.10832847843915
1,799,90.72020543968861
1,800,282.20372414465055
1,801,307.54920215736047
1,802,153.1629296551602
1,803,353.90971154481474
1,804,306.7385831452551
1,805,197.53396191660346
1,806,322.7599117096349
1,807,55.60775464417896
1,808,290.9771975541718
1,809,99.62890263021092
1,810,50.010355736686634
1,811,216.47090812675512
1,812,136.596671411839
1,813,251.03184092863208
1,814,297.2932223213179
1,815,323.4154804571869
1,816,317.5763427705626
1,817,78.22146003547793
1,818,346.4358461135305
1,819,39.89444218306341
1,820,181.36301271833537
1,821,37.89063510189905
1,822,34.17256356434582
1,823,230.26743597027652
1,824,221.41288430837665
1,825,42.21628672176548
1,826,275.1829909240844
1,827,76.65244103826976
1,828,198.82514766653037
1,829,348.4643831679985
1,830,294.4843234094478
1,831,124.16824146617267
1,832,65.91294020564449
1,833,354.5816304818783
1,834,260.3377930761966
1,835,285.5977061624631
1,836,42.164403891763676
1,837,347.2807912092069
1,838,250.19404661771767
1,839,217.33408681269103
1,840,157.48564805790826
1,841,220.66638876674506
1,842,253.24918830911625
1,843,239.67933299872251
1,844,125.40627945442533
1,845,276.94999711365426
1,846,270.3684418150648
1,847,36.56941904055138
1,848,131.9994735722055
1,849,183.45193678857225
1,850,237.1974304065596
1,851,309.3580700636052
1,852,161.24902751546523
1,853,60.68665580987515
1,854,257.7168779836793
1,855,43.575351771370926
1,856,65.2805711658457
1,857,234.40265833429325
1,858,35.19161584418274
1,859,241.9160248372611
1,860,258.5593052519732
1,861,25.43686962163852
1,862,152.48358255191812
1,863,283.2869464299814
1,864,55.956282354939574
1,865,193.258273515227
1,866,77.84895816421098
1,867,226.46832713032617
1,868,74.82457045339153
1,869,350.36833771532474
1,870,211.82865785691854
1,871,50.30888668250874
1,872,259.85429118437077
1,873,265.97136795588506
1,874,37.885642497443676
1,875,45.85322877352692
1,876,244.08875750125506
1,877,158.37059466040148
1,878,282.73185578577795
1,879,246.99612561326146
1,880,237.2021003384939
1,881,303.3373913487253
1,882,164.94271601401465
1,883,35.05899964786991
1,884,153.57544199759855
1,885,257.3669394579931
1,886,325.6950436782998
1,887,152.22809209388353
1,888,279.15440729118257
1,889,244.90264776875657
1,890,42.103009668603875
1,891,122.82640454544102
1,892,24.086795227087187
1,893,78.73301727632605
1,894,320.9009257722952
1,895,316.9148131792107
1,896,224.95132665656263
1,897,41.9943257442175
1,898,107.80034749860593
1,899,41.0908187621266
1,900,304.6139953381814
1,901,39.583585715659915
1,902,152.8156929574848
1,903,235.90621296420267
1,904,276.5430824325087
1,905,154.31605408907637
1,906,317.64964113191274
1,907,290.51766708466624
1,908,38.8801449064547
1,909,34.18922439233779
1,910,289.6925749640728
1,911,43.0665704280876
1,912,41.145587644826534
1,913,253.61663159942964
1,914,32.1994118092018
1,915,395.05102732731444
1,916,44.61486485079317
1,917,298.54993921427564
1,918,244.68593643000406
1,919,260.1367517051838
1,920,98.49458195348794
1,921,286.0078626032314
1,922,27.504801109972995
1,923,339.40034640734007
1,924,98.79866546672135
1,925,199.58471796313694
1,926,133.36058314787837
1,927,73.9756099797888
1,928,380.1622753027881
1,929,36.46122414068823
1,930,125.52302140515742
1,931,276.3486250004036
1,932,103.80784160532747
1,933,402.38804826668036
1,934,50.577664432395046
1,935,249.96820989392546
1,936,262.457427847728
1,937,126.43162105007796
1,938,180.3839316802526
1,939,347.5420444218138
1,940,209.84176714806986
1,941,96.25600439915286
1,942,279.77453565539656
1,943,268.12835638892847
1,944,52.469674302651285
1,945,220.12293310210433
1,946,52.79086390138407
1,947,294.1434305371157
1,948,298.0359163914193
1,949,120.4693301476253
1,950,388.5494139738714
1,951,126.4570833584675
1,952,349.1308073512562
1,953,314.2514173587151
1,954,372.41667705386874
1,955,302.2840557034274
1,956,59.54120727611557
1,957,113.01597174321029
1,958,255.0264734749254
1,959,249.51878723204055
1,960,78.76675763721553
1,961,264.05912778972265
1,962,103.18770352461205
1,963,314.22009687002634
1,964,274.40598219613815
1,965,217.12832566089668
1,966,65.71428722677297
1,967,24.17277300858939
1,968,319.668099454243
1,969,266.64902455814024
1,970,37.90326370930432
1,971,282.90392300637063
1,972,82.02874027263036
1,973,361.27061523968496
1,974,292.1565079190498
1,975,38.16788719679321
1,976,257.52657699916364
1,977,142.3897143251346
1,978,259.0381059603569
1,979,38.60969018949544
1,980,320.5800755158709
1,981,41.283504710138345
1,982,416.3965692432886
1,983,40.41620837317507
1,984,193.32124881618242
1,985,185.75840311258366
1,986,121.06831499760725
1,987,243.5120769027062
1,988,307.96861950527557
1,989,38.409269384634015
1,990,329.9031431527619
1,991,142.58039904831216
1,992,311.43662328373017
1,993,250.9426568295343
1,994,112.76049970480048
1,995,146.76979744237914
1,996,100.60560357022128
1,997,302.8639940102053
1,998,355.85235746266846
1,999,42.909882667551564
1,1000,263.7958513705736
1,1001,28.4146714303723
1,1002,86.02088529942655
1,1003,357.746690564334
1,1004,108.57874827738905
1,1005,107.79246277066386
1,1006,98.9599149774777
1,1007,137.39057485856642
1,1008,238.194445854651
1,1009,33.074791006606695
1,1010,287.68026608745527
1,1011,81.01807790536635
1,1012,353.69168401050877
1,1013,38.702041134903595
1,1014,79.01800681905289
1,1015,96.49385259211539
1,1016,37.209178600690194
1,1017,113.26383010890297
1,1018,42.62720986615495
1,1019,82.56150233255262
1,1020,265.8446091228684
1,1021,44.21151720570922
1,1022,268.03989396846913
1,1023,317.529052595975
1,1024,111.66315305887603
1,1025,58.64608754301672
1,1026,294.0259257052034
1,1027,261.90810085775036
1,1028,33.4404034312565
1,1029,290.8878488477892
1,1030,34.94826680479534
1,1031,272.9719994807635
1,1032,42.984543142812655
1,1033,128.74678815796673
1,1034,380.8772473936689
1,1035,331.1070682935399
1,1036,40.41707097987046
1,1037,181.57295563690298
1,1038,120.7803922700881
1,1039,267.26066807432915
1,1040,37.55958481261537
1,1041,277.19360686639175
1,1042,43.424797984003575
1,1043,262.7930386953258
1,1044,41.7692153791057
1,1045,192.62283352904024
1,1046,156.39158078198471
1,1047,332.9559614678668
1,1048,292.44709884813926
1,1049,57.00546643744778
1,1050,238.21361577716323
1,1051,248.3315790268852
1,1052,278.34991367625173
1,1053,347.1099087332971
1,1054,131.668264292986
1,1055,336.79937140941354
1,1056,49.306860239157814
1,1057,362.00009088658555
1,1058,60.70489345614973
1,1059,347.2961213555076
1,1060,55.27941635718497
1,1061,273.42290118408
1,1062,51.60573322256885
1,1063,93.42840360765676
1,1064,279.75968164255426
1,1065,54.84003251438679
1,1066,63.297998694103356
1,1067,83.04483258563329
1,1068,173.8257837114944
1,1069,44.434694366549536
1,1070,112.30973308699052
1,1071,38.61907676567216
1,1072,277.42277467421275
1,1073,97.2727993127223
1,1074,85.63492411928954
1,1075,301.6157409026515
1,1076,99.5297518647218
1,1077,42.1544100932054
1,1078,294.4380684802677
1,1079,261.8821672885761
1,1080,58.16201821942887
1,1081,118.42677215356555
1,1082,37.753872239066325
1,1083,233.24455941223917
1,1084,218.50494072302692
1,1085,106.80658335868324
1,1086,328.7418113778032
1,1087,47.29087743048916
1,1088,81.30979223517146
1,1089,356.88130224592084
1,1090,267.7253744913852
1,1091,66.11937712680155
1,1092,268.22629002972
1,1093,41.237595943962305
1,1094,234.12785918541192
1,1095,42.08044080936466
1,1096,298.9214708298487
1,1097,333.69140701887983
1,1098,40.55422526550709
1,1099,304.4030561219085
1,1100,40.29906715036541
1,1101,231.33372112425695
1,1102,273.0741588884299
1,1103,347.7724568247662
1,1104,43.73197249104179
1,1105,255.8559878197629
1,1106,132.94473364624446
1,1107,33.95574336914782
1,1108,295.66923884376865
1,1109,44.27120593742504
1,1110,288.5744783315329
1,1111,40.61059791534695
1,1112,272.63278938139723
1,1113,108.5704504762302
1,1114,12.95722749513067
1,1115,288.7819585488211
1,1116,309.8283050314651
1,1117,247.40254670927484
1,1118,31.19794508601881
1,1119,64.55476974789511
1,1120,309.1977676040081
1,1121,255.19669600809613
1,1122,64.38346571198304
1,1123,263.3435360934457
1,1124,113.54094411551026
1,1125,114.66048809333162
1,1126,428.9859191440001
1,1127,95.00996485023623
1,1128,45.64069620520902
1,1129,307.8609626583688
1,1130,180.86426235967633
1,1131,343.30584138144786
1,1132,42.363164254385836
1,1133,297.4796245051671
1,1134,143.34814427170397
1,1135,297.22980134738515
1,1136,40.687921452385865
1,1137,270.8190296385976
1,1138,255.2199831351017
1,1139,340.3405066831174
1,1140,338.18045053183045
1,1141,317.99071613133924
1,1142,57.17199868963212
1,1143,133.47715874977018
1,1144,77.9816421813599
1,1145,210.09949696898389
1,1146,138.4080768707433
1,1147,290.0209439450728
1,1148,50.654247557925316
1,1149,242.48924467848494
1,1150,92.38466248506951
1,1151,300.84249325216626
1,1152,60.03203109196727
1,1153,273.4099109889082
1,1154,219.27395215738179
1,1155,47.81196816068144
1,1156,322.4754049230306
1,1157,217.0755530560075
1,1158,226.8184777964384
1,1159,325.7487794706948
1,1160,41.394856469258
1,1161,280.33685572080026
1,1162,293.4504372066968
1,1163,221.39408570695383
1,1164,454.802869772864
1,1165,111.15233307849863
1,1166,279.9622574004012
1,1167,36.951837836569375
1,1168,251.4854049972603
1,1169,224.84888273770014
1,1170,116.59104621016154
1,1171,47.34023537449129
1,1172,268.19171354655737
1,1173,239.7190202345085
1,1174,257.8559408613428
1,1175,212.16363069164245
1,1176,28.264284944230784
1,1177,279.2661028675319
1,1178,234.16366825357042
1,1179,29.223479118840256
1,1180,284.4605634770381
1,1181,268.75409475485617
1,1182,167.6804888777838
1,1183,177.77461277529233
1,1184,290.5484806866607
1,1185,321.88071083314065
1,1186,115.72048417632863
1,1187,31.99160387256648
1,1188,364.2155330392666
1,1189,39.761387827274845
1,1190,371.7342403079465
1,1191,37.2566385827844
1,1192,341.3903021925716
1,1193,37.66774204329133
1,1194,56.764321482099575
1,1195,257.0599936603792
1,1196,281.5058527085839
1,1197,44.606604682658954
1,1198,160.57631306883457
1,1199,27.88395887229798
1,1200,247.56185475225664
1,1201,89.99767838243494
1,1202,114.71873030761799
1,1203,118.34530112053301
1,1204,237.42287235920062
1,1205,343.21187154494305
1,1206,64.07258548815781
1,1207,45.1045419430171
1,1208,80.56125325122278
1,1209,328.3792754295403
1,1210,34.095252566204735
1,1211,271.7440843421142
1,1212,146.2114563969287
1,1213,309.4909198613383
1,1214,69.1868478266833
1,1215,268.5899792785755
1,1216,193.12369782136133
1,1217,370.0190973062988
1,1218,96.74147587729075
1,1219,45.92226820841431
1,1220,323.8318357029108
1,1221,118.96285122513814
1,1222,362.66696076266373
1,1223,257.5433228372239
1,1224,163.7073223305563
1,1225,282.06130719378507
1,1226,199.4664458249844
1,1227,319.23026066208854
1,1228,270.5792998216058
1,1229,330.5953182470487
1,1230,312.83826897656115
1,1231,318.6944019453489
1,1232,364.4232083191194
1,1233,405.42875209709234
1,1234,65.4586655990929
1,1235,309.16942481785327
1,1236,66.06589749091748
1,1237,373.8797324530848
1,1238,62.7408644274327
1,1239,322.5209296049719
1,1240,188.99865990327015
1,1241,365.43017115841633
1,1242,51.311546455409946
1,1243,207.07944414617162
1,1244,338.6948453419753
1,1245,192.54666045013084
1,1246,327.8758805576347
1,1247,316.80614920831846
1,1248,322.9534119716799
1,1249,27.02025259983597
1,1250,282.0451335444882
1,1251,304.93478667438274
1,1252,337.4673313054891
1,1253,44.167479383773255
1,1254,274.86432531634995
1,1255,272.6059795103387
1,1256,209.29093829666442
1,1257,39.80012345491146
1,1258,298.06217923394036
1,1259,300.7615186877029
1,1260,278.91448492083964
1,1261,58.920069497252584
1,1262,386.0398541902276
1,1263,44.4886304725757
1,1264,188.96375172179245
1,1265,318.1078710068481
1,1266,240.74446614902968
1,1267,306.4933928032194
1,1268,50.11198304710835
1,1269,331.63930040754013
1,1270,321.8480042262973
1,1271,30.695573695183814
1,1272,252.9983774605277
1,1273,314.42834079092125
1,1274,264.7903034691967
1,1275,317.430211279657
1,1276,280.163615551494
1,1277,43.60022560727946
1,1278,269.35154927982
1,1279,183.9942269014074
1,1280,206.65238987429552
1,1281,217.48405922545356
1,1282,299.74029169370453
1,1283,46.6246728961171
1,1284,284.521730544853
1,1285,351.3747325594474
1,1286,50.44496409971348
1,1287,267.2164021142877
1,1288,268.3368872389435
1,1289,84.74233595970883
1,1290,341.2704870426579
1,1291,360.0260743664604
1,1292,342.900382141408
1,1293,72.40593313346453
1,1294,271.58850146676724
1,1295,137.7972251402925
1,1296,305.42773319022945
1,1297,64.31431577276484
1,1298,354.52090631268203
1,1299,133.78342365848226
1,1300,66.44137815060583
1,1301,114.82209692474916
1,1302,334.27733374184476
1,1303,61.54378419037714
1,1304,38.882736558006584
1,1305,174.3981050836848
1,1306,304.61055983702096
1,1307,554.2035398786157
1,1308,329.56001964634106
1,1309,60.29658956552221
1,1310,350.8106236783236
1,1311,60.65936975437437
1,1312,219.40060283941574
1,1313,123.50354440331444
1,1314,342.792817879468
1,1315,44.82000484114522
1,1316,332.3995236671289
1,1317,45.991934336407994
1,1318,282.15688755873106
1,1319,163.59186707187513
1,1320,295.0744446416224
1,1321,49.857534033485464
1,1322,250.11049902776267
1,1323,75.99185212547167
1,1324,315.7802617867461
1,1325,45.414151899074625
1,1326,313.38257723674576
1,1327,146.72689800390867
1,1328,281.1161393721746
1,1329,323.308877966439
1,1330,343.41408727901285
1,1331,43.886676305582455
1,1332,197.25415946016028
1,1333,319.03479909426943
1,1334,28.17296296543213
1,1335,316.1462532033799
1,1336,300.0753397328722
1,1337,277.8882323412664
1,1338,316.3749616116827
1,1339,49.11583572079351
1,1340,307.0178152338319
1,1341,314.47161248719203
1,1342,172.4252255885022
1,1343,309.0303673143355
1,1344,44.366173925961505
1,1345,187.4260940756638
1,1346,335.02468010278767
1,1347,43.78109033068414
1,1348,131.21022828709314
1,1349,316.8386128888915
1,1350,315.5992249023011
1,1351,318.6001648175507
1,1352,320.77291130148916
1,1353,376.9026857968223
1,1354,85.96987194622429
1,1355,268.99090538249703
1,1356,325.1265802181344
1,1357,98.35800023155471
1,1358,330.2718787509096
1,1359,65.4642911682119
1,1360,321.38481781605276
1,1361,188.40351017013336
1,1362,355.4605872948145
1,1363,62.081095474784576
1,1364,208.78935168612992
1,1365,350.01878544648685
1,1366,593.9962450881743
1,1367,309.6673763109079
1,1368,295.4470001234697
1,1369,67.46512151889358
1,1370,310.90003164986564
1,1371,88.3796277503609
1,1372,258.6449883276321
1,1373,327.57973639194006
1,1374,138.4841256790072
1,1375,53.83004944975719
1,1376,275.861482425193
1,1377,248.1080409677877
1,1378,260.57059083386326
1,1379,44.96107634410415
1,1380,276.36864743037233
1,1381,440.90520992004775
1,1382,29.775964364387523
1,1383,119.26020994793868
1,1384,210.50388343745692
1,1385,42.350293827497296
1,1386,366.67345090128254
1,1387,423.3400972260348
1,1388,49.30569837822252
1,1389,304.7455511746221
1,1390,292.67098959264894
1,1391,338.8062327289865
1,1392,39.30028177867013
1,1393,189.6753040619002
1,1394,342.3017984693679
1,1395,348.57236974280056
1,1396,330.74939480192364
1,1397,82.88128088067549
1,1398,305.7980357707599
1,1399,294.50515227031644
1,1400,31.98741514396762
1,1401,341.723041356428
1,1402,195.64616365664443
1,1403,57.724327907962355
1,1404,336.115880025922
1,1405,223.21747498194284
1,1406,267.32329055325
1,1407,106.45267492233647
1,1408,177.67984120448665
1,1409,184.11763969283885
1,1410,46.11826033725849
1,1411,432.0242261564908
1,1412,295.4530210142447
1,1413,344.5810037981029
1,1414,324.0070845390731
1,1415,39.958464437105825
1,1416,314.77666814032057
1,1417,47.24808818610565
1,1418,22.260303665701585
1,1419,355.05163121859334
1,1420,262.3540610750266
1,1421,78.42080998016908
1,1422,211.09633640182935
1,1423,241.26602319784513
1,1424,343.4728832166488
1,1425,39.41165710558831
1,1426,42.31562360631756
1,1427,379.3183711112318
1,1428,327.1496935611809
1,1429,318.66097668784124
1,1430,32.15421585318856
1,1431,291.2639192943089
1,1432,55.30098999368468
1,1433,354.08274623781904
1,1434,322.7275676006361
1,1435,264.46567199178827
1,1436,130.7040575609422
1,1437,311.02793342804114
1,1438,107.68285258640434
1,1439,50.13278955643223
1,1440,293.5641570266538
1,1441,36.18697880588059
1,1442,302.5769437663524
1,1443,310.5379162908268
1,1444,325.703820440306
1,1445,62.876793760368145
1,1446,278.66818139574684
1,1447,267.0761859346386
1,1448,473.86450731132834
1,1449,373.30085227205007
1,1450,99.5984318539699
1,1451,267.32468208017235
1,1452,141.4442270461564
1,1453,353.6050886050467
1,1454,52.80297709293875
1,1455,305.59281885242365
1,1456,318.3546973516336
1,1457,191.29138436321688
1,1458,340.2541638105936
1,1459,372.28434927491
1,1460,59.794360305679355
1,1461,343.9538532491372
1,1462,329.1776260863046
1,1463,67.33299275111487
1,1464,329.5382700965504
1,1465,331.1559214815
1,1466,236.7288166831674
1,1467,281.77927467228903
1,1468,134.33379535437322
1,1469,117.21315528258214
1,1470,270.4859457671114
1,1471,117.95706712751002
1,1472,307.40309787120117
1,1473,55.576958718449035
1,1474,295.1157303407037
1,1475,53.40651829864575
1,1476,303.8378216920995
1,1477,285.3906425649307
1,1478,68.55496841851613
1,1479,317.2512719455099
1,1480,44.05960641036761
1,1481,295.9284893583937
1,1482,47.58787977414552
1,1483,201.01062448966582
1,1484,271.50794504346237
1,1485,142.56332722059028
1,1486,54.97324952934292
1,1487,301.5556299837882
1,1488,252.7571345061557
1,1489,236.24137574857988
1,1490,335.16202161352163
1,1491,270.63179357198896
1,1492,49.52203349539583
1,1493,347.46962984982815
1,1494,249.80914488263457
1,1495,178.12565870343758
1,1496,217.75454569342588
1,1497,43.401163066660004
1,1498,330.17104603304904
1,1499,310.6979186605262
1,1500,342.30587740729777
1,1501,26.56749219527792
1,1502,353.38279367583004
1,1503,320.3289834243086
1,1504,56.25450854669849
1,1505,138.84733759554308
1,1506,348.3789026921622
1,1507,47.416858211301644
1,1508,303.7774842396235
1,1509,45.46285364755863
1,1510,175.81246547875278
1,1511,64.45341041114845
1,1512,328.63378703050165
1,1513,301.3200763521708
1,1514,77.09103714457567
1,1515,193.5424560890635
1,1516,112.00196671606666
1,1517,245.02117310622015
1,1518,300.41939807070094
1,1519,304.73961164258367
1,1520,142.2782450867201
1,1521,308.14318956475336
1,1522,44.98177958256326
1,1523,295.6165846184366
1,1524,314.9101178347098
1,1525,43.79265548036458
1,1526,309.14903512914594
1,1527,172.96664791302612
1,1528,310.8074216372404
1,1529,48.632627058414954
1,1530,341.2016413272426
1,1531,324.78626398681286
1,1532,48.31917149985473
1,1533,42.157230201261136
1,1534,357.797444621914
1,1535,43.59482415888198
1,1536,189.0104738368732
1,1537,325.7629756268203
1,1538,258.9851823690867
1,1539,544.1604245575979
1,1540,264.2198471661136
1,1541,292.5741720308772
1,1542,332.21822296834944
1,1543,379.7958331971861
1,1544,61.69591254162101
1,1545,54.18965026107756
1,1546,329.4837681820276
1,1547,343.20482915635716
1,1548,66.01493772048342
1,1549,297.69038255848415
1,1550,57.03154215364454
1,1551,357.8268123567681
1,1552,330.52422734987397
1,1553,59.7717210924978
1,1554,199.25709722932294
1,1555,62.394096166825925
1,1556,301.6650121524982
1,1557,344.1696024589494
1,1558,61.45269432674182
1,1559,321.85619768785546
1,1560,188.9777232525697
1,1561,333.284867969502
1,1562,36.00717773491034
1,1563,264.032008912297
1,1564,348.65371491241217
1,1565,320.16321691030305
1,1566,138.6420813096741
1,1567,46.404852248703236
1,1568,242.8690271575357
1,1569,291.8679606166631
1,1570,88.6064321926445
1,1571,340.75445111921596
1,1572,332.0544028545361
1,1573,339.5589740102188
1,1574,48.841727047585124
1,1575,233.79937873572538
1,1576,345.79224851007615
1,1577,313.24701629478295
1,1578,200.81466438526613
1,1579,346.9218566110419
1,1580,61.29099373533265
1,1581,132.92794008562402
1,1582,312.91880674892116
1,1583,60.161634312458105
1,1584,302.1343572525381
1,1585,74.6696490319903
1,1586,362.81551847378614
1,1587,91.86515911056871
1,1588,262.56583774487075
1,1589,140.0661318845577
1,1590,114.4838706351603
1,1591,286.07882013651147
1,1592,25.40320212473842
1,1593,113.75331338161328
1,1594,46.155276884515004
1,1595,242.3956969810642
1,1596,52.38366483646278
1,1597,213.18742649721764
1,1598,50.345210315496786
1,1599,289.81344077905806
1,1600,198.12143081668376
1,1601,50.392050138252245
1,1602,122.59755236360846
1,1603,256.1808356243475
1,1604,216.20131799234895
1,1605,86.74150036632697
1,1606,353.9485890019939
1,1607,39.159564780829854
1,1608,323.25266282276493
1,1609,303.4939056226207
1,1610,52.328388632922355
1,1611,246.93535432736843
1,1612,53.41827915822146
1,1613,94.61531299254139
1,1614,308.4796925400119
1,1615,49.780564143218676
1,1616,50.47293391229135
1,1617,303.62493438379033
1,1618,46.69869772095884
1,1619,268.0478963713315
1,1620,101.6186699592503
1,1621,47.6220002453711
1,1622,313.9243237772221
1,1623,305.0268505972273
1,1624,310.72868249633837
1,1625,240.8732862066467
1,1626,237.4833256144707
1,1627,324.0985750647561
1,1628,45.41871555427825
1,1629,325.22067501343446
1,1630,314.0264378605553
1,1631,42.183809002044555
1,1632,334.4706101203618
1,1633,284.49918121666246
1,1634,334.03658415593463
1,1635,131.6804131328923
1,1636,255.46545164421607
1,1637,188.60792468742557
1,1638,305.7937825876003
1,1639,306.2718208441492
1,1640,104.59320226486147
1,1641,223.84544341079823
1,1642,31.145957384644618
1,1643,258.6714033623147
1,1644,40.34696094290593
1,1645,130.38119882274634
1,1646,269.42870442507285
1,1647,133.77975196882164
1,1648,266.7823127810915
1,1649,68.16668217568304
1,1650,145.36744782184968
1,1651,75.5013726949094
1,1652,274.0603062905619
1,1653,65.24713952959209
1,1654,239.19937221681423
1,1655,75.82064910413601
1,1656,289.243295154737
1,1657,223.13810758851014
1,1658,53.334943118151415
1,1659,147.98855546929195
1,1660,264.29043609607425
1,1661,207.2238557308869
1,1662,96.15968745740804
1,1663,277.0550804016446
1,1664,61.442345485192426
1,1665,272.95435044126145
1,1666,283.1239254192828
1,1667,64.37422768103613
1,1668,126.31731231841084
1,1669,233.39807694589717
1,1670,50.642191455707206
1,1671,319.3286448236057
1,1672,48.49117034537322
1,1673,304.98929128047473
1,1674,307.98402009639176
1,1675,45.47867215770212
1,1676,273.3524443972075
1,1677,274.86295628136213
1,1678,50.80187629616512
1,1679,246.7729570113184
1,1680,52.11694809683674
1,1681,87.02488355984337
1,1682,332.24499759246925
1,1683,48.681416725623926
1,1684,50.736218769585804
1,1685,297.2849323185402
1,1686,49.45346511358729
1,1687,261.4234558113818
1,1688,100.52103111382806
1,1689,45.68525930897208
1,1690,296.56016713989226
1,1691,315.14343817585325
1,1692,39.15920525120229
1,1693,334.54724113668163
1,1694,316.9999221213044
1,1695,29.99313126528703
1,1696,251.49240927570946
1,1697,273.2158306164981
1,1698,302.6787562289478
1,1699,292.9595197748302
1,1700,238.4197112732031
1,1701,208.38532505363327
1,1702,341.4973827238774
1,1703,42.51889531548264
1,1704,321.6905358511698
1,1705,49.18427795414489
1,1706,48.91771322813061
1,1707,259.2292744900049
1,1708,39.56207730189371
1,1709,135.3158241566889
1,1710,253.6940096778421
1,1711,200.32469464331578
1,1712,210.42287666267345
1,1713,105.18310418347055
1,1714,108.12771831869628
1,1715,266.4621985483784
1,1716,129.33840273364186
1,1717,128.71431404203275
1,1718,337.8914517166352
1,1719,45.33379526076887
1,1720,76.516938973735
1,1721,282.0154170342604
1,1722,390.71283196389487
1,1723,291.56094941251854
1,1724,63.916492447894996
1,1725,347.55343076704617
1,1726,112.61738405123518
1,1727,380.63187252078257
1,1728,277.4686479424505
1,1729,379.85381646133885
1,1730,152.5395400939662
1,1731,307.9106565436009
1,1732,45.69153401767417
1,1733,238.19286368586177
1,1734,284.51962892250754
1,1735,55.564358811052706
1,1736,305.2923405554001
1,1737,60.25255265090274
1,1738,124.77901888987506
1,1739,439.5570270646478
1,1740,327.2952275347203
1,1741,257.238424161078
1,1742,61.250971907239006
1,1743,339.4040119302182
1,1744,170.28600797030725
1,1745,39.913343089521724
1,1746,291.51237795215127
1,1747,335.71760986446077
1,1748,48.52767568372438
1,1749,424.98062978401765
1,1750,45.46231600346287
1,1751,322.83997778599763
1,1752,30.516048925236724
1,1753,318.12332095970896
1,1754,203.3296423627168
1,1755,212.86746731730472
1,1756,307.92786662450226
1,1757,124.61181450710131
1,1758,184.83214675757353
1,1759,43.64042103795071
1,1760,311.46992206638737
1,1761,47.057557088619305
1,1762,192.5058145062103
1,1763,46.1552524872515
1,1764,205.49178451785752
1,1765,339.50061804369943
1,1766,44.62984929535171
1,1767,291.64175971904797
1,1768,317.058613085448
1,1769,25.071013590253663
1,1770,313.27621963775465
1,1771,44.84961377472537
1,1772,35.94768605292231
1,1773,419.5062093977394
1,1774,45.063952852603386
1,1775,40.4913715656187
1,1776,279.7396503315638
1,1777,277.406479798329
1,1778,44.106188454193784
1,1779,250.81225688383276
1,1780,281.25536764644175
1,1781,285.4484404848756
1,1782,297.87987881123195
1,1783,65.15731642773895
1,1784,350.4504481136999
1,1785,79.12883314770255
1,1786,227.26612018119417
1,1787,394.6451871714601
1,1788,293.7055326343799
1,1789,62.62011243181546
1,1790,336.0069869893912
1,1791,132.63214346809568
1,1792,66.51414965121461
1,1793,190.08912892672782
1,1794,375.311850608853
1,1795,65.87715050511564
1,1796,285.04875981622877
1,1797,336.81362966656206
1,1798,63.498459022563864
1,1799,131.79377317916172
1,1800,203.73876945425906
1,1801,300.4734759953848
1,1802,65.12187965844475
1,1803,210.65379235074602
1,1804,297.183540724031
1,1805,45.718084007455545
1,1806,54.51486590071803
1,1807,315.8996258157948
1,1808,336.8501249165238
1,1809,40.949971463176624
1,1810,74.01138642119795
1,1811,112.01680613411202
1,1812,191.7588936931881
1,1813,48.422453852322036
1,1814,132.89835920830464
1,1815,238.48486462763384
1,1816,44.12412352491988
1,1817,53.157543946440875
1,1818,249.94212667571804
1,1819,329.2271640555572
1,1820,204.87627423068795
1,1821,344.5052983073213
1,1822,85.75271387651308
1,1823,244.0573243572833
1,1824,330.38512145799166
1,1825,54.02333865474286
1,1826,336.459462738806
1,1827,43.915288361349056
1,1828,190.13117944186837
1,1829,332.62283675326006
1,1830,116.73621197430765
1,1831,312.5590685617853
1,1832,83.60947536859379
1,1833,332.97632155745754
1,1834,268.95952183859595
1,1835,46.619793278585576
1,1836,157.79437942176503
1,1837,232.73014883248555
1,1838,45.885220260199205
1,1839,358.47396137488226
1,1840,45.73379410409443
1,1841,271.3653132346641
1,1842,245.1997839965906
1,1843,332.0808659084499
1,1844,508.6746959267797
1,1845,50.29798478254895
1,1846,306.02528361162206
1,1847,175.48734223288673
1,1848,334.69339386806547
1,1849,283.2084159268261
1,1850,116.2417429926117
1,1851,311.45325535189613
1,1852,50.09837223839283
1,1853,284.9787571862714
1,1854,46.06899189568533
1,1855,358.7333585399771
1,1856,297.2290819667477
1,1857,50.2117914982952
1,1858,336.96752144553625
1,1859,53.200448944847764
1,1860,304.2773145884096
1,1861,43.87912641525759
1,1862,343.47167572551274
1,1863,310.93577727417113
1,1864,33.54797044295663
1,1865,273.5914944265561
1,1866,281.42639035743014
1,1867,307.44423397604567
1,1868,41.99472795133225
1,1869,249.934274461223
1,1870,40.60883582667826
1,1871,256.05073359640903
1,1872,53.60378512019855
1,1873,264.28466451022666
1,1874,477.89639199051874
1,1875,45.34766999916411
1,1876,296.3996159673364
1,1877,302.2603241171039
1,1878,351.61042735854915
1,1879,47.203875356775384
1,1880,332.8741577704628
1,1881,279.320312003057
1,1882,81.29949037306997
1,1883,130.34476928198904
1,1884,385.78235299946675
1,1885,496.2535299554234
1,1886,45.114311299082885
1,1887,287.3954660212388
1,1888,261.21848133410344
1,1889,283.10832847843915
1,1890,90.72020543968861
1,1891,282.20372414465055
1,1892,307.54920215736047
1,1893,153.1629296551602
1,1894,353.90971154481474
1,1895,306.7385831452551
1,1896,197.53396191660346
1,1897,322.7599117096349
1,1898,55.60775464417896
1,1899,290.9771975541718
1,1900,99.62890263021092
1,1901,50.010355736686634
1,1902,216.47090812675512
1,1903,136.596671411839
1,1904,251.03184092863208
1,1905,297.2932223213179
1,1906,323.4154804571869
1,1907,317.5763427705626
1,1908,78.22146003547793
1,1909,346.4358461135305
1,1910,39.89444218306341
1,1911,181.36301271833537
1,1912,37.89063510189905
1,1913,34.17256356434582
1,1914,230.26743597027652
1,1915,221.41288430837665
1,1916,42.21628672176548
1,1917,275.1829909240844
1,1918,76.65244103826976
1,1919,198.82514766653037
1,1920,348.4643831679985
1,1921,294.4843234094478
1,1922,124.16824146617267
1,1923,65.91294020564449
1,1924,354.5816304818783
1,1925,260.3377930761966
1,1926,285.5977061624631
1,1927,42.164403891763676
1,1928,347.2807912092069
1,1929,250.19404661771767
1,1930,217.33408681269103
1,1931,157.48564805790826
1,1932,220.66638876674506
1,1933,253.24918830911625
1,1934,239.67933299872251
1,1935,125.40627945442533
1,1936,276.94999711365426
1,1937,270.3684418150648
1,1938,36.56941904055138
1,1939,131.9994735722055
1,1940,183.45193678857225
1,1941,237.1974304065596
1,1942,309.3580700636052
1,1943,161.24902751546523
1,1944,60.68665580987515
1,1945,257.7168779836793
1,1946,43.575351771370926
1,1947,65.2805711658457
1,1948,234.40265833429325
1,1949,35.19161584418274
1,1950,241.9160248372611
1,1951,258.5593052519732
1,1952,25.43686962163852
1,1953,152.48358255191812
1,1954,283.2869464299814
1,1955,55.956282354939574
1,1956,193.258273515227
1,1957,77.84895816421098
1,1958,226.46832713032617
1,1959,74.82457045339153
1,1960,350.36833771532474
1,1961,211.82865785691854
1,1962,50.30888668250874
1,1963,259.85429118437077
1,1964,265.97136795588506
1,1965,37.885642497443676
1,1966,45.85322877352692
1,1967,244.08875750125506
1,1968,158.37059466040148
1,1969,282.73185578577795
1,1970,246.99612561326146
1,1971,237.2021003384939
1,1972,303.3373913487253
1,1973,164.94271601401465
1,1974,35.05899964786991
1,1975,153.57544199759855
1,1976,257.3669394579931
1,1977,325.6950436782998
1,1978,152.22809209388353
1,1979,279.15440729118257
1,1980,244.90264776875657
1,1981,42.103009668603875
1,1982,122.82640454544102
1,1983,24.086795227087187
1,1984,78.73301727632605
1,1985,320.9009257722952
1,1986,316.9148131792107
1,1987,224.95132665656263
1,1988,41.9943257442175
1,1989,107.80034749860593
1,1990,41.0908187621266
1,1991,304.6139953381814
1,1992,39.583585715659915
1,1993,152.8156929574848
1,1994,235.90621296420267
1,1995,276.5430824325087
1,1996,154.31605408907637
1,1997,317.64964113191274
1,1998,290.51766708466624
1,1999,38.8801449064547
1,2000,34.18922439233779
1,2001,289.6925749640728
1,2002,43.0665704280876
1,2003,41.145587644826534
1,2004,253.61663159942964
1,2005,32.1994118092018
1,2006,395.05102732731444
1,2007,44.61486485079317
1,2008,298.54993921427564
1,2009,244.68593643000406
1,2010,260.1367517051838
1,2011,98.49458195348794
1,2012,286.0078626032314
1,2013,27.504801109972995
1,2014,339.40034640734007
1,2015,98.79866546672135
1,2016,199.58471796313694
1,2017,133.36058314787837
1,2018,73.9756099797888
1,2019,380.1622753027881
1,2020,36.46122414068823
1,2021,125.52302140515742
1,2022,276.3486250004036
1,2023,103.80784160532747
1,2024,402.38804826668036
1,2025,50.577664432395046
1,2026,249.96820989392546
1,2027,262.457427847728
1,2028,126.43162105007796
1,2029,180.3839316802526
1,2030,347.5420444218138
1,2031,209.84176714806986
1,2032,96.25600439915286
1,2033,279.77453565539656
1,2034,268.12835638892847
1,2035,52.469674302651285
1,2036,220.12293310210433
1,2037,52.79086390138407
1,2038,294.1434305371157
1,2039,298.0359163914193
1,2040,120.4693301476253
1,2041,388.5494139738714
1,2042,126.4570833584675
1,2043,349.1308073512562
1,2044,314.2514173587151
1,2045,372.41667705386874
1,2046,302.2840557034274
1,2047,59.54120727611557
1,2048,113.01597174321029
1,2049,255.0264734749254
1,2050,249.51878723204055
1,2051,78.76675763721553
1,2052,264.05912778972265
1,2053,103.18770352461205
1,2054,314.22009687002634
1,2055,274.40598219613815
1,2056,217.12832566089668
1,2057,65.71428722677297
1,2058,24.17277300858939
1,2059,319.668099454243
1,2060,266.64902455814024
1,2061,37.90326370930432
1,2062,282.90392300637063
1,2063,82.02874027263036
1,2064,361.27061523968496
1,2065,292.1565079190498
1,2066,38.16788719679321
1,2067,257.52657699916364
1,2068,142.3897143251346
1,2069,259.0381059603569
1,2070,38.60969018949544
1,2071,320.5800755158709
1,2072,41.283504710138345
1,2073,416.3965692432886
1,2074,40.41620837317507
1,2075,193.32124881618242
1,2076,185.75840311258366
1,2077,121.06831499760725
1,2078,243.5120769027062
1,2079,307.96861950527557
1,2080,38.409269384634015
1,2081,329.9031431527619
1,2082,142.58039904831216
1,2083,311.43662328373017
1,2084,250.9426568295343
1,2085,112.76049970480048
1,2086,146.76979744237914
1,2087,100.60560357022128
1,2088,302.8639940102053
1,2089,355.85235746266846
1,2090,42.909882667551564
1,2091,263.7958513705736
1,2092,28.4146714303723
1,2093,86.02088529942655
1,2094,357.746690564334
1,2095,108.57874827738905
1,2096,107.79246277066386
1,2097,98.9599149774777
1,2098,137.39057485856642
1,2099,238.194445854651
1,2100,33.074791006606695
1,2101,287.68026608745527
1,2102,81.01807790536635
1,2103,353.69168401050877
1,2104,38.702041134903595
1,2105,79.01800681905289
1,2106,96.49385259211539
1,2107,37.209178600690194
1,2108,113.26383010890297
1,2109,42.62720986615495
1,2110,82.56150233255262
1,2111,265.8446091228684
1,2112,44.21151720570922
1,2113,268.03989396846913
1,2114,317.529052595975
1,2115,111.66315305887603
1,2116,58.64608754301672
1,2117,294.0259257052034
1,2118,261.90810085775036
1,2119,33.4404034312565
1,2120,290.8878488477892
1,2121,34.94826680479534
1,2122,272.9719994807635
1,2123,42.984543142812655
1,2124,128.74678815796673
1,2125,380.8772473936689
1,2126,331.1070682935399
1,2127,40.41707097987046
1,2128,181.57295563690298
1,2129,120.7803922700881
1,2130,267.26066807432915
1,2131,37.55958481261537
1,2132,277.19360686639175
1,2133,43.424797984003575
1,2134,262.7930386953258
1,2135,41.7692153791057
1,2136,192.62283352904024
1,2137,156.39158078198471
1,2138,332.9559614678668
1,2139,292.44709884813926
1,2140,57.00546643744778
1,2141,238.21361577716323
1,2142,248.3315790268852
1,2143,278.34991367625173
1,2144,347.1099087332971
1,2145,131.668264292986
1,2146,336.79937140941354
1,2147,49.306860239157814
1,2148,362.00009088658555
1,2149,60.70489345614973
1,2150,347.2961213555076
1,2151,55.27941635718497
1,2152,273.42290118408
1,2153,51.60573322256885
1,2154,93.42840360765676
1,2155,279.75968164255426
1,2156,54.84003251438679
1,2157,63.297998694103356
1,2158,83.04483258563329
1,2159,173.8257837114944
1,2160,44.434694366549536
1,2161,112.30973308699052
1,2162,38.61907676567216
1,2163,277.42277467421275
1,2164,97.2727993127223
1,2165,85.63492411928954
1,2166,301.6157409026515
1,2167,99.5297518647218
1,2168,42.1544100932054
1,2169,294.4380684802677
1,2170,261.8821672885761
1,2171,58.16201821942887
1,2172,118.42677215356555
1,2173,37.753872239066325
1,2174,233.24455941223917
1,2175,218.50494072302692
1,2176,106.80658335868324
1,2177,328.7418113778032
1,2178,47.29087743048916
1,2179,81.30979223517146
1,2180,356.88130224592084
1,2181,267.7253744913852
1,2182,66.11937712680155
1,2183,268.22629002972
1,2184,41.237595943962305
1,2185,234.12785918541192
1,2186,42.08044080936466
1,2187,298.9214708298487
1,2188,333.69140701887983
1,2189,40.55422526550709
1,2190,304.4030561219085
1,2191,40.29906715036541
1,2192,231.33372112425695
1,2193,273.0741588884299
1,2194,347.7724568247662
1,2195,43.73197249104179
1,2196,255.8559878197629
1,2197,132.94473364624446
1,2198,33.95574336914782
1,2199,295.66923884376865
1,2200,44.27120593742504
1,2201,288.5744783315329
1,2202,40.61059791534695
1,2203,272.63278938139723
1,2204,108.5704504762302
1,2205,12.95722749513067
1,2206,288.7819585488211
1,2207,309.8283050314651
1,2208,247.40254670927484
1,2209,31.19794508601881
1,2210,64.55476974789511
1,2211,309.1977676040081
1,2212,255.19669600809613
1,2213,64.38346571198304
1,2214,263.3435360934457
1,2215,113.54094411551026
1,2216,114.66048809333162
1,2217,428.9859191440001
1,2218,95.00996485023623
1,2219,45.64069620520902
1,2220,307.8609626583688
1,2221,180.86426235967633
1,2222,343.30584138144786
1,2223,42.363164254385836
1,2224,297.4796245051671
1,2225,143.34814427170397
1,2226,297.22980134738515
1,2227,40.687921452385865
1,2228,270.8190296385976
1,2229,255.2199831351017
1,2230,340.3405066831174
1,2231,338.18045053183045
1,2232,317.99071613133924
1,2233,57.17199868963212
1,2234,133.47715874977018
1,2235,77.9816421813599
1,2236,210.09949696898389
1,2237,138.4080768707433
1,2238,290.0209439450728
1,2239,50.654247557925316
1,2240,242.48924467848494
1,2241,92.38466248506951
1,2242,300.84249325216626
1,2243,60.03203109196727
1,2244,273.4099109889082
1,2245,219.27395215738179
1,2246,47.81196816068144
1,2247,322.4754049230306
1,2248,217.0755530560075
1,2249,226.8184777964384
1,2250,325.7487794706948
1,2251,41.394856469258
1,2252,280.33685572080026
1,2253,293.4504372066968
1,2254,221.39408570695383
1,2255,454.802869772864
1,2256,111.15233307849863
1,2257,279.9622574004012
1,2258,36.951837836569375
1,2259,251.4854049972603
1,2260,224.84888273770014
1,2261,116.59104621016154
1,2262,47.34023537449129
1,2263,268.19171354655737
1,2264,239.7190202345085
1,2265,257.8559408613428
1,2266,212.16363069164245
1,2267,28.264284944230784
1,2268,279.2661028675319
1,2269,234.16366825357042
1,2270,29.223479118840256
1,2271,284.4605634770381
1,2272,268.75409475485617
1,2273,167.6804888777838
1,2274,177.77461277529233
1,2275,290.5484806866607
1,2276,321.88071083314065
1,2277,115.72048417632863
1,2278,31.99160387256648
1,2279,364.2155330392666
1,2280,39.761387827274845
1,2281,371.7342403079465
1,2282,37.2566385827844
1,2283,341.3903021925716
1,2284,37.66774204329133
1,2285,56.764321482099575
1,2286,257.0599936603792
1,2287,281.5058527085839
1,2288,44.606604682658954
1,2289,160.57631306883457
1,2290,27.88395887229798
1,2291,247.56185475225664
1,2292,89.99767838243494
1,2293,114.71873030761799
1,2294,118.34530112053301
1,2295,237.42287235920062
1,2296,343.21187154494305
1,2297,64.07258548815781
1,2298,45.1045419430171
1,2299,80.56125325122278
1,2300,328.3792754295403
1,2301,34.095252566204735
1,2302,271.7440843421142
1,2303,146.2114563969287
1,2304,309.4909198613383
1,2305,69.1868478266833
1,2306,268.5899792785755
1,2307,193.12369782136133
1,2308,370.0190973062988
1,2309,96.74147587729075
1,2310,45.92226820841431
1,2311,323.8318357029108
1,2312,118.96285122513814
1,2313,362.66696076266373
1,2314,257.5433228372239
1,2315,163.7073223305563
1,2316,282.06130719378507
1,2317,199.4664458249844
1,2318,319.23026066208854
1,2319,270.5792998216058
1,2320,330.5953182470487
1,2321,312.83826897656115
1,2322,318.6944019453489
1,2323,364.4232083191194
1,2324,405.42875209709234
1,2325,65.4586655990929
1,2326,309.16942481785327
1,2327,66.06589749091748
1,2328,373.8797324530848
1,2329,62.7408644274327
1,2330,322.5209296049719
1,2331,188.99865990327015
1,2332,365.43017115841633
1,2333,51.311546455409946
1,2334,207.07944414617162
1,2335,338.6948453419753
1,2336,192.54666045013084
1,2337,327.8758805576347
1,2338,316.80614920831846
1,2339,322.9534119716799
1,2340,27.02025259983597
1,2341,282.0451335444882
1,2342,304.93478667438274
1,2343,337.4673313054891
1,2344,44.167479383773255
1,2345,274.86432531634995
1,2346,272.6059795103387
1,2347,209.29093829666442
1,2348,39.80012345491146
1,2349,298.06217923394036
1,2350,300.7615186877029
1,2351,278.91448492083964
1,2352,58.920069497252584
1,2353,386.0398541902276
1,2354,44.4886304725757
1,2355,188.96375172179245
1,2356,318.1078710068481
1,2357,240.74446614902968
1,2358,306.4933928032194
1,2359,50.11198304710835
1,2360,331.63930040754013
1,2361,321.8480042262973
1,2362,30.695573695183814
1,2363,252.9983774605277
1,2364,314.42834079092125
1,2365,264.7903034691967
1,2366,317.430211279657
1,2367,280.163615551494
1,2368,43.60022560727946
1,2369,269.35154927982
1,2370,183.9942269014074
1,2371,206.65238987429552
1,2372,217.48405922545356
1,2373,299.74029169370453
1,2374,46.6246728961171
1,2375,284.521730544853
1,2376,351.3747325594474
1,2377,50.44496409971348
1,2378,267.2164021142877
1,2379,268.3368872389435
1,2380,84.74233595970883
1,2381,341.2704870426579
1,2382,360.0260743664604
1,2383,342.900382141408
1,2384,72.40593313346453
1,2385,271.58850146676724
1,2386,137.7972251402925
1,2387,305.42773319022945
1,2388,64.31431577276484
1,2389,354.52090631268203
1,2390,133.78342365848226
1,2391,66.44137815060583
1,2392,114.82209692474916
1,2393,334.27733374184476
1,2394,61.54378419037714
1,2395,38.882736558006584
1,2396,174.3981050836848
1,2397,304.61055983702096
1,2398,554.2035398786157
1,2399,329.56001964634106
1,2400,60.29658956552221
1,2401,350.8106236783236
1,2402,60.65936975437437
1,2403,219.40060283941574
1,2404,123.50354440331444
1,2405,342.792817879468
1,2406,44.82000484114522
1,2407,332.3995236671289
1,2408,45.991934336407994
1,2409,282.15688755873106
1,2410,163.59186707187513
1,2411,295.0744446416224
1,2412,49.857534033485464
1,2413,250.11049902776267
1,2414,75.99185212547167
1,2415,315.7802617867461
1,2416,45.414151899074625
1,2417,313.38257723674576
1,2418,146.72689800390867
1,2419,281.1161393721746
1,2420,323.308877966439
1,2421,343.41408727901285
1,2422,43.886676305582455
1,2423,197.25415946016028
1,2424,319.03479909426943
1,2425,28.17296296543213
1,2426,316.1462532033799
1,2427,300.0753397328722
1,2428,277.8882323412664
1,2429,316.3749616116827
1,2430,49.11583572079351
1,2431,307.0178152338319
1,2432,314.47161248719203
1,2433,172.4252255885022
1,2434,309.0303673143355
1,2435,44.366173925961505
1,2436,187.4260940756638
1,2437,335.02468010278767
1,2438,43.78109033068414
1,2439,131.21022828709314
1,2440,316.8386128888915
1,2441,315.5992249023011
1,2442,318.6001648175507
1,2443,320.77291130148916
1,2444,376.9026857968223
1,2445,85.96987194622429
1,2446,268.99090538249703
1,2447,325.1265802181344
1,2448,98.35800023155471
1,2449,330.2718787509096
1,2450,65.4642911682119
1,2451,321.38481781605276
1,2452,188.40351017013336
1,2453,355.4605872948145
1,2454,62.081095474784576
1,2455,208.78935168612992
1,2456,350.01878544648685
1,2457,593.9962450881743
1,2458,309.6673763109079
1,2459,295.4470001234697
1,2460,67.46512151889358
1,2461,310.90003164986564
1,2462,88.3796277503609
1,2463,258.6449883276321
1,2464,327.57973639194006
1,2465,138.4841256790072
1,2466,53.83004944975719
1,2467,275.861482425193
1,2468,248.1080409677877
1,2469,260.57059083386326
1,2470,44.96107634410415
1,2471,276.36864743037233
1,2472,440.90520992004775
1,2473,29.775964364387523
1,2474,119.26020994793868
1,2475,210.50388343745692
1,2476,42.350293827497296
1,2477,366.67345090128254
1,2478,423.3400972260348
1,2479,49.30569837822252
1,2480,304.7455511746221
1,2481,292.67098959264894
1,2482,338.8062327289865
1,2483,39.30028177867013
1,2484,189.6753040619002
1,2485,342.3017984693679
1,2486,348.57236974280056
1,2487,330.74939480192364
1,2488,82.88128088067549
1,2489,305.7980357707599
1,2490,294.50515227031644
1,2491,31.98741514396762
1,2492,341.723041356428
1,2493,195.64616365664443
1,2494,57.724327907962355
1,2495,336.115880025922
1,2496,223.21747498194284
1,2497,267.32329055325
1,2498,106.45267492233647
1,2499,177.67984120448665
1,2500,184.11763969283885
1,2501,46.11826033725849
1,2502,432.0242261564908
1,2503,295.4530210142447
1,2504,344.5810037981029
1,2505,324.0070845390731
1,2506,39.958464437105825
1,2507,314.77666814032057
1,2508,47.24808818610565
1,2509,22.260303665701585
1,2510,355.05163121859334
1,2511,262.3540610750266
1,2512,78.42080998016908
1,2513,211.09633640182935
1,2514,241.26602319784513
1,2515,343.4728832166488
1,2516,39.41165710558831
1,2517,42.31562360631756
1,2518,379.3183711112318
1,2519,327.1496935611809
1,2520,318.66097668784124
1,2521,32.15421585318856
1,2522,291.2639192943089
1,2523,55.30098999368468
1,2524,354.08274623781904
1,2525,322.7275676006361
1,2526,264.46567199178827
1,2527,130.7040575609422
1,2528,311.02793342804114
1,2529,107.68285258640434
1,2530,50.13278955643223
1,2531,293.5641570266538
1,2532,36.18697880588059
1,2533,302.5769437663524
1,2534,310.5379162908268
1,2535,325.703820440306
1,2536,62.876793760368145
1,2537,278.66818139574684
1,2538,267.0761859346386
1,2539,473.86450731132834
1,2540,373.30085227205007
1,2541,99.5984318539699
1,2542,267.32468208017235
1,2543,141.4442270461564
1,2544,353.6050886050467
1,2545,52.80297709293875
1,2546,305.59281885242365
1,2547,318.3546973516336
1,2548,191.29138436321688
1,2549,340.2541638105936
1,2550,372.28434927491
1,2551,59.794360305679355
1,2552,343.9538532491372
1,2553,329.1776260863046
1,2554,67.33299275111487
1,2555,329.5382700965504
1,2556,331.1559214815
1,2557,236.7288166831674
1,2558,281.77927467228903
1,2559,134.33379535437322
1,2560,117.21315528258214
1,2561,270.4859457671114
1,2562,117.95706712751002
1,2563,307.40309787120117
1,2564,55.576958718449035
1,2565,295.1157303407037
1,2566,53.40651829864575
1,2567,303.8378216920995
1,2568,285.3906425649307
1,2569,68.55496841851613
1,2570,317.2512719455099
1,2571,44.05960641036761
1,2572,295.9284893583937
1,2573,47.58787977414552
1,2574,201.01062448966582
1,2575,271.50794504346237
1,2576,142.56332722059028
1,2577,54.97324952934292
1,2578,301.5556299837882
1,2579,252.7571345061557
1,2580,236.24137574857988
1,2581,335.16202161352163
1,2582,270.63179357198896
1,2583,49.52203349539583
1,2584,347.46962984982815
1,2585,249.80914488263457
1,2586,178.12565870343758
1,2587,217.75454569342588
1,2588,43.401163066660004
1,2589,330.17104603304904
1,2590,310.6979186605262
1,2591,342.30587740729777
1,2592,26.56749219527792
1,2593,353.38279367583004
1,2594,320.3289834243086
1,2595,56.25450854669849
1,2596,138.84733759554308
1,2597,348.3789026921622
1,2598,47.416858211301644
1,2599,303.7774842396235
1,2600,45.46285364755863
1,2601,175.81246547875278
1,2602,64.45341041114845
1,2603,328.63378703050165
1,2604,301.3200763521708
1,2605,77.09103714457567
1,2606,193.5424560890635
1,2607,112.00196671606666
1,2608,245.02117310622015
1,2609,300.41939807070094
1,2610,304.73961164258367
1,2611,142.2782450867201
1,2612,308.14318956475336
1,2613,44.98177958256326
1,2614,295.6165846184366
1,2615,314.9101178347098
1,2616,43.79265548036458
1,2617,309.14903512914594
1,2618,172.96664791302612
1,2619,310.8074216372404
1,2620,48.632627058414954
1,2621,341.2016413272426
1,2622,324.78626398681286
1,2623,48.31917149985473
1,2624,42.157230201261136
1,2625,357.797444621914
1,2626,43.59482415888198
1,2627,189.0104738368732
1,2628,325.7629756268203
1,2629,258.9851823690867
1,2630,544.1604245575979
1,2631,264.2198471661136
1,2632,292.5741720308772
1,2633,332.21822296834944
1,2634,379.7958331971861
1,2635,61.69591254162101
1,2636,54.18965026107756
1,2637,329.4837681820276
1,2638,343.20482915635716
1,2639,66.01493772048342
1,2640,297.69038255848415
1,2641,57.03154215364454
1,2642,357.8268123567681
1,2643,330.52422734987397
1,2644,59.7717210924978
1,2645,199.25709722932294
1,2646,62.394096166825925
1,2647,301.6650121524982
1,2648,344.1696024589494
1,2649,61.45269432674182
1,2650,321.85619768785546
1,2651,188.9777232525697
1,2652,333.284867969502
1,2653,36.00717773491034
1,2654,264.032008912297
1,2655,348.65371491241217
1,2656,320.16321691030305
1,2657,138.6420813096741
1,2658,46.404852248703236
1,2659,242.8690271575357
1,2660,291.8679606166631
1,2661,88.6064321926445
1,2662,340.75445111921596
1,2663,332.0544028545361
1,2664,339.5589740102188
1,2665,48.841727047585124
1,2666,233.79937873572538
1,2667,345.79224851007615
1,2668,313.24701629478295
1,2669,200.81466438526613
1,2670,346.9218566110419
1,2671,61.29099373533265
1,2672,132.92794008562402
1,2673,312.91880674892116
1,2674,60.161634312458105
1,2675,302.1343572525381
1,2676,74.6696490319903
1,2677,362.81551847378614
1,2678,91.86515911056871
1,2679,262.56583774487075
1,2680,140.0661318845577
1,2681,114.4838706351603
1,2682,286.07882013651147
1,2683,25.40320212473842
1,2684,113.75331338161328
1,2685,46.155276884515004
1,2686,242.3956969810642
1,2687,52.38366483646278
1,2688,213.18742649721764
1,2689,50.345210315496786
1,2690,289.81344077905806
1,2691,198.12143081668376
1,2692,50.392050138252245
1,2693,122.59755236360846
1,2694,256.1808356243475
1,2695,216.20131799234895
1,2696,86.74150036632697
1,2697,353.9485890019939
1,2698,39.159564780829854
1,2699,323.25266282276493
1,2700,303.4939056226207
1,2701,52.328388632922355
1,2702,246.93535432736843
1,2703,53.41827915822146
1,2704,94.61531299254139
1,2705,308.4796925400119
1,2706,49.780564143218676
1,2707,50.47293391229135
1,2708,303.62493438379033
1,2709,46.69869772095884
1,2710,268.0478963713315
1,2711,101.6186699592503
1,2712,47.6220002453711
1,2713,313.9243237772221
1,2714,305.0268505972273
1,2715,310.72868249633837
1,2716,240.8732862066467
1,2717,237.4833256144707
1,2718,324.0985750647561
1,2719,45.41871555427825
1,2720,325.22067501343446
1,2721,314.0264378605553
1,2722,42.183809002044555
1,2723,334.4706101203618
1,2724,284.49918121666246
1,2725,334.03658415593463
1,2726,131.6804131328923
1,2727,255.46545164421607
1,2728,188.60792468742557
1,2729,305.7937825876003
1,2730,306.2718208441492
1,2731,104.59320226486147
1,2732,223.84544341079823
1,2733,31.145957384644618
1,2734,258.6714033623147
1,2735,40.34696094290593
1,2736,130.38119882274634
1,2737,269.42870442507285
1,2738,133.77975196882164
1,2739,266.7823127810915
1,2740,68.16668217568304
1,2741,145.36744782184968
1,2742,75.5013726949094
1,2743,274.0603062905619
1,2744,65.24713952959209
1,2745,239.19937221681423
1,2746,75.82064910413601
1,2747,289.243295154737
1,2748,223.13810758851014
1,2749,53.334943118151415
1,2750,147.98855546929195
1,2751,264.29043609607425
1,2752,207.2238557308869
1,2753,96.15968745740804
1,2754,277.0550804016446
1,2755,61.442345485192426
1,2756,272.95435044126145
1,2757,283.1239254192828
1,2758,64.37422768103613
1,2759,126.31731231841084
1,2760,233.39807694589717
1,2761,50.642191455707206
1,2762,319.3286448236057
1,2763,48.49117034537322
1,2764,304.98929128047473
1,2765,307.98402009639176
1,2766,45.47867215770212
1,2767,273.3524443972075
1,2768,274.86295628136213
1,2769,50.80187629616512
1,2770,246.7729570113184
1,2771,52.11694809683674
1,2772,87.02488355984337
1,2773,332.24499759246925
1,2774,48.681416725623926
1,2775,50.736218769585804
1,2776,297.2849323185402
1,2777,49.45346511358729
1,2778,261.4234558113818
1,2779,100.52103111382806
1,2780,45.68525930897208
1,2781,296.56016713989226
1,2782,315.14343817585325
1,2783,39.15920525120229
1,2784,334.54724113668163
1,2785,316.9999221213044
1,2786,29.99313126528703
1,2787,251.49240927570946
1,2788,273.2158306164981
1,2789,302.6787562289478
1,2790,292.9595197748302
1,2791,238.4197112732031
1,2792,208.38532505363327
1,2793,341.4973827238774
1,2794,42.51889531548264
1,2795,321.6905358511698
1,2796,49.18427795414489
1,2797,48.91771322813061
1,2798,259.2292744900049
1,2799,39.56207730189371
1,2800,135.3158241566889
1,2801,253.6940096778421
1,2802,200.32469464331578
1,2803,210.42287666267345
1,2804,105.18310418347055
1,2805,108.12771831869628
1,2806,266.4621985483784
1,2807,129.33840273364186
1,2808,128.71431404203275
1,2809,337.8914517166352
1,2810,45.33379526076887
1,2811,76.516938973735
1,2812,282.0154170342604
1,2813,390.71283196389487
1,2814,291.56094941251854
1,2815,63.916492447894996
1,2816,347.55343076704617
1,2817,112.61738405123518
1,2818,380.63187252078257
1,2819,277.4686479424505
1,2820,379.85381646133885
1,2821,152.5395400939662
1,2822,307.9106565436009
1,2823,45.69153401767417
1,2824,238.19286368586177
1,2825,284.51962892250754
1,2826,55.564358811052706
1,2827,305.2923405554001
1,2828,60.25255265090274
1,2829,124.77901888987506
1,2830,439.5570270646478
1,2831,327.2952275347203
1,2832,257.238424161078
1,2833,61.250971907239006
1,2834,339.4040119302182
1,2835,170.28600797030725
1,2836,39.913343089521724
1,2837,291.51237795215127
1,2838,335.71760986446077
1,2839,48.52767568372438
1,2840,424.98062978401765
1,2841,45.46231600346287
1,2842,322.83997778599763
1,2843,30.516048925236724
1,2844,318.12332095970896
1,2845,203.3296423627168
1,2846,212.86746731730472
1,2847,307.92786662450226
1,2848,124.61181450710131
1,2849,184.83214675757353
1,2850,43.64042103795071
1,2851,311.46992206638737
1,2852,47.057557088619305
1,2853,192.5058145062103
1,2854,46.1552524872515
1,2855,205.49178451785752
1,2856,339.50061804369943
1,2857,44.62984929535171
1,2858,291.64175971904797
1,2859,317.058613085448
1,2860,25.071013590253663
1,2861,313.27621963775465
1,2862,44.84961377472537
1,2863,35.94768605292231
1,2864,419.5062093977394
1,2865,45.063952852603386
1,2866,40.4913715656187
1,2867,279.7396503315638
1,2868,277.406479798329
1,2869,44.106188454193784
1,2870,250.81225688383276
1,2871,281.25536764644175
1,2872,285.4484404848756
1,2873,297.87987881123195
1,2874,65.15731642773895
1,2875,350.4504481136999
1,2876,79.12883314770255
1,2877,227.26612018119417
1,2878,394.6451871714601
1,2879,293.7055326343799
1,2880,62.62011243181546
1,2881,336.0069869893912
1,2882,132.63214346809568
1,2883,66.51414965121461
1,2884,190.08912892672782
1,2885,375.311850608853
1,2886,65.87715050511564
1,2887,285.04875981622877
1,2888,336.81362966656206
1,2889,63.498459022563864
1,2890,131.79377317916172
1,2891,203.73876945425906
1,2892,300.4734759953848
1,2893,65.12187965844475
1,2894,210.65379235074602
1,2895,297.183540724031
1,2896,45.718084007455545
1,2897,54.51486590071803
1,2898,315.8996258157948
1,2899,336.8501249165238
1,2900,40.949971463176624
1,2901,74.01138642119795
1,2902,112.01680613411202
1,2903,191.7588936931881
1,2904,48.422453852322036
1,2905,132.89835920830464
1,2906,238.48486462763384
1,2907,44.12412352491988
1,2908,53.157543946440875
1,2909,249.94212667571804
1,2910,329.2271640555572
1,2911,204.87627423068795
1,2912,344.5052983073213
1,2913,85.75271387651308
1,2914,244.0573243572833
1,2915,330.38512145799166
1,2916,54.02333865474286
1,2917,336.459462738806
1,2918,43.915288361349056
1,2919,190.13117944186837
1,2920,332.62283675326006
1,2921,116.73621197430765
1,2922,312.5590685617853
1,2923,83.60947536859379
1,2924,332.97632155745754
1,2925,268.95952183859595
1,2926,46.619793278585576
1,2927,157.79437942176503
1,2928,232.73014883248555
1,2929,45.885220260199205
1,2930,358.47396137488226
1,2931,45.73379410409443
1,2932,271.3653132346641
1,2933,245.1997839965906
1,2934,332.0808659084499
1,2935,508.6746959267797
1,2936,50.29798478254895
1,2937,306.02528361162206
1,2938,175.48734223288673
1,2939,334.69339386806547
1,2940,283.2084159268261
1,2941,116.2417429926117
1,2942,311.45325535189613
1,2943,50.09837223839283
1,2944,284.9787571862714
1,2945,46.06899189568533
1,2946,358.7333585399771
1,2947,297.2290819667477
1,2948,50.2117914982952
1,2949,336.96752144553625
1,2950,53.200448944847764
1,2951,304.2773145884096
1,2952,43.87912641525759
1,2953,343.47167572551274
1,2954,310.93577727417113
1,2955,33.54797044295663
1,2956,273.5914944265561
1,2957,281.42639035743014
1,2958,307.44423397604567
1,2959,41.99472795133225
1,2960,249.934274461223
1,2961,40.60883582667826
1,2962,256.05073359640903
1,2963,53.60378512019855
1,2964,264.28466451022666
1,2965,477.89639199051874
1,2966,45.34766999916411
1,2967,296.3996159673364
1,2968,302.2603241171039
1,2969,351.61042735854915
1,2970,47.203875356775384
1,2971,332.8741577704628
1,2972,279.320312003057
1,2973,81.29949037306997
1,2974,130.34476928198904
1,2975,385.78235299946675
1,2976,281.85137246165357
1,2977,67.97867282325149
1,2978,296.03718734786014
1,2979,45.54741561435177
1,2980,409.08105537265214
1,2981,37.66712977659295
1,2982,368.49158924138294
1,2983,258.95098735501426
1,2984,246.45948726231148
1,2985,300.168585546905
1,2986,212.65367565219645
1,2987,47.33654588037602
1,2988,255.99809116994362
1,2989,264.9888507750818
1,2990,55.43753216822513
1,2991,282.0356698505864
1,2992,121.41141932942344
1,2993,143.18054061371254
1,2994,308.2042807186188
1,2995,415.1048783859713
1,2996,58.91708263928179
1,2997,141.29499081566462
1,2998,283.39176003829596
1,2999,195.03943116317043
1,3000,265.8960266202205
1,3001,27.03562375309556
1,3002,233.52245957981373
1,3003,117.66851894451719
1,3004,47.7825311277017
1,3005,47.050871499537394
1,3006,284.4481138502256
1,3007,38.385174920186806
1,3008,211.23968425757505
1,3009,330.90811675173654
1,3010,22.417571798655636
1,3011,268.6497385443306
1,3012,43.01075321173035
1,3013,321.5142387659858
1,3014,72.2617770345924
1,3015,243.51038724747804
1,3016,44.547140240732176
1,3017,304.80920400165274
1,3018,108.74015113417522
1,3019,224.52982200588625
1,3020,291.87593700819536
1,3021,28.892926149116033
1,3022,198.68460236453112
1,3023,282.5764452349957
1,3024,77.76499437760677
1,3025,214.40931723562815
1,3026,97.65238399398469
1,3027,260.4624605640372
1,3028,250.22995750319046
1,3029,42.39306937271071
1,3030,250.86650816842402
1,3031,185.2836442453027
1,3032,190.3785910094606
1,3033,252.2429099212756
1,3034,69.97821399616667
1,3035,331.0892798782008
1,3036,44.82896854077884
1,3037,197.16526573029532
1,3038,38.23576294392213
1,3039,326.8835856472336
1,3040,209.84812873146922
1,3041,274.37615351095667
1,3042,38.796395099526634
1,3043,235.64769153707732
1,3044,128.71471952601493
1,3045,328.54201765783824
1,3046,38.8313965263365
1,3047,398.93832397067797
1,3048,46.455266764626955
1,3049,294.1892732077027
1,3050,277.134262215001
1,3051,309.3324107763454
1,3052,202.69760885943518
1,3053,88.80945300000428
1,3054,46.73747375309613
1,3055,275.68499096264134
1,3056,46.21595108760915
1,3057,356.53517731013187
1,3058,163.14961005591556
1,3059,241.72730500190556
1,3060,44.566023839966746
1,3061,272.41256959162905
1,3062,111.69661324362005
1,3063,145.76003452460657
1,3064,256.4067388036263
1,3065,247.7973249438222
1,3066,448.9173362035671
1,3067,28.712190256127663
1,3068,117.20912722589765
1,3069,281.8246012597647
1,3070,287.4744513257098
1,3071,384.486212920236
1,3072,331.26305315528253
1,3073,338.0314920809666
1,3074,328.4615496830057
1,3075,42.21820696223193
1,3076,324.4072469406591
1,3077,48.968216334109144
1,3078,318.666207394341
1,3079,178.17884198027178
1,3080,317.81584807554725
1,3081,93.46445240977756
1,3082,232.79945101876615
1,3083,256.65960938223304
1,3084,42.682917884682055
1,3085,241.33010545137455
1,3086,338.68911268917526
1,3087,72.06045268194387
1,3088,323.5071704648535
1,3089,53.32523648566436
1,3090,145.5811328126731
1,3091,292.01441259982766
1,3092,353.19842710363434
1,3093,333.7282123466937
1,3094,145.23284838965742
1,3095,38.0868998935771
1,3096,102.6578340995499
1,3097,38.247635240833134
1,3098,213.56941691405143
1,3099,271.8303101020209
1,3100,303.51996493312544
1,3101,124.89918592423734
1,3102,340.1431458120835
1,3103,50.90852639607127
1,3104,233.83437296046242
1,3105,150.28951503784953
1,3106,286.2709687061397
1,3107,44.83337908474183
1,3108,244.70996740400597
1,3109,48.00741419626766
1,3110,214.42970180216065
1,3111,38.04639947248971
1,3112,266.13921628598405
1,3113,289.3905640618935
1,3114,305.4324993035772
1,3115,321.7915475517243
1,3116,282.0594327376572
1,3117,232.7894891803148
1,3118,104.92787544988252
1,3119,275.5241582948812
1,3120,339.6184148233039
1,3121,340.4604127196573
1,3122,44.36183741179174
1,3123,310.6352776057933
1,3124,36.331583215930976
1,3125,308.55417986202883
1,3126,243.90601729247135
1,3127,38.59458810608916
1,3128,234.41121321494745
1,3129,330.0582453219887
1,3130,169.66588047423355
1,3131,306.3808832661011
1,3132,320.5902952046044
1,3133,329.97296845423375
1,3134,322.0600086810832
1,3135,138.02257179794884
1,3136,139.67185355408657
1,3137,312.26494478639245
1,3138,207.0498347442736
1,3139,246.40270544043477
1,3140,209.3712489976728
1,3141,129.39966622923762
1,3142,307.7056089737525
1,3143,43.89208165922449
1,3144,311.50901058351735
1,3145,266.50988048900535
1,3146,273.506986451886
1,3147,338.51825159410095
1,3148,336.8128288709271
1,3149,51.76065182640352
1,3150,274.11322749377285
1,3151,100.71102948869544
1,3152,303.419369549203
1,3153,51.117120617491416
1,3154,294.693016158541
1,3155,80.14578095669171
1,3156,321.37721064582115
1,3157,296.8902963833376
1,3158,66.62141645356158
1,3159,340.7426816067873
1,3160,278.2951426822429
1,3161,307.137411813199
1,3162,322.4052232340579
1,3163,324.70585658899506
1,3164,49.705453041526994
1,3165,272.3788745923552
1,3166,46.52365896779839
1,3167,287.6854836441822
1,3168,318.57746745140366
1,3169,39.181724508450024
1,3170,148.26713734298283
1,3171,268.51927918021283
1,3172,54.888976561670574
1,3173,206.54124225699837
1,3174,44.17420532036912
1,3175,460.33426423757606
1,3176,46.20628967264431
1,3177,296.09677604027945
1,3178,78.9456595710433
1,3179,370.6663600910799
1,3180,48.67220662916857
1,3181,155.8666761264817
1,3182,321.944207221739
1,3183,321.56901720241194
1,3184,45.14601362044699
1,3185,44.80531218027615
1,3186,304.0698183551119
1,3187,45.69647279175526
1,3188,285.13814355949836
1,3189,42.51202268719161
1,3190,98.06766475469595
1,3191,394.7291174406712
1,3192,55.9981863414608
1,3193,395.5002148568674
1,3194,46.71918007489434
1,3195,276.2605842933159
1,3196,114.58542834139661
1,3197,284.9490364612959
1,3198,245.0368664815661
1,3199,278.9997241855029
1,3200,107.50570400259186
1,3201,196.1143617719062
1,3202,333.7045354850628
1,3203,43.49224550734256
1,3204,261.9598452587649
1,3205,253.71314491566443
1,3206,281.7689712752716
1,3207,121.20235162772448
1,3208,76.39371169986792
1,3209,294.5589873924989
1,3210,248.61619849109573
1,3211,26.266818886739628
1,3212,197.2602003824935
1,3213,218.5296144319148
1,3214,280.8022697854857
1,3215,137.2987298782605
1,3216,26.95625518958512
1,3217,302.7473382998376
1,3218,119.89840531179581
1,3219,295.7793679951335
1,3220,254.52287298769994
1,3221,281.0719273845684
1,3222,199.2558712430697
1,3223,324.9071649929051
1,3224,122.98687924973376
1,3225,140.5176085692494
1,3226,44.8321926259907
1,3227,234.9929079268574
1,3228,42.949740207061
1,3229,241.59737754228524
1,3230,40.23113011563669
1,3231,46.482577509552584
1,3232,265.5786454978251
1,3233,255.53412922983875
1,3234,234.45391976510476
1,3235,369.42842411644676
1,3236,132.9831992561384
1,3237,298.1772921769434
1,3238,50.85116326389395
1,3239,281.5576423420781
1,3240,80.66795960309484
1,3241,236.11169906385982
1,3242,256.8589253567418
1,3243,257.93600800819877
1,3244,190.27662249336862
1,3245,335.80385906391086
1,3246,357.6399285654189
1,3247,363.0427169652552
1,3248,345.0060200109426
1,3249,440.435824750188
1,3250,320.5678978167065
1,3251,248.13936457603003
1,3252,55.615351277223795
1,3253,311.30407397793414
1,3254,53.80315284201134
1,3255,264.34467695722753
1,3256,299.09707430736944
1,3257,312.30705002285004
1,3258,50.27429698306423
1,3259,332.7470148034724
1,3260,319.89816852451145
1,3261,269.28796996215
1,3262,326.2281463477864
1,3263,338.63245585021116
1,3264,95.2618660499455
1,3265,76.18039660533476
1,3266,48.22544725773085
1,3267,253.8048709432406
1,3268,257.03350062205186
1,3269,296.4972407105639
1,3270,255.6500156116116
1,3271,373.567482243227
1,3272,282.97230765251675
1,3273,319.90432173672184
1,3274,333.620916355687
1,3275,25.34591224133856
1,3276,283.66849445940795
1,3277,300.5338192987722
1,3278,310.58842489295796
1,3279,299.2932318149879
1,3280,325.83573453697136
1,3281,39.58370304932661
1,3282,251.8627088795758
1,3283,356.722724402822
1,3284,80.47588046377554
1,3285,252.79292249287488
1,3286,368.80125642731485
1,3287,364.8159068500887
1,3288,362.20963286591416
1,3289,346.17331487374065
1,3290,78.80323072820079
1,3291,320.67065656905436
1,3292,298.53252283808223
1,3293,295.7223908264933
1,3294,73.3301473961128
1,3295,255.69815077039752
1,3296,252.0760977739851
1,3297,317.2056242869594
1,3298,304.8658567264715
1,3299,40.19911989145602
1,3300,315.3514805763694
1,3301,46.96473744796988
1,3302,324.96884124125245
1,3303,329.8846649263807
1,3304,347.90558040533176
1,3305,27.447449109244495
1,3306,34.76653725778657
1,3307,296.972377236207
1,3308,41.605966860452305
1,3309,287.1926966479084
1,3310,233.0528364606867
1,3311,314.34082896419164
1,3312,172.49067278770158
1,3313,345.85152269722
1,3314,177.07053915194734
1,3315,273.6620170507624
1,3316,55.05046981030152
1,3317,144.0421868996647
1,3318,316.9544940275788
1,3319,121.57415744549286
1,3320,200.11935588374357
1,3321,266.68327998480305
1,3322,125.31180914620091
1,3323,64.4939550488402
1,3324,349.29463898374945
1,3325,336.76999198313956
1,3326,276.1266198320202
1,3327,136.47287788253038
1,3328,233.86499931118416
1,3329,117.69195675861477
1,3330,199.5733849758417
1,3331,273.5038288350383
1,3332,46.32866552084741
1,3333,301.49579821377097
1,3334,44.151720028323794
1,3335,251.34353255078966
1,3336,53.61873379904013
1,3337,100.83975608655477
1,3338,253.08883300665087
1,3339,319.24158278043694
1,3340,165.6622223578584
1,3341,303.570843881731
1,3342,232.74273250206406
1,3343,86.43940796826965
1,3344,267.2200217829717
1,3345,284.81719138816936
1,3346,86.02550846921312
1,3347,264.5104257313623
1,3348,268.53622734321675
1,3349,323.4339027059074
1,3350,252.98495607811287
1,3351,265.20118701730905
1,3352,42.20368603442521
1,3353,362.0375075130533
1,3354,53.73214785224343
1,3355,248.30559995072434
1,3356,51.382919674055024
1,3357,255.24124999124956
1,3358,202.5120694300393
1,3359,325.3909292122691
1,3360,41.95728735623892
1,3361,252.87925322142127
1,3362,586.8193473669561
1,3363,421.59630326655974
1,3364,347.85550146732237
1,3365,359.5686753391881
1,3366,51.04868995079304
1,3367,398.28883748211643
1,3368,333.11518851455054
1,3369,329.40207284251414
1,3370,276.4613146300366
1,3371,355.75532942729507
1,3372,69.29523925268184
1,3373,62.47871495448504
1,3374,452.8319885283506
1,3375,283.6926674968802
1,3376,351.06873797323624
1,3377,339.4347284484903
1,3378,304.84216922316375
1,3379,329.0723735180642
1,3380,336.2464076581498
1,3381,221.2935235470528
1,3382,333.9604037168701
1,3383,313.87939154839063
1,3384,465.72723687351277
1,3385,312.41915026051197
1,3386,270.9918416069458
1,3387,359.0107265471056
1,3388,53.523881779623764
1,3389,318.18241037344353
1,3390,324.91035001801947
1,3391,305.64521966028207
1,3392,463.37352332159855
1,3393,189.34097226120397
1,3394,234.09172029110266
1,3395,306.63790860555605
1,3396,37.01538902940259
1,3397,124.76668287752165
1,3398,313.77849006151143
1,3399,326.986505971141
1,3400,328.1289371528536
1,3401,279.61079172079167
1,3402,311.5052291552771
1,3403,306.0505324687697
1,3404,44.07024640791789
1,3405,47.21646219956197
1,3406,436.68766975719154
1,3407,168.73246033678322
1,3408,312.8280512557445
1,3409,374.2857245846719
1,3410,39.737133989369404
1,3411,327.5636054077974
1,3412,45.23812912346742
1,3413,115.44353691171918
1,3414,220.90031491304978
1,3415,273.97846446932203
1,3416,262.539813961002
1,3417,77.56773243955148
1,3418,282.132696455084
1,3419,70.04060989127622
1,3420,309.9596475616599
1,3421,313.88702593174423
1,3422,58.7726150805261
1,3423,59.98195891011032
1,3424,474.214420720538
1,3425,305.10552384001807
1,3426,61.67528785094942
1,3427,313.4633086102194
1,3428,288.2169233872219
1,3429,345.39483634962403
1,3430,53.578611339680045
1,3431,258.9463443961949
1,3432,61.073730118413835
1,3433,340.31389679567314
1,3434,138.57660812118706
1,3435,326.0622860378886
1,3436,295.2932027942738
1,3437,309.5711995519505
1,3438,288.78227825205005
1,3439,548.86404334509
1,3440,304.51753703998486
1,3441,343.87725819536945
1,3442,319.83760606100475
1,3443,544.6501558282329
1,3444,27.745234907247987
1,3445,243.96831865000746
1,3446,47.479894757262414
1,3447,328.45426714596437
1,3448,324.20089258910934
1,3449,31.180027855341677
1,3450,268.91002799754517
1,3451,47.93743524427927
1,3452,245.20770862721508
1,3453,115.48441597214526
1,3454,257.8540963614985
1,3455,47.45158042834363
1,3456,335.3171851603108
1,3457,43.18952093045782
1,3458,309.51770334524264
1,3459,40.493340645624635
1,3460,46.349887784378545
1,3461,315.5072600593379
1,3462,169.93728311155772
1,3463,309.3546167466958
1,3464,223.37470614957323
1,3465,243.9083135015639
1,3466,317.7903423909432
1,3467,380.6821208482684
1,3468,323.272408937211
1,3469,53.12310188466509
1,3470,363.9486860969421
1,3471,59.19090427731289
1,3472,58.77126920571422
1,3473,368.00585119586196
1,3474,92.65738609075157
1,3475,332.08432082404204
1,3476,308.4702892727986
1,3477,61.68114048982886
1,3478,312.6216774797333
1,3479,281.6012976656051
1,3480,58.92471562488652
1,3481,270.8275468230331
1,3482,57.52811813976541
1,3483,342.83796163605314
1,3484,328.4889794173424
1,3485,305.242562923504
1,3486,324.39395308425696
1,3487,169.78852784169555
1,3488,274.53015339133685
1,3489,295.1787187757355
1,3490,328.6992210672469
1,3491,308.8436121403026
1,3492,290.64259412755223
1,3493,196.0889787829583
1,3494,15.249740869505851
1,3495,160.29133817759322
1,3496,321.8268700894006
1,3497,306.1727426822601
1,3498,49.75534419287965
1,3499,188.15747649485184
1,3500,341.4875762554551
1,3501,27.51120196407626
1,3502,316.2303002097072
1,3503,79.10693575069305
1,3504,322.13703111601006
1,3505,266.3196086124249
1,3506,121.5293521580107
1,3507,47.533113283287264
1,3508,247.22510830446527
1,3509,49.37140912929137
1,3510,296.96015855438077
1,3511,251.87686598248075
1,3512,261.8529921562414
1,3513,304.23408908395805
1,3514,100.28302903973645
1,3515,302.7204179606774
1,3516,458.3015429265008
1,3517,339.61426293682916
1,3518,276.869892127192
1,3519,87.59782469575927
1,3520,303.47574571255814
1,3521,290.01584917771845
1,3522,325.9194478818591
1,3523,313.24358559403936
1,3524,60.4793591667495
1,3525,254.47587980748355
1,3526,254.36855167563138
1,3527,56.82200062691396
1,3528,308.0654945978738
1,3529,55.348177396921855
1,3530,56.10741796329508
1,3531,331.7750818282673
1,3532,219.33878257653947
1,3533,38.56688054806571
1,3534,40.51094017448118
1,3535,193.8079320421353
1,3536,121.5645342436713
1,3537,47.65097339469005
1,3538,245.8455818877236
1,3539,239.93864991809986
1,3540,49.133888334774795
1,3541,325.41741053616647
1,3542,17.139525882062234
1,3543,47.22864422299011
1,3544,311.35692075959446
1,3545,40.92984524660518
1,3546,299.8844095860553
1,3547,368.1412183882242
1,3548,124.49837484839493
1,3549,348.5913497331733
1,3550,45.34513982060731
1,3551,275.3275255155387
1,3552,244.145525107159
1,3553,410.7325654424948
1,3554,198.1855595486362
1,3555,285.12433206227763
1,3556,320.6406466695346
1,3557,123.84987216594804
1,3558,294.28750742112106
1,3559,44.71940491615652
1,3560,426.3953782657091
1,3561,42.46921358189677
1,3562,40.29023288802
1,3563,319.4466906185005
1,3564,330.3189020151823
1,3565,143.36575796811246
1,3566,280.45890659473525
1,3567,220.58286034423037
1,3568,380.0890837703877
1,3569,43.160742856365445
1,3570,263.2971745231229
1,3571,82.61393240844083
1,3572,325.74590013661276
1,3573,271.2802584985652
1,3574,118.94490127649416
1,3575,301.2575173267966
1,3576,293.3703047503186
1,3577,196.23606807729612
1,3578,292.72547541989627
1,3579,172.15235444759185
1,3580,521.1795141770133
1,3581,310.12674820074733
1,3582,441.06093566550965
1,3583,497.42926434629555
1,3584,297.69675275668465
1,3585,40.004191504429684
1,3586,306.22651777930423
1,3587,277.6193664892944
1,3588,291.06838989409925
1,3589,319.02461947945676
1,3590,56.08615571232656
1,3591,325.0389431877545
1,3592,305.5711525584843
1,3593,306.5480709425791
1,3594,311.75460189459056
1,3595,343.5785353380894
1,3596,175.11797880021643
1,3597,275.3387606921339
1,3598,304.6069938493528
1,3599,309.91912554034434
1,3600,302.6026457816379
1,3601,269.22442474404033
1,3602,200.51506591974947
1,3603,315.1300789231806
1,3604,49.19323494551334
1,3605,279.36159202554967
1,3606,313.72322380319275
1,3607,194.5328692226327
1,3608,294.1243128027684
1,3609,54.4998763543703
1,3610,52.97277084195672
1,3611,90.81942357113313
1,3612,110.42180879469876
1,3613,282.2314132905042
1,3614,262.51451471956466
1,3615,54.87404015473456
1,3616,279.5012068431519
1,3617,62.84892602415649
1,3618,316.91722925707427
1,3619,261.8322796652974
1,3620,233.94325443656442
1,3621,48.21285979376955
1,3622,267.1337770199684
1,3623,41.01010304313798
1,3624,292.5656377043789
1,3625,46.04952714084092
1,3626,265.49152824214735
1,3627,22.57861084074917
1,3628,284.5989505500684
1,3629,249.39958662729873
1,3630,269.4827622137103
1,3631,274.1408228958472
1,3632,75.44299208049648
1,3633,147.1971296318809
1,3634,46.061120142939295
1,3635,292.6558479286884
1,3636,349.93498425492
1,3637,36.89178064105078
1,3638,257.5965573873081
1,3639,68.40381671978969
1,3640,56.313063638967904
1,3641,141.6680979622667
1,3642,39.89680706140369
1,3643,210.2962863939435
1,3644,44.95790130155251
1,3645,283.1881073756948
1,3646,48.03966778576718
1,3647,277.6166242155158
1,3648,167.09906368033626
1,3649,293.17274431237684
1,3650,43.448280111731684
1,3651,248.73884188303984
1,3652,192.80711438671824
1,3653,269.19056146449844
1,3654,76.10833640651606
1,3655,271.64323925829035
1,3656,47.18761428438287
1,3657,76.88334769421655
1,3658,280.37081871874307
1,3659,103.44642358319457
1,3660,264.1656338115034
1,3661,118.82635667814553
1,3662,45.64180067504431
1,3663,246.36185805799676
1,3664,293.978044260911
1,3665,276.72518507994016
1,3666,354.8434035180261
1,3667,204.44804757888497
1,3668,40.662724256940166
1,3669,241.2257138286006
1,3670,281.684903962047
1,3671,344.33880163948584
1,3672,262.78795360180806
1,3673,44.16117266181319
1,3674,302.6044709687132
1,3675,27.971980880763915
1,3676,278.9129438133021
1,3677,248.51984047181543
1,3678,34.505006134097314
1,3679,331.0327838188619
1,3680,44.00721718473036
1,3681,292.18139276131274
1,3682,652.7032769250704
1,3683,357.59700893044123
1,3684,192.17477144840683
1,3685,324.05970877823233
1,3686,260.38442566819924
1,3687,224.62240373284698
1,3688,351.78144227622477
1,3689,153.21149272280348
1,3690,279.45186144506795
1,3691,60.43484329702721
1,3692,236.1642448533009
1,3693,221.72298800947704
1,3694,395.01813968582826
1,3695,311.0547799466466
1,3696,52.551478455582675
1,3697,341.2845083861325
1,3698,273.27369769170986
1,3699,69.92370014695605
1,3700,286.7822903809158
1,3701,326.78153353978485
1,3702,62.63429167403284
1,3703,254.04990601707777
1,3704,339.4297849859378
1,3705,39.266682490711986
1,3706,294.45866955504346
1,3707,346.6855250207301
1,3708,346.0689124111874
1,3709,307.2276779427997
1,3710,310.12366716717776
1,3711,58.060570394570064
1,3712,264.57178092707227
1,3713,62.15094248405612
1,3714,367.02140988748215
1,3715,278.53978510805524
1,3716,309.57936937584236
1,3717,302.2965988093513
1,3718,358.0050944319963
1,3719,36.64192340413387
1,3720,257.21853550848476
1,3721,291.0790034052072
1,3722,39.53681524299003
1,3723,300.5422672761225
1,3724,296.763160146383
1,3725,75.81003725656244
1,3726,271.13118307730855
1,3727,47.80048506158421
1,3728,260.2178048232934
1,3729,207.53157345083315
1,3730,79.35869051103197
1,3731,200.81192099554346
1,3732,40.55236606753898
1,3733,206.06217170177388
1,3734,196.56075312949972
1,3735,296.7788169889989
1,3736,46.07198130555326
1,3737,255.78437543572807
1,3738,293.55964871396066
1,3739,49.120455770102346
1,3740,250.07487903168908
1,3741,332.7089340117129
1,3742,43.77560548107408
1,3743,283.87918683839894
1,3744,266.1833894810575
1,3745,356.1124445803638
1,3746,50.46750923221353
1,3747,197.55431042152873
1,3748,265.39085337327754
1,3749,212.80212386420965
1,3750,103.55143894149028
1,3751,187.84352303348697
1,3752,301.2343978530788
1,3753,310.9639115927614
1,3754,49.94558200970789
1,3755,295.6268783306905
1,3756,76.60478266986149
1,3757,122.67698413572342
1,3758,328.72220404373934
1,3759,40.14027807274167
1,3760,309.3308179689716
1,3761,46.016260541547695
1,3762,126.65503038604734
1,3763,123.69314048153697
1,3764,313.22629604281656
1,3765,44.97123540829961
1,3766,137.04843836386164
1,3767,293.3451443763507
1,3768,339.15876221095806
1,3769,298.9643152117281
1,3770,282.06130719378507
1,3771,199.4664458249844
1,3772,319.23026066208854
1,3773,270.5792998216058
1,3774,330.5953182470487
1,3775,312.83826897656115
1,3776,318.6944019453489
1,3777,364.4232083191194
1,3778,405.42875209709234
1,3779,65.4586655990929
1,3780,309.16942481785327
1,3781,66.06589749091748
1,3782,373.8797324530848
1,3783,62.7408644274327
1,3784,322.5209296049719
1,3785,188.99865990327015
1,3786,365.43017115841633
1,3787,51.311546455409946
1,3788,207.07944414617162
1,3789,338.6948453419753
1,3790,192.54666045013084
1,3791,327.8758805576347
1,3792,316.80614920831846
1,3793,322.9534119716799
1,3794,27.02025259983597
1,3795,282.0451335444882
1,3796,304.93478667438274
1,3797,337.4673313054891
1,3798,44.167479383773255
1,3799,274.86432531634995
1,3800,272.6059795103387
1,3801,209.29093829666442
1,3802,39.80012345491146
1,3803,298.06217923394036
1,3804,300.7615186877029
1,3805,278.91448492083964
1,3806,58.920069497252584
1,3807,386.0398541902276
1,3808,44.4886304725757
1,3809,188.96375172179245
1,3810,318.1078710068481
1,3811,240.74446614902968
1,3812,306.4933928032194
1,3813,50.11198304710835
1,3814,331.63930040754013
1,3815,321.8480042262973
1,3816,30.695573695183814
1,3817,252.9983774605277
1,3818,314.42834079092125
1,3819,264.7903034691967
1,3820,317.430211279657
1,3821,280.163615551494
1,3822,43.60022560727946
1,3823,269.35154927982
1,3824,183.9942269014074
1,3825,206.65238987429552
1,3826,217.48405922545356
1,3827,299.74029169370453
1,3828,46.6246728961171
1,3829,284.521730544853
1,3830,351.3747325594474
1,3831,50.44496409971348
1,3832,267.2164021142877
1,3833,268.3368872389435
1,3834,84.74233595970883
1,3835,341.2704870426579
1,3836,360.0260743664604
1,3837,342.900382141408
1,3838,72.40593313346453
1,3839,271.58850146676724
1,3840,137.7972251402925
1,3841,305.42773319022945
1,3842,64.31431577276484
1,3843,354.52090631268203
1,3844,133.78342365848226
1,3845,66.44137815060583
1,3846,114.82209692474916
1,3847,334.27733374184476
1,3848,61.54378419037714
1,3849,38.882736558006584
1,3850,174.3981050836848
1,3851,304.61055983702096
1,3852,554.2035398786157
1,3853,329.56001964634106
1,3854,60.29658956552221
1,3855,350.8106236783236
1,3856,60.65936975437437
1,3857,219.40060283941574
1,3858,123.50354440331444
1,3859,342.792817879468
1,3860,44.82000484114522
1,3861,332.3995236671289
1,3862,45.991934336407994
1,3863,282.15688755873106
1,3864,163.59186707187513
1,3865,295.0744446416224
1,3866,49.857534033485464
1,3867,250.11049902776267
1,3868,75.99185212547167
1,3869,315.7802617867461
1,3870,45.414151899074625
1,3871,313.38257723674576
1,3872,146.72689800390867
1,3873,281.1161393721746
1,3874,323.308877966439
1,3875,343.41408727901285
1,3876,43.886676305582455
1,3877,197.25415946016028
1,3878,319.03479909426943
1,3879,28.17296296543213
1,3880,316.1462532033799
1,3881,300.0753397328722
1,3882,277.8882323412664
1,3883,316.3749616116827
1,3884,49.11583572079351
1,3885,307.0178152338319
1,3886,314.47161248719203
1,3887,172.4252255885022
1,3888,309.0303673143355
1,3889,44.366173925961505
1,3890,187.4260940756638
1,3891,335.02468010278767
1,3892,43.78109033068414
1,3893,131.21022828709314
1,3894,316.8386128888915
1,3895,315.5992249023011
1,3896,318.6001648175507
1,3897,320.77291130148916
1,3898,376.9026857968223
1,3899,85.96987194622429
1,3900,268.99090538249703
1,3901,325.1265802181344
1,3902,98.35800023155471
1,3903,330.2718787509096
1,3904,65.4642911682119
1,3905,321.38481781605276
1,3906,188.40351017013336
1,3907,355.4605872948145
1,3908,62.081095474784576
1,3909,208.78935168612992
1,3910,350.01878544648685
1,3911,593.9962450881743
1,3912,309.6673763109079
1,3913,295.4470001234697
1,3914,67.46512151889358
1,3915,310.90003164986564
1,3916,88.3796277503609
1,3917,258.6449883276321
1,3918,327.57973639194006
1,3919,138.4841256790072
1,3920,53.83004944975719
1,3921,275.861482425193
1,3922,248.1080409677877
1,3923,260.57059083386326
1,3924,44.96107634410415
1,3925,276.36864743037233
1,3926,440.90520992004775
1,3927,29.775964364387523
1,3928,119.26020994793868
1,3929,210.50388343745692
1,3930,42.350293827497296
1,3931,366.67345090128254
1,3932,423.3400972260348
1,3933,49.30569837822252
1,3934,304.7455511746221
1,3935,292.67098959264894
1,3936,338.8062327289865
1,3937,39.30028177867013
1,3938,189.6753040619002
1,3939,342.3017984693679
1,3940,348.57236974280056
1,3941,330.74939480192364
1,3942,82.88128088067549
1,3943,305.7980357707599
1,3944,294.50515227031644
1,3945,31.98741514396762
1,3946,341.723041356428
1,3947,195.64616365664443
1,3948,57.724327907962355
1,3949,336.115880025922
1,3950,223.21747498194284
1,3951,267.32329055325
1,3952,106.45267492233647
1,3953,177.67984120448665
1,3954,184.11763969283885
1,3955,46.11826033725849
1,3956,432.0242261564908
1,3957,295.4530210142447
1,3958,344.5810037981029
1,3959,324.0070845390731
1,3960,39.958464437105825
1,3961,314.77666814032057
1,3962,47.24808818610565
1,3963,22.260303665701585
1,3964,355.05163121859334
1,3965,262.3540610750266
1,3966,78.42080998016908
1,3967,211.09633640182935
1,3968,241.26602319784513
1,3969,343.4728832166488
1,3970,39.41165710558831
1,3971,42.31562360631756
1,3972,379.3183711112318
1,3973,327.1496935611809
1,3974,318.66097668784124
1,3975,32.15421585318856
1,3976,291.2639192943089
1,3977,55.30098999368468
1,3978,354.08274623781904
1,3979,322.7275676006361
1,3980,264.46567199178827
1,3981,130.7040575609422
1,3982,311.02793342804114
1,3983,107.68285258640434
1,3984,50.13278955643223
1,3985,293.5641570266538
1,3986,36.18697880588059
1,3987,302.5769437663524
1,3988,310.5379162908268
1,3989,325.703820440306
1,3990,62.876793760368145
1,3991,278.66818139574684
1,3992,267.0761859346386
1,3993,473.86450731132834
1,3994,373.30085227205007
1,3995,99.5984318539699
1,3996,267.32468208017235
1,3997,141.4442270461564
1,3998,353.6050886050467
1,3999,52.80297709293875
1,4000,305.59281885242365
1,4001,318.3546973516336
1,4002,191.29138436321688
1,4003,340.2541638105936
1,4004,372.28434927491
1,4005,59.794360305679355
1,4006,343.9538532491372
1,4007,329.1776260863046
1,4008,67.33299275111487
1,4009,329.5382700965504
1,4010,331.1559214815
1,4011,236.7288166831674
1,4012,281.77927467228903
1,4013,134.33379535437322
1,4014,117.21315528258214
1,4015,270.4859457671114
1,4016,117.95706712751002
1,4017,307.40309787120117
1,4018,55.576958718449035
1,4019,295.1157303407037
1,4020,53.40651829864575
1,4021,303.8378216920995
1,4022,285.3906425649307
1,4023,68.55496841851613
1,4024,317.2512719455099
1,4025,44.05960641036761
1,4026,295.9284893583937
1,4027,47.58787977414552
1,4028,201.01062448966582
1,4029,271.50794504346237
1,4030,142.56332722059028
1,4031,54.97324952934292
1,4032,301.5556299837882
1,4033,252.7571345061557
1,4034,236.24137574857988
1,4035,335.16202161352163
1,4036,270.63179357198896
1,4037,49.52203349539583
1,4038,347.46962984982815
1,4039,249.80914488263457
1,4040,178.12565870343758
1,4041,217.75454569342588
1,4042,43.401163066660004
1,4043,330.17104603304904
1,4044,310.6979186605262
1,4045,342.30587740729777
1,4046,26.56749219527792
1,4047,353.38279367583004
1,4048,320.3289834243086
1,4049,56.25450854669849
1,4050,138.84733759554308
1,4051,348.3789026921622
1,4052,47.416858211301644
1,4053,303.7774842396235
1,4054,45.46285364755863
1,4055,175.81246547875278
1,4056,64.45341041114845
1,4057,328.63378703050165
1,4058,301.3200763521708
1,4059,77.09103714457567
1,4060,193.5424560890635
1,4061,112.00196671606666
1,4062,245.02117310622015
1,4063,300.41939807070094
1,4064,304.73961164258367
1,4065,142.2782450867201
1,4066,308.14318956475336
1,4067,44.98177958256326
1,4068,295.6165846184366
1,4069,314.9101178347098
1,4070,43.79265548036458
1,4071,309.14903512914594
1,4072,172.96664791302612
1,4073,310.8074216372404
1,4074,48.632627058414954
1,4075,341.2016413272426
1,4076,324.78626398681286
1,4077,48.31917149985473
1,4078,42.157230201261136
1,4079,357.797444621914
1,4080,43.59482415888198
1,4081,189.0104738368732
1,4082,325.7629756268203
1,4083,258.9851823690867
1,4084,544.1604245575979
1,4085,264.2198471661136
1,4086,292.5741720308772
1,4087,332.21822296834944
1,4088,379.7958331971861
1,4089,61.69591254162101
1,4090,54.18965026107756
1,4091,329.4837681820276
1,4092,343.20482915635716
1,4093,66.01493772048342
1,4094,297.69038255848415
1,4095,57.03154215364454
1,4096,357.8268123567681
1,4097,330.52422734987397
1,4098,59.7717210924978
1,4099,199.25709722932294
1,4100,62.394096166825925
1,4101,301.6650121524982
1,4102,344.1696024589494
1,4103,61.45269432674182
1,4104,321.85619768785546
1,4105,188.9777232525697
1,4106,333.284867969502
1,4107,36.00717773491034
1,4108,264.032008912297
1,4109,348.65371491241217
1,4110,320.16321691030305
1,4111,138.6420813096741
1,4112,46.404852248703236
1,4113,242.8690271575357
1,4114,291.8679606166631
1,4115,88.6064321926445
1,4116,340.75445111921596
1,4117,332.0544028545361
1,4118,339.5589740102188
1,4119,48.841727047585124
1,4120,233.79937873572538
1,4121,345.79224851007615
1,4122,313.24701629478295
1,4123,200.81466438526613
1,4124,346.9218566110419
1,4125,61.29099373533265
1,4126,132.92794008562402
1,4127,312.91880674892116
1,4128,60.161634312458105
1,4129,302.1343572525381
1,4130,74.6696490319903
1,4131,362.81551847378614
1,4132,91.86515911056871
1,4133,262.56583774487075
1,4134,140.0661318845577
1,4135,114.4838706351603
1,4136,286.07882013651147
1,4137,25.40320212473842
1,4138,113.75331338161328
1,4139,46.155276884515004
1,4140,242.3956969810642
1,4141,52.38366483646278
1,4142,213.18742649721764
1,4143,50.345210315496786
1,4144,289.81344077905806
1,4145,198.12143081668376
1,4146,50.392050138252245
1,4147,122.59755236360846
1,4148,256.1808356243475
1,4149,216.20131799234895
1,4150,86.74150036632697
1,4151,353.9485890019939
1,4152,39.159564780829854
1,4153,323.25266282276493
1,4154,303.4939056226207
1,4155,52.328388632922355
1,4156,246.93535432736843
1,4157,53.41827915822146
1,4158,94.61531299254139
1,4159,308.4796925400119
1,4160,49.780564143218676
1,4161,50.47293391229135
1,4162,303.62493438379033
1,4163,46.69869772095884
1,4164,268.0478963713315
1,4165,101.6186699592503
1,4166,47.6220002453711
1,4167,313.9243237772221
1,4168,305.0268505972273
1,4169,310.72868249633837
1,4170,240.8732862066467
1,4171,237.4833256144707
1,4172,324.0985750647561
1,4173,45.41871555427825
1,4174,325.22067501343446
1,4175,314.0264378605553
1,4176,42.183809002044555
1,4177,334.4706101203618
1,4178,284.49918121666246
1,4179,334.03658415593463
1,4180,131.6804131328923
1,4181,255.46545164421607
1,4182,188.60792468742557
1,4183,305.7937825876003
1,4184,306.2718208441492
1,4185,104.59320226486147
1,4186,223.84544341079823
1,4187,31.145957384644618
1,4188,258.6714033623147
1,4189,40.34696094290593
1,4190,130.38119882274634
1,4191,269.42870442507285
1,4192,133.77975196882164
1,4193,266.7823127810915
1,4194,68.16668217568304
1,4195,145.36744782184968
1,4196,75.5013726949094
1,4197,274.0603062905619
1,4198,65.24713952959209
1,4199,239.19937221681423
1,4200,75.82064910413601
1,4201,289.243295154737
1,4202,223.13810758851014
1,4203,53.334943118151415
1,4204,147.98855546929195
1,4205,264.29043609607425
1,4206,207.2238557308869
1,4207,96.15968745740804
1,4208,277.0550804016446
1,4209,61.442345485192426
1,4210,272.95435044126145
1,4211,283.1239254192828
1,4212,64.37422768103613
1,4213,126.31731231841084
1,4214,233.39807694589717
1,4215,50.642191455707206
1,4216,319.3286448236057
1,4217,48.49117034537322
1,4218,304.98929128047473
1,4219,307.98402009639176
1,4220,45.47867215770212
1,4221,273.3524443972075
1,4222,274.86295628136213
1,4223,50.80187629616512
1,4224,246.7729570113184
1,4225,52.11694809683674
1,4226,87.02488355984337
1,4227,332.24499759246925
1,4228,48.681416725623926
1,4229,50.736218769585804
1,4230,297.2849323185402
1,4231,49.45346511358729
1,4232,261.4234558113818
1,4233,100.52103111382806
1,4234,45.68525930897208
1,4235,296.56016713989226
1,4236,315.14343817585325
1,4237,39.15920525120229
1,4238,334.54724113668163
1,4239,316.9999221213044
1,4240,29.99313126528703
1,4241,251.49240927570946
1,4242,273.2158306164981
1,4243,302.6787562289478
1,4244,292.9595197748302
1,4245,238.4197112732031
1,4246,208.38532505363327
1,4247,341.4973827238774
1,4248,42.51889531548264
1,4249,321.6905358511698
1,4250,49.18427795414489
1,4251,48.91771322813061
1,4252,259.2292744900049
1,4253,39.56207730189371
1,4254,135.3158241566889
1,4255,253.6940096778421
1,4256,200.32469464331578
1,4257,210.42287666267345
1,4258,105.18310418347055
1,4259,108.12771831869628
1,4260,266.4621985483784
1,4261,129.33840273364186
1,4262,128.71431404203275
1,4263,337.8914517166352
1,4264,45.33379526076887
1,4265,76.516938973735
1,4266,282.0154170342604
1,4267,390.71283196389487
1,4268,291.56094941251854
1,4269,63.916492447894996
1,4270,347.55343076704617
1,4271,112.61738405123518
1,4272,380.63187252078257
1,4273,277.4686479424505
1,4274,379.85381646133885
1,4275,152.5395400939662
1,4276,307.9106565436009
1,4277,45.69153401767417
1,4278,238.19286368586177
1,4279,284.51962892250754
1,4280,55.564358811052706
1,4281,305.2923405554001
1,4282,60.25255265090274
1,4283,124.77901888987506
1,4284,439.5570270646478
1,4285,327.2952275347203
1,4286,257.238424161078
1,4287,61.250971907239006
1,4288,339.4040119302182
1,4289,170.28600797030725
1,4290,39.913343089521724
1,4291,291.51237795215127
1,4292,335.71760986446077
1,4293,48.52767568372438
1,4294,424.98062978401765
1,4295,45.46231600346287
1,4296,322.83997778599763
1,4297,30.516048925236724
1,4298,318.12332095970896
1,4299,203.3296423627168
1,4300,212.86746731730472
1,4301,307.92786662450226
1,4302,124.61181450710131
1,4303,184.83214675757353
1,4304,43.64042103795071
1,4305,311.46992206638737
1,4306,47.057557088619305
1,4307,192.5058145062103
1,4308,46.1552524872515
1,4309,205.49178451785752
1,4310,339.50061804369943
1,4311,44.62984929535171
1,4312,291.64175971904797
1,4313,317.058613085448
1,4314,25.071013590253663
1,4315,313.27621963775465
1,4316,44.84961377472537
1,4317,35.94768605292231
1,4318,419.5062093977394
1,4319,45.063952852603386
1,4320,40.4913715656187
1,4321,279.7396503315638
1,4322,277.406479798329
1,4323,44.106188454193784
1,4324,250.81225688383276
1,4325,281.25536764644175
1,4326,285.4484404848756
1,4327,297.87987881123195
1,4328,65.15731642773895
1,4329,350.4504481136999
1,4330,79.12883314770255
1,4331,227.26612018119417
1,4332,394.6451871714601
1,4333,293.7055326343799
1,4334,62.62011243181546
1,4335,336.0069869893912
1,4336,132.63214346809568
1,4337,66.51414965121461
1,4338,190.08912892672782
1,4339,375.311850608853
1,4340,65.87715050511564
1,4341,285.04875981622877
1,4342,336.81362966656206
1,4343,63.498459022563864
1,4344,131.79377317916172
1,4345,203.73876945425906
1,4346,300.4734759953848
1,4347,65.12187965844475
1,4348,210.65379235074602
1,4349,297.183540724031
1,4350,45.718084007455545
1,4351,54.51486590071803
1,4352,315.8996258157948
1,4353,336.8501249165238
1,4354,40.949971463176624
1,4355,74.01138642119795
1,4356,112.01680613411202
1,4357,191.7588936931881
1,4358,48.422453852322036
1,4359,132.89835920830464
1,4360,238.48486462763384
1,4361,44.12412352491988
1,4362,53.157543946440875
1,4363,249.94212667571804
1,4364,329.2271640555572
1,4365,204.87627423068795
1,4366,344.5052983073213
1,4367,85.75271387651308
1,4368,244.0573243572833
1,4369,330.38512145799166
1,4370,54.02333865474286
1,4371,336.459462738806
1,4372,43.915288361349056
1,4373,190.13117944186837
1,4374,332.62283675326006
1,4375,116.73621197430765
1,4376,312.5590685617853
1,4377,83.60947536859379
1,4378,332.97632155745754
1,4379,268.95952183859595
1,4380,46.619793278585576
1,4381,157.79437942176503
1,4382,232.73014883248555
1,4383,45.885220260199205
1,4384,358.47396137488226
1,4385,45.73379410409443
1,4386,271.3653132346641
1,4387,245.1997839965906
1,4388,332.0808659084499
1,4389,508.6746959267797
1,4390,50.29798478254895
1,4391,306.02528361162206
1,4392,175.48734223288673
1,4393,334.69339386806547
1,4394,283.2084159268261
1,4395,116.2417429926117
1,4396,311.45325535189613
1,4397,50.09837223839283
1,4398,284.9787571862714
1,4399,46.06899189568533
1,4400,358.7333585399771
1,4401,297.2290819667477
1,4402,50.2117914982952
1,4403,336.96752144553625
1,4404,53.200448944847764
1,4405,304.2773145884096
1,4406,43.87912641525759
1,4407,343.47167572551274
1,4408,310.93577727417113
1,4409,33.54797044295663
1,4410,273.5914944265561
1,4411,281.42639035743014
1,4412,307.44423397604567
1,4413,41.99472795133225
1,4414,249.934274461223
1,4415,40.60883582667826
1,4416,256.05073359640903
1,4417,53.60378512019855
1,4418,264.28466451022666
1,4419,477.89639199051874
1,4420,45.34766999916411
1,4421,296.3996159673364
1,4422,302.2603241171039
1,4423,351.61042735854915
1,4424,47.203875356775384
1,4425,332.8741577704628
1,4426,279.320312003057
1,4427,81.29949037306997
1,4428,130.34476928198904
1,4429,385.78235299946675
1,4430,281.85137246165357
1,4431,67.97867282325149
1,4432,296.03718734786014
1,4433,45.54741561435177
1,4434,409.08105537265214
1,4435,37.66712977659295
1,4436,368.49158924138294
1,4437,258.95098735501426
1,4438,246.45948726231148
1,4439,300.168585546905
1,4440,212.65367565219645
1,4441,47.33654588037602
1,4442,255.99809116994362
1,4443,264.9888507750818
1,4444,55.43753216822513
1,4445,282.0356698505864
1,4446,121.41141932942344
1,4447,143.18054061371254
1,4448,308.2042807186188
1,4449,415.1048783859713
1,4450,58.91708263928179
1,4451,141.29499081566462
1,4452,283.39176003829596
1,4453,195.03943116317043
1,4454,265.8960266202205
1,4455,27.03562375309556
1,4456,233.52245957981373
1,4457,117.66851894451719
1,4458,47.7825311277017
1,4459,47.050871499537394
1,4460,284.4481138502256
1,4461,38.385174920186806
1,4462,211.23968425757505
1,4463,330.90811675173654
1,4464,22.417571798655636
1,4465,268.6497385443306
1,4466,43.01075321173035
1,4467,321.5142387659858
1,4468,72.2617770345924
1,4469,243.51038724747804
1,4470,44.547140240732176
1,4471,304.80920400165274
1,4472,108.74015113417522
1,4473,224.52982200588625
1,4474,291.87593700819536
1,4475,28.892926149116033
1,4476,198.68460236453112
1,4477,282.5764452349957
1,4478,77.76499437760677
1,4479,214.40931723562815
1,4480,97.65238399398469
1,4481,260.4624605640372
1,4482,250.22995750319046
1,4483,42.39306937271071
1,4484,250.86650816842402
1,4485,185.2836442453027
1,4486,190.3785910094606
1,4487,252.2429099212756
1,4488,69.97821399616667
1,4489,331.0892798782008
1,4490,44.82896854077884
1,4491,197.16526573029532
1,4492,38.23576294392213
1,4493,326.8835856472336
1,4494,209.84812873146922
1,4495,274.37615351095667
1,4496,38.796395099526634
1,4497,235.64769153707732
1,4498,128.71471952601493
1,4499,328.54201765783824
1,4500,38.8313965263365
1,4501,398.93832397067797
1,4502,46.455266764626955
1,4503,294.1892732077027
1,4504,277.134262215001
1,4505,309.3324107763454
1,4506,202.69760885943518
1,4507,88.80945300000428
1,4508,46.73747375309613
1,4509,275.68499096264134
1,4510,46.21595108760915
1,4511,356.53517731013187
1,4512,163.14961005591556
1,4513,241.72730500190556
1,4514,44.566023839966746
1,4515,272.41256959162905
1,4516,111.69661324362005
1,4517,145.76003452460657
1,4518,256.4067388036263
1,4519,247.7973249438222
1,4520,448.9173362035671
1,4521,28.712190256127663
1,4522,117.20912722589765
1,4523,281.8246012597647
1,4524,287.4744513257098
1,4525,384.486212920236
1,4526,331.26305315528253
1,4527,338.0314920809666
1,4528,328.4615496830057
1,4529,42.21820696223193
1,4530,324.4072469406591
1,4531,48.968216334109144
1,4532,318.666207394341
1,4533,178.17884198027178
1,4534,317.81584807554725
1,4535,93.46445240977756
1,4536,232.79945101876615
1,4537,256.65960938223304
1,4538,42.682917884682055
1,4539,241.33010545137455
1,4540,338.68911268917526
1,4541,72.06045268194387
1,4542,323.5071704648535
1,4543,53.32523648566436
1,4544,145.5811328126731
1,4545,292.01441259982766
1,4546,353.19842710363434
1,4547,333.7282123466937
1,4548,145.23284838965742
1,4549,38.0868998935771
1,4550,102.6578340995499
1,4551,38.247635240833134
1,4552,213.56941691405143
1,4553,271.8303101020209
1,4554,303.51996493312544
1,4555,124.89918592423734
1,4556,340.1431458120835
1,4557,50.90852639607127
1,4558,233.83437296046242
1,4559,150.28951503784953
1,4560,286.2709687061397
1,4561,44.83337908474183
1,4562,244.70996740400597
1,4563,48.00741419626766
1,4564,214.42970180216065
1,4565,38.04639947248971
1,4566,266.13921628598405
1,4567,289.3905640618935
1,4568,305.4324993035772
1,4569,321.7915475517243
1,4570,282.0594327376572
1,4571,232.7894891803148
1,4572,104.92787544988252
1,4573,275.5241582948812
1,4574,339.6184148233039
1,4575,340.4604127196573
1,4576,44.36183741179174
1,4577,310.6352776057933
1,4578,36.331583215930976
1,4579,308.55417986202883
1,4580,243.90601729247135
1,4581,38.59458810608916
1,4582,234.41121321494745
1,4583,330.0582453219887
1,4584,169.66588047423355
1,4585,306.3808832661011
1,4586,320.5902952046044
1,4587,329.97296845423375
1,4588,322.0600086810832
1,4589,138.02257179794884
1,4590,139.67185355408657
1,4591,312.26494478639245
1,4592,207.0498347442736
1,4593,246.40270544043477
1,4594,209.3712489976728
1,4595,129.39966622923762
1,4596,307.7056089737525
1,4597,43.89208165922449
1,4598,311.50901058351735
1,4599,266.50988048900535
1,4600,273.506986451886
1,4601,338.51825159410095
1,4602,336.8128288709271
1,4603,51.76065182640352
1,4604,274.11322749377285
1,4605,100.71102948869544
1,4606,303.419369549203
1,4607,51.117120617491416
1,4608,294.693016158541
1,4609,80.14578095669171
1,4610,321.37721064582115
1,4611,296.8902963833376
1,4612,66.62141645356158
1,4613,340.7426816067873
1,4614,278.2951426822429
1,4615,307.137411813199
1,4616,322.4052232340579
1,4617,324.70585658899506
1,4618,49.705453041526994
1,4619,272.3788745923552
1,4620,46.52365896779839
1,4621,287.6854836441822
1,4622,318.57746745140366
1,4623,39.181724508450024
1,4624,148.26713734298283
1,4625,268.51927918021283
1,4626,54.888976561670574
1,4627,206.54124225699837
1,4628,44.17420532036912
1,4629,460.33426423757606
1,4630,46.20628967264431
1,4631,296.09677604027945
1,4632,78.9456595710433
1,4633,370.6663600910799
1,4634,48.67220662916857
1,4635,155.8666761264817
1,4636,321.944207221739
1,4637,321.56901720241194
1,4638,45.14601362044699
1,4639,44.80531218027615
1,4640,304.0698183551119
1,4641,45.69647279175526
1,4642,285.13814355949836
1,4643,42.51202268719161
1,4644,98.06766475469595
1,4645,394.7291174406712
1,4646,55.9981863414608
1,4647,395.5002148568674
1,4648,46.71918007489434
1,4649,276.2605842933159
1,4650,114.58542834139661
1,4651,284.9490364612959
1,4652,245.0368664815661
1,4653,278.9997241855029
1,4654,107.50570400259186
1,4655,196.1143617719062
1,4656,333.7045354850628
1,4657,43.49224550734256
1,4658,261.9598452587649
1,4659,253.71314491566443
1,4660,281.7689712752716
1,4661,121.20235162772448
1,4662,76.39371169986792
1,4663,294.5589873924989
1,4664,248.61619849109573
1,4665,26.266818886739628
1,4666,197.2602003824935
1,4667,218.5296144319148
1,4668,280.8022697854857
1,4669,137.2987298782605
1,4670,26.95625518958512
1,4671,302.7473382998376
1,4672,119.89840531179581
1,4673,295.7793679951335
1,4674,254.52287298769994
1,4675,281.0719273845684
1,4676,199.2558712430697
1,4677,324.9071649929051
1,4678,122.98687924973376
1,4679,140.5176085692494
1,4680,44.8321926259907
1,4681,234.9929079268574
1,4682,42.949740207061
1,4683,241.59737754228524
1,4684,40.23113011563669
1,4685,46.482577509552584
1,4686,265.5786454978251
1,4687,255.53412922983875
1,4688,234.45391976510476
1,4689,369.42842411644676
1,4690,132.9831992561384
1,4691,298.1772921769434
1,4692,50.85116326389395
1,4693,281.5576423420781
1,4694,80.66795960309484
1,4695,236.11169906385982
1,4696,256.8589253567418
1,4697,257.93600800819877
1,4698,190.27662249336862
1,4699,335.80385906391086
1,4700,357.6399285654189
1,4701,363.0427169652552
1,4702,345.0060200109426
1,4703,440.435824750188
1,4704,320.5678978167065
1,4705,248.13936457603003
1,4706,55.615351277223795
1,4707,311.30407397793414
1,4708,53.80315284201134
1,4709,264.34467695722753
1,4710,299.09707430736944
1,4711,312.30705002285004
1,4712,50.27429698306423
1,4713,332.7470148034724
1,4714,319.89816852451145
1,4715,269.28796996215
1,4716,326.2281463477864
1,4717,338.63245585021116
1,4718,95.2618660499455
1,4719,76.18039660533476
1,4720,48.22544725773085
1,4721,253.8048709432406
1,4722,257.03350062205186
1,4723,296.4972407105639
1,4724,255.6500156116116
1,4725,373.567482243227
1,4726,282.97230765251675
1,4727,319.90432173672184
1,4728,333.620916355687
1,4729,25.34591224133856
1,4730,283.66849445940795
1,4731,300.5338192987722
1,4732,310.58842489295796
1,4733,299.2932318149879
1,4734,325.83573453697136
1,4735,39.58370304932661
1,4736,251.8627088795758
1,4737,356.722724402822
1,4738,80.47588046377554
1,4739,252.79292249287488
1,4740,368.80125642731485
1,4741,364.8159068500887
1,4742,362.20963286591416
1,4743,346.17331487374065
1,4744,78.80323072820079
1,4745,320.67065656905436
1,4746,298.53252283808223
1,4747,295.7223908264933
1,4748,73.3301473961128
1,4749,255.69815077039752
1,4750,252.0760977739851
1,4751,317.2056242869594
1,4752,304.8658567264715
1,4753,40.19911989145602
1,4754,315.3514805763694
1,4755,46.96473744796988
1,4756,324.96884124125245
1,4757,329.8846649263807
1,4758,347.90558040533176
1,4759,27.447449109244495
1,4760,34.76653725778657
1,4761,296.972377236207
1,4762,41.605966860452305
1,4763,287.1926966479084
1,4764,233.0528364606867
1,4765,314.34082896419164
1,4766,172.49067278770158
1,4767,345.85152269722
1,4768,177.07053915194734
1,4769,273.6620170507624
1,4770,55.05046981030152
1,4771,144.0421868996647
1,4772,316.9544940275788
1,4773,121.57415744549286
1,4774,200.11935588374357
1,4775,266.68327998480305
1,4776,125.31180914620091
1,4777,64.4939550488402
1,4778,349.29463898374945
1,4779,336.76999198313956
1,4780,276.1266198320202
1,4781,136.47287788253038
1,4782,233.86499931118416
1,4783,117.69195675861477
1,4784,199.5733849758417
1,4785,273.5038288350383
1,4786,46.32866552084741
1,4787,301.49579821377097
1,4788,44.151720028323794
1,4789,251.34353255078966
1,4790,53.61873379904013
1,4791,100.83975608655477
1,4792,253.08883300665087
1,4793,319.24158278043694
1,4794,165.6622223578584
1,4795,303.570843881731
1,4796,232.74273250206406
1,4797,86.43940796826965
1,4798,267.2200217829717
1,4799,284.81719138816936
1,4800,86.02550846921312
1,4801,264.5104257313623
1,4802,268.53622734321675
1,4803,323.4339027059074
1,4804,252.98495607811287
1,4805,265.20118701730905
1,4806,42.20368603442521
1,4807,362.0375075130533
1,4808,53.73214785224343
1,4809,248.30559995072434
1,4810,51.382919674055024
1,4811,255.24124999124956
1,4812,202.5120694300393
1,4813,325.3909292122691
1,4814,41.95728735623892
1,4815,252.87925322142127
1,4816,586.8193473669561
1,4817,421.59630326655974
1,4818,347.85550146732237
1,4819,359.5686753391881
1,4820,51.04868995079304
1,4821,398.28883748211643
1,4822,333.11518851455054
1,4823,329.40207284251414
1,4824,276.4613146300366
1,4825,355.75532942729507
1,4826,69.29523925268184
1,4827,62.47871495448504
1,4828,452.8319885283506
1,4829,283.6926674968802
1,4830,351.06873797323624
1,4831,339.4347284484903
1,4832,304.84216922316375
1,4833,329.0723735180642
1,4834,336.2464076581498
1,4835,221.2935235470528
1,4836,333.9604037168701
1,4837,313.87939154839063
1,4838,465.72723687351277
1,4839,312.41915026051197
1,4840,270.9918416069458
1,4841,359.0107265471056
1,4842,53.523881779623764
1,4843,318.18241037344353
1,4844,324.91035001801947
1,4845,305.64521966028207
1,4846,463.37352332159855
1,4847,189.34097226120397
1,4848,234.09172029110266
1,4849,306.63790860555605
1,4850,37.01538902940259
1,4851,124.76668287752165
1,4852,313.77849006151143
1,4853,326.986505971141
1,4854,328.1289371528536
1,4855,279.61079172079167
1,4856,311.5052291552771
1,4857,306.0505324687697
1,4858,44.07024640791789
1,4859,47.21646219956197
1,4860,436.68766975719154
1,4861,168.73246033678322
1,4862,312.8280512557445
1,4863,374.2857245846719
1,4864,39.737133989369404
1,4865,327.5636054077974
1,4866,45.23812912346742
1,4867,115.44353691171918
1,4868,220.90031491304978
1,4869,273.97846446932203
1,4870,262.539813961002
1,4871,77.56773243955148
1,4872,282.132696455084
1,4873,70.04060989127622
1,4874,309.9596475616599
1,4875,313.88702593174423
1,4876,58.7726150805261
1,4877,59.98195891011032
1,4878,474.214420720538
1,4879,305.10552384001807
1,4880,61.67528785094942
1,4881,313.4633086102194
1,4882,288.2169233872219
1,4883,345.39483634962403
1,4884,53.578611339680045
1,4885,258.9463443961949
1,4886,61.073730118413835
1,4887,340.31389679567314
1,4888,138.57660812118706
1,4889,326.0622860378886
1,4890,295.2932027942738
1,4891,309.5711995519505
1,4892,288.78227825205005
1,4893,548.86404334509
1,4894,304.51753703998486
1,4895,343.87725819536945
1,4896,319.83760606100475
1,4897,544.6501558282329
1,4898,27.745234907247987
1,4899,243.96831865000746
1,4900,47.479894757262414
1,4901,328.45426714596437
1,4902,324.20089258910934
1,4903,31.180027855341677
1,4904,268.91002799754517
1,4905,47.93743524427927
1,4906,245.20770862721508
1,4907,115.48441597214526
1,4908,257.8540963614985
1,4909,47.45158042834363
1,4910,335.3171851603108
1,4911,43.18952093045782
1,4912,309.51770334524264
1,4913,40.493340645624635
1,4914,46.349887784378545
1,4915,315.5072600593379
1,4916,169.93728311155772
1,4917,309.3546167466958
1,4918,223.37470614957323
1,4919,243.9083135015639
1,4920,317.7903423909432
1,4921,380.6821208482684
1,4922,323.272408937211
1,4923,53.12310188466509
1,4924,363.9486860969421
1,4925,59.19090427731289
1,4926,58.77126920571422
1,4927,368.00585119586196
1,4928,92.65738609075157
1,4929,332.08432082404204
1,4930,308.4702892727986
1,4931,61.68114048982886
1,4932,312.6216774797333
1,4933,281.6012976656051
1,4934,58.92471562488652
1,4935,270.8275468230331
1,4936,57.52811813976541
1,4937,342.83796163605314
1,4938,328.4889794173424
1,4939,305.242562923504
1,4940,324.39395308425696
1,4941,169.78852784169555
1,4942,274.53015339133685
1,4943,295.1787187757355
1,4944,328.6992210672469
1,4945,308.8436121403026
1,4946,290.64259412755223
1,4947,196.0889787829583
1,4948,15.249740869505851
1,4949,160.29133817759322
1,4950,321.8268700894006
1,4951,306.1727426822601
1,4952,49.75534419287965
1,4953,188.15747649485184
1,4954,341.4875762554551
1,4955,27.51120196407626
1,4956,316.2303002097072
1,4957,79.10693575069305
1,4958,322.13703111601006
1,4959,266.3196086124249
1,4960,121.5293521580107
1,4961,47.533113283287264
1,4962,247.22510830446527
1,4963,49.37140912929137
1,4964,296.96015855438077
1,4965,251.87686598248075
1,4966,261.8529921562414
1,4967,304.23408908395805
1,4968,100.28302903973645
1,4969,302.7204179606774
1,4970,458.3015429265008
1,4971,339.61426293682916
1,4972,276.869892127192
1,4973,87.59782469575927
1,4974,303.47574571255814
1,4975,290.01584917771845
1,4976,325.9194478818591
1,4977,313.24358559403936
1,4978,60.4793591667495
1,4979,254.47587980748355
1,4980,254.36855167563138
1,4981,56.82200062691396
1,4982,308.0654945978738
1,4983,55.348177396921855
1,4984,56.10741796329508
1,4985,331.7750818282673
1,4986,219.33878257653947
1,4987,38.56688054806571
1,4988,40.51094017448118
1,4989,193.8079320421353
1,4990,121.5645342436713
1,4991,47.65097339469005
1,4992,245.8455818877236
1,4993,239.93864991809986
1,4994,49.133888334774795
1,4995,325.41741053616647
1,4996,17.139525882062234
1,4997,47.22864422299011
1,4998,311.35692075959446
1,4999,40.92984524660518
1,5000,299.8844095860553
1,5001,368.1412183882242
1,5002,124.49837484839493
1,5003,348.5913497331733
1,5004,45.34513982060731
1,5005,275.3275255155387
1,5006,244.145525107159
1,5007,410.7325654424948
1,5008,198.1855595486362
1,5009,285.12433206227763
1,5010,320.6406466695346
1,5011,123.84987216594804
1,5012,294.28750742112106
1,5013,44.71940491615652
1,5014,426.3953782657091
1,5015,42.46921358189677
1,5016,40.29023288802
1,5017,319.4466906185005
1,5018,330.3189020151823
1,5019,143.36575796811246
1,5020,280.45890659473525
1,5021,220.58286034423037
1,5022,380.0890837703877
1,5023,43.160742856365445
1,5024,263.2971745231229
1,5025,82.61393240844083
1,5026,325.74590013661276
1,5027,271.2802584985652
1,5028,118.94490127649416
1,5029,301.2575173267966
1,5030,293.3703047503186
1,5031,196.23606807729612
1,5032,292.72547541989627
1,5033,172.15235444759185
1,5034,521.1795141770133
1,5035,310.12674820074733
1,5036,441.06093566550965
1,5037,497.42926434629555
1,5038,297.69675275668465
1,5039,40.004191504429684
1,5040,306.22651777930423
1,5041,277.6193664892944
1,5042,291.06838989409925
1,5043,319.02461947945676
1,5044,56.08615571232656
1,5045,325.0389431877545
1,5046,305.5711525584843
1,5047,306.5480709425791
1,5048,311.75460189459056
1,5049,343.5785353380894
1,5050,175.11797880021643
1,5051,275.3387606921339
1,5052,304.6069938493528
1,5053,309.91912554034434
1,5054,302.6026457816379
1,5055,269.22442474404033
1,5056,200.51506591974947
1,5057,315.1300789231806
1,5058,49.19323494551334
1,5059,279.36159202554967
1,5060,313.72322380319275
1,5061,194.5328692226327
1,5062,294.1243128027684
1,5063,54.4998763543703
1,5064,52.97277084195672
1,5065,90.81942357113313
1,5066,110.42180879469876
1,5067,282.2314132905042
1,5068,262.51451471956466
1,5069,54.87404015473456
1,5070,279.5012068431519
1,5071,62.84892602415649
1,5072,316.91722925707427
1,5073,261.8322796652974
1,5074,233.94325443656442
1,5075,48.21285979376955
1,5076,267.1337770199684
1,5077,41.01010304313798
1,5078,292.5656377043789
1,5079,46.04952714084092
1,5080,265.49152824214735
1,5081,22.57861084074917
1,5082,284.5989505500684
1,5083,249.39958662729873
1,5084,269.4827622137103
1,5085,274.1408228958472
1,5086,75.44299208049648
1,5087,147.1971296318809
1,5088,46.061120142939295
1,5089,292.6558479286884
1,5090,349.93498425492
1,5091,36.89178064105078
1,5092,257.5965573873081
1,5093,68.40381671978969
1,5094,56.313063638967904
1,5095,141.6680979622667
1,5096,39.89680706140369
1,5097,210.2962863939435
1,5098,44.95790130155251
1,5099,283.1881073756948
1,5100,48.03966778576718
1,5101,277.6166242155158
1,5102,167.09906368033626
1,5103,293.17274431237684
1,5104,43.448280111731684
1,5105,248.73884188303984
1,5106,192.80711438671824
1,5107,269.19056146449844
1,5108,76.10833640651606
1,5109,271.64323925829035
1,5110,47.18761428438287
1,5111,76.88334769421655
1,5112,280.37081871874307
1,5113,103.44642358319457
1,5114,264.1656338115034
1,5115,118.82635667814553
1,5116,45.64180067504431
1,5117,246.36185805799676
1,5118,293.978044260911
1,5119,276.72518507994016
1,5120,354.8434035180261
1,5121,204.44804757888497
1,5122,40.662724256940166
1,5123,241.2257138286006
1,5124,281.684903962047
1,5125,344.33880163948584
1,5126,262.78795360180806
1,5127,44.16117266181319
1,5128,302.6044709687132
1,5129,27.971980880763915
1,5130,278.9129438133021
1,5131,248.51984047181543
1,5132,34.505006134097314
1,5133,331.0327838188619
1,5134,44.00721718473036
1,5135,292.18139276131274
1,5136,652.7032769250704
1,5137,357.59700893044123
1,5138,192.17477144840683
1,5139,324.05970877823233
1,5140,260.38442566819924
1,5141,224.62240373284698
1,5142,351.78144227622477
1,5143,153.21149272280348
1,5144,279.45186144506795
1,5145,60.43484329702721
1,5146,236.1642448533009
1,5147,221.72298800947704
1,5148,395.01813968582826
1,5149,311.0547799466466
1,5150,52.551478455582675
1,5151,341.2845083861325
1,5152,273.27369769170986
1,5153,69.92370014695605
1,5154,286.7822903809158
1,5155,326.78153353978485
1,5156,62.63429167403284
1,5157,254.04990601707777
1,5158,339.4297849859378
1,5159,39.266682490711986
1,5160,294.45866955504346
1,5161,346.6855250207301
1,5162,346.0689124111874
1,5163,307.2276779427997
1,5164,310.12366716717776
1,5165,58.060570394570064
1,5166,264.57178092707227
1,5167,62.15094248405612
1,5168,367.02140988748215
1,5169,278.53978510805524
1,5170,309.57936937584236
1,5171,302.2965988093513
1,5172,358.0050944319963
1,5173,36.64192340413387
1,5174,257.21853550848476
1,5175,291.0790034052072
1,5176,39.53681524299003
1,5177,300.5422672761225
1,5178,296.763160146383
1,5179,75.81003725656244
1,5180,271.13118307730855
1,5181,47.80048506158421
1,5182,260.2178048232934
1,5183,207.53157345083315
1,5184,79.35869051103197
1,5185,200.81192099554346
1,5186,40.55236606753898
1,5187,206.06217170177388
1,5188,196.56075312949972
1,5189,296.7788169889989
1,5190,46.07198130555326
1,5191,255.78437543572807
1,5192,293.55964871396066
1,5193,49.120455770102346
1,5194,250.07487903168908
1,5195,332.7089340117129
1,5196,43.77560548107408
1,5197,283.87918683839894
1,5198,266.1833894810575
1,5199,356.1124445803638
1,5200,50.46750923221353
1,5201,197.55431042152873
1,5202,265.39085337327754
1,5203,212.80212386420965
1,5204,103.55143894149028
1,5205,187.84352303348697
1,5206,301.2343978530788
1,5207,310.9639115927614
1,5208,49.94558200970789
1,5209,295.6268783306905
1,5210,76.60478266986149
1,5211,122.67698413572342
1,5212,328.72220404373934
1,5213,40.14027807274167
1,5214,309.3308179689716
1,5215,46.016260541547695
1,5216,126.65503038604734
1,5217,123.69314048153697
1,5218,313.22629604281656
1,5219,44.97123540829961
1,5220,137.04843836386164
1,5221,293.3451443763507
1,5222,339.15876221095806
1,5223,298.9643152117281
1,5224,496.2535299554234
1,5225,45.114311299082885
1,5226,287.3954660212388
1,5227,261.21848133410344
1,5228,283.10832847843915
1,5229,90.72020543968861
1,5230,282.20372414465055
1,5231,307.54920215736047
1,5232,153.1629296551602
1,5233,353.90971154481474
1,5234,306.7385831452551
1,5235,197.53396191660346
1,5236,322.7599117096349
1,5237,55.60775464417896
1,5238,290.9771975541718
1,5239,99.62890263021092
1,5240,50.010355736686634
1,5241,216.47090812675512
1,5242,136.596671411839
1,5243,251.03184092863208
1,5244,297.2932223213179
1,5245,323.4154804571869
1,5246,317.5763427705626
1,5247,78.22146003547793
1,5248,346.4358461135305
1,5249,39.89444218306341
1,5250,181.36301271833537
1,5251,37.89063510189905
1,5252,34.17256356434582
1,5253,230.26743597027652
1,5254,221.41288430837665
1,5255,42.21628672176548
1,5256,275.1829909240844
1,5257,76.65244103826976
1,5258,198.82514766653037
1,5259,348.4643831679985
1,5260,294.4843234094478
1,5261,124.16824146617267
1,5262,65.91294020564449
1,5263,354.5816304818783
1,5264,260.3377930761966
1,5265,285.5977061624631
1,5266,42.164403891763676
1,5267,347.2807912092069
1,5268,250.19404661771767
1,5269,217.33408681269103
1,5270,157.48564805790826
1,5271,220.66638876674506
1,5272,253.24918830911625
1,5273,239.67933299872251
1,5274,125.40627945442533
1,5275,276.94999711365426
1,5276,270.3684418150648
1,5277,36.56941904055138
1,5278,131.9994735722055
1,5279,183.45193678857225
1,5280,237.1974304065596
1,5281,309.3580700636052
1,5282,161.24902751546523
1,5283,60.68665580987515
1,5284,257.7168779836793
1,5285,43.575351771370926
1,5286,65.2805711658457
1,5287,234.40265833429325
1,5288,35.19161584418274
1,5289,241.9160248372611
1,5290,258.5593052519732
1,5291,25.43686962163852
1,5292,152.48358255191812
1,5293,283.2869464299814
1,5294,55.956282354939574
1,5295,193.258273515227
1,5296,77.84895816421098
1,5297,226.46832713032617
1,5298,74.82457045339153
1,5299,350.36833771532474
1,5300,211.82865785691854
1,5301,50.30888668250874
1,5302,259.85429118437077
1,5303,265.97136795588506
1,5304,37.885642497443676
1,5305,45.85322877352692
1,5306,244.08875750125506
1,5307,158.37059466040148
1,5308,282.73185578577795
1,5309,246.99612561326146
1,5310,237.2021003384939
1,5311,303.3373913487253
1,5312,164.94271601401465
1,5313,35.05899964786991
1,5314,153.57544199759855
1,5315,257.3669394579931
1,5316,325.6950436782998
1,5317,152.22809209388353
1,5318,279.15440729118257
1,5319,244.90264776875657
1,5320,42.103009668603875
1,5321,122.82640454544102
1,5322,24.086795227087187
1,5323,78.73301727632605
1,5324,320.9009257722952
1,5325,316.9148131792107
1,5326,224.95132665656263
1,5327,41.9943257442175
1,5328,107.80034749860593
1,5329,41.0908187621266
1,5330,304.6139953381814
1,5331,39.583585715659915
1,5332,152.8156929574848
1,5333,235.90621296420267
1,5334,276.5430824325087
1,5335,154.31605408907637
1,5336,317.64964113191274
1,5337,290.51766708466624
1,5338,38.8801449064547
1,5339,34.18922439233779
1,5340,289.6925749640728
1,5341,43.0665704280876
1,5342,41.145587644826534
1,5343,253.61663159942964
1,5344,32.1994118092018
1,5345,395.05102732731444
1,5346,44.61486485079317
1,5347,298.54993921427564
1,5348,244.68593643000406
1,5349,260.1367517051838
1,5350,98.49458195348794
1,5351,286.0078626032314
1,5352,27.504801109972995
1,5353,339.40034640734007
1,5354,98.79866546672135
1,5355,199.58471796313694
1,5356,133.36058314787837
1,5357,73.9756099797888
1,5358,380.1622753027881
1,5359,36.46122414068823
1,5360,125.52302140515742
1,5361,276.3486250004036
1,5362,103.80784160532747
1,5363,402.38804826668036
1,5364,50.577664432395046
1,5365,249.96820989392546
1,5366,262.457427847728
1,5367,126.43162105007796
1,5368,180.3839316802526
1,5369,347.5420444218138
1,5370,209.84176714806986
1,5371,96.25600439915286
1,5372,279.77453565539656
1,5373,268.12835638892847
1,5374,52.469674302651285
1,5375,220.12293310210433
1,5376,52.79086390138407
1,5377,294.1434305371157
1,5378,298.0359163914193
1,5379,120.4693301476253
1,5380,388.5494139738714
1,5381,126.4570833584675
1,5382,349.1308073512562
1,5383,314.2514173587151
1,5384,372.41667705386874
1,5385,302.2840557034274
1,5386,59.54120727611557
1,5387,113.01597174321029
1,5388,255.0264734749254
1,5389,249.51878723204055
1,5390,78.76675763721553
1,5391,264.05912778972265
1,5392,103.18770352461205
1,5393,314.22009687002634
1,5394,274.40598219613815
1,5395,217.12832566089668
1,5396,65.71428722677297
1,5397,24.17277300858939
1,5398,319.668099454243
1,5399,266.64902455814024
1,5400,37.90326370930432
1,5401,282.90392300637063
1,5402,82.02874027263036
1,5403,361.27061523968496
1,5404,292.1565079190498
1,5405,38.16788719679321
1,5406,257.52657699916364
1,5407,142.3897143251346
1,5408,259.0381059603569
1,5409,38.60969018949544
1,5410,320.5800755158709
1,5411,41.283504710138345
1,5412,416.3965692432886
1,5413,40.41620837317507
1,5414,193.32124881618242
1,5415,185.75840311258366
1,5416,121.06831499760725
1,5417,243.5120769027062
1,5418,307.96861950527557
1,5419,38.409269384634015
1,5420,329.9031431527619
1,5421,142.58039904831216
1,5422,311.43662328373017
1,5423,250.9426568295343
1,5424,112.76049970480048
1,5425,146.76979744237914
1,5426,100.60560357022128
1,5427,302.8639940102053
1,5428,355.85235746266846
1,5429,42.909882667551564
1,5430,263.7958513705736
1,5431,28.4146714303723
1,5432,86.02088529942655
1,5433,357.746690564334
1,5434,108.57874827738905
1,5435,107.79246277066386
1,5436,98.9599149774777
1,5437,137.39057485856642
1,5438,238.194445854651
1,5439,33.074791006606695
1,5440,287.68026608745527
1,5441,81.01807790536635
1,5442,353.69168401050877
1,5443,38.702041134903595
1,5444,79.01800681905289
1,5445,96.49385259211539
1,5446,37.209178600690194
1,5447,113.26383010890297
1,5448,42.62720986615495
1,5449,82.56150233255262
1,5450,265.8446091228684
1,5451,44.21151720570922
1,5452,268.03989396846913
1,5453,317.529052595975
1,5454,111.66315305887603
1,5455,58.64608754301672
1,5456,294.0259257052034
1,5457,261.90810085775036
1,5458,33.4404034312565
1,5459,290.8878488477892
1,5460,34.94826680479534
1,5461,272.9719994807635
1,5462,42.984543142812655
1,5463,128.74678815796673
1,5464,380.8772473936689
1,5465,331.1070682935399
1,5466,40.41707097987046
1,5467,181.57295563690298
1,5468,120.7803922700881
1,5469,267.26066807432915
1,5470,37.55958481261537
1,5471,277.19360686639175
1,5472,43.424797984003575
1,5473,262.7930386953258
1,5474,41.7692153791057
1,5475,192.62283352904024
1,5476,156.39158078198471
1,5477,332.9559614678668
1,5478,292.44709884813926
1,5479,57.00546643744778
1,5480,238.21361577716323
1,5481,248.3315790268852
1,5482,278.34991367625173
1,5483,347.1099087332971
1,5484,131.668264292986
1,5485,336.79937140941354
1,5486,49.306860239157814
1,5487,362.00009088658555
1,5488,60.70489345614973
1,5489,347.2961213555076
1,5490,55.27941635718497
1,5491,273.42290118408
1,5492,51.60573322256885
1,5493,93.42840360765676
1,5494,279.75968164255426
1,5495,54.84003251438679
1,5496,63.297998694103356
1,5497,83.04483258563329
1,5498,173.8257837114944
1,5499,44.434694366549536
1,5500,112.30973308699052
1,5501,38.61907676567216
1,5502,277.42277467421275
1,5503,97.2727993127223
1,5504,85.63492411928954
1,5505,301.6157409026515
1,5506,99.5297518647218
1,5507,42.1544100932054
1,5508,294.4380684802677
1,5509,261.8821672885761
1,5510,58.16201821942887
1,5511,118.42677215356555
1,5512,37.753872239066325
1,5513,233.24455941223917
1,5514,218.50494072302692
1,5515,106.80658335868324
1,5516,328.7418113778032
1,5517,47.29087743048916
1,5518,81.30979223517146
1,5519,356.88130224592084
1,5520,267.7253744913852
1,5521,66.11937712680155
1,5522,268.22629002972
1,5523,41.237595943962305
1,5524,234.12785918541192
1,5525,42.08044080936466
1,5526,298.9214708298487
1,5527,333.69140701887983
1,5528,40.55422526550709
1,5529,304.4030561219085
1,5530,40.29906715036541
1,5531,231.33372112425695
1,5532,273.0741588884299
1,5533,347.7724568247662
1,5534,43.73197249104179
1,5535,255.8559878197629
1,5536,132.94473364624446
1,5537,33.95574336914782
1,5538,295.66923884376865
1,5539,44.27120593742504
1,5540,288.5744783315329
1,5541,40.61059791534695
1,5542,272.63278938139723
1,5543,108.5704504762302
1,5544,12.95722749513067
1,5545,288.7819585488211
1,5546,309.8283050314651
1,5547,247.40254670927484
1,5548,31.19794508601881
1,5549,64.55476974789511
1,5550,309.1977676040081
1,5551,255.19669600809613
1,5552,64.38346571198304
1,5553,263.3435360934457
1,5554,113.54094411551026
1,5555,114.66048809333162
1,5556,428.9859191440001
1,5557,95.00996485023623
1,5558,45.64069620520902
1,5559,307.8609626583688
1,5560,180.86426235967633
1,5561,343.30584138144786
1,5562,42.363164254385836
1,5563,297.4796245051671
1,5564,143.34814427170397
1,5565,297.22980134738515
1,5566,40.687921452385865
1,5567,270.8190296385976
1,5568,255.2199831351017
1,5569,340.3405066831174
1,5570,338.18045053183045
1,5571,317.99071613133924
1,5572,57.17199868963212
1,5573,133.47715874977018
1,5574,77.9816421813599
1,5575,210.09949696898389
1,5576,138.4080768707433
1,5577,290.0209439450728
1,5578,50.654247557925316
1,5579,242.48924467848494
1,5580,92.38466248506951
1,5581,300.84249325216626
1,5582,60.03203109196727
1,5583,273.4099109889082
1,5584,219.27395215738179
1,5585,47.81196816068144
1,5586,322.4754049230306
1,5587,217.0755530560075
1,5588,226.8184777964384
1,5589,325.7487794706948
1,5590,41.394856469258
1,5591,280.33685572080026
1,5592,293.4504372066968
1,5593,221.39408570695383
1,5594,454.802869772864
1,5595,111.15233307849863
1,5596,279.9622574004012
1,5597,36.951837836569375
1,5598,251.4854049972603
1,5599,224.84888273770014
1,5600,116.59104621016154
1,5601,47.34023537449129
1,5602,268.19171354655737
1,5603,239.7190202345085
1,5604,257.8559408613428
1,5605,212.16363069164245
1,5606,28.264284944230784
1,5607,279.2661028675319
1,5608,234.16366825357042
1,5609,29.223479118840256
1,5610,284.4605634770381
1,5611,268.75409475485617
1,5612,167.6804888777838
1,5613,177.77461277529233
1,5614,290.5484806866607
1,5615,321.88071083314065
1,5616,115.72048417632863
1,5617,31.99160387256648
1,5618,364.2155330392666
1,5619,39.761387827274845
1,5620,371.7342403079465
1,5621,37.2566385827844
1,5622,341.3903021925716
1,5623,37.66774204329133
1,5624,56.764321482099575
1,5625,257.0599936603792
1,5626,281.5058527085839
1,5627,44.606604682658954
1,5628,160.57631306883457
1,5629,27.88395887229798
1,5630,247.56185475225664
1,5631,89.99767838243494
1,5632,114.71873030761799
1,5633,118.34530112053301
1,5634,237.42287235920062
1,5635,343.21187154494305
1,5636,64.07258548815781
1,5637,45.1045419430171
1,5638,80.56125325122278
1,5639,328.3792754295403
1,5640,34.095252566204735
1,5641,271.7440843421142
1,5642,146.2114563969287
1,5643,309.4909198613383
1,5644,69.1868478266833
1,5645,268.5899792785755
1,5646,193.12369782136133
1,5647,370.0190973062988
1,5648,96.74147587729075
1,5649,45.92226820841431
1,5650,323.8318357029108
1,5651,118.96285122513814
1,5652,362.66696076266373
1,5653,257.5433228372239
1,5654,163.7073223305563
1,5655,281.85137246165357
1,5656,67.97867282325149
1,5657,296.03718734786014
1,5658,45.54741561435177
1,5659,409.08105537265214
1,5660,37.66712977659295
1,5661,368.49158924138294
1,5662,258.95098735501426
1,5663,246.45948726231148
1,5664,300.168585546905
1,5665,212.65367565219645
1,5666,47.33654588037602
1,5667,255.99809116994362
1,5668,264.9888507750818
1,5669,55.43753216822513
1,5670,282.0356698505864
1,5671,121.41141932942344
1,5672,143.18054061371254
1,5673,308.2042807186188
1,5674,415.1048783859713
1,5675,58.91708263928179
1,5676,141.29499081566462
1,5677,283.39176003829596
1,5678,195.03943116317043
1,5679,265.8960266202205
1,5680,27.03562375309556
1,5681,233.52245957981373
1,5682,117.66851894451719
1,5683,47.7825311277017
1,5684,47.050871499537394
1,5685,284.4481138502256
1,5686,38.385174920186806
1,5687,211.23968425757505
1,5688,330.90811675173654
1,5689,22.417571798655636
1,5690,268.6497385443306
1,5691,43.01075321173035
1,5692,321.5142387659858
1,5693,72.2617770345924
1,5694,243.51038724747804
1,5695,44.547140240732176
1,5696,304.80920400165274
1,5697,108.74015113417522
1,5698,224.52982200588625
1,5699,291.87593700819536
1,5700,28.892926149116033
1,5701,198.68460236453112
1,5702,282.5764452349957
1,5703,77.76499437760677
1,5704,214.40931723562815
1,5705,97.65238399398469
1,5706,260.4624605640372
1,5707,250.22995750319046
1,5708,42.39306937271071
1,5709,250.86650816842402
1,5710,185.2836442453027
1,5711,190.3785910094606
1,5712,252.2429099212756
1,5713,69.97821399616667
1,5714,331.0892798782008
1,5715,44.82896854077884
1,5716,197.16526573029532
1,5717,38.23576294392213
1,5718,326.8835856472336
1,5719,209.84812873146922
1,5720,274.37615351095667
1,5721,38.796395099526634
1,5722,235.64769153707732
1,5723,128.71471952601493
1,5724,328.54201765783824
1,5725,38.8313965263365
1,5726,398.93832397067797
1,5727,46.455266764626955
1,5728,294.1892732077027
1,5729,277.134262215001
1,5730,309.3324107763454
1,5731,202.69760885943518
1,5732,88.80945300000428
1,5733,46.73747375309613
1,5734,275.68499096264134
1,5735,46.21595108760915
1,5736,356.53517731013187
1,5737,163.14961005591556
1,5738,241.72730500190556
1,5739,44.566023839966746
1,5740,272.41256959162905
1,5741,111.69661324362005
1,5742,145.76003452460657
1,5743,256.4067388036263
1,5744,247.7973249438222
1,5745,448.9173362035671
1,5746,28.712190256127663
1,5747,117.20912722589765
1,5748,281.8246012597647
1,5749,287.4744513257098
1,5750,384.486212920236
1,5751,331.26305315528253
1,5752,338.0314920809666
1,5753,328.4615496830057
1,5754,42.21820696223193
1,5755,324.4072469406591
1,5756,48.968216334109144
1,5757,318.666207394341
1,5758,178.17884198027178
1,5759,317.81584807554725
1,5760,93.46445240977756
1,5761,232.79945101876615
1,5762,256.65960938223304
1,5763,42.682917884682055
1,5764,241.33010545137455
1,5765,338.68911268917526
1,5766,72.06045268194387
1,5767,323.5071704648535
1,5768,53.32523648566436
1,5769,145.5811328126731
1,5770,292.01441259982766
1,5771,353.19842710363434
1,5772,333.7282123466937
1,5773,145.23284838965742
1,5774,38.0868998935771
1,5775,102.6578340995499
1,5776,38.247635240833134
1,5777,213.56941691405143
1,5778,271.8303101020209
1,5779,303.51996493312544
1,5780,124.89918592423734
1,5781,340.1431458120835
1,5782,50.90852639607127
1,5783,233.83437296046242
1,5784,150.28951503784953
1,5785,286.2709687061397
1,5786,44.83337908474183
1,5787,244.70996740400597
1,5788,48.00741419626766
1,5789,214.42970180216065
1,5790,38.04639947248971
1,5791,266.13921628598405
1,5792,289.3905640618935
1,5793,305.4324993035772
1,5794,321.7915475517243
1,5795,282.0594327376572
1,5796,232.7894891803148
1,5797,104.92787544988252
1,5798,275.5241582948812
1,5799,339.6184148233039
1,5800,340.4604127196573
1,5801,44.36183741179174
1,5802,310.6352776057933
1,5803,36.331583215930976
1,5804,308.55417986202883
1,5805,243.90601729247135
1,5806,38.59458810608916
1,5807,234.41121321494745
1,5808,330.0582453219887
1,5809,169.66588047423355
1,5810,306.3808832661011
1,5811,320.5902952046044
1,5812,329.97296845423375
1,5813,322.0600086810832
1,5814,138.02257179794884
1,5815,139.67185355408657
1,5816,312.26494478639245
1,5817,207.0498347442736
1,5818,246.40270544043477
1,5819,209.3712489976728
1,5820,129.39966622923762
1,5821,307.7056089737525
1,5822,43.89208165922449
1,5823,311.50901058351735
1,5824,266.50988048900535
1,5825,273.506986451886
1,5826,338.51825159410095
1,5827,336.8128288709271
1,5828,51.76065182640352
1,5829,274.11322749377285
1,5830,100.71102948869544
1,5831,303.419369549203
1,5832,51.117120617491416
1,5833,294.693016158541
1,5834,80.14578095669171
1,5835,321.37721064582115
1,5836,296.8902963833376
1,5837,66.62141645356158
1,5838,340.7426816067873
1,5839,278.2951426822429
1,5840,307.137411813199
1,5841,322.4052232340579
1,5842,324.70585658899506
1,5843,49.705453041526994
1,5844,272.3788745923552
1,5845,46.52365896779839
1,5846,287.6854836441822
1,5847,318.57746745140366
1,5848,39.181724508450024
1,5849,148.26713734298283
1,5850,268.51927918021283
1,5851,54.888976561670574
1,5852,206.54124225699837
1,5853,44.17420532036912
1,5854,460.33426423757606
1,5855,46.20628967264431
1,5856,296.09677604027945
1,5857,78.9456595710433
1,5858,370.6663600910799
1,5859,48.67220662916857
1,5860,155.8666761264817
1,5861,321.944207221739
1,5862,321.56901720241194
1,5863,45.14601362044699
1,5864,44.80531218027615
1,5865,304.0698183551119
1,5866,45.69647279175526
1,5867,285.13814355949836
1,5868,42.51202268719161
1,5869,98.06766475469595
1,5870,394.7291174406712
1,5871,55.9981863414608
1,5872,395.5002148568674
1,5873,46.71918007489434
1,5874,276.2605842933159
1,5875,114.58542834139661
1,5876,284.9490364612959
1,5877,245.0368664815661
1,5878,278.9997241855029
1,5879,107.50570400259186
1,5880,196.1143617719062
1,5881,333.7045354850628
1,5882,43.49224550734256
1,5883,261.9598452587649
1,5884,253.71314491566443
1,5885,281.7689712752716
1,5886,121.20235162772448
1,5887,76.39371169986792
1,5888,294.5589873924989
1,5889,248.61619849109573
1,5890,26.266818886739628
1,5891,197.2602003824935
1,5892,218.5296144319148
1,5893,280.8022697854857
1,5894,137.2987298782605
1,5895,26.95625518958512
1,5896,302.7473382998376
1,5897,119.89840531179581
1,5898,295.7793679951335
1,5899,254.52287298769994
1,5900,281.0719273845684
1,5901,199.2558712430697
1,5902,324.9071649929051
1,5903,122.98687924973376
1,5904,140.5176085692494
1,5905,44.8321926259907
1,5906,234.9929079268574
1,5907,42.949740207061
1,5908,241.59737754228524
1,5909,40.23113011563669
1,5910,46.482577509552584
1,5911,265.5786454978251
1,5912,255.53412922983875
1,5913,234.45391976510476
1,5914,369.42842411644676
1,5915,132.9831992561384
1,5916,298.1772921769434
1,5917,50.85116326389395
1,5918,281.5576423420781
1,5919,80.66795960309484
1,5920,236.11169906385982
1,5921,256.8589253567418
1,5922,257.93600800819877
1,5923,190.27662249336862
1,5924,335.80385906391086
1,5925,357.6399285654189
1,5926,363.0427169652552
1,5927,345.0060200109426
1,5928,440.435824750188
1,5929,320.5678978167065
1,5930,248.13936457603003
1,5931,55.615351277223795
1,5932,311.30407397793414
1,5933,53.80315284201134
1,5934,264.34467695722753
1,5935,299.09707430736944
1,5936,312.30705002285004
1,5937,50.27429698306423
1,5938,332.7470148034724
1,5939,319.89816852451145
1,5940,269.28796996215
1,5941,326.2281463477864
1,5942,338.63245585021116
1,5943,95.2618660499455
1,5944,76.18039660533476
1,5945,48.22544725773085
1,5946,253.8048709432406
1,5947,257.03350062205186
1,5948,296.4972407105639
1,5949,255.6500156116116
1,5950,373.567482243227
1,5951,282.97230765251675
1,5952,319.90432173672184
1,5953,333.620916355687
1,5954,25.34591224133856
1,5955,283.66849445940795
1,5956,300.5338192987722
1,5957,310.58842489295796
1,5958,299.2932318149879
1,5959,325.83573453697136
1,5960,39.58370304932661
1,5961,251.8627088795758
1,5962,356.722724402822
1,5963,80.47588046377554
1,5964,252.79292249287488
1,5965,368.80125642731485
1,5966,364.8159068500887
1,5967,362.20963286591416
1,5968,346.17331487374065
1,5969,78.80323072820079
1,5970,320.67065656905436
1,5971,298.53252283808223
1,5972,295.7223908264933
1,5973,73.3301473961128
1,5974,255.69815077039752
1,5975,252.0760977739851
1,5976,317.2056242869594
1,5977,304.8658567264715
1,5978,40.19911989145602
1,5979,315.3514805763694
1,5980,46.96473744796988
1,5981,324.96884124125245
1,5982,329.8846649263807
1,5983,347.90558040533176
1,5984,27.447449109244495
1,5985,34.76653725778657
1,5986,296.972377236207
1,5987,41.605966860452305
1,5988,287.1926966479084
1,5989,233.0528364606867
1,5990,314.34082896419164
1,5991,172.49067278770158
1,5992,345.85152269722
1,5993,177.07053915194734
1,5994,273.6620170507624
1,5995,55.05046981030152
1,5996,144.0421868996647
1,5997,316.9544940275788
1,5998,121.57415744549286
1,5999,200.11935588374357
1,6000,266.68327998480305
1,6001,125.31180914620091
1,6002,64.4939550488402
1,6003,349.29463898374945
1,6004,336.76999198313956
1,6005,276.1266198320202
1,6006,136.47287788253038
1,6007,233.86499931118416
1,6008,117.69195675861477
1,6009,199.5733849758417
1,6010,273.5038288350383
1,6011,46.32866552084741
1,6012,301.49579821377097
1,6013,44.151720028323794
1,6014,251.34353255078966
1,6015,53.61873379904013
1,6016,100.83975608655477
1,6017,253.08883300665087
1,6018,319.24158278043694
1,6019,165.6622223578584
1,6020,303.570843881731
1,6021,232.74273250206406
1,6022,86.43940796826965
1,6023,267.2200217829717
1,6024,284.81719138816936
1,6025,86.02550846921312
1,6026,264.5104257313623
1,6027,268.53622734321675
1,6028,323.4339027059074
1,6029,252.98495607811287
1,6030,265.20118701730905
1,6031,42.20368603442521
1,6032,362.0375075130533
1,6033,53.73214785224343
1,6034,248.30559995072434
1,6035,51.382919674055024
1,6036,255.24124999124956
1,6037,202.5120694300393
1,6038,325.3909292122691
1,6039,41.95728735623892
1,6040,252.87925322142127
1,6041,586.8193473669561
1,6042,421.59630326655974
1,6043,347.85550146732237
1,6044,359.5686753391881
1,6045,51.04868995079304
1,6046,398.28883748211643
1,6047,333.11518851455054
1,6048,329.40207284251414
1,6049,276.4613146300366
1,6050,355.75532942729507
1,6051,69.29523925268184
1,6052,62.47871495448504
1,6053,452.8319885283506
1,6054,283.6926674968802
1,6055,351.06873797323624
1,6056,339.4347284484903
1,6057,304.84216922316375
1,6058,329.0723735180642
1,6059,336.2464076581498
1,6060,221.2935235470528
1,6061,333.9604037168701
1,6062,313.87939154839063
1,6063,465.72723687351277
1,6064,312.41915026051197
1,6065,270.9918416069458
1,6066,359.0107265471056
1,6067,53.523881779623764
1,6068,318.18241037344353
1,6069,324.91035001801947
1,6070,305.64521966028207
1,6071,463.37352332159855
1,6072,189.34097226120397
1,6073,234.09172029110266
1,6074,306.63790860555605
1,6075,37.01538902940259
1,6076,124.76668287752165
1,6077,313.77849006151143
1,6078,326.986505971141
1,6079,328.1289371528536
1,6080,279.61079172079167
1,6081,311.5052291552771
1,6082,306.0505324687697
1,6083,44.07024640791789
1,6084,47.21646219956197
1,6085,436.68766975719154
1,6086,168.73246033678322
1,6087,312.8280512557445
1,6088,374.2857245846719
1,6089,39.737133989369404
1,6090,327.5636054077974
1,6091,45.23812912346742
1,6092,115.44353691171918
1,6093,220.90031491304978
1,6094,273.97846446932203
1,6095,262.539813961002
1,6096,77.56773243955148
1,6097,282.132696455084
1,6098,70.04060989127622
1,6099,309.9596475616599
1,6100,313.88702593174423
1,6101,58.7726150805261
1,6102,59.98195891011032
1,6103,474.214420720538
1,6104,305.10552384001807
1,6105,61.67528785094942
1,6106,313.4633086102194
1,6107,288.2169233872219
1,6108,345.39483634962403
1,6109,53.578611339680045
1,6110,258.9463443961949
1,6111,61.073730118413835
1,6112,340.31389679567314
1,6113,138.57660812118706
1,6114,326.0622860378886
1,6115,295.2932027942738
1,6116,309.5711995519505
1,6117,288.78227825205005
1,6118,548.86404334509
1,6119,304.51753703998486
1,6120,343.87725819536945
1,6121,319.83760606100475
1,6122,544.6501558282329
1,6123,27.745234907247987
1,6124,243.96831865000746
1,6125,47.479894757262414
1,6126,328.45426714596437
1,6127,324.20089258910934
1,6128,31.180027855341677
1,6129,268.91002799754517
1,6130,47.93743524427927
1,6131,245.20770862721508
1,6132,115.48441597214526
1,6133,257.8540963614985
1,6134,47.45158042834363
1,6135,335.3171851603108
1,6136,43.18952093045782
1,6137,309.51770334524264
1,6138,40.493340645624635
1,6139,46.349887784378545
1,6140,315.5072600593379
1,6141,169.93728311155772
1,6142,309.3546167466958
1,6143,223.37470614957323
1,6144,243.9083135015639
1,6145,317.7903423909432
1,6146,380.6821208482684
1,6147,323.272408937211
1,6148,53.12310188466509
1,6149,363.9486860969421
1,6150,59.19090427731289
1,6151,58.77126920571422
1,6152,368.00585119586196
1,6153,92.65738609075157
1,6154,332.08432082404204
1,6155,308.4702892727986
1,6156,61.68114048982886
1,6157,312.6216774797333
1,6158,281.6012976656051
1,6159,58.92471562488652
1,6160,270.8275468230331
1,6161,57.52811813976541
1,6162,342.83796163605314
1,6163,328.4889794173424
1,6164,305.242562923504
1,6165,324.39395308425696
1,6166,169.78852784169555
1,6167,274.53015339133685
1,6168,295.1787187757355
1,6169,328.6992210672469
1,6170,308.8436121403026
1,6171,290.64259412755223
1,6172,196.0889787829583
1,6173,15.249740869505851
1,6174,160.29133817759322
1,6175,321.8268700894006
1,6176,306.1727426822601
1,6177,49.75534419287965
1,6178,188.15747649485184
1,6179,341.4875762554551
1,6180,27.51120196407626
1,6181,316.2303002097072
1,6182,79.10693575069305
1,6183,322.13703111601006
1,6184,266.3196086124249
1,6185,121.5293521580107
1,6186,47.533113283287264
1,6187,247.22510830446527
1,6188,49.37140912929137
1,6189,296.96015855438077
1,6190,251.87686598248075
1,6191,261.8529921562414
1,6192,304.23408908395805
1,6193,100.28302903973645
1,6194,302.7204179606774
1,6195,458.3015429265008
1,6196,339.61426293682916
1,6197,276.869892127192
1,6198,87.59782469575927
1,6199,303.47574571255814
1,6200,290.01584917771845
1,6201,325.9194478818591
1,6202,313.24358559403936
1,6203,60.4793591667495
1,6204,254.47587980748355
1,6205,254.36855167563138
1,6206,56.82200062691396
1,6207,308.0654945978738
1,6208,55.348177396921855
1,6209,56.10741796329508
1,6210,331.7750818282673
1,6211,219.33878257653947
1,6212,38.56688054806571
1,6213,40.51094017448118
1,6214,193.8079320421353
1,6215,121.5645342436713
1,6216,47.65097339469005
1,6217,245.8455818877236
1,6218,239.93864991809986
1,6219,49.133888334774795
1,6220,325.41741053616647
1,6221,17.139525882062234
1,6222,47.22864422299011
1,6223,311.35692075959446
1,6224,40.92984524660518
1,6225,299.8844095860553
1,6226,368.1412183882242
1,6227,124.49837484839493
1,6228,348.5913497331733
1,6229,45.34513982060731
1,6230,275.3275255155387
1,6231,244.145525107159
1,6232,410.7325654424948
1,6233,198.1855595486362
1,6234,285.12433206227763
1,6235,320.6406466695346
1,6236,123.84987216594804
1,6237,294.28750742112106
1,6238,44.71940491615652
1,6239,426.3953782657091
1,6240,42.46921358189677
1,6241,40.29023288802
1,6242,319.4466906185005
1,6243,330.3189020151823
1,6244,143.36575796811246
1,6245,280.45890659473525
1,6246,220.58286034423037
1,6247,380.0890837703877
1,6248,43.160742856365445
1,6249,263.2971745231229
1,6250,82.61393240844083
1,6251,325.74590013661276
1,6252,271.2802584985652
1,6253,118.94490127649416
1,6254,301.2575173267966
1,6255,293.3703047503186
1,6256,196.23606807729612
1,6257,292.72547541989627
1,6258,172.15235444759185
1,6259,521.1795141770133
1,6260,310.12674820074733
1,6261,441.06093566550965
1,6262,497.42926434629555
1,6263,297.69675275668465
1,6264,40.004191504429684
1,6265,306.22651777930423
1,6266,277.6193664892944
1,6267,291.06838989409925
1,6268,319.02461947945676
1,6269,56.08615571232656
1,6270,325.0389431877545
1,6271,305.5711525584843
1,6272,306.5480709425791
1,6273,311.75460189459056
1,6274,343.5785353380894
1,6275,175.11797880021643
1,6276,275.3387606921339
1,6277,304.6069938493528
1,6278,309.91912554034434
1,6279,302.6026457816379
1,6280,269.22442474404033
1,6281,200.51506591974947
1,6282,315.1300789231806
1,6283,49.19323494551334
1,6284,279.36159202554967
1,6285,313.72322380319275
1,6286,194.5328692226327
1,6287,294.1243128027684
1,6288,54.4998763543703
1,6289,52.97277084195672
1,6290,90.81942357113313
1,6291,110.42180879469876
1,6292,282.2314132905042
1,6293,262.51451471956466
1,6294,54.87404015473456
1,6295,279.5012068431519
1,6296,62.84892602415649
1,6297,316.91722925707427
1,6298,261.8322796652974
1,6299,233.94325443656442
1,6300,48.21285979376955
1,6301,267.1337770199684
1,6302,41.01010304313798
1,6303,292.5656377043789
1,6304,46.04952714084092
1,6305,265.49152824214735
1,6306,22.57861084074917
1,6307,284.5989505500684
1,6308,249.39958662729873
1,6309,269.4827622137103
1,6310,274.1408228958472
1,6311,75.44299208049648
1,6312,147.1971296318809
1,6313,46.061120142939295
1,6314,292.6558479286884
1,6315,349.93498425492
1,6316,36.89178064105078
1,6317,257.5965573873081
1,6318,68.40381671978969
1,6319,56.313063638967904
1,6320,141.6680979622667
1,6321,39.89680706140369
1,6322,210.2962863939435
1,6323,44.95790130155251
1,6324,283.1881073756948
1,6325,48.03966778576718
1,6326,277.6166242155158
1,6327,167.09906368033626
1,6328,293.17274431237684
1,6329,43.448280111731684
1,6330,248.73884188303984
1,6331,192.80711438671824
1,6332,269.19056146449844
1,6333,76.10833640651606
1,6334,271.64323925829035
1,6335,47.18761428438287
1,6336,76.88334769421655
1,6337,280.37081871874307
1,6338,103.44642358319457
1,6339,264.1656338115034
1,6340,118.82635667814553
1,6341,45.64180067504431
1,6342,246.36185805799676
1,6343,293.978044260911
1,6344,276.72518507994016
1,6345,354.8434035180261
1,6346,204.44804757888497
1,6347,40.662724256940166
1,6348,241.2257138286006
1,6349,281.684903962047
1,6350,344.33880163948584
1,6351,262.78795360180806
1,6352,44.16117266181319
1,6353,302.6044709687132
1,6354,27.971980880763915
1,6355,278.9129438133021
1,6356,248.51984047181543
1,6357,34.505006134097314
1,6358,331.0327838188619
1,6359,44.00721718473036
1,6360,292.18139276131274
1,6361,652.7032769250704
1,6362,357.59700893044123
1,6363,192.17477144840683
1,6364,324.05970877823233
1,6365,260.38442566819924
1,6366,224.62240373284698
1,6367,351.78144227622477
1,6368,153.21149272280348
1,6369,279.45186144506795
1,6370,60.43484329702721
1,6371,236.1642448533009
1,6372,221.72298800947704
1,6373,395.01813968582826
1,6374,311.0547799466466
1,6375,52.551478455582675
1,6376,341.2845083861325
1,6377,273.27369769170986
1,6378,69.92370014695605
1,6379,286.7822903809158
1,6380,326.78153353978485
1,6381,62.63429167403284
1,6382,254.04990601707777
1,6383,339.4297849859378
1,6384,39.266682490711986
1,6385,294.45866955504346
1,6386,346.6855250207301
1,6387,346.0689124111874
1,6388,307.2276779427997
1,6389,310.12366716717776
1,6390,58.060570394570064
1,6391,264.57178092707227
1,6392,62.15094248405612
1,6393,367.02140988748215
1,6394,278.53978510805524
1,6395,309.57936937584236
1,6396,302.2965988093513
1,6397,358.0050944319963
1,6398,36.64192340413387
1,6399,257.21853550848476
1,6400,291.0790034052072
1,6401,39.53681524299003
1,6402,300.5422672761225
1,6403,296.763160146383
1,6404,75.81003725656244
1,6405,271.13118307730855
1,6406,47.80048506158421
1,6407,260.2178048232934
1,6408,207.53157345083315
1,6409,79.35869051103197
1,6410,200.81192099554346
1,6411,40.55236606753898
1,6412,206.06217170177388
1,6413,196.56075312949972
1,6414,296.7788169889989
1,6415,46.07198130555326
1,6416,255.78437543572807
1,6417,293.55964871396066
1,6418,49.120455770102346
1,6419,250.07487903168908
1,6420,332.7089340117129
1,6421,43.77560548107408
1,6422,283.87918683839894
1,6423,266.1833894810575
1,6424,356.1124445803638
1,6425,50.46750923221353
1,6426,197.55431042152873
1,6427,265.39085337327754
1,6428,212.80212386420965
1,6429,103.55143894149028
1,6430,187.84352303348697
1,6431,301.2343978530788
1,6432,310.9639115927614
1,6433,49.94558200970789
1,6434,295.6268783306905
1,6435,76.60478266986149
1,6436,122.67698413572342
1,6437,328.72220404373934
1,6438,40.14027807274167
1,6439,309.3308179689716
1,6440,46.016260541547695
1,6441,126.65503038604734
1,6442,123.69314048153697
1,6443,313.22629604281656
1,6444,44.97123540829961
1,6445,137.04843836386164
1,6446,293.3451443763507
1,6447,339.15876221095806
1,6448,298.9643152117281
1,6449,282.06130719378507
1,6450,199.4664458249844
1,6451,319.23026066208854
1,6452,270.5792998216058
1,6453,330.5953182470487
1,6454,312.83826897656115
1,6455,318.6944019453489
1,6456,364.4232083191194
1,6457,405.42875209709234
1,6458,65.4586655990929
1,6459,309.16942481785327
1,6460,66.06589749091748
1,6461,373.8797324530848
1,6462,62.7408644274327
1,6463,322.5209296049719
1,6464,188.99865990327015
1,6465,365.43017115841633
1,6466,51.311546455409946
1,6467,207.07944414617162
1,6468,338.6948453419753
1,6469,192.54666045013084
1,6470,327.8758805576347
1,6471,316.80614920831846
1,6472,322.9534119716799
1,6473,27.02025259983597
1,6474,282.0451335444882
1,6475,304.93478667438274
1,6476,337.4673313054891
1,6477,44.167479383773255
1,6478,274.86432531634995
1,6479,272.6059795103387
1,6480,209.29093829666442
1,6481,39.80012345491146
1,6482,298.06217923394036
1,6483,300.7615186877029
1,6484,278.91448492083964
1,6485,58.920069497252584
1,6486,386.0398541902276
1,6487,44.4886304725757
1,6488,188.96375172179245
1,6489,318.1078710068481
1,6490,240.74446614902968
1,6491,306.4933928032194
1,6492,50.11198304710835
1,6493,331.63930040754013
1,6494,321.8480042262973
1,6495,30.695573695183814
1,6496,252.9983774605277
1,6497,314.42834079092125
1,6498,264.7903034691967
1,6499,317.430211279657
1,6500,280.163615551494
1,6501,43.60022560727946
1,6502,269.35154927982
1,6503,183.9942269014074
1,6504,206.65238987429552
1,6505,217.48405922545356
1,6506,299.74029169370453
1,6507,46.6246728961171
1,6508,284.521730544853
1,6509,351.3747325594474
1,6510,50.44496409971348
1,6511,267.2164021142877
1,6512,268.3368872389435
1,6513,84.74233595970883
1,6514,341.2704870426579
1,6515,360.0260743664604
1,6516,342.900382141408
1,6517,72.40593313346453
1,6518,271.58850146676724
1,6519,137.7972251402925
1,6520,305.42773319022945
1,6521,64.31431577276484
1,6522,354.52090631268203
1,6523,133.78342365848226
1,6524,66.44137815060583
1,6525,114.82209692474916
1,6526,334.27733374184476
1,6527,61.54378419037714
1,6528,38.882736558006584
1,6529,174.3981050836848
1,6530,304.61055983702096
1,6531,554.2035398786157
1,6532,329.56001964634106
1,6533,60.29658956552221
1,6534,350.8106236783236
1,6535,60.65936975437437
1,6536,219.40060283941574
1,6537,123.50354440331444
1,6538,342.792817879468
1,6539,44.82000484114522
1,6540,332.3995236671289
1,6541,45.991934336407994
1,6542,282.15688755873106
1,6543,163.59186707187513
1,6544,295.0744446416224
1,6545,49.857534033485464
1,6546,250.11049902776267
1,6547,75.99185212547167
1,6548,315.7802617867461
1,6549,45.414151899074625
1,6550,313.38257723674576
1,6551,146.72689800390867
1,6552,281.1161393721746
1,6553,323.308877966439
1,6554,343.41408727901285
1,6555,43.886676305582455
1,6556,197.25415946016028
1,6557,319.03479909426943
1,6558,28.17296296543213
1,6559,316.1462532033799
1,6560,300.0753397328722
1,6561,277.8882323412664
1,6562,316.3749616116827
1,6563,49.11583572079351
1,6564,307.0178152338319
1,6565,314.47161248719203
1,6566,172.4252255885022
1,6567,309.0303673143355
1,6568,44.366173925961505
1,6569,187.4260940756638
1,6570,335.02468010278767
1,6571,43.78109033068414
1,6572,131.21022828709314
1,6573,316.8386128888915
1,6574,315.5992249023011
1,6575,318.6001648175507
1,6576,320.77291130148916
1,6577,376.9026857968223
1,6578,85.96987194622429
1,6579,268.99090538249703
1,6580,325.1265802181344
1,6581,98.35800023155471
1,6582,330.2718787509096
1,6583,65.4642911682119
1,6584,321.38481781605276
1,6585,188.40351017013336
1,6586,355.4605872948145
1,6587,62.081095474784576
1,6588,208.78935168612992
1,6589,350.01878544648685
1,6590,593.9962450881743
1,6591,309.6673763109079
1,6592,295.4470001234697
1,6593,67.46512151889358
1,6594,310.90003164986564
1,6595,88.3796277503609
1,6596,258.6449883276321
1,6597,327.57973639194006
1,6598,138.4841256790072
1,6599,53.83004944975719
1,6600,275.861482425193
1,6601,248.1080409677877
1,6602,260.57059083386326
1,6603,44.96107634410415
1,6604,276.36864743037233
1,6605,440.90520992004775
1,6606,29.775964364387523
1,6607,119.26020994793868
1,6608,210.50388343745692
1,6609,42.350293827497296
1,6610,366.67345090128254
1,6611,423.3400972260348
1,6612,49.30569837822252
1,6613,304.7455511746221
1,6614,292.67098959264894
1,6615,338.8062327289865
1,6616,39.30028177867013
1,6617,189.6753040619002
1,6618,342.3017984693679
1,6619,348.57236974280056
1,6620,330.74939480192364
1,6621,82.88128088067549
1,6622,305.7980357707599
1,6623,294.50515227031644
1,6624,31.98741514396762
1,6625,341.723041356428
1,6626,195.64616365664443
1,6627,57.724327907962355
1,6628,336.115880025922
1,6629,223.21747498194284
1,6630,267.32329055325
1,6631,106.45267492233647
1,6632,177.67984120448665
1,6633,184.11763969283885
1,6634,46.11826033725849
1,6635,432.0242261564908
1,6636,295.4530210142447
1,6637,344.5810037981029
1,6638,324.0070845390731
1,6639,39.958464437105825
1,6640,314.77666814032057
1,6641,47.24808818610565
1,6642,22.260303665701585
1,6643,355.05163121859334
1,6644,262.3540610750266
1,6645,78.42080998016908
1,6646,211.09633640182935
1,6647,241.26602319784513
1,6648,343.4728832166488
1,6649,39.41165710558831
1,6650,42.31562360631756
1,6651,379.3183711112318
1,6652,327.1496935611809
1,6653,318.66097668784124
1,6654,32.15421585318856
1,6655,291.2639192943089
1,6656,55.30098999368468
1,6657,354.08274623781904
1,6658,322.7275676006361
1,6659,264.46567199178827
1,6660,130.7040575609422
1,6661,311.02793342804114
1,6662,107.68285258640434
1,6663,50.13278955643223
1,6664,293.5641570266538
1,6665,36.18697880588059
1,6666,302.5769437663524
1,6667,310.5379162908268
1,6668,325.703820440306
1,6669,62.876793760368145
1,6670,278.66818139574684
1,6671,267.0761859346386
1,6672,473.86450731132834
1,6673,373.30085227205007
1,6674,99.5984318539699
1,6675,267.32468208017235
1,6676,141.4442270461564
1,6677,353.6050886050467
1,6678,52.80297709293875
1,6679,305.59281885242365
1,6680,318.3546973516336
1,6681,191.29138436321688
1,6682,340.2541638105936
1,6683,372.28434927491
1,6684,59.794360305679355
1,6685,343.9538532491372
1,6686,329.1776260863046
1,6687,67.33299275111487
1,6688,329.5382700965504
1,6689,331.1559214815
1,6690,236.7288166831674
1,6691,281.77927467228903
1,6692,134.33379535437322
1,6693,117.21315528258214
1,6694,270.4859457671114
1,6695,117.95706712751002
1,6696,307.40309787120117
1,6697,55.576958718449035
1,6698,295.1157303407037
1,6699,53.40651829864575
1,6700,303.8378216920995
1,6701,285.3906425649307
1,6702,68.55496841851613
1,6703,317.2512719455099
1,6704,44.05960641036761
1,6705,295.9284893583937
1,6706,47.58787977414552
1,6707,201.01062448966582
1,6708,271.50794504346237
1,6709,142.56332722059028
1,6710,54.97324952934292
1,6711,301.5556299837882
1,6712,252.7571345061557
1,6713,236.24137574857988
1,6714,335.16202161352163
1,6715,270.63179357198896
1,6716,49.52203349539583
1,6717,347.46962984982815
1,6718,249.80914488263457
1,6719,178.12565870343758
1,6720,217.75454569342588
1,6721,43.401163066660004
1,6722,330.17104603304904
1,6723,310.6979186605262
1,6724,342.30587740729777
1,6725,26.56749219527792
1,6726,353.38279367583004
1,6727,320.3289834243086
1,6728,56.25450854669849
1,6729,138.84733759554308
1,6730,348.3789026921622
1,6731,47.416858211301644
1,6732,303.7774842396235
1,6733,45.46285364755863
1,6734,175.81246547875278
1,6735,64.45341041114845
1,6736,328.63378703050165
1,6737,301.3200763521708
1,6738,77.09103714457567
1,6739,193.5424560890635
1,6740,112.00196671606666
1,6741,245.02117310622015
1,6742,300.41939807070094
1,6743,304.73961164258367
1,6744,142.2782450867201
1,6745,308.14318956475336
1,6746,44.98177958256326
1,6747,295.6165846184366
1,6748,314.9101178347098
1,6749,43.79265548036458
1,6750,309.14903512914594
1,6751,172.96664791302612
1,6752,310.8074216372404
1,6753,48.632627058414954
1,6754,341.2016413272426
1,6755,324.78626398681286
1,6756,48.31917149985473
1,6757,42.157230201261136
1,6758,357.797444621914
1,6759,43.59482415888198
1,6760,189.0104738368732
1,6761,325.7629756268203
1,6762,258.9851823690867
1,6763,544.1604245575979
1,6764,264.2198471661136
1,6765,292.5741720308772
1,6766,332.21822296834944
1,6767,379.7958331971861
1,6768,61.69591254162101
1,6769,54.18965026107756
1,6770,329.4837681820276
1,6771,343.20482915635716
1,6772,66.01493772048342
1,6773,297.69038255848415
1,6774,57.03154215364454
1,6775,357.8268123567681
1,6776,330.52422734987397
1,6777,59.7717210924978
1,6778,199.25709722932294
1,6779,62.394096166825925
1,6780,301.6650121524982
1,6781,344.1696024589494
1,6782,61.45269432674182
1,6783,321.85619768785546
1,6784,188.9777232525697
1,6785,333.284867969502
1,6786,36.00717773491034
1,6787,264.032008912297
1,6788,348.65371491241217
1,6789,320.16321691030305
1,6790,138.6420813096741
1,6791,46.404852248703236
1,6792,242.8690271575357
1,6793,291.8679606166631
1,6794,88.6064321926445
1,6795,340.75445111921596
1,6796,332.0544028545361
1,6797,339.5589740102188
1,6798,48.841727047585124
1,6799,233.79937873572538
1,6800,345.79224851007615
1,6801,313.24701629478295
1,6802,200.81466438526613
1,6803,346.9218566110419
1,6804,61.29099373533265
1,6805,132.92794008562402
1,6806,312.91880674892116
1,6807,60.161634312458105
1,6808,302.1343572525381
1,6809,74.6696490319903
1,6810,362.81551847378614
1,6811,91.86515911056871
1,6812,262.56583774487075
1,6813,140.0661318845577
1,6814,114.4838706351603
1,6815,286.07882013651147
1,6816,25.40320212473842
1,6817,113.75331338161328
1,6818,46.155276884515004
1,6819,242.3956969810642
1,6820,52.38366483646278
1,6821,213.18742649721764
1,6822,50.345210315496786
1,6823,289.81344077905806
1,6824,198.12143081668376
1,6825,50.392050138252245
1,6826,122.59755236360846
1,6827,256.1808356243475
1,6828,216.20131799234895
1,6829,86.74150036632697
1,6830,353.9485890019939
1,6831,39.159564780829854
1,6832,323.25266282276493
1,6833,303.4939056226207
1,6834,52.328388632922355
1,6835,246.93535432736843
1,6836,53.41827915822146
1,6837,94.61531299254139
1,6838,308.4796925400119
1,6839,49.780564143218676
1,6840,50.47293391229135
1,6841,303.62493438379033
1,6842,46.69869772095884
1,6843,268.0478963713315
1,6844,101.6186699592503
1,6845,47.6220002453711
1,6846,313.9243237772221
1,6847,305.0268505972273
1,6848,310.72868249633837
1,6849,240.8732862066467
1,6850,237.4833256144707
1,6851,324.0985750647561
1,6852,45.41871555427825
1,6853,325.22067501343446
1,6854,314.0264378605553
1,6855,42.183809002044555
1,6856,334.4706101203618
1,6857,284.49918121666246
1,6858,334.03658415593463
1,6859,131.6804131328923
1,6860,255.46545164421607
1,6861,188.60792468742557
1,6862,305.7937825876003
1,6863,306.2718208441492
1,6864,104.59320226486147
1,6865,223.84544341079823
1,6866,31.145957384644618
1,6867,258.6714033623147
1,6868,40.34696094290593
1,6869,130.38119882274634
1,6870,269.42870442507285
1,6871,133.77975196882164
1,6872,266.7823127810915
1,6873,68.16668217568304
1,6874,145.36744782184968
1,6875,75.5013726949094
1,6876,274.0603062905619
1,6877,65.24713952959209
1,6878,239.19937221681423
1,6879,75.82064910413601
1,6880,289.243295154737
1,6881,223.13810758851014
1,6882,53.334943118151415
1,6883,147.98855546929195
1,6884,264.29043609607425
1,6885,207.2238557308869
1,6886,96.15968745740804
1,6887,277.0550804016446
1,6888,61.442345485192426
1,6889,272.95435044126145
1,6890,283.1239254192828
1,6891,64.37422768103613
1,6892,126.31731231841084
1,6893,233.39807694589717
1,6894,50.642191455707206
1,6895,319.3286448236057
1,6896,48.49117034537322
1,6897,304.98929128047473
1,6898,307.98402009639176
1,6899,45.47867215770212
1,6900,273.3524443972075
1,6901,274.86295628136213
1,6902,50.80187629616512
1,6903,246.7729570113184
1,6904,52.11694809683674
1,6905,87.02488355984337
1,6906,332.24499759246925
1,6907,48.681416725623926
1,6908,50.736218769585804
1,6909,297.2849323185402
1,6910,49.45346511358729
1,6911,261.4234558113818
1,6912,100.52103111382806
1,6913,45.68525930897208
1,6914,296.56016713989226
1,6915,315.14343817585325
1,6916,39.15920525120229
1,6917,334.54724113668163
1,6918,316.9999221213044
1,6919,29.99313126528703
1,6920,251.49240927570946
1,6921,273.2158306164981
1,6922,302.6787562289478
1,6923,292.9595197748302
1,6924,238.4197112732031
1,6925,208.38532505363327
1,6926,341.4973827238774
1,6927,42.51889531548264
1,6928,321.6905358511698
1,6929,49.18427795414489
1,6930,48.91771322813061
1,6931,259.2292744900049
1,6932,39.56207730189371
1,6933,135.3158241566889
1,6934,253.6940096778421
1,6935,200.32469464331578
1,6936,210.42287666267345
1,6937,105.18310418347055
1,6938,108.12771831869628
1,6939,266.4621985483784
1,6940,129.33840273364186
1,6941,128.71431404203275
1,6942,337.8914517166352
1,6943,45.33379526076887
1,6944,76.516938973735
1,6945,282.0154170342604
1,6946,390.71283196389487
1,6947,291.56094941251854
1,6948,63.916492447894996
1,6949,347.55343076704617
1,6950,112.61738405123518
1,6951,380.63187252078257
1,6952,277.4686479424505
1,6953,379.85381646133885
1,6954,152.5395400939662
1,6955,307.9106565436009
1,6956,45.69153401767417
1,6957,238.19286368586177
1,6958,284.51962892250754
1,6959,55.564358811052706
1,6960,305.2923405554001
1,6961,60.25255265090274
1,6962,124.77901888987506
1,6963,439.5570270646478
1,6964,327.2952275347203
1,6965,257.238424161078
1,6966,61.250971907239006
1,6967,339.4040119302182
1,6968,170.28600797030725
1,6969,39.913343089521724
1,6970,291.51237795215127
1,6971,335.71760986446077
1,6972,48.52767568372438
1,6973,424.98062978401765
1,6974,45.46231600346287
1,6975,322.83997778599763
1,6976,30.516048925236724
1,6977,318.12332095970896
1,6978,203.3296423627168
1,6979,212.86746731730472
1,6980,307.92786662450226
1,6981,124.61181450710131
1,6982,184.83214675757353
1,6983,43.64042103795071
1,6984,311.46992206638737
1,6985,47.057557088619305
1,6986,192.5058145062103
1,6987,46.1552524872515
1,6988,205.49178451785752
1,6989,339.50061804369943
1,6990,44.62984929535171
1,6991,291.64175971904797
1,6992,317.058613085448
1,6993,25.071013590253663
1,6994,313.27621963775465
1,6995,44.84961377472537
1,6996,35.94768605292231
1,6997,419.5062093977394
1,6998,45.063952852603386
1,6999,40.4913715656187
1,7000,279.7396503315638
1,7001,277.406479798329
1,7002,44.106188454193784
1,7003,250.81225688383276
1,7004,281.25536764644175
1,7005,285.4484404848756
1,7006,297.87987881123195
1,7007,65.15731642773895
1,7008,350.4504481136999
1,7009,79.12883314770255
1,7010,227.26612018119417
1,7011,394.6451871714601
1,7012,293.7055326343799
1,7013,62.62011243181546
1,7014,336.0069869893912
1,7015,132.63214346809568
1,7016,66.51414965121461
1,7017,190.08912892672782
1,7018,375.311850608853
1,7019,65.87715050511564
1,7020,285.04875981622877
1,7021,336.81362966656206
1,7022,63.498459022563864
1,7023,131.79377317916172
1,7024,203.73876945425906
1,7025,300.4734759953848
1,7026,65.12187965844475
1,7027,210.65379235074602
1,7028,297.183540724031
1,7029,45.718084007455545
1,7030,54.51486590071803
1,7031,315.8996258157948
1,7032,336.8501249165238
1,7033,40.949971463176624
1,7034,74.01138642119795
1,7035,112.01680613411202
1,7036,191.7588936931881
1,7037,48.422453852322036
1,7038,132.89835920830464
1,7039,238.48486462763384
1,7040,44.12412352491988
1,7041,53.157543946440875
1,7042,249.94212667571804
1,7043,329.2271640555572
1,7044,204.87627423068795
1,7045,344.5052983073213
1,7046,85.75271387651308
1,7047,244.0573243572833
1,7048,330.38512145799166
1,7049,54.02333865474286
1,7050,336.459462738806
1,7051,43.915288361349056
1,7052,190.13117944186837
1,7053,332.62283675326006
1,7054,116.73621197430765
1,7055,312.5590685617853
1,7056,83.60947536859379
1,7057,332.97632155745754
1,7058,268.95952183859595
1,7059,46.619793278585576
1,7060,157.79437942176503
1,7061,232.73014883248555
1,7062,45.885220260199205
1,7063,358.47396137488226
1,7064,45.73379410409443
1,7065,271.3653132346641
1,7066,245.1997839965906
1,7067,332.0808659084499
1,7068,508.6746959267797
1,7069,50.29798478254895
1,7070,306.02528361162206
1,7071,175.48734223288673
1,7072,334.69339386806547
1,7073,283.2084159268261
1,7074,116.2417429926117
1,7075,311.45325535189613
1,7076,50.09837223839283
1,7077,284.9787571862714
1,7078,46.06899189568533
1,7079,358.7333585399771
1,7080,297.2290819667477
1,7081,50.2117914982952
1,7082,336.96752144553625
1,7083,53.200448944847764
1,7084,304.2773145884096
1,7085,43.87912641525759
1,7086,343.47167572551274
1,7087,310.93577727417113
1,7088,33.54797044295663
1,7089,273.5914944265561
1,7090,281.42639035743014
1,7091,307.44423397604567
1,7092,41.99472795133225
1,7093,249.934274461223
1,7094,40.60883582667826
1,7095,256.05073359640903
1,7096,53.60378512019855
1,7097,264.28466451022666
1,7098,477.89639199051874
1,7099,45.34766999916411
1,7100,296.3996159673364
1,7101,302.2603241171039
1,7102,351.61042735854915
1,7103,47.203875356775384
1,7104,332.8741577704628
1,7105,279.320312003057
1,7106,81.29949037306997
1,7107,130.34476928198904
1,7108,385.78235299946675
1,7109,496.2535299554234
1,7110,45.114311299082885
1,7111,287.3954660212388
1,7112,261.21848133410344
1,7113,283.10832847843915
1,7114,90.72020543968861
1,7115,282.20372414465055
1,7116,307.54920215736047
1,7117,153.1629296551602
1,7118,353.90971154481474
1,7119,306.7385831452551
1,7120,197.53396191660346
1,7121,322.7599117096349
1,7122,55.60775464417896
1,7123,290.9771975541718
1,7124,99.62890263021092
1,7125,50.010355736686634
1,7126,216.47090812675512
1,7127,136.596671411839
1,7128,251.03184092863208
1,7129,297.2932223213179
1,7130,323.4154804571869
1,7131,317.5763427705626
1,7132,78.22146003547793
1,7133,346.4358461135305
1,7134,39.89444218306341
1,7135,181.36301271833537
1,7136,37.89063510189905
1,7137,34.17256356434582
1,7138,230.26743597027652
1,7139,221.41288430837665
1,7140,42.21628672176548
1,7141,275.1829909240844
1,7142,76.65244103826976
1,7143,198.82514766653037
1,7144,348.4643831679985
1,7145,294.4843234094478
1,7146,124.16824146617267
1,7147,65.91294020564449
1,7148,354.5816304818783
1,7149,260.3377930761966
1,7150,285.5977061624631
1,7151,42.164403891763676
1,7152,347.2807912092069
1,7153,250.19404661771767
1,7154,217.33408681269103
1,7155,157.48564805790826
1,7156,220.66638876674506
1,7157,253.24918830911625
1,7158,239.67933299872251
1,7159,125.40627945442533
1,7160,276.94999711365426
1,7161,270.3684418150648
1,7162,36.56941904055138
1,7163,131.9994735722055
1,7164,183.45193678857225
1,7165,237.1974304065596
1,7166,309.3580700636052
1,7167,161.24902751546523
1,7168,60.68665580987515
1,7169,257.7168779836793
1,7170,43.575351771370926
1,7171,65.2805711658457
1,7172,234.40265833429325
1,7173,35.19161584418274
1,7174,241.9160248372611
1,7175,258.5593052519732
1,7176,25.43686962163852
1,7177,152.48358255191812
1,7178,283.2869464299814
1,7179,55.956282354939574
1,7180,193.258273515227
1,7181,77.84895816421098
1,7182,226.46832713032617
1,7183,74.82457045339153
1,7184,350.36833771532474
1,7185,211.82865785691854
1,7186,50.30888668250874
1,7187,259.85429118437077
1,7188,265.97136795588506
1,7189,37.885642497443676
1,7190,45.85322877352692
1,7191,244.08875750125506
1,7192,158.37059466040148
1,7193,282.73185578577795
1,7194,246.99612561326146
1,7195,237.2021003384939
1,7196,303.3373913487253
1,7197,164.94271601401465
1,7198,35.05899964786991
1,7199,153.57544199759855
1,7200,257.3669394579931
1,7201,325.6950436782998
1,7202,152.22809209388353
1,7203,279.15440729118257
1,7204,244.90264776875657
1,7205,42.103009668603875
1,7206,122.82640454544102
1,7207,24.086795227087187
1,7208,78.73301727632605
1,7209,320.9009257722952
1,7210,316.9148131792107
1,7211,224.95132665656263
1,7212,41.9943257442175
1,7213,107.80034749860593
1,7214,41.0908187621266
1,7215,304.6139953381814
1,7216,39.583585715659915
1,7217,152.8156929574848
1,7218,235.90621296420267
1,7219,276.5430824325087
1,7220,154.31605408907637
1,7221,317.64964113191274
1,7222,290.51766708466624
1,7223,38.8801449064547
1,7224,34.18922439233779
1,7225,289.6925749640728
1,7226,43.0665704280876
1,7227,41.145587644826534
1,7228,253.61663159942964
1,7229,32.1994118092018
1,7230,395.05102732731444
1,7231,44.61486485079317
1,7232,298.54993921427564
1,7233,244.68593643000406
1,7234,260.1367517051838
1,7235,98.49458195348794
1,7236,286.0078626032314
1,7237,27.504801109972995
1,7238,339.40034640734007
1,7239,98.79866546672135
1,7240,199.58471796313694
1,7241,133.36058314787837
1,7242,73.9756099797888
1,7243,380.1622753027881
1,7244,36.46122414068823
1,7245,125.52302140515742
1,7246,276.3486250004036
1,7247,103.80784160532747
1,7248,402.38804826668036
1,7249,50.577664432395046
1,7250,249.96820989392546
1,7251,262.457427847728
1,7252,126.43162105007796
1,7253,180.3839316802526
1,7254,347.5420444218138
1,7255,209.84176714806986
1,7256,96.25600439915286
1,7257,279.77453565539656
1,7258,268.12835638892847
1,7259,52.469674302651285
1,7260,220.12293310210433
1,7261,52.79086390138407
1,7262,294.1434305371157
1,7263,298.0359163914193
1,7264,120.4693301476253
1,7265,388.5494139738714
1,7266,126.4570833584675
1,7267,349.1308073512562
1,7268,314.2514173587151
1,7269,372.41667705386874
1,7270,302.2840557034274
1,7271,59.54120727611557
1,7272,113.01597174321029
1,7273,255.0264734749254
1,7274,249.51878723204055
1,7275,78.76675763721553
1,7276,264.05912778972265
1,7277,103.18770352461205
1,7278,314.22009687002634
1,7279,274.40598219613815
1,7280,217.12832566089668
1,7281,65.71428722677297
1,7282,24.17277300858939
1,7283,319.668099454243
1,7284,266.64902455814024
1,7285,37.90326370930432
1,7286,282.90392300637063
1,7287,82.02874027263036
1,7288,361.27061523968496
1,7289,292.1565079190498
1,7290,38.16788719679321
1,7291,257.52657699916364
1,7292,142.3897143251346
1,7293,259.0381059603569
1,7294,38.60969018949544
1,7295,320.5800755158709
1,7296,41.283504710138345
1,7297,416.3965692432886
1,7298,40.41620837317507
1,7299,193.32124881618242
1,7300,185.75840311258366
1,7301,121.06831499760725
1,7302,243.5120769027062
1,7303,307.96861950527557
1,7304,38.409269384634015
1,7305,329.9031431527619
1,7306,142.58039904831216
1,7307,311.43662328373017
1,7308,250.9426568295343
1,7309,112.76049970480048
1,7310,146.76979744237914
1,7311,100.60560357022128
1,7312,302.8639940102053
1,7313,355.85235746266846
1,7314,42.909882667551564
1,7315,263.7958513705736
1,7316,28.4146714303723
1,7317,86.02088529942655
1,7318,357.746690564334
1,7319,108.57874827738905
1,7320,107.79246277066386
1,7321,98.9599149774777
1,7322,137.39057485856642
1,7323,238.194445854651
1,7324,33.074791006606695
1,7325,287.68026608745527
1,7326,81.01807790536635
1,7327,353.69168401050877
1,7328,38.702041134903595
1,7329,79.01800681905289
1,7330,96.49385259211539
1,7331,37.209178600690194
1,7332,113.26383010890297
1,7333,42.62720986615495
1,7334,82.56150233255262
1,7335,265.8446091228684
1,7336,44.21151720570922
1,7337,268.03989396846913
1,7338,317.529052595975
1,7339,111.66315305887603
1,7340,58.64608754301672
1,7341,294.0259257052034
1,7342,261.90810085775036
1,7343,33.4404034312565
1,7344,290.8878488477892
1,7345,34.94826680479534
1,7346,272.9719994807635
1,7347,42.984543142812655
1,7348,128.74678815796673
1,7349,380.8772473936689
1,7350,331.1070682935399
1,7351,40.41707097987046
1,7352,181.57295563690298
1,7353,120.7803922700881
1,7354,267.26066807432915
1,7355,37.55958481261537
1,7356,277.19360686639175
1,7357,43.424797984003575
1,7358,262.7930386953258
1,7359,41.7692153791057
1,7360,192.62283352904024
1,7361,156.39158078198471
1,7362,332.9559614678668
1,7363,292.44709884813926
1,7364,57.00546643744778
1,7365,238.21361577716323
1,7366,248.3315790268852
1,7367,278.34991367625173
1,7368,347.1099087332971
1,7369,131.668264292986
1,7370,336.79937140941354
1,7371,49.306860239157814
1,7372,362.00009088658555
1,7373,60.70489345614973
1,7374,347.2961213555076
1,7375,55.27941635718497
1,7376,273.42290118408
1,7377,51.60573322256885
1,7378,93.42840360765676
1,7379,279.75968164255426
1,7380,54.84003251438679
1,7381,63.297998694103356
1,7382,83.04483258563329
1,7383,173.8257837114944
1,7384,44.434694366549536
1,7385,112.30973308699052
1,7386,38.61907676567216
1,7387,277.42277467421275
1,7388,97.2727993127223
1,7389,85.63492411928954
1,7390,301.6157409026515
1,7391,99.5297518647218
1,7392,42.1544100932054
1,7393,294.4380684802677
1,7394,261.8821672885761
1,7395,58.16201821942887
1,7396,118.42677215356555
1,7397,37.753872239066325
1,7398,233.24455941223917
1,7399,218.50494072302692
1,7400,106.80658335868324
1,7401,328.7418113778032
1,7402,47.29087743048916
1,7403,81.30979223517146
1,7404,356.88130224592084
1,7405,267.7253744913852
1,7406,66.11937712680155
1,7407,268.22629002972
1,7408,41.237595943962305
1,7409,234.12785918541192
1,7410,42.08044080936466
1,7411,298.9214708298487
1,7412,333.69140701887983
1,7413,40.55422526550709
1,7414,304.4030561219085
1,7415,40.29906715036541
1,7416,231.33372112425695
1,7417,273.0741588884299
1,7418,347.7724568247662
1,7419,43.73197249104179
1,7420,255.8559878197629
1,7421,132.94473364624446
1,7422,33.95574336914782
1,7423,295.66923884376865
1,7424,44.27120593742504
1,7425,288.5744783315329
1,7426,40.61059791534695
1,7427,272.63278938139723
1,7428,108.5704504762302
1,7429,12.95722749513067
1,7430,288.7819585488211
1,7431,309.8283050314651
1,7432,247.40254670927484
1,7433,31.19794508601881
1,7434,64.55476974789511
1,7435,309.1977676040081
1,7436,255.19669600809613
1,7437,64.38346571198304
1,7438,263.3435360934457
1,7439,113.54094411551026
1,7440,114.66048809333162
1,7441,428.9859191440001
1,7442,95.00996485023623
1,7443,45.64069620520902
1,7444,307.8609626583688
1,7445,180.86426235967633
1,7446,343.30584138144786
1,7447,42.363164254385836
1,7448,297.4796245051671
1,7449,143.34814427170397
1,7450,297.22980134738515
1,7451,40.687921452385865
1,7452,270.8190296385976
1,7453,255.2199831351017
1,7454,340.3405066831174
1,7455,338.18045053183045
1,7456,317.99071613133924
1,7457,57.17199868963212
1,7458,133.47715874977018
1,7459,77.9816421813599
1,7460,210.09949696898389
1,7461,138.4080768707433
1,7462,290.0209439450728
1,7463,50.654247557925316
1,7464,242.48924467848494
1,7465,92.38466248506951
1,7466,300.84249325216626
1,7467,60.03203109196727
1,7468,273.4099109889082
1,7469,219.27395215738179
1,7470,47.81196816068144
1,7471,322.4754049230306
1,7472,217.0755530560075
1,7473,226.8184777964384
1,7474,325.7487794706948
1,7475,41.394856469258
1,7476,280.33685572080026
1,7477,293.4504372066968
1,7478,221.39408570695383
1,7479,454.802869772864
1,7480,111.15233307849863
1,7481,279.9622574004012
1,7482,36.951837836569375
1,7483,251.4854049972603
1,7484,224.84888273770014
1,7485,116.59104621016154
1,7486,47.34023537449129
1,7487,268.19171354655737
1,7488,239.7190202345085
1,7489,257.8559408613428
1,7490,212.16363069164245
1,7491,28.264284944230784
1,7492,279.2661028675319
1,7493,234.16366825357042
1,7494,29.223479118840256
1,7495,284.4605634770381
1,7496,268.75409475485617
1,7497,167.6804888777838
1,7498,177.77461277529233
1,7499,290.5484806866607
1,7500,321.88071083314065
1,7501,115.72048417632863
1,7502,31.99160387256648
1,7503,364.2155330392666
1,7504,39.761387827274845
1,7505,371.7342403079465
1,7506,37.2566385827844
1,7507,341.3903021925716
1,7508,37.66774204329133
1,7509,56.764321482099575
1,7510,257.0599936603792
1,7511,281.5058527085839
1,7512,44.606604682658954
1,7513,160.57631306883457
1,7514,27.88395887229798
1,7515,247.56185475225664
1,7516,89.99767838243494
1,7517,114.71873030761799
1,7518,118.34530112053301
1,7519,237.42287235920062
1,7520,343.21187154494305
1,7521,64.07258548815781
1,7522,45.1045419430171
1,7523,80.56125325122278
1,7524,328.3792754295403
1,7525,34.095252566204735
1,7526,271.7440843421142
1,7527,146.2114563969287
1,7528,309.4909198613383
1,7529,69.1868478266833
1,7530,268.5899792785755
1,7531,193.12369782136133
1,7532,370.0190973062988
1,7533,96.74147587729075
1,7534,45.92226820841431
1,7535,323.8318357029108
1,7536,118.96285122513814
1,7537,362.66696076266373
1,7538,257.5433228372239
1,7539,163.7073223305563
1,7540,281.85137246165357
1,7541,67.97867282325149
1,7542,296.03718734786014
1,7543,45.54741561435177
1,7544,409.08105537265214
1,7545,37.66712977659295
1,7546,368.49158924138294
1,7547,258.95098735501426
1,7548,246.45948726231148
1,7549,300.168585546905
1,7550,212.65367565219645
1,7551,47.33654588037602
1,7552,255.99809116994362
1,7553,264.9888507750818
1,7554,55.43753216822513
1,7555,282.0356698505864
1,7556,121.41141932942344
1,7557,143.18054061371254
1,7558,308.2042807186188
1,7559,415.1048783859713
1,7560,58.91708263928179
1,7561,141.29499081566462
1,7562,283.39176003829596
1,7563,195.03943116317043
1,7564,265.8960266202205
1,7565,27.03562375309556
1,7566,233.52245957981373
1,7567,117.66851894451719
1,7568,47.7825311277017
1,7569,47.050871499537394
1,7570,284.4481138502256
1,7571,38.385174920186806
1,7572,211.23968425757505
1,7573,330.90811675173654
1,7574,22.417571798655636
1,7575,268.6497385443306
1,7576,43.01075321173035
1,7577,321.5142387659858
1,7578,72.2617770345924
1,7579,243.51038724747804
1,7580,44.547140240732176
1,7581,304.80920400165274
1,7582,108.74015113417522
1,7583,224.52982200588625
1,7584,291.87593700819536
1,7585,28.892926149116033
1,7586,198.68460236453112
1,7587,282.5764452349957
1,7588,77.76499437760677
1,7589,214.40931723562815
1,7590,97.65238399398469
1,7591,260.4624605640372
1,7592,250.22995750319046
1,7593,42.39306937271071
1,7594,250.86650816842402
1,7595,185.2836442453027
1,7596,190.3785910094606
1,7597,252.2429099212756
1,7598,69.97821399616667
1,7599,331.0892798782008
1,7600,44.82896854077884
1,7601,197.16526573029532
1,7602,38.23576294392213
1,7603,326.8835856472336
1,7604,209.84812873146922
1,7605,274.37615351095667
1,7606,38.796395099526634
1,7607,235.64769153707732
1,7608,128.71471952601493
1,7609,328.54201765783824
1,7610,38.8313965263365
1,7611,398.93832397067797
1,7612,46.455266764626955
1,7613,294.1892732077027
1,7614,277.134262215001
1,7615,309.3324107763454
1,7616,202.69760885943518
1,7617,88.80945300000428
1,7618,46.73747375309613
1,7619,275.68499096264134
1,7620,46.21595108760915
1,7621,356.53517731013187
1,7622,163.14961005591556
1,7623,241.72730500190556
1,7624,44.566023839966746
1,7625,272.41256959162905
1,7626,111.69661324362005
1,7627,145.76003452460657
1,7628,256.4067388036263
1,7629,247.7973249438222
1,7630,448.9173362035671
1,7631,28.712190256127663
1,7632,117.20912722589765
1,7633,281.8246012597647
1,7634,287.4744513257098
1,7635,384.486212920236
1,7636,331.26305315528253
1,7637,338.0314920809666
1,7638,328.4615496830057
1,7639,42.21820696223193
1,7640,324.4072469406591
1,7641,48.968216334109144
1,7642,318.666207394341
1,7643,178.17884198027178
1,7644,317.81584807554725
1,7645,93.46445240977756
1,7646,232.79945101876615
1,7647,256.65960938223304
1,7648,42.682917884682055
1,7649,241.33010545137455
1,7650,338.68911268917526
1,7651,72.06045268194387
1,7652,323.5071704648535
1,7653,53.32523648566436
1,7654,145.5811328126731
1,7655,292.01441259982766
1,7656,353.19842710363434
1,7657,333.7282123466937
1,7658,145.23284838965742
1,7659,38.0868998935771
1,7660,102.6578340995499
1,7661,38.247635240833134
1,7662,213.56941691405143
1,7663,271.8303101020209
1,7664,303.51996493312544
1,7665,124.89918592423734
1,7666,340.1431458120835
1,7667,50.90852639607127
1,7668,233.83437296046242
1,7669,150.28951503784953
1,7670,286.2709687061397
1,7671,44.83337908474183
1,7672,244.70996740400597
1,7673,48.00741419626766
1,7674,214.42970180216065
1,7675,38.04639947248971
1,7676,266.13921628598405
1,7677,289.3905640618935
1,7678,305.4324993035772
1,7679,321.7915475517243
1,7680,282.0594327376572
1,7681,232.7894891803148
1,7682,104.92787544988252
1,7683,275.5241582948812
1,7684,339.6184148233039
1,7685,340.4604127196573
1,7686,44.36183741179174
1,7687,310.6352776057933
1,7688,36.331583215930976
1,7689,308.55417986202883
1,7690,243.90601729247135
1,7691,38.59458810608916
1,7692,234.41121321494745
1,7693,330.0582453219887
1,7694,169.66588047423355
1,7695,306.3808832661011
1,7696,320.5902952046044
1,7697,329.97296845423375
1,7698,322.0600086810832
1,7699,138.02257179794884
1,7700,139.67185355408657
1,7701,312.26494478639245
1,7702,207.0498347442736
1,7703,246.40270544043477
1,7704,209.3712489976728
1,7705,129.39966622923762
1,7706,307.7056089737525
1,7707,43.89208165922449
1,7708,311.50901058351735
1,7709,266.50988048900535
1,7710,273.506986451886
1,7711,338.51825159410095
1,7712,336.8128288709271
1,7713,51.76065182640352
1,7714,274.11322749377285
1,7715,100.71102948869544
1,7716,303.419369549203
1,7717,51.117120617491416
1,7718,294.693016158541
1,7719,80.14578095669171
1,7720,321.37721064582115
1,7721,296.8902963833376
1,7722,66.62141645356158
1,7723,340.7426816067873
1,7724,278.2951426822429
1,7725,307.137411813199
1,7726,322.4052232340579
1,7727,324.70585658899506
1,7728,49.705453041526994
1,7729,272.3788745923552
1,7730,46.52365896779839
1,7731,287.6854836441822
1,7732,318.57746745140366
1,7733,39.181724508450024
1,7734,148.26713734298283
1,7735,268.51927918021283
1,7736,54.888976561670574
1,7737,206.54124225699837
1,7738,44.17420532036912
1,7739,460.33426423757606
1,7740,46.20628967264431
1,7741,296.09677604027945
1,7742,78.9456595710433
1,7743,370.6663600910799
1,7744,48.67220662916857
1,7745,155.8666761264817
1,7746,321.944207221739
1,7747,321.56901720241194
1,7748,45.14601362044699
1,7749,44.80531218027615
1,7750,304.0698183551119
1,7751,45.69647279175526
1,7752,285.13814355949836
1,7753,42.51202268719161
1,7754,98.06766475469595
1,7755,394.7291174406712
1,7756,55.9981863414608
1,7757,395.5002148568674
1,7758,46.71918007489434
1,7759,276.2605842933159
1,7760,114.58542834139661
1,7761,284.9490364612959
1,7762,245.0368664815661
1,7763,278.9997241855029
1,7764,107.50570400259186
1,7765,196.1143617719062
1,7766,333.7045354850628
1,7767,43.49224550734256
1,7768,261.9598452587649
1,7769,253.71314491566443
1,7770,281.7689712752716
1,7771,121.20235162772448
1,7772,76.39371169986792
1,7773,294.5589873924989
1,7774,248.61619849109573
1,7775,26.266818886739628
1,7776,197.2602003824935
1,7777,218.5296144319148
1,7778,280.8022697854857
1,7779,137.2987298782605
1,7780,26.95625518958512
1,7781,302.7473382998376
1,7782,119.89840531179581
1,7783,295.7793679951335
1,7784,254.52287298769994
1,7785,281.0719273845684
1,7786,199.2558712430697
1,7787,324.9071649929051
1,7788,122.98687924973376
1,7789,140.5176085692494
1,7790,44.8321926259907
1,7791,234.9929079268574
1,7792,42.949740207061
1,7793,241.59737754228524
1,7794,40.23113011563669
1,7795,46.482577509552584
1,7796,265.5786454978251
1,7797,255.53412922983875
1,7798,234.45391976510476
1,7799,369.42842411644676
1,7800,132.9831992561384
1,7801,298.1772921769434
1,7802,50.85116326389395
1,7803,281.5576423420781
1,7804,80.66795960309484
1,7805,236.11169906385982
1,7806,256.8589253567418
1,7807,257.93600800819877
1,7808,190.27662249336862
1,7809,335.80385906391086
1,7810,357.6399285654189
1,7811,363.0427169652552
1,7812,345.0060200109426
1,7813,440.435824750188
1,7814,320.5678978167065
1,7815,248.13936457603003
1,7816,55.615351277223795
1,7817,311.30407397793414
1,7818,53.80315284201134
1,7819,264.34467695722753
1,7820,299.09707430736944
1,7821,312.30705002285004
1,7822,50.27429698306423
1,7823,332.7470148034724
1,7824,319.89816852451145
1,7825,269.28796996215
1,7826,326.2281463477864
1,7827,338.63245585021116
1,7828,95.2618660499455
1,7829,76.18039660533476
1,7830,48.22544725773085
1,7831,253.8048709432406
1,7832,257.03350062205186
1,7833,296.4972407105639
1,7834,255.6500156116116
1,7835,373.567482243227
1,7836,282.97230765251675
1,7837,319.90432173672184
1,7838,333.620916355687
1,7839,25.34591224133856
1,7840,283.66849445940795
1,7841,300.5338192987722
1,7842,310.58842489295796
1,7843,299.2932318149879
1,7844,325.83573453697136
1,7845,39.58370304932661
1,7846,251.8627088795758
1,7847,356.722724402822
1,7848,80.47588046377554
1,7849,252.79292249287488
1,7850,368.80125642731485
1,7851,364.8159068500887
1,7852,362.20963286591416
1,7853,346.17331487374065
1,7854,78.80323072820079
1,7855,320.67065656905436
1,7856,298.53252283808223
1,7857,295.7223908264933
1,7858,73.3301473961128
1,7859,255.69815077039752
1,7860,252.0760977739851
1,7861,317.2056242869594
1,7862,304.8658567264715
1,7863,40.19911989145602
1,7864,315.3514805763694
1,7865,46.96473744796988
1,7866,324.96884124125245
1,7867,329.8846649263807
1,7868,347.90558040533176
1,7869,27.447449109244495
1,7870,34.76653725778657
1,7871,296.972377236207
1,7872,41.605966860452305
1,7873,287.1926966479084
1,7874,233.0528364606867
1,7875,314.34082896419164
1,7876,172.49067278770158
1,7877,345.85152269722
1,7878,177.07053915194734
1,7879,273.6620170507624
1,7880,55.05046981030152
1,7881,144.0421868996647
1,7882,316.9544940275788
1,7883,121.57415744549286
1,7884,200.11935588374357
1,7885,266.68327998480305
1,7886,125.31180914620091
1,7887,64.4939550488402
1,7888,349.29463898374945
1,7889,336.76999198313956
1,7890,276.1266198320202
1,7891,136.47287788253038
1,7892,233.86499931118416
1,7893,117.69195675861477
1,7894,199.5733849758417
1,7895,273.5038288350383
1,7896,46.32866552084741
1,7897,301.49579821377097
1,7898,44.151720028323794
1,7899,251.34353255078966
1,7900,53.61873379904013
1,7901,100.83975608655477
1,7902,253.08883300665087
1,7903,319.24158278043694
1,7904,165.6622223578584
1,7905,303.570843881731
1,7906,232.74273250206406
1,7907,86.43940796826965
1,7908,267.2200217829717
1,7909,284.81719138816936
1,7910,86.02550846921312
1,7911,264.5104257313623
1,7912,268.53622734321675
1,7913,323.4339027059074
1,7914,252.98495607811287
1,7915,265.20118701730905
1,7916,42.20368603442521
1,7917,362.0375075130533
1,7918,53.73214785224343
1,7919,248.30559995072434
1,7920,51.382919674055024
1,7921,255.24124999124956
1,7922,202.5120694300393
1,7923,325.3909292122691
1,7924,41.95728735623892
1,7925,252.87925322142127
1,7926,586.8193473669561
1,7927,421.59630326655974
1,7928,347.85550146732237
1,7929,359.5686753391881
1,7930,51.04868995079304
1,7931,398.28883748211643
1,7932,333.11518851455054
1,7933,329.40207284251414
1,7934,276.4613146300366
1,7935,355.75532942729507
1,7936,69.29523925268184
1,7937,62.47871495448504
1,7938,452.8319885283506
1,7939,283.6926674968802
1,7940,351.06873797323624
1,7941,339.4347284484903
1,7942,304.84216922316375
1,7943,329.0723735180642
1,7944,336.2464076581498
1,7945,221.2935235470528
1,7946,333.9604037168701
1,7947,313.87939154839063
1,7948,465.72723687351277
1,7949,312.41915026051197
1,7950,270.9918416069458
1,7951,359.0107265471056
1,7952,53.523881779623764
1,7953,318.18241037344353
1,7954,324.91035001801947
1,7955,305.64521966028207
1,7956,463.37352332159855
1,7957,189.34097226120397
1,7958,234.09172029110266
1,7959,306.63790860555605
1,7960,37.01538902940259
1,7961,124.76668287752165
1,7962,313.77849006151143
1,7963,326.986505971141
1,7964,328.1289371528536
1,7965,279.61079172079167
1,7966,311.5052291552771
1,7967,306.0505324687697
1,7968,44.07024640791789
1,7969,47.21646219956197
1,7970,436.68766975719154
1,7971,168.73246033678322
1,7972,312.8280512557445
1,7973,374.2857245846719
1,7974,39.737133989369404
1,7975,327.5636054077974
1,7976,45.23812912346742
1,7977,115.44353691171918
1,7978,220.90031491304978
1,7979,273.97846446932203
1,7980,262.539813961002
1,7981,77.56773243955148
1,7982,282.132696455084
1,7983,70.04060989127622
1,7984,309.9596475616599
1,7985,313.88702593174423
1,7986,58.7726150805261
1,7987,59.98195891011032
1,7988,474.214420720538
1,7989,305.10552384001807
1,7990,61.67528785094942
1,7991,313.4633086102194
1,7992,288.2169233872219
1,7993,345.39483634962403
1,7994,53.578611339680045
1,7995,258.9463443961949
1,7996,61.073730118413835
1,7997,340.31389679567314
1,7998,138.57660812118706
1,7999,326.0622860378886
1,8000,295.2932027942738
1,8001,309.5711995519505
1,8002,288.78227825205005
1,8003,548.86404334509
1,8004,304.51753703998486
1,8005,343.87725819536945
1,8006,319.83760606100475
1,8007,544.6501558282329
1,8008,27.745234907247987
1,8009,243.96831865000746
1,8010,47.479894757262414
1,8011,328.45426714596437
1,8012,324.20089258910934
1,8013,31.180027855341677
1,8014,268.91002799754517
1,8015,47.93743524427927
1,8016,245.20770862721508
1,8017,115.48441597214526
1,8018,257.8540963614985
1,8019,47.45158042834363
1,8020,335.3171851603108
1,8021,43.18952093045782
1,8022,309.51770334524264
1,8023,40.493340645624635
1,8024,46.349887784378545
1,8025,315.5072600593379
1,8026,169.93728311155772
1,8027,309.3546167466958
1,8028,223.37470614957323
1,8029,243.9083135015639
1,8030,317.7903423909432
1,8031,380.6821208482684
1,8032,323.272408937211
1,8033,53.12310188466509
1,8034,363.9486860969421
1,8035,59.19090427731289
1,8036,58.77126920571422
1,8037,368.00585119586196
1,8038,92.65738609075157
1,8039,332.08432082404204
1,8040,308.4702892727986
1,8041,61.68114048982886
1,8042,312.6216774797333
1,8043,281.6012976656051
1,8044,58.92471562488652
1,8045,270.8275468230331
1,8046,57.52811813976541
1,8047,342.83796163605314
1,8048,328.4889794173424
1,8049,305.242562923504
1,8050,324.39395308425696
1,8051,169.78852784169555
1,8052,274.53015339133685
1,8053,295.1787187757355
1,8054,328.6992210672469
1,8055,308.8436121403026
1,8056,290.64259412755223
1,8057,196.0889787829583
1,8058,15.249740869505851
1,8059,160.29133817759322
1,8060,321.8268700894006
1,8061,306.1727426822601
1,8062,49.75534419287965
1,8063,188.15747649485184
1,8064,341.4875762554551
1,8065,27.51120196407626
1,8066,316.2303002097072
1,8067,79.10693575069305
1,8068,322.13703111601006
1,8069,266.3196086124249
1,8070,121.5293521580107
1,8071,47.533113283287264
1,8072,247.22510830446527
1,8073,49.37140912929137
1,8074,296.96015855438077
1,8075,251.87686598248075
1,8076,261.8529921562414
1,8077,304.23408908395805
1,8078,100.28302903973645
1,8079,302.7204179606774
1,8080,458.3015429265008
1,8081,339.61426293682916
1,8082,276.869892127192
1,8083,87.59782469575927
1,8084,303.47574571255814
1,8085,290.01584917771845
1,8086,325.9194478818591
1,8087,313.24358559403936
1,8088,60.4793591667495
1,8089,254.47587980748355
1,8090,254.36855167563138
1,8091,56.82200062691396
1,8092,308.0654945978738
1,8093,55.348177396921855
1,8094,56.10741796329508
1,8095,331.7750818282673
1,8096,219.33878257653947
1,8097,38.56688054806571
1,8098,40.51094017448118
1,8099,193.8079320421353
1,8100,121.5645342436713
1,8101,47.65097339469005
1,8102,245.8455818877236
1,8103,239.93864991809986
1,8104,49.133888334774795
1,8105,325.41741053616647
1,8106,17.139525882062234
1,8107,47.22864422299011
1,8108,311.35692075959446
1,8109,40.92984524660518
1,8110,299.8844095860553
1,8111,368.1412183882242
1,8112,124.49837484839493
1,8113,348.5913497331733
1,8114,45.34513982060731
1,8115,275.3275255155387
1,8116,244.145525107159
1,8117,410.7325654424948
1,8118,198.1855595486362
1,8119,285.12433206227763
1,8120,320.6406466695346
1,8121,123.84987216594804
1,8122,294.28750742112106
1,8123,44.71940491615652
1,8124,426.3953782657091
1,8125,42.46921358189677
1,8126,40.29023288802
1,8127,319.4466906185005
1,8128,330.3189020151823
1,8129,143.36575796811246
1,8130,280.45890659473525
1,8131,220.58286034423037
1,8132,380.0890837703877
1,8133,43.160742856365445
1,8134,263.2971745231229
1,8135,82.61393240844083
1,8136,325.74590013661276
1,8137,271.2802584985652
1,8138,118.94490127649416
1,8139,301.2575173267966
1,8140,293.3703047503186
1,8141,196.23606807729612
1,8142,292.72547541989627
1,8143,172.15235444759185
1,8144,521.1795141770133
1,8145,310.12674820074733
1,8146,441.06093566550965
1,8147,497.42926434629555
1,8148,297.69675275668465
1,8149,40.004191504429684
1,8150,306.22651777930423
1,8151,277.6193664892944
1,8152,291.06838989409925
1,8153,319.02461947945676
1,8154,56.08615571232656
1,8155,325.0389431877545
1,8156,305.5711525584843
1,8157,306.5480709425791
1,8158,311.75460189459056
1,8159,343.5785353380894
1,8160,175.11797880021643
1,8161,275.3387606921339
1,8162,304.6069938493528
1,8163,309.91912554034434
1,8164,302.6026457816379
1,8165,269.22442474404033
1,8166,200.51506591974947
1,8167,315.1300789231806
1,8168,49.19323494551334
1,8169,279.36159202554967
1,8170,313.72322380319275
1,8171,194.5328692226327
1,8172,294.1243128027684
1,8173,54.4998763543703
1,8174,52.97277084195672
1,8175,90.81942357113313
1,8176,110.42180879469876
1,8177,282.2314132905042
1,8178,262.51451471956466
1,8179,54.87404015473456
1,8180,279.5012068431519
1,8181,62.84892602415649
1,8182,316.91722925707427
1,8183,261.8322796652974
1,8184,233.94325443656442
1,8185,48.21285979376955
1,8186,267.1337770199684
1,8187,41.01010304313798
1,8188,292.5656377043789
1,8189,46.04952714084092
1,8190,265.49152824214735
1,8191,22.57861084074917
1,8192,284.5989505500684
1,8193,249.39958662729873
1,8194,269.4827622137103
1,8195,274.1408228958472
1,8196,75.44299208049648
1,8197,147.1971296318809
1,8198,46.061120142939295
1,8199,292.6558479286884
1,8200,349.93498425492
1,8201,36.89178064105078
1,8202,257.5965573873081
1,8203,68.40381671978969
1,8204,56.313063638967904
1,8205,141.6680979622667
1,8206,39.89680706140369
1,8207,210.2962863939435
1,8208,44.95790130155251
1,8209,283.1881073756948
1,8210,48.03966778576718
1,8211,277.6166242155158
1,8212,167.09906368033626
1,8213,293.17274431237684
1,8214,43.448280111731684
1,8215,248.73884188303984
1,8216,192.80711438671824
1,8217,269.19056146449844
1,8218,76.10833640651606
1,8219,271.64323925829035
1,8220,47.18761428438287
1,8221,76.88334769421655
1,8222,280.37081871874307
1,8223,103.44642358319457
1,8224,264.1656338115034
1,8225,118.82635667814553
1,8226,45.64180067504431
1,8227,246.36185805799676
1,8228,293.978044260911
1,8229,276.72518507994016
1,8230,354.8434035180261
1,8231,204.44804757888497
1,8232,40.662724256940166
1,8233,241.2257138286006
1,8234,281.684903962047
1,8235,344.33880163948584
1,8236,262.78795360180806
1,8237,44.16117266181319
1,8238,302.6044709687132
1,8239,27.971980880763915
1,8240,278.9129438133021
1,8241,248.51984047181543
1,8242,34.505006134097314
1,8243,331.0327838188619
1,8244,44.00721718473036
1,8245,292.18139276131274
1,8246,652.7032769250704
1,8247,357.59700893044123
1,8248,192.17477144840683
1,8249,324.05970877823233
1,8250,260.38442566819924
1,8251,224.62240373284698
1,8252,351.78144227622477
1,8253,153.21149272280348
1,8254,279.45186144506795
1,8255,60.43484329702721
1,8256,236.1642448533009
1,8257,221.72298800947704
1,8258,395.01813968582826
1,8259,311.0547799466466
1,8260,52.551478455582675
1,8261,341.2845083861325
1,8262,273.27369769170986
1,8263,69.92370014695605
1,8264,286.7822903809158
1,8265,326.78153353978485
1,8266,62.63429167403284
1,8267,254.04990601707777
1,8268,339.4297849859378
1,8269,39.266682490711986
1,8270,294.45866955504346
1,8271,346.6855250207301
1,8272,346.0689124111874
1,8273,307.2276779427997
1,8274,310.12366716717776
1,8275,58.060570394570064
1,8276,264.57178092707227
1,8277,62.15094248405612
1,8278,367.02140988748215
1,8279,278.53978510805524
1,8280,309.57936937584236
1,8281,302.2965988093513
1,8282,358.0050944319963
1,8283,36.64192340413387
1,8284,257.21853550848476
1,8285,291.0790034052072
1,8286,39.53681524299003
1,8287,300.5422672761225
1,8288,296.763160146383
1,8289,75.81003725656244
1,8290,271.13118307730855
1,8291,47.80048506158421
1,8292,260.2178048232934
1,8293,207.53157345083315
1,8294,79.35869051103197
1,8295,200.81192099554346
1,8296,40.55236606753898
1,8297,206.06217170177388
1,8298,196.56075312949972
1,8299,296.7788169889989
1,8300,46.07198130555326
1,8301,255.78437543572807
1,8302,293.55964871396066
1,8303,49.120455770102346
1,8304,250.07487903168908
1,8305,332.7089340117129
1,8306,43.77560548107408
1,8307,283.87918683839894
1,8308,266.1833894810575
1,8309,356.1124445803638
1,8310,50.46750923221353
1,8311,197.55431042152873
1,8312,265.39085337327754
1,8313,212.80212386420965
1,8314,103.55143894149028
1,8315,187.84352303348697
1,8316,301.2343978530788
1,8317,310.9639115927614
1,8318,49.94558200970789
1,8319,295.6268783306905
1,8320,76.60478266986149
1,8321,122.67698413572342
1,8322,328.72220404373934
1,8323,40.14027807274167
1,8324,309.3308179689716
1,8325,46.016260541547695
1,8326,126.65503038604734
1,8327,123.69314048153697
1,8328,313.22629604281656
1,8329,44.97123540829961
1,8330,137.04843836386164
1,8331,293.3451443763507
1,8332,339.15876221095806
1,8333,298.9643152117281
1,8334,282.06130719378507
1,8335,199.4664458249844
1,8336,319.23026066208854
1,8337,270.5792998216058
1,8338,330.5953182470487
1,8339,312.83826897656115
1,8340,318.6944019453489
1,8341,364.4232083191194
1,8342,405.42875209709234
1,8343,65.4586655990929
1,8344,309.16942481785327
1,8345,66.06589749091748
1,8346,373.8797324530848
1,8347,62.7408644274327
1,8348,322.5209296049719
1,8349,188.99865990327015
1,8350,365.43017115841633
1,8351,51.311546455409946
1,8352,207.07944414617162
1,8353,338.6948453419753
1,8354,192.54666045013084
1,8355,327.8758805576347
1,8356,316.80614920831846
1,8357,322.9534119716799
1,8358,27.02025259983597
1,8359,282.0451335444882
1,8360,304.93478667438274
1,8361,337.4673313054891
1,8362,44.167479383773255
1,8363,274.86432531634995
1,8364,272.6059795103387
1,8365,209.29093829666442
1,8366,39.80012345491146
1,8367,298.06217923394036
1,8368,300.7615186877029
1,8369,278.91448492083964
1,8370,58.920069497252584
1,8371,386.0398541902276
1,8372,44.4886304725757
1,8373,188.96375172179245
1,8374,318.1078710068481
1,8375,240.74446614902968
1,8376,306.4933928032194
1,8377,50.11198304710835
1,8378,331.63930040754013
1,8379,321.8480042262973
1,8380,30.695573695183814
1,8381,252.9983774605277
1,8382,314.42834079092125
1,8383,264.7903034691967
1,8384,317.430211279657
1,8385,280.163615551494
1,8386,43.60022560727946
1,8387,269.35154927982
1,8388,183.9942269014074
1,8389,206.65238987429552
1,8390,217.48405922545356
1,8391,299.74029169370453
1,8392,46.6246728961171
1,8393,284.521730544853
1,8394,351.3747325594474
1,8395,50.44496409971348
1,8396,267.2164021142877
1,8397,268.3368872389435
1,8398,84.74233595970883
1,8399,341.2704870426579
1,8400,360.0260743664604
1,8401,342.900382141408
1,8402,72.40593313346453
1,8403,271.58850146676724
1,8404,137.7972251402925
1,8405,305.42773319022945
1,8406,64.31431577276484
1,8407,354.52090631268203
1,8408,133.78342365848226
1,8409,66.44137815060583
1,8410,114.82209692474916
1,8411,334.27733374184476
1,8412,61.54378419037714
1,8413,38.882736558006584
1,8414,174.3981050836848
1,8415,304.61055983702096
1,8416,554.2035398786157
1,8417,329.56001964634106
1,8418,60.29658956552221
1,8419,350.8106236783236
1,8420,60.65936975437437
1,8421,219.40060283941574
1,8422,123.50354440331444
1,8423,342.792817879468
1,8424,44.82000484114522
1,8425,332.3995236671289
1,8426,45.991934336407994
1,8427,282.15688755873106
1,8428,163.59186707187513
1,8429,295.0744446416224
1,8430,49.857534033485464
1,8431,250.11049902776267
1,8432,75.99185212547167
1,8433,315.7802617867461
1,8434,45.414151899074625
1,8435,313.38257723674576
1,8436,146.72689800390867
1,8437,281.1161393721746
1,8438,323.308877966439
1,8439,343.41408727901285
1,8440,43.886676305582455
1,8441,197.25415946016028
1,8442,319.03479909426943
1,8443,28.17296296543213
1,8444,316.1462532033799
1,8445,300.0753397328722
1,8446,277.8882323412664
1,8447,316.3749616116827
1,8448,49.11583572079351
1,8449,307.0178152338319
1,8450,314.47161248719203
1,8451,172.4252255885022
1,8452,309.0303673143355
1,8453,44.366173925961505
1,8454,187.4260940756638
1,8455,335.02468010278767
1,8456,43.78109033068414
1,8457,131.21022828709314
1,8458,316.8386128888915
1,8459,315.5992249023011
1,8460,318.6001648175507
1,8461,320.77291130148916
1,8462,376.9026857968223
1,8463,85.96987194622429
1,8464,268.99090538249703
1,8465,325.1265802181344
1,8466,98.35800023155471
1,8467,330.2718787509096
1,8468,65.4642911682119
1,8469,321.38481781605276
1,8470,188.40351017013336
1,8471,355.4605872948145
1,8472,62.081095474784576
1,8473,208.78935168612992
1,8474,350.01878544648685
1,8475,593.9962450881743
1,8476,309.6673763109079
1,8477,295.4470001234697
1,8478,67.46512151889358
1,8479,310.90003164986564
1,8480,88.3796277503609
1,8481,258.6449883276321
1,8482,327.57973639194006
1,8483,138.4841256790072
1,8484,53.83004944975719
1,8485,275.861482425193
1,8486,248.1080409677877
1,8487,260.57059083386326
1,8488,44.96107634410415
1,8489,276.36864743037233
1,8490,440.90520992004775
1,8491,29.775964364387523
1,8492,119.26020994793868
1,8493,210.50388343745692
1,8494,42.350293827497296
1,8495,366.67345090128254
1,8496,423.3400972260348
1,8497,49.30569837822252
1,8498,304.7455511746221
1,8499,292.67098959264894
1,8500,338.8062327289865
1,8501,39.30028177867013
1,8502,189.6753040619002
1,8503,342.3017984693679
1,8504,348.57236974280056
1,8505,330.74939480192364
1,8506,82.88128088067549
1,8507,305.7980357707599
1,8508,294.50515227031644
1,8509,31.98741514396762
1,8510,341.723041356428
1,8511,195.64616365664443
1,8512,57.724327907962355
1,8513,336.115880025922
1,8514,223.21747498194284
1,8515,267.32329055325
1,8516,106.45267492233647
1,8517,177.67984120448665
1,8518,184.11763969283885
1,8519,46.11826033725849
1,8520,432.0242261564908
1,8521,295.4530210142447
1,8522,344.5810037981029
1,8523,324.0070845390731
1,8524,39.958464437105825
1,8525,314.77666814032057
1,8526,47.24808818610565
1,8527,22.260303665701585
1,8528,355.05163121859334
1,8529,262.3540610750266
1,8530,78.42080998016908
1,8531,211.09633640182935
1,8532,241.26602319784513
1,8533,343.4728832166488
1,8534,39.41165710558831
1,8535,42.31562360631756
1,8536,379.3183711112318
1,8537,327.1496935611809
1,8538,318.66097668784124
1,8539,32.15421585318856
1,8540,291.2639192943089
1,8541,55.30098999368468
1,8542,354.08274623781904
1,8543,322.7275676006361
1,8544,264.46567199178827
1,8545,130.7040575609422
1,8546,311.02793342804114
1,8547,107.68285258640434
1,8548,50.13278955643223
1,8549,293.5641570266538
1,8550,36.18697880588059
1,8551,302.5769437663524
1,8552,310.5379162908268
1,8553,325.703820440306
1,8554,62.876793760368145
1,8555,278.66818139574684
1,8556,267.0761859346386
1,8557,473.86450731132834
1,8558,373.30085227205007
1,8559,99.5984318539699
1,8560,267.32468208017235
1,8561,141.4442270461564
1,8562,353.6050886050467
1,8563,52.80297709293875
1,8564,305.59281885242365
1,8565,318.3546973516336
1,8566,191.29138436321688
1,8567,340.2541638105936
1,8568,372.28434927491
1,8569,59.794360305679355
1,8570,343.9538532491372
1,8571,329.1776260863046
1,8572,67.33299275111487
1,8573,329.5382700965504
1,8574,331.1559214815
1,8575,236.7288166831674
1,8576,281.77927467228903
1,8577,134.33379535437322
1,8578,117.21315528258214
1,8579,270.4859457671114
1,8580,117.95706712751002
1,8581,307.40309787120117
1,8582,55.576958718449035
1,8583,295.1157303407037
1,8584,53.40651829864575
1,8585,303.8378216920995
1,8586,285.3906425649307
1,8587,68.55496841851613
1,8588,317.2512719455099
1,8589,44.05960641036761
1,8590,295.9284893583937
1,8591,47.58787977414552
1,8592,201.01062448966582
1,8593,271.50794504346237
1,8594,142.56332722059028
1,8595,54.97324952934292
1,8596,301.5556299837882
1,8597,252.7571345061557
1,8598,236.24137574857988
1,8599,335.16202161352163
1,8600,270.63179357198896
1,8601,49.52203349539583
1,8602,347.46962984982815
1,8603,249.80914488263457
1,8604,178.12565870343758
1,8605,217.75454569342588
1,8606,43.401163066660004
1,8607,330.17104603304904
1,8608,310.6979186605262
1,8609,342.30587740729777
1,8610,26.56749219527792
1,8611,353.38279367583004
1,8612,320.3289834243086
1,8613,56.25450854669849
1,8614,138.84733759554308
1,8615,348.3789026921622
1,8616,47.416858211301644
1,8617,303.7774842396235
1,8618,45.46285364755863
1,8619,175.81246547875278
1,8620,64.45341041114845
1,8621,328.63378703050165
1,8622,301.3200763521708
1,8623,77.09103714457567
1,8624,193.5424560890635
1,8625,112.00196671606666
1,8626,245.02117310622015
1,8627,300.41939807070094
1,8628,304.73961164258367
1,8629,142.2782450867201
1,8630,308.14318956475336
1,8631,44.98177958256326
1,8632,295.6165846184366
1,8633,314.9101178347098
1,8634,43.79265548036458
1,8635,309.14903512914594
1,8636,172.96664791302612
1,8637,310.8074216372404
1,8638,48.632627058414954
1,8639,341.2016413272426
1,8640,324.78626398681286
1,8641,48.31917149985473
1,8642,42.157230201261136
1,8643,357.797444621914
1,8644,43.59482415888198
1,8645,189.0104738368732
1,8646,325.7629756268203
1,8647,258.9851823690867
1,8648,544.1604245575979
1,8649,264.2198471661136
1,8650,292.5741720308772
1,8651,332.21822296834944
1,8652,379.7958331971861
1,8653,61.69591254162101
1,8654,54.18965026107756
1,8655,329.4837681820276
1,8656,343.20482915635716
1,8657,66.01493772048342
1,8658,297.69038255848415
1,8659,57.03154215364454
1,8660,357.8268123567681
1,8661,330.52422734987397
1,8662,59.7717210924978
1,8663,199.25709722932294
1,8664,62.394096166825925
1,8665,301.6650121524982
1,8666,344.1696024589494
1,8667,61.45269432674182
1,8668,321.85619768785546
1,8669,188.9777232525697
1,8670,333.284867969502
1,8671,36.00717773491034
1,8672,264.032008912297
1,8673,348.65371491241217
1,8674,320.16321691030305
1,8675,138.6420813096741
1,8676,46.404852248703236
1,8677,242.8690271575357
1,8678,291.8679606166631
1,8679,88.6064321926445
1,8680,340.75445111921596
1,8681,332.0544028545361
1,8682,339.5589740102188
1,8683,48.841727047585124
1,8684,233.79937873572538
1,8685,345.79224851007615
1,8686,313.24701629478295
1,8687,200.81466438526613
1,8688,346.9218566110419
1,8689,61.29099373533265
1,8690,132.92794008562402
1,8691,312.91880674892116
1,8692,60.161634312458105
1,8693,302.1343572525381
1,8694,74.6696490319903
1,8695,362.81551847378614
1,8696,91.86515911056871
1,8697,262.56583774487075
1,8698,140.0661318845577
1,8699,114.4838706351603
1,8700,286.07882013651147
1,8701,25.40320212473842
1,8702,113.75331338161328
1,8703,46.155276884515004
1,8704,242.3956969810642
1,8705,52.38366483646278
1,8706,213.18742649721764
1,8707,50.345210315496786
1,8708,289.81344077905806
1,8709,198.12143081668376
1,8710,50.392050138252245
1,8711,122.59755236360846
1,8712,256.1808356243475
1,8713,216.20131799234895
1,8714,86.74150036632697
1,8715,353.9485890019939
1,8716,39.159564780829854
1,8717,323.25266282276493
1,8718,303.4939056226207
1,8719,52.328388632922355
1,8720,246.93535432736843
1,8721,53.41827915822146
1,8722,94.61531299254139
1,8723,308.4796925400119
1,8724,49.780564143218676
1,8725,50.47293391229135
1,8726,303.62493438379033
1,8727,46.69869772095884
1,8728,268.0478963713315
1,8729,101.6186699592503
1,8730,47.6220002453711
1,8731,313.9243237772221
1,8732,305.0268505972273
1,8733,310.72868249633837
1,8734,240.8732862066467
1,8735,237.4833256144707
1,8736,324.0985750647561
1,8737,45.41871555427825
1,8738,325.22067501343446
1,8739,314.0264378605553
1,8740,42.183809002044555
1,8741,334.4706101203618
1,8742,284.49918121666246
1,8743,334.03658415593463
1,8744,131.6804131328923
1,8745,255.46545164421607
1,8746,188.60792468742557
1,8747,305.7937825876003
1,8748,306.2718208441492
1,8749,104.59320226486147
1,8750,223.84544341079823
1,8751,31.145957384644618
1,8752,258.6714033623147
1,8753,40.34696094290593
1,8754,130.38119882274634
1,8755,269.42870442507285
1,8756,133.77975196882164
1,8757,266.7823127810915
1,8758,68.16668217568304
1,8759,145.36744782184968
1,8760,75.5013726949094
1,8761,274.0603062905619
1,8762,65.24713952959209
1,8763,239.19937221681423
1,8764,75.82064910413601
1,8765,289.243295154737
1,8766,223.13810758851014
1,8767,53.334943118151415
1,8768,147.98855546929195
1,8769,264.29043609607425
1,8770,207.2238557308869
1,8771,96.15968745740804
1,8772,277.0550804016446
1,8773,61.442345485192426
1,8774,272.95435044126145
1,8775,283.1239254192828
1,8776,64.37422768103613
1,8777,126.31731231841084
1,8778,233.39807694589717
1,8779,50.642191455707206
1,8780,319.3286448236057
1,8781,48.49117034537322
1,8782,304.98929128047473
1,8783,307.98402009639176
1,8784,45.47867215770212
1,8785,273.3524443972075
1,8786,274.86295628136213
1,8787,50.80187629616512
1,8788,246.7729570113184
1,8789,52.11694809683674
1,8790,87.02488355984337
1,8791,332.24499759246925
1,8792,48.681416725623926
1,8793,50.736218769585804
1,8794,297.2849323185402
1,8795,49.45346511358729
1,8796,261.4234558113818
1,8797,100.52103111382806
1,8798,45.68525930897208
1,8799,296.56016713989226
1,8800,315.14343817585325
1,8801,39.15920525120229
1,8802,334.54724113668163
1,8803,316.9999221213044
1,8804,29.99313126528703
1,8805,251.49240927570946
1,8806,273.2158306164981
1,8807,302.6787562289478
1,8808,292.9595197748302
1,8809,238.4197112732031
1,8810,208.38532505363327
1,8811,341.4973827238774
1,8812,42.51889531548264
1,8813,321.6905358511698
1,8814,49.18427795414489
1,8815,48.91771322813061
1,8816,259.2292744900049
1,8817,39.56207730189371
1,8818,135.3158241566889
1,8819,253.6940096778421
1,8820,200.32469464331578
1,8821,210.42287666267345
1,8822,105.18310418347055
1,8823,108.12771831869628
1,8824,266.4621985483784
1,8825,129.33840273364186
1,8826,128.71431404203275
1,8827,337.8914517166352
1,8828,45.33379526076887
1,8829,76.516938973735
1,8830,282.0154170342604
1,8831,390.71283196389487
1,8832,291.56094941251854
1,8833,63.916492447894996
1,8834,347.55343076704617
1,8835,112.61738405123518
1,8836,380.63187252078257
1,8837,277.4686479424505
1,8838,379.85381646133885
1,8839,152.5395400939662
1,8840,307.9106565436009
1,8841,45.69153401767417
1,8842,238.19286368586177
1,8843,284.51962892250754
1,8844,55.564358811052706
1,8845,305.2923405554001
1,8846,60.25255265090274
1,8847,124.77901888987506
1,8848,439.5570270646478
1,8849,327.2952275347203
1,8850,257.238424161078
1,8851,61.250971907239006
1,8852,339.4040119302182
1,8853,170.28600797030725
1,8854,39.913343089521724
1,8855,291.51237795215127
1,8856,335.71760986446077
1,8857,48.52767568372438
1,8858,424.98062978401765
1,8859,45.46231600346287
1,8860,322.83997778599763
1,8861,30.516048925236724
1,8862,318.12332095970896
1,8863,203.3296423627168
1,8864,212.86746731730472
1,8865,307.92786662450226
1,8866,124.61181450710131
1,8867,184.83214675757353
1,8868,43.64042103795071
1,8869,311.46992206638737
1,8870,47.057557088619305
1,8871,192.5058145062103
1,8872,46.1552524872515
1,8873,205.49178451785752
1,8874,339.50061804369943
1,8875,44.62984929535171
1,8876,291.64175971904797
1,8877,317.058613085448
1,8878,25.071013590253663
1,8879,313.27621963775465
1,8880,44.84961377472537
1,8881,35.94768605292231
1,8882,419.5062093977394
1,8883,45.063952852603386
1,8884,40.4913715656187
1,8885,279.7396503315638
1,8886,277.406479798329
1,8887,44.106188454193784
1,8888,250.81225688383276
1,8889,281.25536764644175
1,8890,285.4484404848756
1,8891,297.87987881123195
1,8892,65.15731642773895
1,8893,350.4504481136999
1,8894,79.12883314770255
1,8895,227.26612018119417
1,8896,394.6451871714601
1,8897,293.7055326343799
1,8898,62.62011243181546
1,8899,336.0069869893912
1,8900,132.63214346809568
1,8901,66.51414965121461
1,8902,190.08912892672782
1,8903,375.311850608853
1,8904,65.87715050511564
1,8905,285.04875981622877
1,8906,336.81362966656206
1,8907,63.498459022563864
1,8908,131.79377317916172
1,8909,203.73876945425906
1,8910,300.4734759953848
1,8911,65.12187965844475
1,8912,210.65379235074602
1,8913,297.183540724031
1,8914,45.718084007455545
1,8915,54.51486590071803
1,8916,315.8996258157948
1,8917,336.8501249165238
1,8918,40.949971463176624
1,8919,74.01138642119795
1,8920,112.01680613411202
1,8921,191.7588936931881
1,8922,48.422453852322036
1,8923,132.89835920830464
1,8924,238.48486462763384
1,8925,44.12412352491988
1,8926,53.157543946440875
1,8927,249.94212667571804
1,8928,329.2271640555572
1,8929,204.87627423068795
1,8930,344.5052983073213
1,8931,85.75271387651308
1,8932,244.0573243572833
1,8933,330.38512145799166
1,8934,54.02333865474286
1,8935,336.459462738806
1,8936,43.915288361349056
1,8937,190.13117944186837
1,8938,332.62283675326006
1,8939,116.73621197430765
1,8940,312.5590685617853
1,8941,83.60947536859379
1,8942,332.97632155745754
1,8943,268.95952183859595
1,8944,46.619793278585576
1,8945,157.79437942176503
1,8946,232.73014883248555
1,8947,45.885220260199205
1,8948,358.47396137488226
1,8949,45.73379410409443
1,8950,271.3653132346641
1,8951,245.1997839965906
1,8952,332.0808659084499
1,8953,508.6746959267797
1,8954,50.29798478254895
1,8955,306.02528361162206
1,8956,175.48734223288673
1,8957,334.69339386806547
1,8958,283.2084159268261
1,8959,116.2417429926117
1,8960,311.45325535189613
1,8961,50.09837223839283
1,8962,284.9787571862714
1,8963,46.06899189568533
1,8964,358.7333585399771
1,8965,297.2290819667477
1,8966,50.2117914982952
1,8967,336.96752144553625
1,8968,53.200448944847764
1,8969,304.2773145884096
1,8970,43.87912641525759
1,8971,343.47167572551274
1,8972,310.93577727417113
1,8973,33.54797044295663
1,8974,273.5914944265561
1,8975,281.42639035743014
1,8976,307.44423397604567
1,8977,41.99472795133225
1,8978,249.934274461223
1,8979,40.60883582667826
1,8980,256.05073359640903
1,8981,53.60378512019855
1,8982,264.28466451022666
1,8983,477.89639199051874
1,8984,45.34766999916411
1,8985,296.3996159673364
1,8986,302.2603241171039
1,8987,351.61042735854915
1,8988,47.203875356775384
1,8989,332.8741577704628
1,8990,279.320312003057
1,8991,81.29949037306997
1,8992,130.34476928198904
1,8993,385.78235299946675
1,8994,496.2535299554234
1,8995,45.114311299082885
1,8996,287.3954660212388
1,8997,261.21848133410344
1,8998,283.10832847843915
1,8999,90.72020543968861
1,9000,282.20372414465055
1,9001,307.54920215736047
1,9002,153.1629296551602
1,9003,353.90971154481474
1,9004,306.7385831452551
1,9005,197.53396191660346
1,9006,322.7599117096349
1,9007,55.60775464417896
1,9008,290.9771975541718
1,9009,99.62890263021092
1,9010,50.010355736686634
1,9011,216.47090812675512
1,9012,136.596671411839
1,9013,251.03184092863208
1,9014,297.2932223213179
1,9015,323.4154804571869
1,9016,317.5763427705626
1,9017,78.22146003547793
1,9018,346.4358461135305
1,9019,39.89444218306341
1,9020,181.36301271833537
1,9021,37.89063510189905
1,9022,34.17256356434582
1,9023,230.26743597027652
1,9024,221.41288430837665
1,9025,42.21628672176548
1,9026,275.1829909240844
1,9027,76.65244103826976
1,9028,198.82514766653037
1,9029,348.4643831679985
1,9030,294.4843234094478
1,9031,124.16824146617267
1,9032,65.91294020564449
1,9033,354.5816304818783
1,9034,260.3377930761966
1,9035,285.5977061624631
1,9036,42.164403891763676
1,9037,347.2807912092069
1,9038,250.19404661771767
1,9039,217.33408681269103
1,9040,157.48564805790826
1,9041,220.66638876674506
1,9042,253.24918830911625
1,9043,239.67933299872251
1,9044,125.40627945442533
1,9045,276.94999711365426
1,9046,270.3684418150648
1,9047,36.56941904055138
1,9048,131.9994735722055
1,9049,183.45193678857225
1,9050,237.1974304065596
1,9051,309.3580700636052
1,9052,161.24902751546523
1,9053,60.68665580987515
1,9054,257.7168779836793
1,9055,43.575351771370926
1,9056,65.2805711658457
1,9057,234.40265833429325
1,9058,35.19161584418274
1,9059,241.9160248372611
1,9060,258.5593052519732
1,9061,25.43686962163852
1,9062,152.48358255191812
1,9063,283.2869464299814
1,9064,55.956282354939574
1,9065,193.258273515227
1,9066,77.84895816421098
1,9067,226.46832713032617
1,9068,74.82457045339153
1,9069,350.36833771532474
1,9070,211.82865785691854
1,9071,50.30888668250874
1,9072,259.85429118437077
1,9073,265.97136795588506
1,9074,37.885642497443676
1,9075,45.85322877352692
1,9076,244.08875750125506
1,9077,158.37059466040148
1,9078,282.73185578577795
1,9079,246.99612561326146
1,9080,237.2021003384939
1,9081,303.3373913487253
1,9082,164.94271601401465
1,9083,35.05899964786991
1,9084,153.57544199759855
1,9085,257.3669394579931
1,9086,325.6950436782998
1,9087,152.22809209388353
1,9088,279.15440729118257
1,9089,244.90264776875657
1,9090,42.103009668603875
1,9091,122.82640454544102
1,9092,24.086795227087187
1,9093,78.73301727632605
1,9094,320.9009257722952
1,9095,316.9148131792107
1,9096,224.95132665656263
1,9097,41.9943257442175
1,9098,107.80034749860593
1,9099,41.0908187621266
1,9100,304.6139953381814
1,9101,39.583585715659915
1,9102,152.8156929574848
1,9103,235.90621296420267
1,9104,276.5430824325087
1,9105,154.31605408907637
1,9106,317.64964113191274
1,9107,290.51766708466624
1,9108,38.8801449064547
1,9109,34.18922439233779
1,9110,289.6925749640728
1,9111,43.0665704280876
1,9112,41.145587644826534
1,9113,253.61663159942964
1,9114,32.1994118092018
1,9115,395.05102732731444
1,9116,44.61486485079317
1,9117,298.54993921427564
1,9118,244.68593643000406
1,9119,260.1367517051838
1,9120,98.49458195348794
1,9121,286.0078626032314
1,9122,27.504801109972995
1,9123,339.40034640734007
1,9124,98.79866546672135
1,9125,199.58471796313694
1,9126,133.36058314787837
1,9127,73.9756099797888
1,9128,380.1622753027881
1,9129,36.46122414068823
1,9130,125.52302140515742
1,9131,276.3486250004036
1,9132,103.80784160532747
1,9133,402.38804826668036
1,9134,50.577664432395046
1,9135,249.96820989392546
1,9136,262.457427847728
1,9137,126.43162105007796
1,9138,180.3839316802526
1,9139,347.5420444218138
1,9140,209.84176714806986
1,9141,96.25600439915286
1,9142,279.77453565539656
1,9143,268.12835638892847
1,9144,52.469674302651285
1,9145,220.12293310210433
1,9146,52.79086390138407
1,9147,294.1434305371157
1,9148,298.0359163914193
1,9149,120.4693301476253
1,9150,388.5494139738714
1,9151,126.4570833584675
1,9152,349.1308073512562
1,9153,314.2514173587151
1,9154,372.41667705386874
1,9155,302.2840557034274
1,9156,59.54120727611557
1,9157,113.01597174321029
1,9158,255.0264734749254
1,9159,249.51878723204055
1,9160,78.76675763721553
1,9161,264.05912778972265
1,9162,103.18770352461205
1,9163,314.22009687002634
1,9164,274.40598219613815
1,9165,217.12832566089668
1,9166,65.71428722677297
1,9167,24.17277300858939
1,9168,319.668099454243
1,9169,266.64902455814024
1,9170,37.90326370930432
1,9171,282.90392300637063
1,9172,82.02874027263036
1,9173,361.27061523968496
1,9174,292.1565079190498
1,9175,38.16788719679321
1,9176,257.52657699916364
1,9177,142.3897143251346
1,9178,259.0381059603569
1,9179,38.60969018949544
1,9180,320.5800755158709
1,9181,41.283504710138345
1,9182,416.3965692432886
1,9183,40.41620837317507
1,9184,193.32124881618242
1,9185,185.75840311258366
1,9186,121.06831499760725
1,9187,243.5120769027062
1,9188,307.96861950527557
1,9189,38.409269384634015
1,9190,329.9031431527619
1,9191,142.58039904831216
1,9192,311.43662328373017
1,9193,250.9426568295343
1,9194,112.76049970480048
1,9195,146.76979744237914
1,9196,100.60560357022128
1,9197,302.8639940102053
1,9198,355.85235746266846
1,9199,42.909882667551564
1,9200,263.7958513705736
1,9201,28.4146714303723
1,9202,86.02088529942655
1,9203,357.746690564334
1,9204,108.57874827738905
1,9205,107.79246277066386
1,9206,98.9599149774777
1,9207,137.39057485856642
1,9208,238.194445854651
1,9209,33.074791006606695
1,9210,287.68026608745527
1,9211,81.01807790536635
1,9212,353.69168401050877
1,9213,38.702041134903595
1,9214,79.01800681905289
1,9215,96.49385259211539
1,9216,37.209178600690194
1,9217,113.26383010890297
1,9218,42.62720986615495
1,9219,82.56150233255262
1,9220,265.8446091228684
1,9221,44.21151720570922
1,9222,268.03989396846913
1,9223,317.529052595975
1,9224,111.66315305887603
1,9225,58.64608754301672
1,9226,294.0259257052034
1,9227,261.90810085775036
1,9228,33.4404034312565
1,9229,290.8878488477892
1,9230,34.94826680479534
1,9231,272.9719994807635
1,9232,42.984543142812655
1,9233,128.74678815796673
1,9234,380.8772473936689
1,9235,331.1070682935399
1,9236,40.41707097987046
1,9237,181.57295563690298
1,9238,120.7803922700881
1,9239,267.26066807432915
1,9240,37.55958481261537
1,9241,277.19360686639175
1,9242,43.424797984003575
1,9243,262.7930386953258
1,9244,41.7692153791057
1,9245,192.62283352904024
1,9246,156.39158078198471
1,9247,332.9559614678668
1,9248,292.44709884813926
1,9249,57.00546643744778
1,9250,238.21361577716323
1,9251,248.3315790268852
1,9252,278.34991367625173
1,9253,347.1099087332971
1,9254,131.668264292986
1,9255,336.79937140941354
1,9256,49.306860239157814
1,9257,362.00009088658555
1,9258,60.70489345614973
1,9259,347.2961213555076
1,9260,55.27941635718497
1,9261,273.42290118408
1,9262,51.60573322256885
1,9263,93.42840360765676
1,9264,279.75968164255426
1,9265,54.84003251438679
1,9266,63.297998694103356
1,9267,83.04483258563329
1,9268,173.8257837114944
1,9269,44.434694366549536
1,9270,112.30973308699052
1,9271,38.61907676567216
1,9272,277.42277467421275
1,9273,97.2727993127223
1,9274,85.63492411928954
1,9275,301.6157409026515
1,9276,99.5297518647218
1,9277,42.1544100932054
1,9278,294.4380684802677
1,9279,261.8821672885761
1,9280,58.16201821942887
1,9281,118.42677215356555
1,9282,37.753872239066325
1,9283,233.24455941223917
1,9284,218.50494072302692
1,9285,106.80658335868324
1,9286,328.7418113778032
1,9287,47.29087743048916
1,9288,81.30979223517146
1,9289,356.88130224592084
1,9290,267.7253744913852
1,9291,66.11937712680155
1,9292,268.22629002972
1,9293,41.237595943962305
1,9294,234.12785918541192
1,9295,42.08044080936466
1,9296,298.9214708298487
1,9297,333.69140701887983
1,9298,40.55422526550709
1,9299,304.4030561219085
1,9300,40.29906715036541
1,9301,231.33372112425695
1,9302,273.0741588884299
1,9303,347.7724568247662
1,9304,43.73197249104179
1,9305,255.8559878197629
1,9306,132.94473364624446
1,9307,33.95574336914782
1,9308,295.66923884376865
1,9309,44.27120593742504
1,9310,288.5744783315329
1,9311,40.61059791534695
1,9312,272.63278938139723
1,9313,108.5704504762302
1,9314,12.95722749513067
1,9315,288.7819585488211
1,9316,309.8283050314651
1,9317,247.40254670927484
1,9318,31.19794508601881
1,9319,64.55476974789511
1,9320,309.1977676040081
1,9321,255.19669600809613
1,9322,64.38346571198304
1,9323,263.3435360934457
1,9324,113.54094411551026
1,9325,114.66048809333162
1,9326,428.9859191440001
1,9327,95.00996485023623
1,9328,45.64069620520902
1,9329,307.8609626583688
1,9330,180.86426235967633
1,9331,343.30584138144786
1,9332,42.363164254385836
1,9333,297.4796245051671
1,9334,143.34814427170397
1,9335,297.22980134738515
1,9336,40.687921452385865
1,9337,270.8190296385976
1,9338,255.2199831351017
1,9339,340.3405066831174
1,9340,338.18045053183045
1,9341,317.99071613133924
1,9342,57.17199868963212
1,9343,133.47715874977018
1,9344,77.9816421813599
1,9345,210.09949696898389
1,9346,138.4080768707433
1,9347,290.0209439450728
1,9348,50.654247557925316
1,9349,242.48924467848494
1,9350,92.38466248506951
1,9351,300.84249325216626
1,9352,60.03203109196727
1,9353,273.4099109889082
1,9354,219.27395215738179
1,9355,47.81196816068144
1,9356,322.4754049230306
1,9357,217.0755530560075
1,9358,226.8184777964384
1,9359,325.7487794706948
1,9360,41.394856469258
1,9361,280.33685572080026
1,9362,293.4504372066968
1,9363,221.39408570695383
1,9364,454.802869772864
1,9365,111.15233307849863
1,9366,279.9622574004012
1,9367,36.951837836569375
1,9368,251.4854049972603
1,9369,224.84888273770014
1,9370,116.59104621016154
1,9371,47.34023537449129
1,9372,268.19171354655737
1,9373,239.7190202345085
1,9374,257.8559408613428
1,9375,212.16363069164245
1,9376,28.264284944230784
1,9377,279.2661028675319
1,9378,234.16366825357042
1,9379,29.223479118840256
1,9380,284.4605634770381
1,9381,268.75409475485617
1,9382,167.6804888777838
1,9383,177.77461277529233
1,9384,290.5484806866607
1,9385,321.88071083314065
1,9386,115.72048417632863
1,9387,31.99160387256648
1,9388,364.2155330392666
1,9389,39.761387827274845
1,9390,371.7342403079465
1,9391,37.2566385827844
1,9392,341.3903021925716
1,9393,37.66774204329133
1,9394,56.764321482099575
1,9395,257.0599936603792
1,9396,281.5058527085839
1,9397,44.606604682658954
1,9398,160.57631306883457
1,9399,27.88395887229798
1,9400,247.56185475225664
1,9401,89.99767838243494
1,9402,114.71873030761799
1,9403,118.34530112053301
1,9404,237.42287235920062
1,9405,343.21187154494305
1,9406,64.07258548815781
1,9407,45.1045419430171
1,9408,80.56125325122278
1,9409,328.3792754295403
1,9410,34.095252566204735
1,9411,271.7440843421142
1,9412,146.2114563969287
1,9413,309.4909198613383
1,9414,69.1868478266833
1,9415,268.5899792785755
1,9416,193.12369782136133
1,9417,370.0190973062988
1,9418,96.74147587729075
1,9419,45.92226820841431
1,9420,323.8318357029108
1,9421,118.96285122513814
1,9422,362.66696076266373
1,9423,257.5433228372239
1,9424,163.7073223305563
