subtaskID,datapointID,answer
1,0,340.3974240675842
1,1,103.05406768271632
1,2,346.9812376295208
1,3,102.51388214332903
1,4,431.5183235856998
1,5,47.101396517144735
1,6,373.3761952840305
1,7,245.895073711244
1,8,244.82843886639677
1,9,298.92656766660264
1,10,223.21780075337722
1,11,44.47534340896734
1,12,258.6656627506725
1,13,274.5960145487028
1,14,66.25803619565758
1,15,277.6115319889159
1,16,135.80570402346933
1,17,142.8339585751903
1,18,306.5791266183647
1,19,407.6717505011655
1,20,61.53755013697108
1,21,149.24932711396565
1,22,292.8498254639352
1,23,217.80577786249904
1,24,277.37663586282576
1,25,40.0657510910878
1,26,236.96693927690688
1,27,129.4169176568093
1,28,49.079238575711585
1,29,56.988075770920204
1,30,308.5932602843196
1,31,54.042498782855006
1,32,210.11445192710633
1,33,355.0419772827163
1,34,23.253588193068296
1,35,281.58474183584474
1,36,56.845696984546876
1,37,324.6543610929569
1,38,78.32781411212444
1,39,260.619725641795
1,40,53.099641140340445
1,41,327.2566944420655
1,42,126.12367737649191
1,43,217.03768137869872
1,44,293.43461748981247
1,45,43.480273853577046
1,46,187.20972612530844
1,47,278.25927210861073
1,48,76.56981088172985
1,49,196.62960764013232
1,50,107.48226413039869
1,51,273.98976252641256
1,52,255.25464895260512
1,53,41.283989563202624
1,54,261.70366139138474
1,55,204.13537518752128
1,56,194.10810144229305
1,57,270.6607096531961
1,58,81.15325805588333
1,59,356.463388427112
1,60,60.56576340601039
1,61,179.86267008449778
1,62,52.64066203718776
1,63,320.4878258705413
1,64,213.51575783446418
1,65,276.4338421971142
1,66,47.562775369850854
1,67,240.48454796174877
1,68,131.48657310485922
1,69,320.1399821605819
1,70,54.65131912971386
1,71,362.74936349367397
1,72,51.8986472326475
1,73,290.2901771304058
1,74,295.76450087365197
1,75,311.7520632894918
1,76,214.5152555757502
1,77,85.87693801931789
1,78,56.951421877303744
1,79,291.93402389607036
1,80,58.90182519443568
1,81,361.72395030501065
1,82,167.26141021917243
1,83,255.10745299986198
1,84,58.43352400798489
1,85,275.74122588977457
1,86,115.27679801637159
1,87,150.80275603798174
1,88,261.19884058102207
1,89,242.92490952640753
1,90,465.56164633346236
1,91,38.764246384506386
1,92,137.30338197744018
1,93,307.24450077851736
1,94,314.25854529372305
1,95,421.7154018917619
1,96,380.3456392018746
1,97,408.3387808129629
1,98,384.6806383148943
1,99,43.197755098061805
1,100,393.39060226173933
1,101,66.77209684440636
1,102,371.67942427194953
1,103,179.8095401526694
1,104,340.10977078524206
1,105,78.4271992286839
1,106,214.40161157228295
1,107,237.69756539859736
1,108,53.65026836787534
1,109,236.99022676037896
1,110,363.4122864896746
1,111,62.91922286813111
1,112,347.65490221150674
1,113,63.723645160098485
1,114,140.2467652584818
1,115,320.41793488147357
1,116,371.797668998385
1,117,349.4285756107784
1,118,159.3281481886516
1,119,42.16594001192148
1,120,108.01767550060592
1,121,53.58023521292382
1,122,214.43271424568908
1,123,274.76372625482264
1,124,312.11103835837207
1,125,129.086234037892
1,126,356.2935399122689
1,127,56.29380575681391
1,128,233.9186665057362
1,129,152.7815299794403
1,130,307.0944671015826
1,131,58.71811432099831
1,132,270.10843732070384
1,133,58.737390862596826
1,134,190.716766522177
1,135,42.47287487788748
1,136,258.1883427535936
1,137,291.8485533128429
1,138,324.3284535550945
1,139,341.18235400627464
1,140,304.59859522775434
1,141,232.67008059787472
1,142,97.01485686939859
1,143,287.2829824154496
1,144,365.94594687156314
1,145,333.25537323446514
1,146,58.52997064041205
1,147,331.89826121224996
1,148,32.382292330348214
1,149,322.42461252706744
1,150,229.81216181456114
1,151,49.23054295242739
1,152,219.41640037390187
1,153,337.87249557428345
1,154,171.44317491983352
1,155,329.4919929317507
1,156,340.7497615925243
1,157,354.31375463196315
1,158,338.905910569037
1,159,154.67180708194846
1,160,155.18902125086592
1,161,339.43230578402336
1,162,254.3131522660379
1,163,283.51287677967
1,164,232.86450787605676
1,165,136.50345284399395
1,166,335.8218486458038
1,167,54.5612724393161
1,168,360.5724162194218
1,169,274.69269594710113
1,170,278.04318928853445
1,171,369.38166006101085
1,172,376.6876769775271
1,173,58.66396488401698
1,174,281.4092735422977
1,175,87.91968156638406
1,176,324.8093658418363
1,177,65.36817560242005
1,178,297.83051470457383
1,179,82.61790434197567
1,180,325.9444126485056
1,181,279.0632044813773
1,182,60.10463937501061
1,183,377.53112432361286
1,184,274.4282531051143
1,185,314.61316426580777
1,186,341.4198292129107
1,187,336.1902661575511
1,188,56.05150958520919
1,189,264.80820433081647
1,190,54.98416268878937
1,191,256.36506829967675
1,192,341.9342317589011
1,193,52.81588611539459
1,194,154.0261158467041
1,195,268.61731489155136
1,196,57.271601931678426
1,197,196.634504047383
1,198,59.0008110449363
1,199,460.15289193021556
1,200,59.01073021150124
1,201,308.57250525264925
1,202,74.6234884296698
1,203,331.93202111531116
1,204,56.020634572546825
1,205,170.64426456348883
1,206,373.25931725274495
1,207,343.1976173037549
1,208,59.54610875358756
1,209,59.55177553859161
1,210,305.41226110253274
1,211,58.9390311186225
1,212,282.12524264747304
1,213,58.9390311186225
1,214,101.58279067487602
1,215,421.9144184451038
1,216,50.40134628494047
1,217,381.1927972721379
1,218,55.83921545147542
1,219,303.1004843246463
1,220,130.93451944048746
1,221,283.78605707336015
1,222,273.36685126450595
1,223,287.1252929057017
1,224,109.87566699401393
1,225,186.67353436970092
1,226,365.22982482124917
1,227,59.609986895328035
1,228,272.69186881939714
1,229,225.2144782524964
1,230,293.8868854660666
1,231,132.54461421250403
1,232,85.60029174555956
1,233,317.52750386456796
1,234,274.6539593569285
1,235,43.37226589586127
1,236,191.53930286217894
1,237,214.2669921012885
1,238,303.53180320789363
1,239,139.3339998210463
1,240,38.958317684290314
1,241,321.6750093950541
1,242,130.2726838034793
1,243,285.0171233170191
1,244,274.94046710588964
1,245,295.3492181506184
1,246,202.38103519470988
1,247,331.99492711945805
1,248,111.17096948601052
1,249,162.08431378097438
1,250,60.75380560058372
1,251,260.81716937996396
1,252,60.55312737339316
1,253,283.46736757428937
1,254,50.37298364590433
1,255,60.504841889079195
1,256,279.0422151903154
1,257,258.62303846397685
1,258,270.3679059333341
1,259,351.3498837869571
1,260,143.28604704959469
1,261,327.04394127502724
1,262,57.25484231648464
1,263,294.44799036906227
1,264,81.62730905132378
1,265,226.84165302019701
1,266,264.733403311669
1,267,333.0518926593553
1,268,226.84989899191547
1,269,398.28440385921414
1,270,418.7789859646208
1,271,290.51104056728826
1,272,425.70203727560556
1,273,448.57169753812445
1,274,361.35772964608213
1,275,246.6914340158986
1,276,69.7626710971713
1,277,341.7975246856848
1,278,66.96625525383715
1,279,281.6089966591934
1,280,316.3835862280266
1,281,347.6234569476627
1,282,42.82490116055952
1,283,354.23238941452655
1,284,349.7636640817001
1,285,269.21346559167773
1,286,333.6051098427629
1,287,364.30939843530007
1,288,89.38043244244929
1,289,79.51110330259976
1,290,55.57440573171296
1,291,259.2909671988588
1,292,280.01434242089397
1,293,303.1564953044892
1,294,248.43933479039987
1,295,376.61792942636754
1,296,301.35790304598834
1,297,249.11318866536374
1,298,350.24085420708366
1,299,38.627833571025576
1,300,255.9203033409924
1,301,309.07914396283593
1,302,324.08184854959075
1,303,325.25398895179467
1,304,355.60979864622556
1,305,52.73680962121556
1,306,273.30922726318596
1,307,359.7919112577165
1,308,74.44508875214032
1,309,276.4417989354838
1,310,456.80263629029116
1,311,399.18399778330064
1,312,399.6260716053221
1,313,332.3769402646437
1,314,71.85518876435194
1,315,329.50694278737177
1,316,326.0344426504222
1,317,300.93910320232396
1,318,87.46257583307877
1,319,262.37128963967467
1,320,276.95024932178467
1,321,327.961939915527
1,322,319.45869776701306
1,323,49.0871642612843
1,324,352.99853430520636
1,325,54.45027834787771
1,326,348.41338178749686
1,327,359.36980346507056
1,328,379.0828154897848
1,329,38.217373520873046
1,330,32.82561775052328
1,331,310.61779675112416
1,332,55.05688172474915
1,333,301.65993648785957
1,334,283.31906402430576
1,335,362.0508245988261
1,336,179.24221990579184
1,337,400.70458564421665
1,338,220.62979023980273
1,339,324.1805046066848
1,340,77.6240855599512
1,341,142.57224224853886
1,342,360.88336900324805
1,343,109.45297923264206
1,344,192.67081373345948
1,345,264.83959610778874
1,346,135.55823545743198
1,347,65.92368697623284
1,348,375.1330184471638
1,349,352.32103926780394
1,350,266.73827805349714
1,351,135.4444418993968
1,352,229.2037410273268
1,353,109.0882674138912
1,354,190.15039259640284
1,355,280.7622647521044
1,356,52.96648860933649
1,357,317.0571671145286
1,358,59.91910591031167
1,359,269.98743998368826
1,360,63.63665469624449
1,361,105.93087386437956
1,362,246.58796556153578
1,363,328.5253232307617
1,364,171.14427074971667
1,365,326.80218221957193
1,366,222.40721652581402
1,367,79.91623418124367
1,368,270.2555923279951
1,369,300.227175459982
1,370,87.7787740256023
1,371,265.6058467218812
1,372,267.15785959089567
1,373,336.3772617505254
1,374,270.16872943259443
1,375,280.1067773674878
1,376,56.22994678803085
1,377,390.3738772033478
1,378,63.357936129842884
1,379,248.3943162902894
1,380,55.29731551644413
1,381,262.59685390062424
1,382,219.4827613217271
1,383,350.88233059078925
1,384,58.91421956275008
1,385,272.4742724442713
1,386,662.1792331183058
1,387,474.85582180670684
1,388,380.533380691233
1,389,431.43939294161584
1,390,56.410083613360655
1,391,423.0920268886669
1,392,393.1558353802053
1,393,360.83506482719895
1,394,332.649826849168
1,395,415.25158101223474
1,396,97.63579717831331
1,397,74.68230382461383
1,398,475.75465656681394
1,399,313.49541215957686
1,400,408.8512585562703
1,401,377.84531313428465
1,402,321.582623049503
1,403,353.785595298131
1,404,359.5916652188512
1,405,201.0646585345331
1,406,362.22916398789846
1,407,261.7979531466177
1,408,537.6467174959157
1,409,338.49158905007835
1,410,276.52027708949925
1,411,383.1236883515993
1,412,61.33923088456484
1,413,349.4992104687378
1,414,345.6502923316626
1,415,325.45665440926797
1,416,476.890957363339
1,417,186.4990953434733
1,418,233.9899385091714
1,419,337.6493509995805
1,420,32.58397768865583
1,421,140.9937952340234
1,422,342.7460345267697
1,423,360.4498765525233
1,424,362.831835713617
1,425,272.2992178400054
1,426,325.5150565106835
1,427,316.43949761205994
1,428,59.022448818302166
1,429,53.47994862930263
1,430,486.4648421511686
1,431,176.30049137862628
1,432,314.393509946797
1,433,354.35161722888705
1,434,48.230715506370636
1,435,350.9417307067124
1,436,52.65680948248722
1,437,128.9151266506601
1,438,218.11018977055178
1,439,255.78058668260448
1,440,270.88375745615997
1,441,46.34489670541312
1,442,341.61678765380213
1,443,107.8289219004717
1,444,337.0107168203735
1,445,390.84329743160697
1,446,83.70228136183448
1,447,73.76392504602605
1,448,487.4288521696683
1,449,314.918490246645
1,450,61.27718945538675
1,451,349.84429392789644
1,452,316.50568345829555
1,453,374.8781082813713
1,454,64.30238040461296
1,455,258.5317532500004
1,456,60.18880076652668
1,457,363.3770494321128
1,458,152.13332003759126
1,459,356.7145749455258
1,460,323.8692813639202
1,461,337.4274718876751
1,462,287.4409277483514
1,463,500.76072620838625
1,464,313.56240885074766
1,465,392.02441113164764
1,466,324.01756148193317
1,467,521.7288949675251
1,468,38.992739881419055
1,469,252.1667361220699
1,470,54.96554935952688
1,471,347.8547467747248
1,472,355.58654990887175
1,473,38.94568677054624
1,474,267.98126262089403
1,475,55.287912510458625
1,476,271.76346836489813
1,477,134.99420332599846
1,478,246.76648052340892
1,479,58.116011915697705
1,480,379.2579083437024
1,481,58.15128662856277
1,482,324.74981188332583
1,483,49.23484542419316
1,484,53.51879814426651
1,485,336.1114687156916
1,486,169.1085061562406
1,487,328.20149617408987
1,488,311.5721528615293
1,489,286.02384257938564
1,490,339.163206453993
1,491,416.6448295635793
1,492,417.03958505828166
1,493,57.62431144979999
1,494,412.60252690404957
1,495,69.95232049162088
1,496,64.75036616148465
1,497,432.4454650798335
1,498,81.16613882109823
1,499,374.88006252705327
1,500,340.6781363910312
1,501,62.96787235401711
1,502,338.22743616864125
1,503,292.3382207121458
1,504,70.76944576519023
1,505,277.374283953351
1,506,66.69842031685194
1,507,380.4453467554639
1,508,361.71202999998053
1,509,329.9925058114235
1,510,360.3503211637714
1,511,171.09391948987172
1,512,286.3833495210428
1,513,317.0125162724646
1,514,295.83756967178425
1,515,318.60851884978973
1,516,299.4567451275957
1,517,196.49827560080243
1,518,27.55551247109012
1,519,163.00834069892525
1,520,294.7629760171666
1,521,328.3390821824402
1,522,55.59135012368574
1,523,190.83016189257597
1,524,356.10816610777374
1,525,41.11888018610797
1,526,355.8128514806498
1,527,74.80592683135731
1,528,313.7255258856886
1,529,322.1944235635506
1,530,133.6636262410513
1,531,58.51584067336124
1,532,248.4732079053241
1,533,59.81327251231784
1,534,302.4173279095397
1,535,246.33704703786594
1,536,343.1519141827395
1,537,326.53311056710413
1,538,123.26643215242248
1,539,340.6283952463479
1,540,479.90852920484474
1,541,341.5334272742772
1,542,314.3340422689671
1,543,90.37437110264878
1,544,281.072098488769
1,545,326.50950665615846
1,546,365.1913023812949
1,547,313.9107635865197
1,548,71.63688880750038
1,549,284.3639688408541
1,550,256.1848796790224
1,551,68.01658544896482
1,552,311.809339372362
1,553,61.604582794067596
1,554,66.27352332703167
1,555,364.89384764388876
1,556,197.83039848830802
1,557,51.453453163826175
1,558,56.12208155071537
1,559,188.3595178856891
1,560,138.6905738516778
1,561,59.77991120555262
1,562,229.01422282866542
1,563,251.59831426911742
1,564,59.10222420977906
1,565,338.0294650439157
1,566,22.82004695260196
1,567,59.405657587573174
1,568,319.9684343129944
1,569,50.65044177196795
1,570,310.53033996834506
1,571,428.495617848184
1,572,130.15269639507
1,573,347.88962921256024
1,574,58.86862942592313
1,575,277.6225221341377
1,576,244.23972147730842
1,577,449.24800112656783
1,578,194.65079860395178
1,579,298.2672282065337
1,580,336.4274979860056
1,581,135.6590036731308
1,582,314.6005946790814
1,583,59.277982739915856
1,584,471.04614328373225
1,585,49.37227651647256
1,586,54.6442150403322
1,587,337.5667807890311
1,588,345.65868829734836
1,589,161.51732300158153
1,590,261.3754756965886
1,591,215.67825801230407
1,592,358.0447810811769
1,593,59.10839796302293
1,594,273.37801027185947
1,595,78.14209567764965
1,596,313.4511364483244
1,597,309.9504691044872
1,598,123.55577664702665
1,599,318.9639285166149
1,600,291.89776014377355
1,601,197.0317626890673
1,602,307.17106130181276
1,603,171.87316439113303
1,604,477.9204205904407
1,605,324.85518364353015
1,606,483.6872786405225
1,607,460.0891565193368
1,608,288.44472391696087
1,609,54.785578271247445
1,610,321.62955870460047
1,611,283.4618911485994
1,612,300.93643863391804
1,613,351.007209265839
1,614,52.71051142575476
1,615,340.7690212007733
1,616,318.14533934847157
1,617,313.4360026486011
1,618,324.38114213478696
1,619,341.33897014770105
1,620,172.1415586744049
1,621,285.4603771767654
1,622,313.04618260524046
1,623,219.8292564442063
1,624,332.7310753752808
1,625,263.3163021827326
1,626,258.55290215727155
1,627,380.4906315031431
1,628,62.48444213435313
1,629,297.58873037278516
1,630,383.8547781923093
1,631,232.96517126890376
1,632,353.8448789723288
1,633,59.79554838181665
1,634,46.791203068288254
1,635,90.40534756266067
1,636,112.26401992641814
1,637,299.58853267283274
1,638,283.3631977544765
1,639,68.1973534819097
1,640,285.20316433795216
1,641,65.80729577108329
1,642,336.5894193034491
1,643,258.57149604459437
1,644,228.14740365767992
1,645,95.8560420970024
1,646,279.2317242173949
1,647,48.572597244091995
1,648,307.83593381458684
1,649,59.423481359545605
1,650,267.4095940148743
1,651,25.977145456167108
1,652,281.3447601721016
1,653,234.27132493647682
1,654,294.02374671078894
1,655,278.32426264966864
1,656,88.563610106789
1,657,160.589370155378
1,658,54.57611016343727
1,659,340.53125831887746
1,660,363.2053420956905
1,661,31.427769342159838
1,662,259.755765430864
1,663,66.77090380200806
1,664,57.42093289029059
1,665,148.77784319887536
1,666,48.38611210978951
1,667,201.4818732720522
1,668,59.2635496334815
1,669,293.19591700940566
1,670,59.35645851193534
1,671,285.1755330801512
1,672,169.0510203010041
1,673,314.70677278080177
1,674,59.28632834385873
1,675,270.38574562426936
1,676,207.65936246033186
1,677,275.8121920974356
1,678,86.26496231695064
1,679,274.7419674960611
1,680,54.86056694382317
1,681,86.36922606456342
1,682,299.7732591873039
1,683,106.22427104840062
1,684,271.22940100229584
1,685,127.81995779526184
1,686,55.62004095818112
1,687,232.55245154961784
1,688,296.60459330452125
1,689,298.21466560976467
1,690,376.1638566183308
1,691,212.42126802782337
1,692,49.5257064691012
1,693,237.75174518213936
1,694,290.34758605170106
1,695,379.642052849135
1,696,268.0867802792017
1,697,59.38246525332902
1,698,274.91718029446577
1,699,39.86334673353854
1,700,268.61178263583054
1,701,243.79916428636346
1,702,32.358190668118866
1,703,350.6597616685543
1,704,59.80268661856235
1,705,286.2045586515597
1,706,821.0102220287986
1,707,437.7602305153913
1,708,225.1668215186147
1,709,459.77935352045677
1,710,280.4358708786999
1,711,230.97036251137638
1,712,397.75328251905427
1,713,198.38635126883628
1,714,279.01436827523764
1,715,65.61095778695078
1,716,236.0453556205698
1,717,223.51446278925744
1,718,368.9647365423415
1,719,336.51139926561723
1,720,68.0980046182851
1,721,361.25623798613117
1,722,347.1271359308048
1,723,105.89943332728916
1,724,348.9658646231603
1,725,341.62444298026514
1,726,85.12742029659412
1,727,277.66217668463617
1,728,396.20720754800413
1,729,40.805109465657395
1,730,290.40546185374706
1,731,420.5915275182579
1,732,385.24479120153785
1,733,332.70401468543605
1,734,337.1996341568308
1,735,68.17069872010163
1,736,283.88285742633656
1,737,58.58536701352984
1,738,357.7327085211415
1,739,260.704863971646
1,740,325.98688840283955
1,741,331.1071307407268
1,742,379.95424444278456
1,743,51.585522574805694
1,744,258.9028696773066
1,745,295.5172797597053
1,746,51.07444600440046
1,747,308.7652617413495
1,748,309.96048138441824
1,749,82.09858970194946
1,750,270.586565854607
1,751,54.35435399528363
1,752,258.1159091173662
1,753,193.46379436945097
1,754,71.73201116343336
1,755,210.1527337928174
1,756,55.62421845203042
1,757,209.10508570726768
1,758,198.6696693035231
1,759,311.7555516582106
1,760,58.60021483745132
1,761,269.94224719217596
1,762,297.09834797555817
1,763,58.55368116566348
1,764,229.92652931338017
1,765,352.79275218376125
1,766,55.02921133702739
1,767,295.2143957889456
1,768,274.89629148935063
1,769,361.38663838267144
1,770,49.56559018870496
1,771,180.4160553011763
1,772,239.51422134995767
1,773,198.0264178764247
1,774,100.31318679694085
1,775,187.8418232191656
1,776,328.6043015126746
1,777,334.2552539396158
1,778,55.4287000774255
1,779,323.41459659073007
1,780,83.11188090679545
1,781,134.945767926389
1,782,353.761158263806
1,783,52.461710818011596
1,784,330.4738055548354
1,785,62.544389931414635
1,786,130.3836170316656
1,787,138.54432823466394
1,788,345.9874715620305
1,789,56.903858402268064
1,790,139.28928290033906
1,791,321.21176431543313
1,792,372.6082403586033
1,793,315.3499483463095
1,794,449.77076232224783
1,795,98.56698354584049
1,796,288.6590646700704
1,797,304.98807647081355
1,798,335.37993636946385
1,799,105.93308323492906
1,800,306.9157414958176
1,801,333.6998574524582
1,802,175.0315665850222
1,803,405.51068074960835
1,804,279.22263821283354
1,805,197.24935848143699
1,806,313.8262368094232
1,807,55.810501777642955
1,808,270.61287444797733
1,809,104.5995564371369
1,810,61.25443524079441
1,811,199.46065846580666
1,812,129.97126558205937
1,813,241.93430373593924
1,814,328.8439347835922
1,815,349.0243603934691
1,816,311.20663224365813
1,817,87.05494688671875
1,818,438.6533828779308
1,819,59.52113013260313
1,820,191.93354636571644
1,821,48.065198202682204
1,822,49.14325765043855
1,823,227.6866423871756
1,824,205.0953114251207
1,825,57.3557234836656
1,826,276.68295791447633
1,827,89.72222473073597
1,828,196.43984194868182
1,829,353.94930102184264
1,830,287.74976280710905
1,831,135.65594811917305
1,832,73.359612869539
1,833,354.6824006698989
1,834,246.15581832336704
1,835,298.43373791323097
1,836,48.976050219809366
1,837,318.5463713779758
1,838,257.22016723128615
1,839,203.676810866573
1,840,171.04455337630878
1,841,213.33714662812517
1,842,264.9485300587573
1,843,225.84196008967643
1,844,141.2538855084853
1,845,295.5544730050906
1,846,273.07054907005204
1,847,46.55704332856792
1,848,150.39393114539337
1,849,201.10018657287503
1,850,232.6841810983562
1,851,344.724882249103
1,852,171.72319953724295
1,853,72.26906562838757
1,854,268.01391830651795
1,855,50.027636801942506
1,856,76.73721757610343
1,857,215.74774383335284
1,858,53.34812857170772
1,859,251.8050322534633
1,860,244.73367380810544
1,861,71.37587847510741
1,862,172.35994533825163
1,863,304.41483092461436
1,864,78.00845847075529
1,865,226.7518857172346
1,866,78.52968332378052
1,867,242.56042864555755
1,868,62.76289630419808
1,869,371.4168601185661
1,870,194.24428330705078
1,871,58.99940775423349
1,872,290.5659755301841
1,873,263.6174778030952
1,874,41.542687000606634
1,875,45.01503030932807
1,876,237.2745142524508
1,877,153.90653005915664
1,878,273.30724075220814
1,879,250.19620455452628
1,880,223.16048335229084
1,881,353.73528608286426
1,882,173.3540362116724
1,883,32.809224830814216
1,884,176.56401428150957
1,885,234.60929101017533
1,886,345.94690063579094
1,887,175.80854387380685
1,888,296.164675733745
1,889,257.11131018348397
1,890,58.17140389293983
1,891,117.9676746180728
1,892,38.67589181652099
1,893,90.70515261489285
1,894,336.82468058065757
1,895,313.9340874260631
1,896,233.12791230680006
1,897,58.483369260661554
1,898,121.34923240686399
1,899,54.838071853083036
1,900,383.1404765676995
1,901,56.73767991303578
1,902,179.07981612520143
1,903,226.52535124355623
1,904,275.23166871451093
1,905,173.7358974418689
1,906,304.8965162123193
1,907,298.47978939989525
1,908,56.749926998607066
1,909,30.539287614819553
1,910,306.6830363684087
1,911,50.743343162229465
1,912,55.216099788689704
1,913,239.53213428746767
1,914,41.15489232475984
1,915,408.309275990681
1,916,50.006448735797974
1,917,313.4018618064057
1,918,233.8018207628819
1,919,244.455587040275
1,920,107.33247676791873
1,921,270.55495727541495
1,922,5.173871905382525
1,923,350.7600949153249
1,924,108.92777602436567
1,925,192.47587250125935
1,926,133.55028532345662
1,927,90.74481481874149
1,928,398.5813545323639
1,929,47.50751649390345
1,930,127.66519594348033
1,931,270.5478304450804
1,932,102.78548868596934
1,933,401.76260179641736
1,934,30.614470136424337
1,935,248.19223486160536
1,936,251.6259412714989
1,937,171.36646660612445
1,938,205.12106974646846
1,939,394.31202359467557
1,940,237.01618828498877
1,941,96.99010027941577
1,942,314.1055303502026
1,943,298.07547688042496
1,944,59.51888560204836
1,945,198.8015145830612
1,946,61.18112554522215
1,947,289.2607186631656
1,948,292.97347188523986
1,949,119.97683911311563
1,950,452.53126818715987
1,951,153.4518112054632
1,952,331.2362275294038
1,953,328.82669287497777
1,954,378.6846353048745
1,955,269.47276669452424
1,956,58.88369732546039
1,957,103.22835283907628
1,958,240.21097374732727
1,959,243.80270744915452
1,960,89.66719283536779
1,961,262.13215408494057
1,962,133.09007070492584
1,963,300.1650337583071
1,964,273.5629120184892
1,965,206.8496213087621
1,966,76.28207851060158
1,967,37.50321586204099
1,968,304.37178712672113
1,969,279.00203864636194
1,970,48.81893510944856
1,971,288.15526120046786
1,972,90.1687802844124
1,973,359.6672258822805
1,974,296.3172624915954
1,975,42.86296314124987
1,976,270.8785509034423
1,977,162.23209464690558
1,978,282.5347156453838
1,979,47.52597761215398
1,980,241.48293400008407
1,981,55.03967925492283
1,982,462.0508314946007
1,983,56.90133694335866
1,984,193.0049054712709
1,985,191.67414283943071
1,986,123.11454563232799
1,987,240.96582806918155
1,988,291.6585350723991
1,989,47.52093960827426
1,990,353.99208345388524
1,991,157.22421320252414
1,992,324.6905032312023
1,993,232.17399410112318
1,994,120.64920101995028
1,995,156.3625759794635
1,996,105.00639891003377
1,997,325.43801558781485
1,998,443.4787320745329
1,999,51.400310713741234
1,1000,278.1490235112357
1,1001,44.64951436123924
1,1002,90.83665254364445
1,1003,380.8157129391338
1,1004,132.62712647484005
1,1005,117.31909844354848
1,1006,108.74951407965912
1,1007,152.3196013037743
1,1008,225.59124547206116
1,1009,31.038709791106264
1,1010,295.9549881441006
1,1011,90.75927999268009
1,1012,389.5694860252604
1,1013,47.90141009650187
1,1014,75.67948482293565
1,1015,124.66808412004295
1,1016,48.04827810090676
1,1017,134.65113532328357
1,1018,58.57117103197024
1,1019,96.37482853716813
1,1020,276.36897188114904
1,1021,55.92558230403576
1,1022,292.11052920567977
1,1023,344.9002341581604
1,1024,121.9559450586064
1,1025,59.32776564770843
1,1026,273.3340025268809
1,1027,235.54774224922238
1,1028,49.79199025712318
1,1029,282.6198851829971
1,1030,31.04237824478909
1,1031,262.72861597589224
1,1032,54.612526292042894
1,1033,120.4899230228705
1,1034,462.22496673092365
1,1035,332.4699495988793
1,1036,58.90991469943171
1,1037,181.43862708977224
1,1038,111.69692776991153
1,1039,281.41302848660484
1,1040,51.59046813394786
1,1041,276.65578634640883
1,1042,58.88286182009821
1,1043,254.50259661653286
1,1044,50.78003657865027
1,1045,176.04693574742933
1,1046,221.93868241786458
1,1047,371.3484769213705
1,1048,323.19102486407934
1,1049,70.77623507277963
1,1050,255.47184669972222
1,1051,270.5052591729617
1,1052,300.875305016962
1,1053,371.8348566361981
1,1054,124.5612965141319
1,1055,338.2587955938128
1,1056,59.42496660762254
1,1057,373.2695327731676
1,1058,56.655689909589015
1,1059,379.2533697211395
1,1060,67.67897150804666
1,1061,254.42592901002126
1,1062,61.413452015020304
1,1063,90.10294086505348
1,1064,276.987694554621
1,1065,58.97364255319971
1,1066,68.0678447082674
1,1067,100.5566340513976
1,1068,177.6905283747151
1,1069,53.552176327942774
1,1070,111.38329211295041
1,1071,50.11943069793597
1,1072,265.06731747785904
1,1073,97.75073524354299
1,1074,100.64252386768177
1,1075,302.05419300835007
1,1076,137.94198298468308
1,1077,55.62734406479996
1,1078,309.66051812064126
1,1079,284.8278460850694
1,1080,57.155007995665265
1,1081,127.12534236978942
1,1082,49.55328872496425
1,1083,246.49069371945768
1,1084,259.84121233889033
1,1085,123.0876685269804
1,1086,426.6480311193578
1,1087,51.77258491053695
1,1088,102.72714573181568
1,1089,373.773369057924
1,1090,277.929518089613
1,1091,66.12547951690885
1,1092,281.66874864418014
1,1093,58.64178031729304
1,1094,218.39627487314004
1,1095,56.793756935266984
1,1096,299.463736919423
1,1097,347.60173371205354
1,1098,58.359724406550754
1,1099,325.9557160400813
1,1100,58.64914935873591
1,1101,211.2164754633548
1,1102,324.45531987881566
1,1103,351.2673050191357
1,1104,52.20422323697889
1,1105,237.49712484343362
1,1106,126.72955579325924
1,1107,53.36981727452575
1,1108,316.1248579629905
1,1109,51.59953890212142
1,1110,333.6521874173198
1,1111,56.308707794680096
1,1112,307.87424163387414
1,1113,138.6780635044109
1,1114,26.345532536125944
1,1115,283.8617826798536
1,1116,325.59251727296953
1,1117,265.6402354010741
1,1118,43.1239730171063
1,1119,66.15036369219013
1,1120,318.2175184819954
1,1121,262.64563419800635
1,1122,67.54766931214814
1,1123,289.2865389755399
1,1124,122.68184004682286
1,1125,137.5467114335793
1,1126,487.7333258820248
1,1127,90.9293773503619
1,1128,51.98022665224244
1,1129,309.0289870791919
1,1130,198.82379800199675
1,1131,374.7199164405228
1,1132,48.80958713922812
1,1133,308.86641769126356
1,1134,151.52041402302424
1,1135,286.9403531249819
1,1136,59.59216025870623
1,1137,267.3833679877787
1,1138,277.7550122201695
1,1139,394.08598098457264
1,1140,342.736176095518
1,1141,368.8690644593402
1,1142,79.32767368600216
1,1143,137.31060375494962
1,1144,91.72121930126383
1,1145,214.5209644607515
1,1146,148.63959127780052
1,1147,319.2082936668438
1,1148,63.564764602566285
1,1149,227.54222565090612
1,1150,88.04796823785733
1,1151,325.55806715277936
1,1152,58.68388984940984
1,1153,272.14519433441126
1,1154,218.80004695221402
1,1155,59.5018020641847
1,1156,326.0188052078626
1,1157,200.37907527399437
1,1158,225.96979656613354
1,1159,328.91825674604087
1,1160,59.648611524764675
1,1161,291.72998695327266
1,1162,300.1526493464419
1,1163,208.03556246384593
1,1164,518.8001799094752
1,1165,125.58611000242678
1,1166,289.04155525026243
1,1167,55.13982582237021
1,1168,267.24360470519366
1,1169,223.44005224747852
1,1170,121.70992331967918
1,1171,52.75266271727274
1,1172,285.2169956969934
1,1173,251.8755462857759
1,1174,256.77960024246886
1,1175,214.80381878860032
1,1176,29.845380537131526
1,1177,256.8807971223381
1,1178,231.97456809992917
1,1179,46.028205912767255
1,1180,292.53600534388613
1,1181,298.20665650626245
1,1182,185.58174134517662
1,1183,181.1445779892532
1,1184,287.1069929604671
1,1185,396.11804866299985
1,1186,120.76178246432899
1,1187,40.98094124634585
1,1188,378.26208557065854
1,1189,57.76014056488991
1,1190,352.6725078551486
1,1191,48.494886052071124
1,1192,339.90005578342596
1,1193,48.5181860854223
1,1194,59.176433559309686
1,1195,252.89159022953925
1,1196,324.00554792077673
1,1197,51.69518622401925
1,1198,175.49980860646738
1,1199,46.655388513242954
1,1200,259.8137657820015
1,1201,99.8234319075662
1,1202,136.61330448592994
1,1203,135.75071785502897
1,1204,237.369616068371
1,1205,362.6037956457676
1,1206,77.48269124402603
1,1207,51.5014647318396
1,1208,95.43080977550173
1,1209,341.7267563335071
1,1210,44.045782306287926
1,1211,277.018811546705
1,1212,175.41361137766825
1,1213,310.9846386148511
1,1214,79.41852881629535
1,1215,277.89956813324045
1,1216,200.16536539711163
1,1217,377.35213181311497
1,1218,107.686181310677
1,1219,52.60501013898232
1,1220,349.23755287924996
1,1221,126.49623073556347
1,1222,355.6658495441368
1,1223,238.88300596029302
1,1224,182.63279593745585
1,1225,235.8492238061026
1,1226,248.23114036895117
1,1227,361.0550682638984
1,1228,275.84475337973333
1,1229,351.1935450565362
1,1230,276.4088430408136
1,1231,314.03010463798677
1,1232,370.86930397278525
1,1233,381.61720007504795
1,1234,56.99297373790039
1,1235,303.182795050172
1,1236,50.48108869369302
1,1237,345.4075877225697
1,1238,64.39829369276008
1,1239,341.002644420695
1,1240,169.97435504757487
1,1241,336.8560636587769
1,1242,58.31670585484022
1,1243,170.81756890612706
1,1244,350.76202434870055
1,1245,157.8227517656783
1,1246,296.2199554329064
1,1247,293.2630506960425
1,1248,285.44389115637546
1,1249,11.084014064303952
1,1250,277.7494050813335
1,1251,281.9875251116812
1,1252,342.9252928343227
1,1253,54.72552262427702
1,1254,274.6919867718972
1,1255,293.7459955491677
1,1256,206.9573953140224
1,1257,47.613690981444684
1,1258,310.0823663920567
1,1259,282.1743303426107
1,1260,272.0454953354108
1,1261,54.03538332466522
1,1262,373.4162638200189
1,1263,53.69294455714156
1,1264,165.75254589285942
1,1265,334.1637190615295
1,1266,250.8054835320395
1,1267,328.4484371703429
1,1268,58.235561830743706
1,1269,312.50304871493177
1,1270,313.16111790901766
1,1271,27.07541381537566
1,1272,249.50620476272084
1,1273,363.8596452928323
1,1274,275.32805013447535
1,1275,320.22859730152186
1,1276,276.8023209153362
1,1277,46.70019318360881
1,1278,268.0225446176015
1,1279,179.27076242915584
1,1280,202.6607218511291
1,1281,202.91188995122775
1,1282,297.92430852720634
1,1283,53.753905610929934
1,1284,317.8812641260281
1,1285,334.59736214700774
1,1286,48.53038029167509
1,1287,258.65760303949
1,1288,294.14097278930706
1,1289,86.3972726036192
1,1290,295.6868954368756
1,1291,360.83268911540654
1,1292,421.7574349609029
1,1293,93.65040678431109
1,1294,295.34278990708066
1,1295,171.8023666706863
1,1296,303.1414956676423
1,1297,77.87776496048502
1,1298,358.40400883610164
1,1299,128.87011373034062
1,1300,68.249382974573
1,1301,95.98736045987788
1,1302,310.83629513738936
1,1303,65.08783212601395
1,1304,24.490216289698985
1,1305,176.72723434021748
1,1306,293.83572067383295
1,1307,595.5560376027487
1,1308,369.3784288585325
1,1309,62.05773375100671
1,1310,341.7357022375976
1,1311,61.22414932298847
1,1312,215.44719889505438
1,1313,122.15280909859464
1,1314,365.37693228759264
1,1315,42.188842941350494
1,1316,312.356215340516
1,1317,50.08749867381229
1,1318,315.3210296718672
1,1319,168.8986012335553
1,1320,336.28452080213776
1,1321,56.46996350691127
1,1322,243.74600732490836
1,1323,98.49469413698694
1,1324,317.92862547058405
1,1325,49.721100947944706
1,1326,340.2289509976349
1,1327,149.55181116802254
1,1328,289.2970694248665
1,1329,332.1928102288141
1,1330,330.1326333534179
1,1331,52.79972459566876
1,1332,168.04309531581237
1,1333,341.833775445163
1,1334,12.015141207793897
1,1335,321.00173579364184
1,1336,288.11343432255126
1,1337,284.6966147211667
1,1338,294.2988344754683
1,1339,55.9594518749922
1,1340,325.8451971613836
1,1341,286.3320057972206
1,1342,172.1127447774466
1,1343,322.7414567657419
1,1344,50.21459317088055
1,1345,171.4506383479864
1,1346,335.82722856441956
1,1347,47.64635395284856
1,1348,139.68495090155642
1,1349,336.38278441084515
1,1350,328.3335536940525
1,1351,333.27832648145977
1,1352,328.06392333767997
1,1353,394.38000481572965
1,1354,109.06800300852419
1,1355,262.3314252450473
1,1356,322.5560076402418
1,1357,91.1707841445313
1,1358,362.24452477689186
1,1359,65.17741724233683
1,1360,346.120123523462
1,1361,173.76317236955435
1,1362,358.3861182259817
1,1363,59.455572057548196
1,1364,180.73420893858201
1,1365,352.74764910246444
1,1366,650.9705248781963
1,1367,295.5894064756848
1,1368,302.9571784765153
1,1369,60.8984506959094
1,1370,316.55460698971444
1,1371,77.10342252186656
1,1372,262.82612789714216
1,1373,330.28588085546994
1,1374,130.2780289369466
1,1375,55.51052614472271
1,1376,297.57327967156874
1,1377,254.57134502958638
1,1378,216.41166373227563
1,1379,55.120281574142155
1,1380,276.40903760473816
1,1381,494.06093965115804
1,1382,28.14778639939383
1,1383,113.63527189922156
1,1384,181.0947470158497
1,1385,32.86611936995642
1,1386,432.73910010932025
1,1387,503.0289314101701
1,1388,56.92692154490955
1,1389,326.467230719883
1,1390,261.40229897999996
1,1391,330.22360517625475
1,1392,41.91317774209682
1,1393,167.9560389680297
1,1394,380.07351581958926
1,1395,379.11742503457674
1,1396,335.16528243702226
1,1397,64.03488845359087
1,1398,322.1067942794772
1,1399,294.1647758415237
1,1400,25.646858532388862
1,1401,311.1110874693004
1,1402,191.29662028583482
1,1403,51.016127142471504
1,1404,323.3407038652193
1,1405,213.09752013201035
1,1406,275.6258684855356
1,1407,104.21089348224228
1,1408,173.53559798350108
1,1409,183.35283094665726
1,1410,60.18401725518538
1,1411,386.2574283306147
1,1412,259.93914949777286
1,1413,324.88739647223537
1,1414,318.71255128017344
1,1415,31.328084949426703
1,1416,279.50001706653416
1,1417,47.88981594429049
1,1418,23.87471563169894
1,1419,340.0433459437937
1,1420,239.57156601870508
1,1421,79.85720067102315
1,1422,219.08445347039287
1,1423,236.5428135618869
1,1424,353.0546772901671
1,1425,42.83040191302709
1,1426,30.946579365746032
1,1427,337.3941002008527
1,1428,321.64379697768265
1,1429,315.78194042022903
1,1430,46.070073669192084
1,1431,273.86694957543114
1,1432,56.07379551725738
1,1433,366.91887935165136
1,1434,340.1653836863509
1,1435,267.7673217126054
1,1436,123.97938636522727
1,1437,280.30816223317447
1,1438,104.73534728303092
1,1439,30.978003536113093
1,1440,286.75636435955744
1,1441,42.59935218734982
1,1442,331.2180062215634
1,1443,307.9280416166955
1,1444,300.2054470237819
1,1445,57.51288594710038
1,1446,280.135596029128
1,1447,283.42754626983
1,1448,575.8668828642647
1,1449,396.1489034878543
1,1450,94.6088725347003
1,1451,264.8018384675213
1,1452,147.42678249378915
1,1453,369.51859764797985
1,1454,56.23624222445085
1,1455,265.5377437335477
1,1456,346.14023445791156
1,1457,174.36125612184162
1,1458,387.2446802860983
1,1459,330.8871455558635
1,1460,63.61718482015918
1,1461,323.20325120817495
1,1462,354.8979412525381
1,1463,64.26059080432752
1,1464,332.52746036772305
1,1465,374.249710368827
1,1466,263.3324824676355
1,1467,225.48110463564356
1,1468,142.05477495649762
1,1469,127.13402058057491
1,1470,291.8816100308418
1,1471,133.47586321969484
1,1472,330.5363053587002
1,1473,55.78647773544332
1,1474,374.80965178525037
1,1475,57.51912796068665
1,1476,329.594911334832
1,1477,252.78218700001565
1,1478,88.06306563802524
1,1479,323.64759501521735
1,1480,44.64509228964356
1,1481,330.907987798232
1,1482,56.757317738980625
1,1483,214.26267982129102
1,1484,295.04023147861324
1,1485,135.45195735596815
1,1486,54.91290117921895
1,1487,302.0769982113471
1,1488,265.84691495850274
1,1489,224.0899918166627
1,1490,378.3791561999447
1,1491,291.2131713252058
1,1492,59.104858493726475
1,1493,361.13233984155056
1,1494,285.0723150903767
1,1495,196.04807725476502
1,1496,207.31059710420857
1,1497,55.726334666331546
1,1498,298.34851672645533
1,1499,335.5926391993049
1,1500,401.7047675480219
1,1501,6.256041192151622
1,1502,374.8587180713595
1,1503,346.3629928600948
1,1504,54.28601132818747
1,1505,160.4865509963376
1,1506,398.9538250330464
1,1507,62.40600264818336
1,1508,343.1546947884649
1,1509,62.42821821430515
1,1510,176.00337505035128
1,1511,55.98147303261972
1,1512,332.929633427987
1,1513,311.27459611243074
1,1514,75.41926929602549
1,1515,185.3184684997876
1,1516,110.63484832912378
1,1517,218.99714960831056
1,1518,250.96759062614996
1,1519,278.3435464473022
1,1520,157.37036263267396
1,1521,283.90259902718174
1,1522,59.24474047996761
1,1523,331.69182089113696
1,1524,298.68775110272566
1,1525,54.85979908598369
1,1526,318.5801471708721
1,1527,173.56845096540349
1,1528,293.64850689139905
1,1529,59.44223953066767
1,1530,324.42580300130226
1,1531,325.72635716556397
1,1532,49.625355660576496
1,1533,54.65425943272078
1,1534,340.90332390410674
1,1535,51.90289475474829
1,1536,177.21093928589468
1,1537,349.4277453894007
1,1538,255.8568232847131
1,1539,513.5121513253514
1,1540,289.2564825684992
1,1541,293.66082315798593
1,1542,392.61146097474983
1,1543,532.8770030307733
1,1544,79.64140741829323
1,1545,60.27292759976357
1,1546,339.1166211865117
1,1547,352.25599883355926
1,1548,58.95011355165505
1,1549,302.31254642563744
1,1550,59.54705047269108
1,1551,388.85165756150946
1,1552,356.4514557060428
1,1553,53.89485319121543
1,1554,185.17018700480185
1,1555,69.76850082037271
1,1556,297.05009218654925
1,1557,325.827709541212
1,1558,65.69131612625897
1,1559,348.8608278802972
1,1560,172.72753805817524
1,1561,325.7971735891769
1,1562,47.64693900630914
1,1563,286.72355701340575
1,1564,403.70471885564723
1,1565,342.35122479344
1,1566,134.09765234685463
1,1567,55.46752304125026
1,1568,219.7644880552793
1,1569,263.6234759648935
1,1570,98.6801036786517
1,1571,398.87487575512114
1,1572,320.1707655344975
1,1573,401.67677050672
1,1574,54.82719586247528
1,1575,211.08509210811596
1,1576,369.9273795644734
1,1577,342.64900505006744
1,1578,190.98014512890296
1,1579,312.5009182482696
1,1580,62.87997053402184
1,1581,129.98759214050622
1,1582,302.6731505427375
1,1583,59.89165481551069
1,1584,288.43188083125506
1,1585,49.30862145506421
1,1586,385.46070081217545
1,1587,88.1029215814325
1,1588,217.13000316067075
1,1589,119.25848425908517
1,1590,125.12812596923196
1,1591,298.79784204980353
1,1592,6.624981147811245
1,1593,129.91039445774305
1,1594,54.17611058177173
1,1595,213.17916264639638
1,1596,54.43380038925687
1,1597,217.9126631854005
1,1598,53.58895984214993
1,1599,278.0308832713653
1,1600,190.40214853432605
1,1601,58.01136120041468
1,1602,131.28624682790675
1,1603,245.4227838527885
1,1604,182.63436168582422
1,1605,70.1544776231814
1,1606,370.0058017470458
1,1607,50.77182506190065
1,1608,325.7900467234912
1,1609,310.11078779064053
1,1610,56.55680885025631
1,1611,242.64842969419766
1,1612,51.768882325953086
1,1613,102.07651178278823
1,1614,325.1884501694949
1,1615,56.76230802662318
1,1616,54.16460294237455
1,1617,291.2441695884718
1,1618,56.78631963856166
1,1619,247.05829498169908
1,1620,90.7980783507823
1,1621,56.6599558842892
1,1622,295.30598664937946
1,1623,286.8799331754772
1,1624,282.373445584393
1,1625,237.70394585045022
1,1626,221.00336932036578
1,1627,341.8475936679009
1,1628,52.702937392094285
1,1629,329.94044805746523
1,1630,277.86188875546225
1,1631,43.42639276040062
1,1632,336.16207281783494
1,1633,307.7536128048723
1,1634,371.53736215140475
1,1635,133.90679223477076
1,1636,243.00736796184245
1,1637,181.98701600238556
1,1638,294.9607191628904
1,1639,267.7562151885336
1,1640,91.48959563174697
1,1641,227.0378007482824
1,1642,46.28588383474461
1,1643,268.07882651390565
1,1644,43.601422776044714
1,1645,134.5169308367615
1,1646,244.87873627775596
1,1647,148.31887072933333
1,1648,240.69563614674416
1,1649,142.4316683212747
1,1650,175.89657962201852
1,1651,92.91544518144536
1,1652,255.99892550280572
1,1653,81.19659816380648
1,1654,254.6164440943948
1,1655,63.61081803445601
1,1656,298.2813857319452
1,1657,212.28329959278938
1,1658,62.015813123372965
1,1659,136.72575985485753
1,1660,254.1082345917709
1,1661,195.0215828170139
1,1662,73.9652558476315
1,1663,250.9426308245756
1,1664,65.54862374403757
1,1665,263.20543311156166
1,1666,253.8040624438498
1,1667,59.807911360145376
1,1668,110.11231508766238
1,1669,231.46087224438924
1,1670,57.11080701424774
1,1671,304.1388580446973
1,1672,57.33923847392376
1,1673,326.25283860207173
1,1674,346.6477948568041
1,1675,50.56990633018037
1,1676,243.08765157515776
1,1677,278.2701675990417
1,1678,56.698573189842534
1,1679,243.56887966778885
1,1680,54.87071680120238
1,1681,102.95578010923674
1,1682,329.2465824178106
1,1683,58.29639257425071
1,1684,56.42102496729765
1,1685,293.20815428356
1,1686,56.9221355845308
1,1687,246.59935114108495
1,1688,90.93718297354152
1,1689,56.76950235189466
1,1690,299.8850355742734
1,1691,280.0226151835176
1,1692,47.86816306961316
1,1693,338.31862686294147
1,1694,348.7226466496072
1,1695,26.1636789917443
1,1696,241.41825094907912
1,1697,282.5182978904537
1,1698,289.88302493900807
1,1699,286.8600088203922
1,1700,237.80199978429914
1,1701,220.244295075807
1,1702,347.64129904625474
1,1703,51.618950777413545
1,1704,330.7473655792093
1,1705,50.8922500201939
1,1706,54.87518416019276
1,1707,275.31399700366705
1,1708,43.42361860512162
1,1709,133.87950960323445
1,1710,243.05198193929058
1,1711,193.54179083062883
1,1712,241.12487805537268
1,1713,91.51474647741553
1,1714,109.20814058745594
1,1715,243.12392875999
1,1716,133.4643526909682
1,1717,130.17660126791554
1,1718,335.58520102612215
1,1719,57.73116614120326
1,1720,79.08192846177128
1,1721,309.56096733957963
1,1722,439.70485825713547
1,1723,264.0008284543425
1,1724,83.3542561172833
1,1725,397.91060474880555
1,1726,105.18034482656503
1,1727,428.15397619343264
1,1728,282.77745336856105
1,1729,437.57234669297895
1,1730,153.1952950358384
1,1731,327.31266063705255
1,1732,48.09533202126945
1,1733,230.3960396627932
1,1734,285.357963779903
1,1735,46.44215534258423
1,1736,333.56623436256507
1,1737,61.01014851456647
1,1738,129.38048479167745
1,1739,398.2015111246204
1,1740,318.43789222054346
1,1741,219.85427320026477
1,1742,60.523683663972335
1,1743,348.88745637095974
1,1744,171.8881413285536
1,1745,34.05633532621941
1,1746,312.3998846432004
1,1747,358.03947481634475
1,1748,58.478224818122655
1,1749,409.4118651669435
1,1750,49.85512471659631
1,1751,310.9536446215501
1,1752,41.21283648930868
1,1753,324.2976122556522
1,1754,192.58305955467338
1,1755,212.5231653877159
1,1756,299.7751596113018
1,1757,132.66602065307166
1,1758,187.598731358872
1,1759,52.47467367836124
1,1760,326.4510622944483
1,1761,58.15048598054855
1,1762,176.15570303528995
1,1763,47.51333058580628
1,1764,188.60256713627177
1,1765,345.17365402201415
1,1766,44.24105160748424
1,1767,292.19718787386
1,1768,345.373147282495
1,1769,11.954750452038805
1,1770,330.14208340863956
1,1771,48.299811907055314
1,1772,51.61515939008077
1,1773,384.5775261364289
1,1774,58.024189417834286
1,1775,31.58946231573011
1,1776,262.09895576086444
1,1777,278.06889912444416
1,1778,52.66446205786568
1,1779,249.60820580201192
1,1780,247.28036834489646
1,1781,290.42997144200285
1,1782,263.49369727594865
1,1783,76.98591602128002
1,1784,398.94575769044224
1,1785,68.13438211515894
1,1786,243.26548609302654
1,1787,374.06407341632143
1,1788,314.6997629137802
1,1789,66.90591094263237
1,1790,357.693194979601
1,1791,144.34413977892308
1,1792,60.934631404001976
1,1793,159.22707560535588
1,1794,366.2076105441354
1,1795,67.47142584270817
1,1796,280.5460444178533
1,1797,320.0329813217885
1,1798,62.18722041217944
1,1799,120.63145646423663
1,1800,209.0431401516072
1,1801,300.99683716119137
1,1802,59.076895508599904
1,1803,208.9460106800276
1,1804,294.80601221755114
1,1805,50.44805107123872
1,1806,52.510823009107135
1,1807,323.9685469990592
1,1808,309.90893327470155
1,1809,43.27963784282383
1,1810,79.7800980578556
1,1811,127.85734376529513
1,1812,187.39319715837172
1,1813,55.464013553044744
1,1814,135.26231009149353
1,1815,235.15513181285112
1,1816,51.26371477394348
1,1817,56.404583853528386
1,1818,238.43523933467708
1,1819,331.7756019854496
1,1820,200.58064395568013
1,1821,382.84161267985644
1,1822,67.91321117039837
1,1823,216.0320894562811
1,1824,333.4792108692476
1,1825,52.34798756099105
1,1826,328.92345086942436
1,1827,51.89616820736774
1,1828,174.93358679456895
1,1829,358.74741881859836
1,1830,138.28236149511946
1,1831,329.941316947144
1,1832,79.8074581668499
1,1833,316.48886954172815
1,1834,272.2443504467449
1,1835,48.106493321332536
1,1836,156.31047829128653
1,1837,231.79305853613204
1,1838,57.997103230406005
1,1839,330.48010152032055
1,1840,53.71912360792986
1,1841,295.4419338709556
1,1842,240.37163045246507
1,1843,337.16568192761946
1,1844,535.0722799794039
1,1845,59.060296070607244
1,1846,328.61141826960386
1,1847,172.370341247756
1,1848,317.71420128090506
1,1849,285.45862414367014
1,1850,142.5714343855366
1,1851,319.8164646326687
1,1852,32.860968947511005
1,1853,294.7437400051266
1,1854,58.982388508351384
1,1855,385.30906803578074
1,1856,307.25618754875813
1,1857,33.118444107808415
1,1858,305.62291166343306
1,1859,55.77112983876518
1,1860,295.1011431183209
1,1861,51.728997741787985
1,1862,339.7472995664081
1,1863,268.71571250675197
1,1864,44.6367684402106
1,1865,297.6894373085996
1,1866,266.0747219785204
1,1867,274.024807081974
1,1868,51.85331421487966
1,1869,249.74352722872152
1,1870,39.51324846911812
1,1871,236.56596579155936
1,1872,55.362344850452416
1,1873,243.71944456917302
1,1874,538.3022018869043
1,1875,58.436760929241714
1,1876,330.10625891382
1,1877,252.10976475727665
1,1878,331.40826022394003
1,1879,53.081710830359185
1,1880,336.89450771493284
1,1881,283.26851430255
1,1882,86.53428816780843
1,1883,138.9187990406217
1,1884,338.3100597307888
1,1885,449.77076232224783
1,1886,98.56698354584049
1,1887,288.6590646700704
1,1888,304.98807647081355
1,1889,335.37993636946385
1,1890,105.93308323492906
1,1891,306.9157414958176
1,1892,333.6998574524582
1,1893,175.0315665850222
1,1894,405.51068074960835
1,1895,279.22263821283354
1,1896,197.24935848143699
1,1897,313.8262368094232
1,1898,55.810501777642955
1,1899,270.61287444797733
1,1900,104.5995564371369
1,1901,61.25443524079441
1,1902,199.46065846580666
1,1903,129.97126558205937
1,1904,241.93430373593924
1,1905,328.8439347835922
1,1906,349.0243603934691
1,1907,311.20663224365813
1,1908,87.05494688671875
1,1909,438.6533828779308
1,1910,59.52113013260313
1,1911,191.93354636571644
1,1912,48.065198202682204
1,1913,49.14325765043855
1,1914,227.6866423871756
1,1915,205.0953114251207
1,1916,57.3557234836656
1,1917,276.68295791447633
1,1918,89.72222473073597
1,1919,196.43984194868182
1,1920,353.94930102184264
1,1921,287.74976280710905
1,1922,135.65594811917305
1,1923,73.359612869539
1,1924,354.6824006698989
1,1925,246.15581832336704
1,1926,298.43373791323097
1,1927,48.976050219809366
1,1928,318.5463713779758
1,1929,257.22016723128615
1,1930,203.676810866573
1,1931,171.04455337630878
1,1932,213.33714662812517
1,1933,264.9485300587573
1,1934,225.84196008967643
1,1935,141.2538855084853
1,1936,295.5544730050906
1,1937,273.07054907005204
1,1938,46.55704332856792
1,1939,150.39393114539337
1,1940,201.10018657287503
1,1941,232.6841810983562
1,1942,344.724882249103
1,1943,171.72319953724295
1,1944,72.26906562838757
1,1945,268.01391830651795
1,1946,50.027636801942506
1,1947,76.73721757610343
1,1948,215.74774383335284
1,1949,53.34812857170772
1,1950,251.8050322534633
1,1951,244.73367380810544
1,1952,71.37587847510741
1,1953,172.35994533825163
1,1954,304.41483092461436
1,1955,78.00845847075529
1,1956,226.7518857172346
1,1957,78.52968332378052
1,1958,242.56042864555755
1,1959,62.76289630419808
1,1960,371.4168601185661
1,1961,194.24428330705078
1,1962,58.99940775423349
1,1963,290.5659755301841
1,1964,263.6174778030952
1,1965,41.542687000606634
1,1966,45.01503030932807
1,1967,237.2745142524508
1,1968,153.90653005915664
1,1969,273.30724075220814
1,1970,250.19620455452628
1,1971,223.16048335229084
1,1972,353.73528608286426
1,1973,173.3540362116724
1,1974,32.809224830814216
1,1975,176.56401428150957
1,1976,234.60929101017533
1,1977,345.94690063579094
1,1978,175.80854387380685
1,1979,296.164675733745
1,1980,257.11131018348397
1,1981,58.17140389293983
1,1982,117.9676746180728
1,1983,38.67589181652099
1,1984,90.70515261489285
1,1985,336.82468058065757
1,1986,313.9340874260631
1,1987,233.12791230680006
1,1988,58.483369260661554
1,1989,121.34923240686399
1,1990,54.838071853083036
1,1991,383.1404765676995
1,1992,56.73767991303578
1,1993,179.07981612520143
1,1994,226.52535124355623
1,1995,275.23166871451093
1,1996,173.7358974418689
1,1997,304.8965162123193
1,1998,298.47978939989525
1,1999,56.749926998607066
1,2000,30.539287614819553
1,2001,306.6830363684087
1,2002,50.743343162229465
1,2003,55.216099788689704
1,2004,239.53213428746767
1,2005,41.15489232475984
1,2006,408.309275990681
1,2007,50.006448735797974
1,2008,313.4018618064057
1,2009,233.8018207628819
1,2010,244.455587040275
1,2011,107.33247676791873
1,2012,270.55495727541495
1,2013,5.173871905382525
1,2014,350.7600949153249
1,2015,108.92777602436567
1,2016,192.47587250125935
1,2017,133.55028532345662
1,2018,90.74481481874149
1,2019,398.5813545323639
1,2020,47.50751649390345
1,2021,127.66519594348033
1,2022,270.5478304450804
1,2023,102.78548868596934
1,2024,401.76260179641736
1,2025,30.614470136424337
1,2026,248.19223486160536
1,2027,251.6259412714989
1,2028,171.36646660612445
1,2029,205.12106974646846
1,2030,394.31202359467557
1,2031,237.01618828498877
1,2032,96.99010027941577
1,2033,314.1055303502026
1,2034,298.07547688042496
1,2035,59.51888560204836
1,2036,198.8015145830612
1,2037,61.18112554522215
1,2038,289.2607186631656
1,2039,292.97347188523986
1,2040,119.97683911311563
1,2041,452.53126818715987
1,2042,153.4518112054632
1,2043,331.2362275294038
1,2044,328.82669287497777
1,2045,378.6846353048745
1,2046,269.47276669452424
1,2047,58.88369732546039
1,2048,103.22835283907628
1,2049,240.21097374732727
1,2050,243.80270744915452
1,2051,89.66719283536779
1,2052,262.13215408494057
1,2053,133.09007070492584
1,2054,300.1650337583071
1,2055,273.5629120184892
1,2056,206.8496213087621
1,2057,76.28207851060158
1,2058,37.50321586204099
1,2059,304.37178712672113
1,2060,279.00203864636194
1,2061,48.81893510944856
1,2062,288.15526120046786
1,2063,90.1687802844124
1,2064,359.6672258822805
1,2065,296.3172624915954
1,2066,42.86296314124987
1,2067,270.8785509034423
1,2068,162.23209464690558
1,2069,282.5347156453838
1,2070,47.52597761215398
1,2071,241.48293400008407
1,2072,55.03967925492283
1,2073,462.0508314946007
1,2074,56.90133694335866
1,2075,193.0049054712709
1,2076,191.67414283943071
1,2077,123.11454563232799
1,2078,240.96582806918155
1,2079,291.6585350723991
1,2080,47.52093960827426
1,2081,353.99208345388524
1,2082,157.22421320252414
1,2083,324.6905032312023
1,2084,232.17399410112318
1,2085,120.64920101995028
1,2086,156.3625759794635
1,2087,105.00639891003377
1,2088,325.43801558781485
1,2089,443.4787320745329
1,2090,51.400310713741234
1,2091,278.1490235112357
1,2092,44.64951436123924
1,2093,90.83665254364445
1,2094,380.8157129391338
1,2095,132.62712647484005
1,2096,117.31909844354848
1,2097,108.74951407965912
1,2098,152.3196013037743
1,2099,225.59124547206116
1,2100,31.038709791106264
1,2101,295.9549881441006
1,2102,90.75927999268009
1,2103,389.5694860252604
1,2104,47.90141009650187
1,2105,75.67948482293565
1,2106,124.66808412004295
1,2107,48.04827810090676
1,2108,134.65113532328357
1,2109,58.57117103197024
1,2110,96.37482853716813
1,2111,276.36897188114904
1,2112,55.92558230403576
1,2113,292.11052920567977
1,2114,344.9002341581604
1,2115,121.9559450586064
1,2116,59.32776564770843
1,2117,273.3340025268809
1,2118,235.54774224922238
1,2119,49.79199025712318
1,2120,282.6198851829971
1,2121,31.04237824478909
1,2122,262.72861597589224
1,2123,54.612526292042894
1,2124,120.4899230228705
1,2125,462.22496673092365
1,2126,332.4699495988793
1,2127,58.90991469943171
1,2128,181.43862708977224
1,2129,111.69692776991153
1,2130,281.41302848660484
1,2131,51.59046813394786
1,2132,276.65578634640883
1,2133,58.88286182009821
1,2134,254.50259661653286
1,2135,50.78003657865027
1,2136,176.04693574742933
1,2137,221.93868241786458
1,2138,371.3484769213705
1,2139,323.19102486407934
1,2140,70.77623507277963
1,2141,255.47184669972222
1,2142,270.5052591729617
1,2143,300.875305016962
1,2144,371.8348566361981
1,2145,124.5612965141319
1,2146,338.2587955938128
1,2147,59.42496660762254
1,2148,373.2695327731676
1,2149,56.655689909589015
1,2150,379.2533697211395
1,2151,67.67897150804666
1,2152,254.42592901002126
1,2153,61.413452015020304
1,2154,90.10294086505348
1,2155,276.987694554621
1,2156,58.97364255319971
1,2157,68.0678447082674
1,2158,100.5566340513976
1,2159,177.6905283747151
1,2160,53.552176327942774
1,2161,111.38329211295041
1,2162,50.11943069793597
1,2163,265.06731747785904
1,2164,97.75073524354299
1,2165,100.64252386768177
1,2166,302.05419300835007
1,2167,137.94198298468308
1,2168,55.62734406479996
1,2169,309.66051812064126
1,2170,284.8278460850694
1,2171,57.155007995665265
1,2172,127.12534236978942
1,2173,49.55328872496425
1,2174,246.49069371945768
1,2175,259.84121233889033
1,2176,123.0876685269804
1,2177,426.6480311193578
1,2178,51.77258491053695
1,2179,102.72714573181568
1,2180,373.773369057924
1,2181,277.929518089613
1,2182,66.12547951690885
1,2183,281.66874864418014
1,2184,58.64178031729304
1,2185,218.39627487314004
1,2186,56.793756935266984
1,2187,299.463736919423
1,2188,347.60173371205354
1,2189,58.359724406550754
1,2190,325.9557160400813
1,2191,58.64914935873591
1,2192,211.2164754633548
1,2193,324.45531987881566
1,2194,351.2673050191357
1,2195,52.20422323697889
1,2196,237.49712484343362
1,2197,126.72955579325924
1,2198,53.36981727452575
1,2199,316.1248579629905
1,2200,51.59953890212142
1,2201,333.6521874173198
1,2202,56.308707794680096
1,2203,307.87424163387414
1,2204,138.6780635044109
1,2205,26.345532536125944
1,2206,283.8617826798536
1,2207,325.59251727296953
1,2208,265.6402354010741
1,2209,43.1239730171063
1,2210,66.15036369219013
1,2211,318.2175184819954
1,2212,262.64563419800635
1,2213,67.54766931214814
1,2214,289.2865389755399
1,2215,122.68184004682286
1,2216,137.5467114335793
1,2217,487.7333258820248
1,2218,90.9293773503619
1,2219,51.98022665224244
1,2220,309.0289870791919
1,2221,198.82379800199675
1,2222,374.7199164405228
1,2223,48.80958713922812
1,2224,308.86641769126356
1,2225,151.52041402302424
1,2226,286.9403531249819
1,2227,59.59216025870623
1,2228,267.3833679877787
1,2229,277.7550122201695
1,2230,394.08598098457264
1,2231,342.736176095518
1,2232,368.8690644593402
1,2233,79.32767368600216
1,2234,137.31060375494962
1,2235,91.72121930126383
1,2236,214.5209644607515
1,2237,148.63959127780052
1,2238,319.2082936668438
1,2239,63.564764602566285
1,2240,227.54222565090612
1,2241,88.04796823785733
1,2242,325.55806715277936
1,2243,58.68388984940984
1,2244,272.14519433441126
1,2245,218.80004695221402
1,2246,59.5018020641847
1,2247,326.0188052078626
1,2248,200.37907527399437
1,2249,225.96979656613354
1,2250,328.91825674604087
1,2251,59.648611524764675
1,2252,291.72998695327266
1,2253,300.1526493464419
1,2254,208.03556246384593
1,2255,518.8001799094752
1,2256,125.58611000242678
1,2257,289.04155525026243
1,2258,55.13982582237021
1,2259,267.24360470519366
1,2260,223.44005224747852
1,2261,121.70992331967918
1,2262,52.75266271727274
1,2263,285.2169956969934
1,2264,251.8755462857759
1,2265,256.77960024246886
1,2266,214.80381878860032
1,2267,29.845380537131526
1,2268,256.8807971223381
1,2269,231.97456809992917
1,2270,46.028205912767255
1,2271,292.53600534388613
1,2272,298.20665650626245
1,2273,185.58174134517662
1,2274,181.1445779892532
1,2275,287.1069929604671
1,2276,396.11804866299985
1,2277,120.76178246432899
1,2278,40.98094124634585
1,2279,378.26208557065854
1,2280,57.76014056488991
1,2281,352.6725078551486
1,2282,48.494886052071124
1,2283,339.90005578342596
1,2284,48.5181860854223
1,2285,59.176433559309686
1,2286,252.89159022953925
1,2287,324.00554792077673
1,2288,51.69518622401925
1,2289,175.49980860646738
1,2290,46.655388513242954
1,2291,259.8137657820015
1,2292,99.8234319075662
1,2293,136.61330448592994
1,2294,135.75071785502897
1,2295,237.369616068371
1,2296,362.6037956457676
1,2297,77.48269124402603
1,2298,51.5014647318396
1,2299,95.43080977550173
1,2300,341.7267563335071
1,2301,44.045782306287926
1,2302,277.018811546705
1,2303,175.41361137766825
1,2304,310.9846386148511
1,2305,79.41852881629535
1,2306,277.89956813324045
1,2307,200.16536539711163
1,2308,377.35213181311497
1,2309,107.686181310677
1,2310,52.60501013898232
1,2311,349.23755287924996
1,2312,126.49623073556347
1,2313,355.6658495441368
1,2314,238.88300596029302
1,2315,182.63279593745585
1,2316,235.8492238061026
1,2317,248.23114036895117
1,2318,361.0550682638984
1,2319,275.84475337973333
1,2320,351.1935450565362
1,2321,276.4088430408136
1,2322,314.03010463798677
1,2323,370.86930397278525
1,2324,381.61720007504795
1,2325,56.99297373790039
1,2326,303.182795050172
1,2327,50.48108869369302
1,2328,345.4075877225697
1,2329,64.39829369276008
1,2330,341.002644420695
1,2331,169.97435504757487
1,2332,336.8560636587769
1,2333,58.31670585484022
1,2334,170.81756890612706
1,2335,350.76202434870055
1,2336,157.8227517656783
1,2337,296.2199554329064
1,2338,293.2630506960425
1,2339,285.44389115637546
1,2340,11.084014064303952
1,2341,277.7494050813335
1,2342,281.9875251116812
1,2343,342.9252928343227
1,2344,54.72552262427702
1,2345,274.6919867718972
1,2346,293.7459955491677
1,2347,206.9573953140224
1,2348,47.613690981444684
1,2349,310.0823663920567
1,2350,282.1743303426107
1,2351,272.0454953354108
1,2352,54.03538332466522
1,2353,373.4162638200189
1,2354,53.69294455714156
1,2355,165.75254589285942
1,2356,334.1637190615295
1,2357,250.8054835320395
1,2358,328.4484371703429
1,2359,58.235561830743706
1,2360,312.50304871493177
1,2361,313.16111790901766
1,2362,27.07541381537566
1,2363,249.50620476272084
1,2364,363.8596452928323
1,2365,275.32805013447535
1,2366,320.22859730152186
1,2367,276.8023209153362
1,2368,46.70019318360881
1,2369,268.0225446176015
1,2370,179.27076242915584
1,2371,202.6607218511291
1,2372,202.91188995122775
1,2373,297.92430852720634
1,2374,53.753905610929934
1,2375,317.8812641260281
1,2376,334.59736214700774
1,2377,48.53038029167509
1,2378,258.65760303949
1,2379,294.14097278930706
1,2380,86.3972726036192
1,2381,295.6868954368756
1,2382,360.83268911540654
1,2383,421.7574349609029
1,2384,93.65040678431109
1,2385,295.34278990708066
1,2386,171.8023666706863
1,2387,303.1414956676423
1,2388,77.87776496048502
1,2389,358.40400883610164
1,2390,128.87011373034062
1,2391,68.249382974573
1,2392,95.98736045987788
1,2393,310.83629513738936
1,2394,65.08783212601395
1,2395,24.490216289698985
1,2396,176.72723434021748
1,2397,293.83572067383295
1,2398,595.5560376027487
1,2399,369.3784288585325
1,2400,62.05773375100671
1,2401,341.7357022375976
1,2402,61.22414932298847
1,2403,215.44719889505438
1,2404,122.15280909859464
1,2405,365.37693228759264
1,2406,42.188842941350494
1,2407,312.356215340516
1,2408,50.08749867381229
1,2409,315.3210296718672
1,2410,168.8986012335553
1,2411,336.28452080213776
1,2412,56.46996350691127
1,2413,243.74600732490836
1,2414,98.49469413698694
1,2415,317.92862547058405
1,2416,49.721100947944706
1,2417,340.2289509976349
1,2418,149.55181116802254
1,2419,289.2970694248665
1,2420,332.1928102288141
1,2421,330.1326333534179
1,2422,52.79972459566876
1,2423,168.04309531581237
1,2424,341.833775445163
1,2425,12.015141207793897
1,2426,321.00173579364184
1,2427,288.11343432255126
1,2428,284.6966147211667
1,2429,294.2988344754683
1,2430,55.9594518749922
1,2431,325.8451971613836
1,2432,286.3320057972206
1,2433,172.1127447774466
1,2434,322.7414567657419
1,2435,50.21459317088055
1,2436,171.4506383479864
1,2437,335.82722856441956
1,2438,47.64635395284856
1,2439,139.68495090155642
1,2440,336.38278441084515
1,2441,328.3335536940525
1,2442,333.27832648145977
1,2443,328.06392333767997
1,2444,394.38000481572965
1,2445,109.06800300852419
1,2446,262.3314252450473
1,2447,322.5560076402418
1,2448,91.1707841445313
1,2449,362.24452477689186
1,2450,65.17741724233683
1,2451,346.120123523462
1,2452,173.76317236955435
1,2453,358.3861182259817
1,2454,59.455572057548196
1,2455,180.73420893858201
1,2456,352.74764910246444
1,2457,650.9705248781963
1,2458,295.5894064756848
1,2459,302.9571784765153
1,2460,60.8984506959094
1,2461,316.55460698971444
1,2462,77.10342252186656
1,2463,262.82612789714216
1,2464,330.28588085546994
1,2465,130.2780289369466
1,2466,55.51052614472271
1,2467,297.57327967156874
1,2468,254.57134502958638
1,2469,216.41166373227563
1,2470,55.120281574142155
1,2471,276.40903760473816
1,2472,494.06093965115804
1,2473,28.14778639939383
1,2474,113.63527189922156
1,2475,181.0947470158497
1,2476,32.86611936995642
1,2477,432.73910010932025
1,2478,503.0289314101701
1,2479,56.92692154490955
1,2480,326.467230719883
1,2481,261.40229897999996
1,2482,330.22360517625475
1,2483,41.91317774209682
1,2484,167.9560389680297
1,2485,380.07351581958926
1,2486,379.11742503457674
1,2487,335.16528243702226
1,2488,64.03488845359087
1,2489,322.1067942794772
1,2490,294.1647758415237
1,2491,25.646858532388862
1,2492,311.1110874693004
1,2493,191.29662028583482
1,2494,51.016127142471504
1,2495,323.3407038652193
1,2496,213.09752013201035
1,2497,275.6258684855356
1,2498,104.21089348224228
1,2499,173.53559798350108
1,2500,183.35283094665726
1,2501,60.18401725518538
1,2502,386.2574283306147
1,2503,259.93914949777286
1,2504,324.88739647223537
1,2505,318.71255128017344
1,2506,31.328084949426703
1,2507,279.50001706653416
1,2508,47.88981594429049
1,2509,23.87471563169894
1,2510,340.0433459437937
1,2511,239.57156601870508
1,2512,79.85720067102315
1,2513,219.08445347039287
1,2514,236.5428135618869
1,2515,353.0546772901671
1,2516,42.83040191302709
1,2517,30.946579365746032
1,2518,337.3941002008527
1,2519,321.64379697768265
1,2520,315.78194042022903
1,2521,46.070073669192084
1,2522,273.86694957543114
1,2523,56.07379551725738
1,2524,366.91887935165136
1,2525,340.1653836863509
1,2526,267.7673217126054
1,2527,123.97938636522727
1,2528,280.30816223317447
1,2529,104.73534728303092
1,2530,30.978003536113093
1,2531,286.75636435955744
1,2532,42.59935218734982
1,2533,331.2180062215634
1,2534,307.9280416166955
1,2535,300.2054470237819
1,2536,57.51288594710038
1,2537,280.135596029128
1,2538,283.42754626983
1,2539,575.8668828642647
1,2540,396.1489034878543
1,2541,94.6088725347003
1,2542,264.8018384675213
1,2543,147.42678249378915
1,2544,369.51859764797985
1,2545,56.23624222445085
1,2546,265.5377437335477
1,2547,346.14023445791156
1,2548,174.36125612184162
1,2549,387.2446802860983
1,2550,330.8871455558635
1,2551,63.61718482015918
1,2552,323.20325120817495
1,2553,354.8979412525381
1,2554,64.26059080432752
1,2555,332.52746036772305
1,2556,374.249710368827
1,2557,263.3324824676355
1,2558,225.48110463564356
1,2559,142.05477495649762
1,2560,127.13402058057491
1,2561,291.8816100308418
1,2562,133.47586321969484
1,2563,330.5363053587002
1,2564,55.78647773544332
1,2565,374.80965178525037
1,2566,57.51912796068665
1,2567,329.594911334832
1,2568,252.78218700001565
1,2569,88.06306563802524
1,2570,323.64759501521735
1,2571,44.64509228964356
1,2572,330.907987798232
1,2573,56.757317738980625
1,2574,214.26267982129102
1,2575,295.04023147861324
1,2576,135.45195735596815
1,2577,54.91290117921895
1,2578,302.0769982113471
1,2579,265.84691495850274
1,2580,224.0899918166627
1,2581,378.3791561999447
1,2582,291.2131713252058
1,2583,59.104858493726475
1,2584,361.13233984155056
1,2585,285.0723150903767
1,2586,196.04807725476502
1,2587,207.31059710420857
1,2588,55.726334666331546
1,2589,298.34851672645533
1,2590,335.5926391993049
1,2591,401.7047675480219
1,2592,6.256041192151622
1,2593,374.8587180713595
1,2594,346.3629928600948
1,2595,54.28601132818747
1,2596,160.4865509963376
1,2597,398.9538250330464
1,2598,62.40600264818336
1,2599,343.1546947884649
1,2600,62.42821821430515
1,2601,176.00337505035128
1,2602,55.98147303261972
1,2603,332.929633427987
1,2604,311.27459611243074
1,2605,75.41926929602549
1,2606,185.3184684997876
1,2607,110.63484832912378
1,2608,218.99714960831056
1,2609,250.96759062614996
1,2610,278.3435464473022
1,2611,157.37036263267396
1,2612,283.90259902718174
1,2613,59.24474047996761
1,2614,331.69182089113696
1,2615,298.68775110272566
1,2616,54.85979908598369
1,2617,318.5801471708721
1,2618,173.56845096540349
1,2619,293.64850689139905
1,2620,59.44223953066767
1,2621,324.42580300130226
1,2622,325.72635716556397
1,2623,49.625355660576496
1,2624,54.65425943272078
1,2625,340.90332390410674
1,2626,51.90289475474829
1,2627,177.21093928589468
1,2628,349.4277453894007
1,2629,255.8568232847131
1,2630,513.5121513253514
1,2631,289.2564825684992
1,2632,293.66082315798593
1,2633,392.61146097474983
1,2634,532.8770030307733
1,2635,79.64140741829323
1,2636,60.27292759976357
1,2637,339.1166211865117
1,2638,352.25599883355926
1,2639,58.95011355165505
1,2640,302.31254642563744
1,2641,59.54705047269108
1,2642,388.85165756150946
1,2643,356.4514557060428
1,2644,53.89485319121543
1,2645,185.17018700480185
1,2646,69.76850082037271
1,2647,297.05009218654925
1,2648,325.827709541212
1,2649,65.69131612625897
1,2650,348.8608278802972
1,2651,172.72753805817524
1,2652,325.7971735891769
1,2653,47.64693900630914
1,2654,286.72355701340575
1,2655,403.70471885564723
1,2656,342.35122479344
1,2657,134.09765234685463
1,2658,55.46752304125026
1,2659,219.7644880552793
1,2660,263.6234759648935
1,2661,98.6801036786517
1,2662,398.87487575512114
1,2663,320.1707655344975
1,2664,401.67677050672
1,2665,54.82719586247528
1,2666,211.08509210811596
1,2667,369.9273795644734
1,2668,342.64900505006744
1,2669,190.98014512890296
1,2670,312.5009182482696
1,2671,62.87997053402184
1,2672,129.98759214050622
1,2673,302.6731505427375
1,2674,59.89165481551069
1,2675,288.43188083125506
1,2676,49.30862145506421
1,2677,385.46070081217545
1,2678,88.1029215814325
1,2679,217.13000316067075
1,2680,119.25848425908517
1,2681,125.12812596923196
1,2682,298.79784204980353
1,2683,6.624981147811245
1,2684,129.91039445774305
1,2685,54.17611058177173
1,2686,213.17916264639638
1,2687,54.43380038925687
1,2688,217.9126631854005
1,2689,53.58895984214993
1,2690,278.0308832713653
1,2691,190.40214853432605
1,2692,58.01136120041468
1,2693,131.28624682790675
1,2694,245.4227838527885
1,2695,182.63436168582422
1,2696,70.1544776231814
1,2697,370.0058017470458
1,2698,50.77182506190065
1,2699,325.7900467234912
1,2700,310.11078779064053
1,2701,56.55680885025631
1,2702,242.64842969419766
1,2703,51.768882325953086
1,2704,102.07651178278823
1,2705,325.1884501694949
1,2706,56.76230802662318
1,2707,54.16460294237455
1,2708,291.2441695884718
1,2709,56.78631963856166
1,2710,247.05829498169908
1,2711,90.7980783507823
1,2712,56.6599558842892
1,2713,295.30598664937946
1,2714,286.8799331754772
1,2715,282.373445584393
1,2716,237.70394585045022
1,2717,221.00336932036578
1,2718,341.8475936679009
1,2719,52.702937392094285
1,2720,329.94044805746523
1,2721,277.86188875546225
1,2722,43.42639276040062
1,2723,336.16207281783494
1,2724,307.7536128048723
1,2725,371.53736215140475
1,2726,133.90679223477076
1,2727,243.00736796184245
1,2728,181.98701600238556
1,2729,294.9607191628904
1,2730,267.7562151885336
1,2731,91.48959563174697
1,2732,227.0378007482824
1,2733,46.28588383474461
1,2734,268.07882651390565
1,2735,43.601422776044714
1,2736,134.5169308367615
1,2737,244.87873627775596
1,2738,148.31887072933333
1,2739,240.69563614674416
1,2740,142.4316683212747
1,2741,175.89657962201852
1,2742,92.91544518144536
1,2743,255.99892550280572
1,2744,81.19659816380648
1,2745,254.6164440943948
1,2746,63.61081803445601
1,2747,298.2813857319452
1,2748,212.28329959278938
1,2749,62.015813123372965
1,2750,136.72575985485753
1,2751,254.1082345917709
1,2752,195.0215828170139
1,2753,73.9652558476315
1,2754,250.9426308245756
1,2755,65.54862374403757
1,2756,263.20543311156166
1,2757,253.8040624438498
1,2758,59.807911360145376
1,2759,110.11231508766238
1,2760,231.46087224438924
1,2761,57.11080701424774
1,2762,304.1388580446973
1,2763,57.33923847392376
1,2764,326.25283860207173
1,2765,346.6477948568041
1,2766,50.56990633018037
1,2767,243.08765157515776
1,2768,278.2701675990417
1,2769,56.698573189842534
1,2770,243.56887966778885
1,2771,54.87071680120238
1,2772,102.95578010923674
1,2773,329.2465824178106
1,2774,58.29639257425071
1,2775,56.42102496729765
1,2776,293.20815428356
1,2777,56.9221355845308
1,2778,246.59935114108495
1,2779,90.93718297354152
1,2780,56.76950235189466
1,2781,299.8850355742734
1,2782,280.0226151835176
1,2783,47.86816306961316
1,2784,338.31862686294147
1,2785,348.7226466496072
1,2786,26.1636789917443
1,2787,241.41825094907912
1,2788,282.5182978904537
1,2789,289.88302493900807
1,2790,286.8600088203922
1,2791,237.80199978429914
1,2792,220.244295075807
1,2793,347.64129904625474
1,2794,51.618950777413545
1,2795,330.7473655792093
1,2796,50.8922500201939
1,2797,54.87518416019276
1,2798,275.31399700366705
1,2799,43.42361860512162
1,2800,133.87950960323445
1,2801,243.05198193929058
1,2802,193.54179083062883
1,2803,241.12487805537268
1,2804,91.51474647741553
1,2805,109.20814058745594
1,2806,243.12392875999
1,2807,133.4643526909682
1,2808,130.17660126791554
1,2809,335.58520102612215
1,2810,57.73116614120326
1,2811,79.08192846177128
1,2812,309.56096733957963
1,2813,439.70485825713547
1,2814,264.0008284543425
1,2815,83.3542561172833
1,2816,397.91060474880555
1,2817,105.18034482656503
1,2818,428.15397619343264
1,2819,282.77745336856105
1,2820,437.57234669297895
1,2821,153.1952950358384
1,2822,327.31266063705255
1,2823,48.09533202126945
1,2824,230.3960396627932
1,2825,285.357963779903
1,2826,46.44215534258423
1,2827,333.56623436256507
1,2828,61.01014851456647
1,2829,129.38048479167745
1,2830,398.2015111246204
1,2831,318.43789222054346
1,2832,219.85427320026477
1,2833,60.523683663972335
1,2834,348.88745637095974
1,2835,171.8881413285536
1,2836,34.05633532621941
1,2837,312.3998846432004
1,2838,358.03947481634475
1,2839,58.478224818122655
1,2840,409.4118651669435
1,2841,49.85512471659631
1,2842,310.9536446215501
1,2843,41.21283648930868
1,2844,324.2976122556522
1,2845,192.58305955467338
1,2846,212.5231653877159
1,2847,299.7751596113018
1,2848,132.66602065307166
1,2849,187.598731358872
1,2850,52.47467367836124
1,2851,326.4510622944483
1,2852,58.15048598054855
1,2853,176.15570303528995
1,2854,47.51333058580628
1,2855,188.60256713627177
1,2856,345.17365402201415
1,2857,44.24105160748424
1,2858,292.19718787386
1,2859,345.373147282495
1,2860,11.954750452038805
1,2861,330.14208340863956
1,2862,48.299811907055314
1,2863,51.61515939008077
1,2864,384.5775261364289
1,2865,58.024189417834286
1,2866,31.58946231573011
1,2867,262.09895576086444
1,2868,278.06889912444416
1,2869,52.66446205786568
1,2870,249.60820580201192
1,2871,247.28036834489646
1,2872,290.42997144200285
1,2873,263.49369727594865
1,2874,76.98591602128002
1,2875,398.94575769044224
1,2876,68.13438211515894
1,2877,243.26548609302654
1,2878,374.06407341632143
1,2879,314.6997629137802
1,2880,66.90591094263237
1,2881,357.693194979601
1,2882,144.34413977892308
1,2883,60.934631404001976
1,2884,159.22707560535588
1,2885,366.2076105441354
1,2886,67.47142584270817
1,2887,280.5460444178533
1,2888,320.0329813217885
1,2889,62.18722041217944
1,2890,120.63145646423663
1,2891,209.0431401516072
1,2892,300.99683716119137
1,2893,59.076895508599904
1,2894,208.9460106800276
1,2895,294.80601221755114
1,2896,50.44805107123872
1,2897,52.510823009107135
1,2898,323.9685469990592
1,2899,309.90893327470155
1,2900,43.27963784282383
1,2901,79.7800980578556
1,2902,127.85734376529513
1,2903,187.39319715837172
1,2904,55.464013553044744
1,2905,135.26231009149353
1,2906,235.15513181285112
1,2907,51.26371477394348
1,2908,56.404583853528386
1,2909,238.43523933467708
1,2910,331.7756019854496
1,2911,200.58064395568013
1,2912,382.84161267985644
1,2913,67.91321117039837
1,2914,216.0320894562811
1,2915,333.4792108692476
1,2916,52.34798756099105
1,2917,328.92345086942436
1,2918,51.89616820736774
1,2919,174.93358679456895
1,2920,358.74741881859836
1,2921,138.28236149511946
1,2922,329.941316947144
1,2923,79.8074581668499
1,2924,316.48886954172815
1,2925,272.2443504467449
1,2926,48.106493321332536
1,2927,156.31047829128653
1,2928,231.79305853613204
1,2929,57.997103230406005
1,2930,330.48010152032055
1,2931,53.71912360792986
1,2932,295.4419338709556
1,2933,240.37163045246507
1,2934,337.16568192761946
1,2935,535.0722799794039
1,2936,59.060296070607244
1,2937,328.61141826960386
1,2938,172.370341247756
1,2939,317.71420128090506
1,2940,285.45862414367014
1,2941,142.5714343855366
1,2942,319.8164646326687
1,2943,32.860968947511005
1,2944,294.7437400051266
1,2945,58.982388508351384
1,2946,385.30906803578074
1,2947,307.25618754875813
1,2948,33.118444107808415
1,2949,305.62291166343306
1,2950,55.77112983876518
1,2951,295.1011431183209
1,2952,51.728997741787985
1,2953,339.7472995664081
1,2954,268.71571250675197
1,2955,44.6367684402106
1,2956,297.6894373085996
1,2957,266.0747219785204
1,2958,274.024807081974
1,2959,51.85331421487966
1,2960,249.74352722872152
1,2961,39.51324846911812
1,2962,236.56596579155936
1,2963,55.362344850452416
1,2964,243.71944456917302
1,2965,538.3022018869043
1,2966,58.436760929241714
1,2967,330.10625891382
1,2968,252.10976475727665
1,2969,331.40826022394003
1,2970,53.081710830359185
1,2971,336.89450771493284
1,2972,283.26851430255
1,2973,86.53428816780843
1,2974,138.9187990406217
1,2975,338.3100597307888
1,2976,340.3974240675842
1,2977,103.05406768271632
1,2978,346.9812376295208
1,2979,102.51388214332903
1,2980,431.5183235856998
1,2981,47.101396517144735
1,2982,373.3761952840305
1,2983,245.895073711244
1,2984,244.82843886639677
1,2985,298.92656766660264
1,2986,223.21780075337722
1,2987,44.47534340896734
1,2988,258.6656627506725
1,2989,274.5960145487028
1,2990,66.25803619565758
1,2991,277.6115319889159
1,2992,135.80570402346933
1,2993,142.8339585751903
1,2994,306.5791266183647
1,2995,407.6717505011655
1,2996,61.53755013697108
1,2997,149.24932711396565
1,2998,292.8498254639352
1,2999,217.80577786249904
1,3000,277.37663586282576
1,3001,40.0657510910878
1,3002,236.96693927690688
1,3003,129.4169176568093
1,3004,49.079238575711585
1,3005,56.988075770920204
1,3006,308.5932602843196
1,3007,54.042498782855006
1,3008,210.11445192710633
1,3009,355.0419772827163
1,3010,23.253588193068296
1,3011,281.58474183584474
1,3012,56.845696984546876
1,3013,324.6543610929569
1,3014,78.32781411212444
1,3015,260.619725641795
1,3016,53.099641140340445
1,3017,327.2566944420655
1,3018,126.12367737649191
1,3019,217.03768137869872
1,3020,293.43461748981247
1,3021,43.480273853577046
1,3022,187.20972612530844
1,3023,278.25927210861073
1,3024,76.56981088172985
1,3025,196.62960764013232
1,3026,107.48226413039869
1,3027,273.98976252641256
1,3028,255.25464895260512
1,3029,41.283989563202624
1,3030,261.70366139138474
1,3031,204.13537518752128
1,3032,194.10810144229305
1,3033,270.6607096531961
1,3034,81.15325805588333
1,3035,356.463388427112
1,3036,60.56576340601039
1,3037,179.86267008449778
1,3038,52.64066203718776
1,3039,320.4878258705413
1,3040,213.51575783446418
1,3041,276.4338421971142
1,3042,47.562775369850854
1,3043,240.48454796174877
1,3044,131.48657310485922
1,3045,320.1399821605819
1,3046,54.65131912971386
1,3047,362.74936349367397
1,3048,51.8986472326475
1,3049,290.2901771304058
1,3050,295.76450087365197
1,3051,311.7520632894918
1,3052,214.5152555757502
1,3053,85.87693801931789
1,3054,56.951421877303744
1,3055,291.93402389607036
1,3056,58.90182519443568
1,3057,361.72395030501065
1,3058,167.26141021917243
1,3059,255.10745299986198
1,3060,58.43352400798489
1,3061,275.74122588977457
1,3062,115.27679801637159
1,3063,150.80275603798174
1,3064,261.19884058102207
1,3065,242.92490952640753
1,3066,465.56164633346236
1,3067,38.764246384506386
1,3068,137.30338197744018
1,3069,307.24450077851736
1,3070,314.25854529372305
1,3071,421.7154018917619
1,3072,380.3456392018746
1,3073,408.3387808129629
1,3074,384.6806383148943
1,3075,43.197755098061805
1,3076,393.39060226173933
1,3077,66.77209684440636
1,3078,371.67942427194953
1,3079,179.8095401526694
1,3080,340.10977078524206
1,3081,78.4271992286839
1,3082,214.40161157228295
1,3083,237.69756539859736
1,3084,53.65026836787534
1,3085,236.99022676037896
1,3086,363.4122864896746
1,3087,62.91922286813111
1,3088,347.65490221150674
1,3089,63.723645160098485
1,3090,140.2467652584818
1,3091,320.41793488147357
1,3092,371.797668998385
1,3093,349.4285756107784
1,3094,159.3281481886516
1,3095,42.16594001192148
1,3096,108.01767550060592
1,3097,53.58023521292382
1,3098,214.43271424568908
1,3099,274.76372625482264
1,3100,312.11103835837207
1,3101,129.086234037892
1,3102,356.2935399122689
1,3103,56.29380575681391
1,3104,233.9186665057362
1,3105,152.7815299794403
1,3106,307.0944671015826
1,3107,58.71811432099831
1,3108,270.10843732070384
1,3109,58.737390862596826
1,3110,190.716766522177
1,3111,42.47287487788748
1,3112,258.1883427535936
1,3113,291.8485533128429
1,3114,324.3284535550945
1,3115,341.18235400627464
1,3116,304.59859522775434
1,3117,232.67008059787472
1,3118,97.01485686939859
1,3119,287.2829824154496
1,3120,365.94594687156314
1,3121,333.25537323446514
1,3122,58.52997064041205
1,3123,331.89826121224996
1,3124,32.382292330348214
1,3125,322.42461252706744
1,3126,229.81216181456114
1,3127,49.23054295242739
1,3128,219.41640037390187
1,3129,337.87249557428345
1,3130,171.44317491983352
1,3131,329.4919929317507
1,3132,340.7497615925243
1,3133,354.31375463196315
1,3134,338.905910569037
1,3135,154.67180708194846
1,3136,155.18902125086592
1,3137,339.43230578402336
1,3138,254.3131522660379
1,3139,283.51287677967
1,3140,232.86450787605676
1,3141,136.50345284399395
1,3142,335.8218486458038
1,3143,54.5612724393161
1,3144,360.5724162194218
1,3145,274.69269594710113
1,3146,278.04318928853445
1,3147,369.38166006101085
1,3148,376.6876769775271
1,3149,58.66396488401698
1,3150,281.4092735422977
1,3151,87.91968156638406
1,3152,324.8093658418363
1,3153,65.36817560242005
1,3154,297.83051470457383
1,3155,82.61790434197567
1,3156,325.9444126485056
1,3157,279.0632044813773
1,3158,60.10463937501061
1,3159,377.53112432361286
1,3160,274.4282531051143
1,3161,314.61316426580777
1,3162,341.4198292129107
1,3163,336.1902661575511
1,3164,56.05150958520919
1,3165,264.80820433081647
1,3166,54.98416268878937
1,3167,256.36506829967675
1,3168,341.9342317589011
1,3169,52.81588611539459
1,3170,154.0261158467041
1,3171,268.61731489155136
1,3172,57.271601931678426
1,3173,196.634504047383
1,3174,59.0008110449363
1,3175,460.15289193021556
1,3176,59.01073021150124
1,3177,308.57250525264925
1,3178,74.6234884296698
1,3179,331.93202111531116
1,3180,56.020634572546825
1,3181,170.64426456348883
1,3182,373.25931725274495
1,3183,343.1976173037549
1,3184,59.54610875358756
1,3185,59.55177553859161
1,3186,305.41226110253274
1,3187,58.9390311186225
1,3188,282.12524264747304
1,3189,58.9390311186225
1,3190,101.58279067487602
1,3191,421.9144184451038
1,3192,50.40134628494047
1,3193,381.1927972721379
1,3194,55.83921545147542
1,3195,303.1004843246463
1,3196,130.93451944048746
1,3197,283.78605707336015
1,3198,273.36685126450595
1,3199,287.1252929057017
1,3200,109.87566699401393
1,3201,186.67353436970092
1,3202,365.22982482124917
1,3203,59.609986895328035
1,3204,272.69186881939714
1,3205,225.2144782524964
1,3206,293.8868854660666
1,3207,132.54461421250403
1,3208,85.60029174555956
1,3209,317.52750386456796
1,3210,274.6539593569285
1,3211,43.37226589586127
1,3212,191.53930286217894
1,3213,214.2669921012885
1,3214,303.53180320789363
1,3215,139.3339998210463
1,3216,38.958317684290314
1,3217,321.6750093950541
1,3218,130.2726838034793
1,3219,285.0171233170191
1,3220,274.94046710588964
1,3221,295.3492181506184
1,3222,202.38103519470988
1,3223,331.99492711945805
1,3224,111.17096948601052
1,3225,162.08431378097438
1,3226,60.75380560058372
1,3227,260.81716937996396
1,3228,60.55312737339316
1,3229,283.46736757428937
1,3230,50.37298364590433
1,3231,60.504841889079195
1,3232,279.0422151903154
1,3233,258.62303846397685
1,3234,270.3679059333341
1,3235,351.3498837869571
1,3236,143.28604704959469
1,3237,327.04394127502724
1,3238,57.25484231648464
1,3239,294.44799036906227
1,3240,81.62730905132378
1,3241,226.84165302019701
1,3242,264.733403311669
1,3243,333.0518926593553
1,3244,226.84989899191547
1,3245,398.28440385921414
1,3246,418.7789859646208
1,3247,290.51104056728826
1,3248,425.70203727560556
1,3249,448.57169753812445
1,3250,361.35772964608213
1,3251,246.6914340158986
1,3252,69.7626710971713
1,3253,341.7975246856848
1,3254,66.96625525383715
1,3255,281.6089966591934
1,3256,316.3835862280266
1,3257,347.6234569476627
1,3258,42.82490116055952
1,3259,354.23238941452655
1,3260,349.7636640817001
1,3261,269.21346559167773
1,3262,333.6051098427629
1,3263,364.30939843530007
1,3264,89.38043244244929
1,3265,79.51110330259976
1,3266,55.57440573171296
1,3267,259.2909671988588
1,3268,280.01434242089397
1,3269,303.1564953044892
1,3270,248.43933479039987
1,3271,376.61792942636754
1,3272,301.35790304598834
1,3273,249.11318866536374
1,3274,350.24085420708366
1,3275,38.627833571025576
1,3276,255.9203033409924
1,3277,309.07914396283593
1,3278,324.08184854959075
1,3279,325.25398895179467
1,3280,355.60979864622556
1,3281,52.73680962121556
1,3282,273.30922726318596
1,3283,359.7919112577165
1,3284,74.44508875214032
1,3285,276.4417989354838
1,3286,456.80263629029116
1,3287,399.18399778330064
1,3288,399.6260716053221
1,3289,332.3769402646437
1,3290,71.85518876435194
1,3291,329.50694278737177
1,3292,326.0344426504222
1,3293,300.93910320232396
1,3294,87.46257583307877
1,3295,262.37128963967467
1,3296,276.95024932178467
1,3297,327.961939915527
1,3298,319.45869776701306
1,3299,49.0871642612843
1,3300,352.99853430520636
1,3301,54.45027834787771
1,3302,348.41338178749686
1,3303,359.36980346507056
1,3304,379.0828154897848
1,3305,38.217373520873046
1,3306,32.82561775052328
1,3307,310.61779675112416
1,3308,55.05688172474915
1,3309,301.65993648785957
1,3310,283.31906402430576
1,3311,362.0508245988261
1,3312,179.24221990579184
1,3313,400.70458564421665
1,3314,220.62979023980273
1,3315,324.1805046066848
1,3316,77.6240855599512
1,3317,142.57224224853886
1,3318,360.88336900324805
1,3319,109.45297923264206
1,3320,192.67081373345948
1,3321,264.83959610778874
1,3322,135.55823545743198
1,3323,65.92368697623284
1,3324,375.1330184471638
1,3325,352.32103926780394
1,3326,266.73827805349714
1,3327,135.4444418993968
1,3328,229.2037410273268
1,3329,109.0882674138912
1,3330,190.15039259640284
1,3331,280.7622647521044
1,3332,52.96648860933649
1,3333,317.0571671145286
1,3334,59.91910591031167
1,3335,269.98743998368826
1,3336,63.63665469624449
1,3337,105.93087386437956
1,3338,246.58796556153578
1,3339,328.5253232307617
1,3340,171.14427074971667
1,3341,326.80218221957193
1,3342,222.40721652581402
1,3343,79.91623418124367
1,3344,270.2555923279951
1,3345,300.227175459982
1,3346,87.7787740256023
1,3347,265.6058467218812
1,3348,267.15785959089567
1,3349,336.3772617505254
1,3350,270.16872943259443
1,3351,280.1067773674878
1,3352,56.22994678803085
1,3353,390.3738772033478
1,3354,63.357936129842884
1,3355,248.3943162902894
1,3356,55.29731551644413
1,3357,262.59685390062424
1,3358,219.4827613217271
1,3359,350.88233059078925
1,3360,58.91421956275008
1,3361,272.4742724442713
1,3362,662.1792331183058
1,3363,474.85582180670684
1,3364,380.533380691233
1,3365,431.43939294161584
1,3366,56.410083613360655
1,3367,423.0920268886669
1,3368,393.1558353802053
1,3369,360.83506482719895
1,3370,332.649826849168
1,3371,415.25158101223474
1,3372,97.63579717831331
1,3373,74.68230382461383
1,3374,475.75465656681394
1,3375,313.49541215957686
1,3376,408.8512585562703
1,3377,377.84531313428465
1,3378,321.582623049503
1,3379,353.785595298131
1,3380,359.5916652188512
1,3381,201.0646585345331
1,3382,362.22916398789846
1,3383,261.7979531466177
1,3384,537.6467174959157
1,3385,338.49158905007835
1,3386,276.52027708949925
1,3387,383.1236883515993
1,3388,61.33923088456484
1,3389,349.4992104687378
1,3390,345.6502923316626
1,3391,325.45665440926797
1,3392,476.890957363339
1,3393,186.4990953434733
1,3394,233.9899385091714
1,3395,337.6493509995805
1,3396,32.58397768865583
1,3397,140.9937952340234
1,3398,342.7460345267697
1,3399,360.4498765525233
1,3400,362.831835713617
1,3401,272.2992178400054
1,3402,325.5150565106835
1,3403,316.43949761205994
1,3404,59.022448818302166
1,3405,53.47994862930263
1,3406,486.4648421511686
1,3407,176.30049137862628
1,3408,314.393509946797
1,3409,354.35161722888705
1,3410,48.230715506370636
1,3411,350.9417307067124
1,3412,52.65680948248722
1,3413,128.9151266506601
1,3414,218.11018977055178
1,3415,255.78058668260448
1,3416,270.88375745615997
1,3417,46.34489670541312
1,3418,341.61678765380213
1,3419,107.8289219004717
1,3420,337.0107168203735
1,3421,390.84329743160697
1,3422,83.70228136183448
1,3423,73.76392504602605
1,3424,487.4288521696683
1,3425,314.918490246645
1,3426,61.27718945538675
1,3427,349.84429392789644
1,3428,316.50568345829555
1,3429,374.8781082813713
1,3430,64.30238040461296
1,3431,258.5317532500004
1,3432,60.18880076652668
1,3433,363.3770494321128
1,3434,152.13332003759126
1,3435,356.7145749455258
1,3436,323.8692813639202
1,3437,337.4274718876751
1,3438,287.4409277483514
1,3439,500.76072620838625
1,3440,313.56240885074766
1,3441,392.02441113164764
1,3442,324.01756148193317
1,3443,521.7288949675251
1,3444,38.992739881419055
1,3445,252.1667361220699
1,3446,54.96554935952688
1,3447,347.8547467747248
1,3448,355.58654990887175
1,3449,38.94568677054624
1,3450,267.98126262089403
1,3451,55.287912510458625
1,3452,271.76346836489813
1,3453,134.99420332599846
1,3454,246.76648052340892
1,3455,58.116011915697705
1,3456,379.2579083437024
1,3457,58.15128662856277
1,3458,324.74981188332583
1,3459,49.23484542419316
1,3460,53.51879814426651
1,3461,336.1114687156916
1,3462,169.1085061562406
1,3463,328.20149617408987
1,3464,311.5721528615293
1,3465,286.02384257938564
1,3466,339.163206453993
1,3467,416.6448295635793
1,3468,417.03958505828166
1,3469,57.62431144979999
1,3470,412.60252690404957
1,3471,69.95232049162088
1,3472,64.75036616148465
1,3473,432.4454650798335
1,3474,81.16613882109823
1,3475,374.88006252705327
1,3476,340.6781363910312
1,3477,62.96787235401711
1,3478,338.22743616864125
1,3479,292.3382207121458
1,3480,70.76944576519023
1,3481,277.374283953351
1,3482,66.69842031685194
1,3483,380.4453467554639
1,3484,361.71202999998053
1,3485,329.9925058114235
1,3486,360.3503211637714
1,3487,171.09391948987172
1,3488,286.3833495210428
1,3489,317.0125162724646
1,3490,295.83756967178425
1,3491,318.60851884978973
1,3492,299.4567451275957
1,3493,196.49827560080243
1,3494,27.55551247109012
1,3495,163.00834069892525
1,3496,294.7629760171666
1,3497,328.3390821824402
1,3498,55.59135012368574
1,3499,190.83016189257597
1,3500,356.10816610777374
1,3501,41.11888018610797
1,3502,355.8128514806498
1,3503,74.80592683135731
1,3504,313.7255258856886
1,3505,322.1944235635506
1,3506,133.6636262410513
1,3507,58.51584067336124
1,3508,248.4732079053241
1,3509,59.81327251231784
1,3510,302.4173279095397
1,3511,246.33704703786594
1,3512,343.1519141827395
1,3513,326.53311056710413
1,3514,123.26643215242248
1,3515,340.6283952463479
1,3516,479.90852920484474
1,3517,341.5334272742772
1,3518,314.3340422689671
1,3519,90.37437110264878
1,3520,281.072098488769
1,3521,326.50950665615846
1,3522,365.1913023812949
1,3523,313.9107635865197
1,3524,71.63688880750038
1,3525,284.3639688408541
1,3526,256.1848796790224
1,3527,68.01658544896482
1,3528,311.809339372362
1,3529,61.604582794067596
1,3530,66.27352332703167
1,3531,364.89384764388876
1,3532,197.83039848830802
1,3533,51.453453163826175
1,3534,56.12208155071537
1,3535,188.3595178856891
1,3536,138.6905738516778
1,3537,59.77991120555262
1,3538,229.01422282866542
1,3539,251.59831426911742
1,3540,59.10222420977906
1,3541,338.0294650439157
1,3542,22.82004695260196
1,3543,59.405657587573174
1,3544,319.9684343129944
1,3545,50.65044177196795
1,3546,310.53033996834506
1,3547,428.495617848184
1,3548,130.15269639507
1,3549,347.88962921256024
1,3550,58.86862942592313
1,3551,277.6225221341377
1,3552,244.23972147730842
1,3553,449.24800112656783
1,3554,194.65079860395178
1,3555,298.2672282065337
1,3556,336.4274979860056
1,3557,135.6590036731308
1,3558,314.6005946790814
1,3559,59.277982739915856
1,3560,471.04614328373225
1,3561,49.37227651647256
1,3562,54.6442150403322
1,3563,337.5667807890311
1,3564,345.65868829734836
1,3565,161.51732300158153
1,3566,261.3754756965886
1,3567,215.67825801230407
1,3568,358.0447810811769
1,3569,59.10839796302293
1,3570,273.37801027185947
1,3571,78.14209567764965
1,3572,313.4511364483244
1,3573,309.9504691044872
1,3574,123.55577664702665
1,3575,318.9639285166149
1,3576,291.89776014377355
1,3577,197.0317626890673
1,3578,307.17106130181276
1,3579,171.87316439113303
1,3580,477.9204205904407
1,3581,324.85518364353015
1,3582,483.6872786405225
1,3583,460.0891565193368
1,3584,288.44472391696087
1,3585,54.785578271247445
1,3586,321.62955870460047
1,3587,283.4618911485994
1,3588,300.93643863391804
1,3589,351.007209265839
1,3590,52.71051142575476
1,3591,340.7690212007733
1,3592,318.14533934847157
1,3593,313.4360026486011
1,3594,324.38114213478696
1,3595,341.33897014770105
1,3596,172.1415586744049
1,3597,285.4603771767654
1,3598,313.04618260524046
1,3599,219.8292564442063
1,3600,332.7310753752808
1,3601,263.3163021827326
1,3602,258.55290215727155
1,3603,380.4906315031431
1,3604,62.48444213435313
1,3605,297.58873037278516
1,3606,383.8547781923093
1,3607,232.96517126890376
1,3608,353.8448789723288
1,3609,59.79554838181665
1,3610,46.791203068288254
1,3611,90.40534756266067
1,3612,112.26401992641814
1,3613,299.58853267283274
1,3614,283.3631977544765
1,3615,68.1973534819097
1,3616,285.20316433795216
1,3617,65.80729577108329
1,3618,336.5894193034491
1,3619,258.57149604459437
1,3620,228.14740365767992
1,3621,95.8560420970024
1,3622,279.2317242173949
1,3623,48.572597244091995
1,3624,307.83593381458684
1,3625,59.423481359545605
1,3626,267.4095940148743
1,3627,25.977145456167108
1,3628,281.3447601721016
1,3629,234.27132493647682
1,3630,294.02374671078894
1,3631,278.32426264966864
1,3632,88.563610106789
1,3633,160.589370155378
1,3634,54.57611016343727
1,3635,340.53125831887746
1,3636,363.2053420956905
1,3637,31.427769342159838
1,3638,259.755765430864
1,3639,66.77090380200806
1,3640,57.42093289029059
1,3641,148.77784319887536
1,3642,48.38611210978951
1,3643,201.4818732720522
1,3644,59.2635496334815
1,3645,293.19591700940566
1,3646,59.35645851193534
1,3647,285.1755330801512
1,3648,169.0510203010041
1,3649,314.70677278080177
1,3650,59.28632834385873
1,3651,270.38574562426936
1,3652,207.65936246033186
1,3653,275.8121920974356
1,3654,86.26496231695064
1,3655,274.7419674960611
1,3656,54.86056694382317
1,3657,86.36922606456342
1,3658,299.7732591873039
1,3659,106.22427104840062
1,3660,271.22940100229584
1,3661,127.81995779526184
1,3662,55.62004095818112
1,3663,232.55245154961784
1,3664,296.60459330452125
1,3665,298.21466560976467
1,3666,376.1638566183308
1,3667,212.42126802782337
1,3668,49.5257064691012
1,3669,237.75174518213936
1,3670,290.34758605170106
1,3671,379.642052849135
1,3672,268.0867802792017
1,3673,59.38246525332902
1,3674,274.91718029446577
1,3675,39.86334673353854
1,3676,268.61178263583054
1,3677,243.79916428636346
1,3678,32.358190668118866
1,3679,350.6597616685543
1,3680,59.80268661856235
1,3681,286.2045586515597
1,3682,821.0102220287986
1,3683,437.7602305153913
1,3684,225.1668215186147
1,3685,459.77935352045677
1,3686,280.4358708786999
1,3687,230.97036251137638
1,3688,397.75328251905427
1,3689,198.38635126883628
1,3690,279.01436827523764
1,3691,65.61095778695078
1,3692,236.0453556205698
1,3693,223.51446278925744
1,3694,368.9647365423415
1,3695,336.51139926561723
1,3696,68.0980046182851
1,3697,361.25623798613117
1,3698,347.1271359308048
1,3699,105.89943332728916
1,3700,348.9658646231603
1,3701,341.62444298026514
1,3702,85.12742029659412
1,3703,277.66217668463617
1,3704,396.20720754800413
1,3705,40.805109465657395
1,3706,290.40546185374706
1,3707,420.5915275182579
1,3708,385.24479120153785
1,3709,332.70401468543605
1,3710,337.1996341568308
1,3711,68.17069872010163
1,3712,283.88285742633656
1,3713,58.58536701352984
1,3714,357.7327085211415
1,3715,260.704863971646
1,3716,325.98688840283955
1,3717,331.1071307407268
1,3718,379.95424444278456
1,3719,51.585522574805694
1,3720,258.9028696773066
1,3721,295.5172797597053
1,3722,51.07444600440046
1,3723,308.7652617413495
1,3724,309.96048138441824
1,3725,82.09858970194946
1,3726,270.586565854607
1,3727,54.35435399528363
1,3728,258.1159091173662
1,3729,193.46379436945097
1,3730,71.73201116343336
1,3731,210.1527337928174
1,3732,55.62421845203042
1,3733,209.10508570726768
1,3734,198.6696693035231
1,3735,311.7555516582106
1,3736,58.60021483745132
1,3737,269.94224719217596
1,3738,297.09834797555817
1,3739,58.55368116566348
1,3740,229.92652931338017
1,3741,352.79275218376125
1,3742,55.02921133702739
1,3743,295.2143957889456
1,3744,274.89629148935063
1,3745,361.38663838267144
1,3746,49.56559018870496
1,3747,180.4160553011763
1,3748,239.51422134995767
1,3749,198.0264178764247
1,3750,100.31318679694085
1,3751,187.8418232191656
1,3752,328.6043015126746
1,3753,334.2552539396158
1,3754,55.4287000774255
1,3755,323.41459659073007
1,3756,83.11188090679545
1,3757,134.945767926389
1,3758,353.761158263806
1,3759,52.461710818011596
1,3760,330.4738055548354
1,3761,62.544389931414635
1,3762,130.3836170316656
1,3763,138.54432823466394
1,3764,345.9874715620305
1,3765,56.903858402268064
1,3766,139.28928290033906
1,3767,321.21176431543313
1,3768,372.6082403586033
1,3769,315.3499483463095
1,3770,235.8492238061026
1,3771,248.23114036895117
1,3772,361.0550682638984
1,3773,275.84475337973333
1,3774,351.1935450565362
1,3775,276.4088430408136
1,3776,314.03010463798677
1,3777,370.86930397278525
1,3778,381.61720007504795
1,3779,56.99297373790039
1,3780,303.182795050172
1,3781,50.48108869369302
1,3782,345.4075877225697
1,3783,64.39829369276008
1,3784,341.002644420695
1,3785,169.97435504757487
1,3786,336.8560636587769
1,3787,58.31670585484022
1,3788,170.81756890612706
1,3789,350.76202434870055
1,3790,157.8227517656783
1,3791,296.2199554329064
1,3792,293.2630506960425
1,3793,285.44389115637546
1,3794,11.084014064303952
1,3795,277.7494050813335
1,3796,281.9875251116812
1,3797,342.9252928343227
1,3798,54.72552262427702
1,3799,274.6919867718972
1,3800,293.7459955491677
1,3801,206.9573953140224
1,3802,47.613690981444684
1,3803,310.0823663920567
1,3804,282.1743303426107
1,3805,272.0454953354108
1,3806,54.03538332466522
1,3807,373.4162638200189
1,3808,53.69294455714156
1,3809,165.75254589285942
1,3810,334.1637190615295
1,3811,250.8054835320395
1,3812,328.4484371703429
1,3813,58.235561830743706
1,3814,312.50304871493177
1,3815,313.16111790901766
1,3816,27.07541381537566
1,3817,249.50620476272084
1,3818,363.8596452928323
1,3819,275.32805013447535
1,3820,320.22859730152186
1,3821,276.8023209153362
1,3822,46.70019318360881
1,3823,268.0225446176015
1,3824,179.27076242915584
1,3825,202.6607218511291
1,3826,202.91188995122775
1,3827,297.92430852720634
1,3828,53.753905610929934
1,3829,317.8812641260281
1,3830,334.59736214700774
1,3831,48.53038029167509
1,3832,258.65760303949
1,3833,294.14097278930706
1,3834,86.3972726036192
1,3835,295.6868954368756
1,3836,360.83268911540654
1,3837,421.7574349609029
1,3838,93.65040678431109
1,3839,295.34278990708066
1,3840,171.8023666706863
1,3841,303.1414956676423
1,3842,77.87776496048502
1,3843,358.40400883610164
1,3844,128.87011373034062
1,3845,68.249382974573
1,3846,95.98736045987788
1,3847,310.83629513738936
1,3848,65.08783212601395
1,3849,24.490216289698985
1,3850,176.72723434021748
1,3851,293.83572067383295
1,3852,595.5560376027487
1,3853,369.3784288585325
1,3854,62.05773375100671
1,3855,341.7357022375976
1,3856,61.22414932298847
1,3857,215.44719889505438
1,3858,122.15280909859464
1,3859,365.37693228759264
1,3860,42.188842941350494
1,3861,312.356215340516
1,3862,50.08749867381229
1,3863,315.3210296718672
1,3864,168.8986012335553
1,3865,336.28452080213776
1,3866,56.46996350691127
1,3867,243.74600732490836
1,3868,98.49469413698694
1,3869,317.92862547058405
1,3870,49.721100947944706
1,3871,340.2289509976349
1,3872,149.55181116802254
1,3873,289.2970694248665
1,3874,332.1928102288141
1,3875,330.1326333534179
1,3876,52.79972459566876
1,3877,168.04309531581237
1,3878,341.833775445163
1,3879,12.015141207793897
1,3880,321.00173579364184
1,3881,288.11343432255126
1,3882,284.6966147211667
1,3883,294.2988344754683
1,3884,55.9594518749922
1,3885,325.8451971613836
1,3886,286.3320057972206
1,3887,172.1127447774466
1,3888,322.7414567657419
1,3889,50.21459317088055
1,3890,171.4506383479864
1,3891,335.82722856441956
1,3892,47.64635395284856
1,3893,139.68495090155642
1,3894,336.38278441084515
1,3895,328.3335536940525
1,3896,333.27832648145977
1,3897,328.06392333767997
1,3898,394.38000481572965
1,3899,109.06800300852419
1,3900,262.3314252450473
1,3901,322.5560076402418
1,3902,91.1707841445313
1,3903,362.24452477689186
1,3904,65.17741724233683
1,3905,346.120123523462
1,3906,173.76317236955435
1,3907,358.3861182259817
1,3908,59.455572057548196
1,3909,180.73420893858201
1,3910,352.74764910246444
1,3911,650.9705248781963
1,3912,295.5894064756848
1,3913,302.9571784765153
1,3914,60.8984506959094
1,3915,316.55460698971444
1,3916,77.10342252186656
1,3917,262.82612789714216
1,3918,330.28588085546994
1,3919,130.2780289369466
1,3920,55.51052614472271
1,3921,297.57327967156874
1,3922,254.57134502958638
1,3923,216.41166373227563
1,3924,55.120281574142155
1,3925,276.40903760473816
1,3926,494.06093965115804
1,3927,28.14778639939383
1,3928,113.63527189922156
1,3929,181.0947470158497
1,3930,32.86611936995642
1,3931,432.73910010932025
1,3932,503.0289314101701
1,3933,56.92692154490955
1,3934,326.467230719883
1,3935,261.40229897999996
1,3936,330.22360517625475
1,3937,41.91317774209682
1,3938,167.9560389680297
1,3939,380.07351581958926
1,3940,379.11742503457674
1,3941,335.16528243702226
1,3942,64.03488845359087
1,3943,322.1067942794772
1,3944,294.1647758415237
1,3945,25.646858532388862
1,3946,311.1110874693004
1,3947,191.29662028583482
1,3948,51.016127142471504
1,3949,323.3407038652193
1,3950,213.09752013201035
1,3951,275.6258684855356
1,3952,104.21089348224228
1,3953,173.53559798350108
1,3954,183.35283094665726
1,3955,60.18401725518538
1,3956,386.2574283306147
1,3957,259.93914949777286
1,3958,324.88739647223537
1,3959,318.71255128017344
1,3960,31.328084949426703
1,3961,279.50001706653416
1,3962,47.88981594429049
1,3963,23.87471563169894
1,3964,340.0433459437937
1,3965,239.57156601870508
1,3966,79.85720067102315
1,3967,219.08445347039287
1,3968,236.5428135618869
1,3969,353.0546772901671
1,3970,42.83040191302709
1,3971,30.946579365746032
1,3972,337.3941002008527
1,3973,321.64379697768265
1,3974,315.78194042022903
1,3975,46.070073669192084
1,3976,273.86694957543114
1,3977,56.07379551725738
1,3978,366.91887935165136
1,3979,340.1653836863509
1,3980,267.7673217126054
1,3981,123.97938636522727
1,3982,280.30816223317447
1,3983,104.73534728303092
1,3984,30.978003536113093
1,3985,286.75636435955744
1,3986,42.59935218734982
1,3987,331.2180062215634
1,3988,307.9280416166955
1,3989,300.2054470237819
1,3990,57.51288594710038
1,3991,280.135596029128
1,3992,283.42754626983
1,3993,575.8668828642647
1,3994,396.1489034878543
1,3995,94.6088725347003
1,3996,264.8018384675213
1,3997,147.42678249378915
1,3998,369.51859764797985
1,3999,56.23624222445085
1,4000,265.5377437335477
1,4001,346.14023445791156
1,4002,174.36125612184162
1,4003,387.2446802860983
1,4004,330.8871455558635
1,4005,63.61718482015918
1,4006,323.20325120817495
1,4007,354.8979412525381
1,4008,64.26059080432752
1,4009,332.52746036772305
1,4010,374.249710368827
1,4011,263.3324824676355
1,4012,225.48110463564356
1,4013,142.05477495649762
1,4014,127.13402058057491
1,4015,291.8816100308418
1,4016,133.47586321969484
1,4017,330.5363053587002
1,4018,55.78647773544332
1,4019,374.80965178525037
1,4020,57.51912796068665
1,4021,329.594911334832
1,4022,252.78218700001565
1,4023,88.06306563802524
1,4024,323.64759501521735
1,4025,44.64509228964356
1,4026,330.907987798232
1,4027,56.757317738980625
1,4028,214.26267982129102
1,4029,295.04023147861324
1,4030,135.45195735596815
1,4031,54.91290117921895
1,4032,302.0769982113471
1,4033,265.84691495850274
1,4034,224.0899918166627
1,4035,378.3791561999447
1,4036,291.2131713252058
1,4037,59.104858493726475
1,4038,361.13233984155056
1,4039,285.0723150903767
1,4040,196.04807725476502
1,4041,207.31059710420857
1,4042,55.726334666331546
1,4043,298.34851672645533
1,4044,335.5926391993049
1,4045,401.7047675480219
1,4046,6.256041192151622
1,4047,374.8587180713595
1,4048,346.3629928600948
1,4049,54.28601132818747
1,4050,160.4865509963376
1,4051,398.9538250330464
1,4052,62.40600264818336
1,4053,343.1546947884649
1,4054,62.42821821430515
1,4055,176.00337505035128
1,4056,55.98147303261972
1,4057,332.929633427987
1,4058,311.27459611243074
1,4059,75.41926929602549
1,4060,185.3184684997876
1,4061,110.63484832912378
1,4062,218.99714960831056
1,4063,250.96759062614996
1,4064,278.3435464473022
1,4065,157.37036263267396
1,4066,283.90259902718174
1,4067,59.24474047996761
1,4068,331.69182089113696
1,4069,298.68775110272566
1,4070,54.85979908598369
1,4071,318.5801471708721
1,4072,173.56845096540349
1,4073,293.64850689139905
1,4074,59.44223953066767
1,4075,324.42580300130226
1,4076,325.72635716556397
1,4077,49.625355660576496
1,4078,54.65425943272078
1,4079,340.90332390410674
1,4080,51.90289475474829
1,4081,177.21093928589468
1,4082,349.4277453894007
1,4083,255.8568232847131
1,4084,513.5121513253514
1,4085,289.2564825684992
1,4086,293.66082315798593
1,4087,392.61146097474983
1,4088,532.8770030307733
1,4089,79.64140741829323
1,4090,60.27292759976357
1,4091,339.1166211865117
1,4092,352.25599883355926
1,4093,58.95011355165505
1,4094,302.31254642563744
1,4095,59.54705047269108
1,4096,388.85165756150946
1,4097,356.4514557060428
1,4098,53.89485319121543
1,4099,185.17018700480185
1,4100,69.76850082037271
1,4101,297.05009218654925
1,4102,325.827709541212
1,4103,65.69131612625897
1,4104,348.8608278802972
1,4105,172.72753805817524
1,4106,325.7971735891769
1,4107,47.64693900630914
1,4108,286.72355701340575
1,4109,403.70471885564723
1,4110,342.35122479344
1,4111,134.09765234685463
1,4112,55.46752304125026
1,4113,219.7644880552793
1,4114,263.6234759648935
1,4115,98.6801036786517
1,4116,398.87487575512114
1,4117,320.1707655344975
1,4118,401.67677050672
1,4119,54.82719586247528
1,4120,211.08509210811596
1,4121,369.9273795644734
1,4122,342.64900505006744
1,4123,190.98014512890296
1,4124,312.5009182482696
1,4125,62.87997053402184
1,4126,129.98759214050622
1,4127,302.6731505427375
1,4128,59.89165481551069
1,4129,288.43188083125506
1,4130,49.30862145506421
1,4131,385.46070081217545
1,4132,88.1029215814325
1,4133,217.13000316067075
1,4134,119.25848425908517
1,4135,125.12812596923196
1,4136,298.79784204980353
1,4137,6.624981147811245
1,4138,129.91039445774305
1,4139,54.17611058177173
1,4140,213.17916264639638
1,4141,54.43380038925687
1,4142,217.9126631854005
1,4143,53.58895984214993
1,4144,278.0308832713653
1,4145,190.40214853432605
1,4146,58.01136120041468
1,4147,131.28624682790675
1,4148,245.4227838527885
1,4149,182.63436168582422
1,4150,70.1544776231814
1,4151,370.0058017470458
1,4152,50.77182506190065
1,4153,325.7900467234912
1,4154,310.11078779064053
1,4155,56.55680885025631
1,4156,242.64842969419766
1,4157,51.768882325953086
1,4158,102.07651178278823
1,4159,325.1884501694949
1,4160,56.76230802662318
1,4161,54.16460294237455
1,4162,291.2441695884718
1,4163,56.78631963856166
1,4164,247.05829498169908
1,4165,90.7980783507823
1,4166,56.6599558842892
1,4167,295.30598664937946
1,4168,286.8799331754772
1,4169,282.373445584393
1,4170,237.70394585045022
1,4171,221.00336932036578
1,4172,341.8475936679009
1,4173,52.702937392094285
1,4174,329.94044805746523
1,4175,277.86188875546225
1,4176,43.42639276040062
1,4177,336.16207281783494
1,4178,307.7536128048723
1,4179,371.53736215140475
1,4180,133.90679223477076
1,4181,243.00736796184245
1,4182,181.98701600238556
1,4183,294.9607191628904
1,4184,267.7562151885336
1,4185,91.48959563174697
1,4186,227.0378007482824
1,4187,46.28588383474461
1,4188,268.07882651390565
1,4189,43.601422776044714
1,4190,134.5169308367615
1,4191,244.87873627775596
1,4192,148.31887072933333
1,4193,240.69563614674416
1,4194,142.4316683212747
1,4195,175.89657962201852
1,4196,92.91544518144536
1,4197,255.99892550280572
1,4198,81.19659816380648
1,4199,254.6164440943948
1,4200,63.61081803445601
1,4201,298.2813857319452
1,4202,212.28329959278938
1,4203,62.015813123372965
1,4204,136.72575985485753
1,4205,254.1082345917709
1,4206,195.0215828170139
1,4207,73.9652558476315
1,4208,250.9426308245756
1,4209,65.54862374403757
1,4210,263.20543311156166
1,4211,253.8040624438498
1,4212,59.807911360145376
1,4213,110.11231508766238
1,4214,231.46087224438924
1,4215,57.11080701424774
1,4216,304.1388580446973
1,4217,57.33923847392376
1,4218,326.25283860207173
1,4219,346.6477948568041
1,4220,50.56990633018037
1,4221,243.08765157515776
1,4222,278.2701675990417
1,4223,56.698573189842534
1,4224,243.56887966778885
1,4225,54.87071680120238
1,4226,102.95578010923674
1,4227,329.2465824178106
1,4228,58.29639257425071
1,4229,56.42102496729765
1,4230,293.20815428356
1,4231,56.9221355845308
1,4232,246.59935114108495
1,4233,90.93718297354152
1,4234,56.76950235189466
1,4235,299.8850355742734
1,4236,280.0226151835176
1,4237,47.86816306961316
1,4238,338.31862686294147
1,4239,348.7226466496072
1,4240,26.1636789917443
1,4241,241.41825094907912
1,4242,282.5182978904537
1,4243,289.88302493900807
1,4244,286.8600088203922
1,4245,237.80199978429914
1,4246,220.244295075807
1,4247,347.64129904625474
1,4248,51.618950777413545
1,4249,330.7473655792093
1,4250,50.8922500201939
1,4251,54.87518416019276
1,4252,275.31399700366705
1,4253,43.42361860512162
1,4254,133.87950960323445
1,4255,243.05198193929058
1,4256,193.54179083062883
1,4257,241.12487805537268
1,4258,91.51474647741553
1,4259,109.20814058745594
1,4260,243.12392875999
1,4261,133.4643526909682
1,4262,130.17660126791554
1,4263,335.58520102612215
1,4264,57.73116614120326
1,4265,79.08192846177128
1,4266,309.56096733957963
1,4267,439.70485825713547
1,4268,264.0008284543425
1,4269,83.3542561172833
1,4270,397.91060474880555
1,4271,105.18034482656503
1,4272,428.15397619343264
1,4273,282.77745336856105
1,4274,437.57234669297895
1,4275,153.1952950358384
1,4276,327.31266063705255
1,4277,48.09533202126945
1,4278,230.3960396627932
1,4279,285.357963779903
1,4280,46.44215534258423
1,4281,333.56623436256507
1,4282,61.01014851456647
1,4283,129.38048479167745
1,4284,398.2015111246204
1,4285,318.43789222054346
1,4286,219.85427320026477
1,4287,60.523683663972335
1,4288,348.88745637095974
1,4289,171.8881413285536
1,4290,34.05633532621941
1,4291,312.3998846432004
1,4292,358.03947481634475
1,4293,58.478224818122655
1,4294,409.4118651669435
1,4295,49.85512471659631
1,4296,310.9536446215501
1,4297,41.21283648930868
1,4298,324.2976122556522
1,4299,192.58305955467338
1,4300,212.5231653877159
1,4301,299.7751596113018
1,4302,132.66602065307166
1,4303,187.598731358872
1,4304,52.47467367836124
1,4305,326.4510622944483
1,4306,58.15048598054855
1,4307,176.15570303528995
1,4308,47.51333058580628
1,4309,188.60256713627177
1,4310,345.17365402201415
1,4311,44.24105160748424
1,4312,292.19718787386
1,4313,345.373147282495
1,4314,11.954750452038805
1,4315,330.14208340863956
1,4316,48.299811907055314
1,4317,51.61515939008077
1,4318,384.5775261364289
1,4319,58.024189417834286
1,4320,31.58946231573011
1,4321,262.09895576086444
1,4322,278.06889912444416
1,4323,52.66446205786568
1,4324,249.60820580201192
1,4325,247.28036834489646
1,4326,290.42997144200285
1,4327,263.49369727594865
1,4328,76.98591602128002
1,4329,398.94575769044224
1,4330,68.13438211515894
1,4331,243.26548609302654
1,4332,374.06407341632143
1,4333,314.6997629137802
1,4334,66.90591094263237
1,4335,357.693194979601
1,4336,144.34413977892308
1,4337,60.934631404001976
1,4338,159.22707560535588
1,4339,366.2076105441354
1,4340,67.47142584270817
1,4341,280.5460444178533
1,4342,320.0329813217885
1,4343,62.18722041217944
1,4344,120.63145646423663
1,4345,209.0431401516072
1,4346,300.99683716119137
1,4347,59.076895508599904
1,4348,208.9460106800276
1,4349,294.80601221755114
1,4350,50.44805107123872
1,4351,52.510823009107135
1,4352,323.9685469990592
1,4353,309.90893327470155
1,4354,43.27963784282383
1,4355,79.7800980578556
1,4356,127.85734376529513
1,4357,187.39319715837172
1,4358,55.464013553044744
1,4359,135.26231009149353
1,4360,235.15513181285112
1,4361,51.26371477394348
1,4362,56.404583853528386
1,4363,238.43523933467708
1,4364,331.7756019854496
1,4365,200.58064395568013
1,4366,382.84161267985644
1,4367,67.91321117039837
1,4368,216.0320894562811
1,4369,333.4792108692476
1,4370,52.34798756099105
1,4371,328.92345086942436
1,4372,51.89616820736774
1,4373,174.93358679456895
1,4374,358.74741881859836
1,4375,138.28236149511946
1,4376,329.941316947144
1,4377,79.8074581668499
1,4378,316.48886954172815
1,4379,272.2443504467449
1,4380,48.106493321332536
1,4381,156.31047829128653
1,4382,231.79305853613204
1,4383,57.997103230406005
1,4384,330.48010152032055
1,4385,53.71912360792986
1,4386,295.4419338709556
1,4387,240.37163045246507
1,4388,337.16568192761946
1,4389,535.0722799794039
1,4390,59.060296070607244
1,4391,328.61141826960386
1,4392,172.370341247756
1,4393,317.71420128090506
1,4394,285.45862414367014
1,4395,142.5714343855366
1,4396,319.8164646326687
1,4397,32.860968947511005
1,4398,294.7437400051266
1,4399,58.982388508351384
1,4400,385.30906803578074
1,4401,307.25618754875813
1,4402,33.118444107808415
1,4403,305.62291166343306
1,4404,55.77112983876518
1,4405,295.1011431183209
1,4406,51.728997741787985
1,4407,339.7472995664081
1,4408,268.71571250675197
1,4409,44.6367684402106
1,4410,297.6894373085996
1,4411,266.0747219785204
1,4412,274.024807081974
1,4413,51.85331421487966
1,4414,249.74352722872152
1,4415,39.51324846911812
1,4416,236.56596579155936
1,4417,55.362344850452416
1,4418,243.71944456917302
1,4419,538.3022018869043
1,4420,58.436760929241714
1,4421,330.10625891382
1,4422,252.10976475727665
1,4423,331.40826022394003
1,4424,53.081710830359185
1,4425,336.89450771493284
1,4426,283.26851430255
1,4427,86.53428816780843
1,4428,138.9187990406217
1,4429,338.3100597307888
1,4430,340.3974240675842
1,4431,103.05406768271632
1,4432,346.9812376295208
1,4433,102.51388214332903
1,4434,431.5183235856998
1,4435,47.101396517144735
1,4436,373.3761952840305
1,4437,245.895073711244
1,4438,244.82843886639677
1,4439,298.92656766660264
1,4440,223.21780075337722
1,4441,44.47534340896734
1,4442,258.6656627506725
1,4443,274.5960145487028
1,4444,66.25803619565758
1,4445,277.6115319889159
1,4446,135.80570402346933
1,4447,142.8339585751903
1,4448,306.5791266183647
1,4449,407.6717505011655
1,4450,61.53755013697108
1,4451,149.24932711396565
1,4452,292.8498254639352
1,4453,217.80577786249904
1,4454,277.37663586282576
1,4455,40.0657510910878
1,4456,236.96693927690688
1,4457,129.4169176568093
1,4458,49.079238575711585
1,4459,56.988075770920204
1,4460,308.5932602843196
1,4461,54.042498782855006
1,4462,210.11445192710633
1,4463,355.0419772827163
1,4464,23.253588193068296
1,4465,281.58474183584474
1,4466,56.845696984546876
1,4467,324.6543610929569
1,4468,78.32781411212444
1,4469,260.619725641795
1,4470,53.099641140340445
1,4471,327.2566944420655
1,4472,126.12367737649191
1,4473,217.03768137869872
1,4474,293.43461748981247
1,4475,43.480273853577046
1,4476,187.20972612530844
1,4477,278.25927210861073
1,4478,76.56981088172985
1,4479,196.62960764013232
1,4480,107.48226413039869
1,4481,273.98976252641256
1,4482,255.25464895260512
1,4483,41.283989563202624
1,4484,261.70366139138474
1,4485,204.13537518752128
1,4486,194.10810144229305
1,4487,270.6607096531961
1,4488,81.15325805588333
1,4489,356.463388427112
1,4490,60.56576340601039
1,4491,179.86267008449778
1,4492,52.64066203718776
1,4493,320.4878258705413
1,4494,213.51575783446418
1,4495,276.4338421971142
1,4496,47.562775369850854
1,4497,240.48454796174877
1,4498,131.48657310485922
1,4499,320.1399821605819
1,4500,54.65131912971386
1,4501,362.74936349367397
1,4502,51.8986472326475
1,4503,290.2901771304058
1,4504,295.76450087365197
1,4505,311.7520632894918
1,4506,214.5152555757502
1,4507,85.87693801931789
1,4508,56.951421877303744
1,4509,291.93402389607036
1,4510,58.90182519443568
1,4511,361.72395030501065
1,4512,167.26141021917243
1,4513,255.10745299986198
1,4514,58.43352400798489
1,4515,275.74122588977457
1,4516,115.27679801637159
1,4517,150.80275603798174
1,4518,261.19884058102207
1,4519,242.92490952640753
1,4520,465.56164633346236
1,4521,38.764246384506386
1,4522,137.30338197744018
1,4523,307.24450077851736
1,4524,314.25854529372305
1,4525,421.7154018917619
1,4526,380.3456392018746
1,4527,408.3387808129629
1,4528,384.6806383148943
1,4529,43.197755098061805
1,4530,393.39060226173933
1,4531,66.77209684440636
1,4532,371.67942427194953
1,4533,179.8095401526694
1,4534,340.10977078524206
1,4535,78.4271992286839
1,4536,214.40161157228295
1,4537,237.69756539859736
1,4538,53.65026836787534
1,4539,236.99022676037896
1,4540,363.4122864896746
1,4541,62.91922286813111
1,4542,347.65490221150674
1,4543,63.723645160098485
1,4544,140.2467652584818
1,4545,320.41793488147357
1,4546,371.797668998385
1,4547,349.4285756107784
1,4548,159.3281481886516
1,4549,42.16594001192148
1,4550,108.01767550060592
1,4551,53.58023521292382
1,4552,214.43271424568908
1,4553,274.76372625482264
1,4554,312.11103835837207
1,4555,129.086234037892
1,4556,356.2935399122689
1,4557,56.29380575681391
1,4558,233.9186665057362
1,4559,152.7815299794403
1,4560,307.0944671015826
1,4561,58.71811432099831
1,4562,270.10843732070384
1,4563,58.737390862596826
1,4564,190.716766522177
1,4565,42.47287487788748
1,4566,258.1883427535936
1,4567,291.8485533128429
1,4568,324.3284535550945
1,4569,341.18235400627464
1,4570,304.59859522775434
1,4571,232.67008059787472
1,4572,97.01485686939859
1,4573,287.2829824154496
1,4574,365.94594687156314
1,4575,333.25537323446514
1,4576,58.52997064041205
1,4577,331.89826121224996
1,4578,32.382292330348214
1,4579,322.42461252706744
1,4580,229.81216181456114
1,4581,49.23054295242739
1,4582,219.41640037390187
1,4583,337.87249557428345
1,4584,171.44317491983352
1,4585,329.4919929317507
1,4586,340.7497615925243
1,4587,354.31375463196315
1,4588,338.905910569037
1,4589,154.67180708194846
1,4590,155.18902125086592
1,4591,339.43230578402336
1,4592,254.3131522660379
1,4593,283.51287677967
1,4594,232.86450787605676
1,4595,136.50345284399395
1,4596,335.8218486458038
1,4597,54.5612724393161
1,4598,360.5724162194218
1,4599,274.69269594710113
1,4600,278.04318928853445
1,4601,369.38166006101085
1,4602,376.6876769775271
1,4603,58.66396488401698
1,4604,281.4092735422977
1,4605,87.91968156638406
1,4606,324.8093658418363
1,4607,65.36817560242005
1,4608,297.83051470457383
1,4609,82.61790434197567
1,4610,325.9444126485056
1,4611,279.0632044813773
1,4612,60.10463937501061
1,4613,377.53112432361286
1,4614,274.4282531051143
1,4615,314.61316426580777
1,4616,341.4198292129107
1,4617,336.1902661575511
1,4618,56.05150958520919
1,4619,264.80820433081647
1,4620,54.98416268878937
1,4621,256.36506829967675
1,4622,341.9342317589011
1,4623,52.81588611539459
1,4624,154.0261158467041
1,4625,268.61731489155136
1,4626,57.271601931678426
1,4627,196.634504047383
1,4628,59.0008110449363
1,4629,460.15289193021556
1,4630,59.01073021150124
1,4631,308.57250525264925
1,4632,74.6234884296698
1,4633,331.93202111531116
1,4634,56.020634572546825
1,4635,170.64426456348883
1,4636,373.25931725274495
1,4637,343.1976173037549
1,4638,59.54610875358756
1,4639,59.55177553859161
1,4640,305.41226110253274
1,4641,58.9390311186225
1,4642,282.12524264747304
1,4643,58.9390311186225
1,4644,101.58279067487602
1,4645,421.9144184451038
1,4646,50.40134628494047
1,4647,381.1927972721379
1,4648,55.83921545147542
1,4649,303.1004843246463
1,4650,130.93451944048746
1,4651,283.78605707336015
1,4652,273.36685126450595
1,4653,287.1252929057017
1,4654,109.87566699401393
1,4655,186.67353436970092
1,4656,365.22982482124917
1,4657,59.609986895328035
1,4658,272.69186881939714
1,4659,225.2144782524964
1,4660,293.8868854660666
1,4661,132.54461421250403
1,4662,85.60029174555956
1,4663,317.52750386456796
1,4664,274.6539593569285
1,4665,43.37226589586127
1,4666,191.53930286217894
1,4667,214.2669921012885
1,4668,303.53180320789363
1,4669,139.3339998210463
1,4670,38.958317684290314
1,4671,321.6750093950541
1,4672,130.2726838034793
1,4673,285.0171233170191
1,4674,274.94046710588964
1,4675,295.3492181506184
1,4676,202.38103519470988
1,4677,331.99492711945805
1,4678,111.17096948601052
1,4679,162.08431378097438
1,4680,60.75380560058372
1,4681,260.81716937996396
1,4682,60.55312737339316
1,4683,283.46736757428937
1,4684,50.37298364590433
1,4685,60.504841889079195
1,4686,279.0422151903154
1,4687,258.62303846397685
1,4688,270.3679059333341
1,4689,351.3498837869571
1,4690,143.28604704959469
1,4691,327.04394127502724
1,4692,57.25484231648464
1,4693,294.44799036906227
1,4694,81.62730905132378
1,4695,226.84165302019701
1,4696,264.733403311669
1,4697,333.0518926593553
1,4698,226.84989899191547
1,4699,398.28440385921414
1,4700,418.7789859646208
1,4701,290.51104056728826
1,4702,425.70203727560556
1,4703,448.57169753812445
1,4704,361.35772964608213
1,4705,246.6914340158986
1,4706,69.7626710971713
1,4707,341.7975246856848
1,4708,66.96625525383715
1,4709,281.6089966591934
1,4710,316.3835862280266
1,4711,347.6234569476627
1,4712,42.82490116055952
1,4713,354.23238941452655
1,4714,349.7636640817001
1,4715,269.21346559167773
1,4716,333.6051098427629
1,4717,364.30939843530007
1,4718,89.38043244244929
1,4719,79.51110330259976
1,4720,55.57440573171296
1,4721,259.2909671988588
1,4722,280.01434242089397
1,4723,303.1564953044892
1,4724,248.43933479039987
1,4725,376.61792942636754
1,4726,301.35790304598834
1,4727,249.11318866536374
1,4728,350.24085420708366
1,4729,38.627833571025576
1,4730,255.9203033409924
1,4731,309.07914396283593
1,4732,324.08184854959075
1,4733,325.25398895179467
1,4734,355.60979864622556
1,4735,52.73680962121556
1,4736,273.30922726318596
1,4737,359.7919112577165
1,4738,74.44508875214032
1,4739,276.4417989354838
1,4740,456.80263629029116
1,4741,399.18399778330064
1,4742,399.6260716053221
1,4743,332.3769402646437
1,4744,71.85518876435194
1,4745,329.50694278737177
1,4746,326.0344426504222
1,4747,300.93910320232396
1,4748,87.46257583307877
1,4749,262.37128963967467
1,4750,276.95024932178467
1,4751,327.961939915527
1,4752,319.45869776701306
1,4753,49.0871642612843
1,4754,352.99853430520636
1,4755,54.45027834787771
1,4756,348.41338178749686
1,4757,359.36980346507056
1,4758,379.0828154897848
1,4759,38.217373520873046
1,4760,32.82561775052328
1,4761,310.61779675112416
1,4762,55.05688172474915
1,4763,301.65993648785957
1,4764,283.31906402430576
1,4765,362.0508245988261
1,4766,179.24221990579184
1,4767,400.70458564421665
1,4768,220.62979023980273
1,4769,324.1805046066848
1,4770,77.6240855599512
1,4771,142.57224224853886
1,4772,360.88336900324805
1,4773,109.45297923264206
1,4774,192.67081373345948
1,4775,264.83959610778874
1,4776,135.55823545743198
1,4777,65.92368697623284
1,4778,375.1330184471638
1,4779,352.32103926780394
1,4780,266.73827805349714
1,4781,135.4444418993968
1,4782,229.2037410273268
1,4783,109.0882674138912
1,4784,190.15039259640284
1,4785,280.7622647521044
1,4786,52.96648860933649
1,4787,317.0571671145286
1,4788,59.91910591031167
1,4789,269.98743998368826
1,4790,63.63665469624449
1,4791,105.93087386437956
1,4792,246.58796556153578
1,4793,328.5253232307617
1,4794,171.14427074971667
1,4795,326.80218221957193
1,4796,222.40721652581402
1,4797,79.91623418124367
1,4798,270.2555923279951
1,4799,300.227175459982
1,4800,87.7787740256023
1,4801,265.6058467218812
1,4802,267.15785959089567
1,4803,336.3772617505254
1,4804,270.16872943259443
1,4805,280.1067773674878
1,4806,56.22994678803085
1,4807,390.3738772033478
1,4808,63.357936129842884
1,4809,248.3943162902894
1,4810,55.29731551644413
1,4811,262.59685390062424
1,4812,219.4827613217271
1,4813,350.88233059078925
1,4814,58.91421956275008
1,4815,272.4742724442713
1,4816,662.1792331183058
1,4817,474.85582180670684
1,4818,380.533380691233
1,4819,431.43939294161584
1,4820,56.410083613360655
1,4821,423.0920268886669
1,4822,393.1558353802053
1,4823,360.83506482719895
1,4824,332.649826849168
1,4825,415.25158101223474
1,4826,97.63579717831331
1,4827,74.68230382461383
1,4828,475.75465656681394
1,4829,313.49541215957686
1,4830,408.8512585562703
1,4831,377.84531313428465
1,4832,321.582623049503
1,4833,353.785595298131
1,4834,359.5916652188512
1,4835,201.0646585345331
1,4836,362.22916398789846
1,4837,261.7979531466177
1,4838,537.6467174959157
1,4839,338.49158905007835
1,4840,276.52027708949925
1,4841,383.1236883515993
1,4842,61.33923088456484
1,4843,349.4992104687378
1,4844,345.6502923316626
1,4845,325.45665440926797
1,4846,476.890957363339
1,4847,186.4990953434733
1,4848,233.9899385091714
1,4849,337.6493509995805
1,4850,32.58397768865583
1,4851,140.9937952340234
1,4852,342.7460345267697
1,4853,360.4498765525233
1,4854,362.831835713617
1,4855,272.2992178400054
1,4856,325.5150565106835
1,4857,316.43949761205994
1,4858,59.022448818302166
1,4859,53.47994862930263
1,4860,486.4648421511686
1,4861,176.30049137862628
1,4862,314.393509946797
1,4863,354.35161722888705
1,4864,48.230715506370636
1,4865,350.9417307067124
1,4866,52.65680948248722
1,4867,128.9151266506601
1,4868,218.11018977055178
1,4869,255.78058668260448
1,4870,270.88375745615997
1,4871,46.34489670541312
1,4872,341.61678765380213
1,4873,107.8289219004717
1,4874,337.0107168203735
1,4875,390.84329743160697
1,4876,83.70228136183448
1,4877,73.76392504602605
1,4878,487.4288521696683
1,4879,314.918490246645
1,4880,61.27718945538675
1,4881,349.84429392789644
1,4882,316.50568345829555
1,4883,374.8781082813713
1,4884,64.30238040461296
1,4885,258.5317532500004
1,4886,60.18880076652668
1,4887,363.3770494321128
1,4888,152.13332003759126
1,4889,356.7145749455258
1,4890,323.8692813639202
1,4891,337.4274718876751
1,4892,287.4409277483514
1,4893,500.76072620838625
1,4894,313.56240885074766
1,4895,392.02441113164764
1,4896,324.01756148193317
1,4897,521.7288949675251
1,4898,38.992739881419055
1,4899,252.1667361220699
1,4900,54.96554935952688
1,4901,347.8547467747248
1,4902,355.58654990887175
1,4903,38.94568677054624
1,4904,267.98126262089403
1,4905,55.287912510458625
1,4906,271.76346836489813
1,4907,134.99420332599846
1,4908,246.76648052340892
1,4909,58.116011915697705
1,4910,379.2579083437024
1,4911,58.15128662856277
1,4912,324.74981188332583
1,4913,49.23484542419316
1,4914,53.51879814426651
1,4915,336.1114687156916
1,4916,169.1085061562406
1,4917,328.20149617408987
1,4918,311.5721528615293
1,4919,286.02384257938564
1,4920,339.163206453993
1,4921,416.6448295635793
1,4922,417.03958505828166
1,4923,57.62431144979999
1,4924,412.60252690404957
1,4925,69.95232049162088
1,4926,64.75036616148465
1,4927,432.4454650798335
1,4928,81.16613882109823
1,4929,374.88006252705327
1,4930,340.6781363910312
1,4931,62.96787235401711
1,4932,338.22743616864125
1,4933,292.3382207121458
1,4934,70.76944576519023
1,4935,277.374283953351
1,4936,66.69842031685194
1,4937,380.4453467554639
1,4938,361.71202999998053
1,4939,329.9925058114235
1,4940,360.3503211637714
1,4941,171.09391948987172
1,4942,286.3833495210428
1,4943,317.0125162724646
1,4944,295.83756967178425
1,4945,318.60851884978973
1,4946,299.4567451275957
1,4947,196.49827560080243
1,4948,27.55551247109012
1,4949,163.00834069892525
1,4950,294.7629760171666
1,4951,328.3390821824402
1,4952,55.59135012368574
1,4953,190.83016189257597
1,4954,356.10816610777374
1,4955,41.11888018610797
1,4956,355.8128514806498
1,4957,74.80592683135731
1,4958,313.7255258856886
1,4959,322.1944235635506
1,4960,133.6636262410513
1,4961,58.51584067336124
1,4962,248.4732079053241
1,4963,59.81327251231784
1,4964,302.4173279095397
1,4965,246.33704703786594
1,4966,343.1519141827395
1,4967,326.53311056710413
1,4968,123.26643215242248
1,4969,340.6283952463479
1,4970,479.90852920484474
1,4971,341.5334272742772
1,4972,314.3340422689671
1,4973,90.37437110264878
1,4974,281.072098488769
1,4975,326.50950665615846
1,4976,365.1913023812949
1,4977,313.9107635865197
1,4978,71.63688880750038
1,4979,284.3639688408541
1,4980,256.1848796790224
1,4981,68.01658544896482
1,4982,311.809339372362
1,4983,61.604582794067596
1,4984,66.27352332703167
1,4985,364.89384764388876
1,4986,197.83039848830802
1,4987,51.453453163826175
1,4988,56.12208155071537
1,4989,188.3595178856891
1,4990,138.6905738516778
1,4991,59.77991120555262
1,4992,229.01422282866542
1,4993,251.59831426911742
1,4994,59.10222420977906
1,4995,338.0294650439157
1,4996,22.82004695260196
1,4997,59.405657587573174
1,4998,319.9684343129944
1,4999,50.65044177196795
1,5000,310.53033996834506
1,5001,428.495617848184
1,5002,130.15269639507
1,5003,347.88962921256024
1,5004,58.86862942592313
1,5005,277.6225221341377
1,5006,244.23972147730842
1,5007,449.24800112656783
1,5008,194.65079860395178
1,5009,298.2672282065337
1,5010,336.4274979860056
1,5011,135.6590036731308
1,5012,314.6005946790814
1,5013,59.277982739915856
1,5014,471.04614328373225
1,5015,49.37227651647256
1,5016,54.6442150403322
1,5017,337.5667807890311
1,5018,345.65868829734836
1,5019,161.51732300158153
1,5020,261.3754756965886
1,5021,215.67825801230407
1,5022,358.0447810811769
1,5023,59.10839796302293
1,5024,273.37801027185947
1,5025,78.14209567764965
1,5026,313.4511364483244
1,5027,309.9504691044872
1,5028,123.55577664702665
1,5029,318.9639285166149
1,5030,291.89776014377355
1,5031,197.0317626890673
1,5032,307.17106130181276
1,5033,171.87316439113303
1,5034,477.9204205904407
1,5035,324.85518364353015
1,5036,483.6872786405225
1,5037,460.0891565193368
1,5038,288.44472391696087
1,5039,54.785578271247445
1,5040,321.62955870460047
1,5041,283.4618911485994
1,5042,300.93643863391804
1,5043,351.007209265839
1,5044,52.71051142575476
1,5045,340.7690212007733
1,5046,318.14533934847157
1,5047,313.4360026486011
1,5048,324.38114213478696
1,5049,341.33897014770105
1,5050,172.1415586744049
1,5051,285.4603771767654
1,5052,313.04618260524046
1,5053,219.8292564442063
1,5054,332.7310753752808
1,5055,263.3163021827326
1,5056,258.55290215727155
1,5057,380.4906315031431
1,5058,62.48444213435313
1,5059,297.58873037278516
1,5060,383.8547781923093
1,5061,232.96517126890376
1,5062,353.8448789723288
1,5063,59.79554838181665
1,5064,46.791203068288254
1,5065,90.40534756266067
1,5066,112.26401992641814
1,5067,299.58853267283274
1,5068,283.3631977544765
1,5069,68.1973534819097
1,5070,285.20316433795216
1,5071,65.80729577108329
1,5072,336.5894193034491
1,5073,258.57149604459437
1,5074,228.14740365767992
1,5075,95.8560420970024
1,5076,279.2317242173949
1,5077,48.572597244091995
1,5078,307.83593381458684
1,5079,59.423481359545605
1,5080,267.4095940148743
1,5081,25.977145456167108
1,5082,281.3447601721016
1,5083,234.27132493647682
1,5084,294.02374671078894
1,5085,278.32426264966864
1,5086,88.563610106789
1,5087,160.589370155378
1,5088,54.57611016343727
1,5089,340.53125831887746
1,5090,363.2053420956905
1,5091,31.427769342159838
1,5092,259.755765430864
1,5093,66.77090380200806
1,5094,57.42093289029059
1,5095,148.77784319887536
1,5096,48.38611210978951
1,5097,201.4818732720522
1,5098,59.2635496334815
1,5099,293.19591700940566
1,5100,59.35645851193534
1,5101,285.1755330801512
1,5102,169.0510203010041
1,5103,314.70677278080177
1,5104,59.28632834385873
1,5105,270.38574562426936
1,5106,207.65936246033186
1,5107,275.8121920974356
1,5108,86.26496231695064
1,5109,274.7419674960611
1,5110,54.86056694382317
1,5111,86.36922606456342
1,5112,299.7732591873039
1,5113,106.22427104840062
1,5114,271.22940100229584
1,5115,127.81995779526184
1,5116,55.62004095818112
1,5117,232.55245154961784
1,5118,296.60459330452125
1,5119,298.21466560976467
1,5120,376.1638566183308
1,5121,212.42126802782337
1,5122,49.5257064691012
1,5123,237.75174518213936
1,5124,290.34758605170106
1,5125,379.642052849135
1,5126,268.0867802792017
1,5127,59.38246525332902
1,5128,274.91718029446577
1,5129,39.86334673353854
1,5130,268.61178263583054
1,5131,243.79916428636346
1,5132,32.358190668118866
1,5133,350.6597616685543
1,5134,59.80268661856235
1,5135,286.2045586515597
1,5136,821.0102220287986
1,5137,437.7602305153913
1,5138,225.1668215186147
1,5139,459.77935352045677
1,5140,280.4358708786999
1,5141,230.97036251137638
1,5142,397.75328251905427
1,5143,198.38635126883628
1,5144,279.01436827523764
1,5145,65.61095778695078
1,5146,236.0453556205698
1,5147,223.51446278925744
1,5148,368.9647365423415
1,5149,336.51139926561723
1,5150,68.0980046182851
1,5151,361.25623798613117
1,5152,347.1271359308048
1,5153,105.89943332728916
1,5154,348.9658646231603
1,5155,341.62444298026514
1,5156,85.12742029659412
1,5157,277.66217668463617
1,5158,396.20720754800413
1,5159,40.805109465657395
1,5160,290.40546185374706
1,5161,420.5915275182579
1,5162,385.24479120153785
1,5163,332.70401468543605
1,5164,337.1996341568308
1,5165,68.17069872010163
1,5166,283.88285742633656
1,5167,58.58536701352984
1,5168,357.7327085211415
1,5169,260.704863971646
1,5170,325.98688840283955
1,5171,331.1071307407268
1,5172,379.95424444278456
1,5173,51.585522574805694
1,5174,258.9028696773066
1,5175,295.5172797597053
1,5176,51.07444600440046
1,5177,308.7652617413495
1,5178,309.96048138441824
1,5179,82.09858970194946
1,5180,270.586565854607
1,5181,54.35435399528363
1,5182,258.1159091173662
1,5183,193.46379436945097
1,5184,71.73201116343336
1,5185,210.1527337928174
1,5186,55.62421845203042
1,5187,209.10508570726768
1,5188,198.6696693035231
1,5189,311.7555516582106
1,5190,58.60021483745132
1,5191,269.94224719217596
1,5192,297.09834797555817
1,5193,58.55368116566348
1,5194,229.92652931338017
1,5195,352.79275218376125
1,5196,55.02921133702739
1,5197,295.2143957889456
1,5198,274.89629148935063
1,5199,361.38663838267144
1,5200,49.56559018870496
1,5201,180.4160553011763
1,5202,239.51422134995767
1,5203,198.0264178764247
1,5204,100.31318679694085
1,5205,187.8418232191656
1,5206,328.6043015126746
1,5207,334.2552539396158
1,5208,55.4287000774255
1,5209,323.41459659073007
1,5210,83.11188090679545
1,5211,134.945767926389
1,5212,353.761158263806
1,5213,52.461710818011596
1,5214,330.4738055548354
1,5215,62.544389931414635
1,5216,130.3836170316656
1,5217,138.54432823466394
1,5218,345.9874715620305
1,5219,56.903858402268064
1,5220,139.28928290033906
1,5221,321.21176431543313
1,5222,372.6082403586033
1,5223,315.3499483463095
1,5224,449.77076232224783
1,5225,98.56698354584049
1,5226,288.6590646700704
1,5227,304.98807647081355
1,5228,335.37993636946385
1,5229,105.93308323492906
1,5230,306.9157414958176
1,5231,333.6998574524582
1,5232,175.0315665850222
1,5233,405.51068074960835
1,5234,279.22263821283354
1,5235,197.24935848143699
1,5236,313.8262368094232
1,5237,55.810501777642955
1,5238,270.61287444797733
1,5239,104.5995564371369
1,5240,61.25443524079441
1,5241,199.46065846580666
1,5242,129.97126558205937
1,5243,241.93430373593924
1,5244,328.8439347835922
1,5245,349.0243603934691
1,5246,311.20663224365813
1,5247,87.05494688671875
1,5248,438.6533828779308
1,5249,59.52113013260313
1,5250,191.93354636571644
1,5251,48.065198202682204
1,5252,49.14325765043855
1,5253,227.6866423871756
1,5254,205.0953114251207
1,5255,57.3557234836656
1,5256,276.68295791447633
1,5257,89.72222473073597
1,5258,196.43984194868182
1,5259,353.94930102184264
1,5260,287.74976280710905
1,5261,135.65594811917305
1,5262,73.359612869539
1,5263,354.6824006698989
1,5264,246.15581832336704
1,5265,298.43373791323097
1,5266,48.976050219809366
1,5267,318.5463713779758
1,5268,257.22016723128615
1,5269,203.676810866573
1,5270,171.04455337630878
1,5271,213.33714662812517
1,5272,264.9485300587573
1,5273,225.84196008967643
1,5274,141.2538855084853
1,5275,295.5544730050906
1,5276,273.07054907005204
1,5277,46.55704332856792
1,5278,150.39393114539337
1,5279,201.10018657287503
1,5280,232.6841810983562
1,5281,344.724882249103
1,5282,171.72319953724295
1,5283,72.26906562838757
1,5284,268.01391830651795
1,5285,50.027636801942506
1,5286,76.73721757610343
1,5287,215.74774383335284
1,5288,53.34812857170772
1,5289,251.8050322534633
1,5290,244.73367380810544
1,5291,71.37587847510741
1,5292,172.35994533825163
1,5293,304.41483092461436
1,5294,78.00845847075529
1,5295,226.7518857172346
1,5296,78.52968332378052
1,5297,242.56042864555755
1,5298,62.76289630419808
1,5299,371.4168601185661
1,5300,194.24428330705078
1,5301,58.99940775423349
1,5302,290.5659755301841
1,5303,263.6174778030952
1,5304,41.542687000606634
1,5305,45.01503030932807
1,5306,237.2745142524508
1,5307,153.90653005915664
1,5308,273.30724075220814
1,5309,250.19620455452628
1,5310,223.16048335229084
1,5311,353.73528608286426
1,5312,173.3540362116724
1,5313,32.809224830814216
1,5314,176.56401428150957
1,5315,234.60929101017533
1,5316,345.94690063579094
1,5317,175.80854387380685
1,5318,296.164675733745
1,5319,257.11131018348397
1,5320,58.17140389293983
1,5321,117.9676746180728
1,5322,38.67589181652099
1,5323,90.70515261489285
1,5324,336.82468058065757
1,5325,313.9340874260631
1,5326,233.12791230680006
1,5327,58.483369260661554
1,5328,121.34923240686399
1,5329,54.838071853083036
1,5330,383.1404765676995
1,5331,56.73767991303578
1,5332,179.07981612520143
1,5333,226.52535124355623
1,5334,275.23166871451093
1,5335,173.7358974418689
1,5336,304.8965162123193
1,5337,298.47978939989525
1,5338,56.749926998607066
1,5339,30.539287614819553
1,5340,306.6830363684087
1,5341,50.743343162229465
1,5342,55.216099788689704
1,5343,239.53213428746767
1,5344,41.15489232475984
1,5345,408.309275990681
1,5346,50.006448735797974
1,5347,313.4018618064057
1,5348,233.8018207628819
1,5349,244.455587040275
1,5350,107.33247676791873
1,5351,270.55495727541495
1,5352,5.173871905382525
1,5353,350.7600949153249
1,5354,108.92777602436567
1,5355,192.47587250125935
1,5356,133.55028532345662
1,5357,90.74481481874149
1,5358,398.5813545323639
1,5359,47.50751649390345
1,5360,127.66519594348033
1,5361,270.5478304450804
1,5362,102.78548868596934
1,5363,401.76260179641736
1,5364,30.614470136424337
1,5365,248.19223486160536
1,5366,251.6259412714989
1,5367,171.36646660612445
1,5368,205.12106974646846
1,5369,394.31202359467557
1,5370,237.01618828498877
1,5371,96.99010027941577
1,5372,314.1055303502026
1,5373,298.07547688042496
1,5374,59.51888560204836
1,5375,198.8015145830612
1,5376,61.18112554522215
1,5377,289.2607186631656
1,5378,292.97347188523986
1,5379,119.97683911311563
1,5380,452.53126818715987
1,5381,153.4518112054632
1,5382,331.2362275294038
1,5383,328.82669287497777
1,5384,378.6846353048745
1,5385,269.47276669452424
1,5386,58.88369732546039
1,5387,103.22835283907628
1,5388,240.21097374732727
1,5389,243.80270744915452
1,5390,89.66719283536779
1,5391,262.13215408494057
1,5392,133.09007070492584
1,5393,300.1650337583071
1,5394,273.5629120184892
1,5395,206.8496213087621
1,5396,76.28207851060158
1,5397,37.50321586204099
1,5398,304.37178712672113
1,5399,279.00203864636194
1,5400,48.81893510944856
1,5401,288.15526120046786
1,5402,90.1687802844124
1,5403,359.6672258822805
1,5404,296.3172624915954
1,5405,42.86296314124987
1,5406,270.8785509034423
1,5407,162.23209464690558
1,5408,282.5347156453838
1,5409,47.52597761215398
1,5410,241.48293400008407
1,5411,55.03967925492283
1,5412,462.0508314946007
1,5413,56.90133694335866
1,5414,193.0049054712709
1,5415,191.67414283943071
1,5416,123.11454563232799
1,5417,240.96582806918155
1,5418,291.6585350723991
1,5419,47.52093960827426
1,5420,353.99208345388524
1,5421,157.22421320252414
1,5422,324.6905032312023
1,5423,232.17399410112318
1,5424,120.64920101995028
1,5425,156.3625759794635
1,5426,105.00639891003377
1,5427,325.43801558781485
1,5428,443.4787320745329
1,5429,51.400310713741234
1,5430,278.1490235112357
1,5431,44.64951436123924
1,5432,90.83665254364445
1,5433,380.8157129391338
1,5434,132.62712647484005
1,5435,117.31909844354848
1,5436,108.74951407965912
1,5437,152.3196013037743
1,5438,225.59124547206116
1,5439,31.038709791106264
1,5440,295.9549881441006
1,5441,90.75927999268009
1,5442,389.5694860252604
1,5443,47.90141009650187
1,5444,75.67948482293565
1,5445,124.66808412004295
1,5446,48.04827810090676
1,5447,134.65113532328357
1,5448,58.57117103197024
1,5449,96.37482853716813
1,5450,276.36897188114904
1,5451,55.92558230403576
1,5452,292.11052920567977
1,5453,344.9002341581604
1,5454,121.9559450586064
1,5455,59.32776564770843
1,5456,273.3340025268809
1,5457,235.54774224922238
1,5458,49.79199025712318
1,5459,282.6198851829971
1,5460,31.04237824478909
1,5461,262.72861597589224
1,5462,54.612526292042894
1,5463,120.4899230228705
1,5464,462.22496673092365
1,5465,332.4699495988793
1,5466,58.90991469943171
1,5467,181.43862708977224
1,5468,111.69692776991153
1,5469,281.41302848660484
1,5470,51.59046813394786
1,5471,276.65578634640883
1,5472,58.88286182009821
1,5473,254.50259661653286
1,5474,50.78003657865027
1,5475,176.04693574742933
1,5476,221.93868241786458
1,5477,371.3484769213705
1,5478,323.19102486407934
1,5479,70.77623507277963
1,5480,255.47184669972222
1,5481,270.5052591729617
1,5482,300.875305016962
1,5483,371.8348566361981
1,5484,124.5612965141319
1,5485,338.2587955938128
1,5486,59.42496660762254
1,5487,373.2695327731676
1,5488,56.655689909589015
1,5489,379.2533697211395
1,5490,67.67897150804666
1,5491,254.42592901002126
1,5492,61.413452015020304
1,5493,90.10294086505348
1,5494,276.987694554621
1,5495,58.97364255319971
1,5496,68.0678447082674
1,5497,100.5566340513976
1,5498,177.6905283747151
1,5499,53.552176327942774
1,5500,111.38329211295041
1,5501,50.11943069793597
1,5502,265.06731747785904
1,5503,97.75073524354299
1,5504,100.64252386768177
1,5505,302.05419300835007
1,5506,137.94198298468308
1,5507,55.62734406479996
1,5508,309.66051812064126
1,5509,284.8278460850694
1,5510,57.155007995665265
1,5511,127.12534236978942
1,5512,49.55328872496425
1,5513,246.49069371945768
1,5514,259.84121233889033
1,5515,123.0876685269804
1,5516,426.6480311193578
1,5517,51.77258491053695
1,5518,102.72714573181568
1,5519,373.773369057924
1,5520,277.929518089613
1,5521,66.12547951690885
1,5522,281.66874864418014
1,5523,58.64178031729304
1,5524,218.39627487314004
1,5525,56.793756935266984
1,5526,299.463736919423
1,5527,347.60173371205354
1,5528,58.359724406550754
1,5529,325.9557160400813
1,5530,58.64914935873591
1,5531,211.2164754633548
1,5532,324.45531987881566
1,5533,351.2673050191357
1,5534,52.20422323697889
1,5535,237.49712484343362
1,5536,126.72955579325924
1,5537,53.36981727452575
1,5538,316.1248579629905
1,5539,51.59953890212142
1,5540,333.6521874173198
1,5541,56.308707794680096
1,5542,307.87424163387414
1,5543,138.6780635044109
1,5544,26.345532536125944
1,5545,283.8617826798536
1,5546,325.59251727296953
1,5547,265.6402354010741
1,5548,43.1239730171063
1,5549,66.15036369219013
1,5550,318.2175184819954
1,5551,262.64563419800635
1,5552,67.54766931214814
1,5553,289.2865389755399
1,5554,122.68184004682286
1,5555,137.5467114335793
1,5556,487.7333258820248
1,5557,90.9293773503619
1,5558,51.98022665224244
1,5559,309.0289870791919
1,5560,198.82379800199675
1,5561,374.7199164405228
1,5562,48.80958713922812
1,5563,308.86641769126356
1,5564,151.52041402302424
1,5565,286.9403531249819
1,5566,59.59216025870623
1,5567,267.3833679877787
1,5568,277.7550122201695
1,5569,394.08598098457264
1,5570,342.736176095518
1,5571,368.8690644593402
1,5572,79.32767368600216
1,5573,137.31060375494962
1,5574,91.72121930126383
1,5575,214.5209644607515
1,5576,148.63959127780052
1,5577,319.2082936668438
1,5578,63.564764602566285
1,5579,227.54222565090612
1,5580,88.04796823785733
1,5581,325.55806715277936
1,5582,58.68388984940984
1,5583,272.14519433441126
1,5584,218.80004695221402
1,5585,59.5018020641847
1,5586,326.0188052078626
1,5587,200.37907527399437
1,5588,225.96979656613354
1,5589,328.91825674604087
1,5590,59.648611524764675
1,5591,291.72998695327266
1,5592,300.1526493464419
1,5593,208.03556246384593
1,5594,518.8001799094752
1,5595,125.58611000242678
1,5596,289.04155525026243
1,5597,55.13982582237021
1,5598,267.24360470519366
1,5599,223.44005224747852
1,5600,121.70992331967918
1,5601,52.75266271727274
1,5602,285.2169956969934
1,5603,251.8755462857759
1,5604,256.77960024246886
1,5605,214.80381878860032
1,5606,29.845380537131526
1,5607,256.8807971223381
1,5608,231.97456809992917
1,5609,46.028205912767255
1,5610,292.53600534388613
1,5611,298.20665650626245
1,5612,185.58174134517662
1,5613,181.1445779892532
1,5614,287.1069929604671
1,5615,396.11804866299985
1,5616,120.76178246432899
1,5617,40.98094124634585
1,5618,378.26208557065854
1,5619,57.76014056488991
1,5620,352.6725078551486
1,5621,48.494886052071124
1,5622,339.90005578342596
1,5623,48.5181860854223
1,5624,59.176433559309686
1,5625,252.89159022953925
1,5626,324.00554792077673
1,5627,51.69518622401925
1,5628,175.49980860646738
1,5629,46.655388513242954
1,5630,259.8137657820015
1,5631,99.8234319075662
1,5632,136.61330448592994
1,5633,135.75071785502897
1,5634,237.369616068371
1,5635,362.6037956457676
1,5636,77.48269124402603
1,5637,51.5014647318396
1,5638,95.43080977550173
1,5639,341.7267563335071
1,5640,44.045782306287926
1,5641,277.018811546705
1,5642,175.41361137766825
1,5643,310.9846386148511
1,5644,79.41852881629535
1,5645,277.89956813324045
1,5646,200.16536539711163
1,5647,377.35213181311497
1,5648,107.686181310677
1,5649,52.60501013898232
1,5650,349.23755287924996
1,5651,126.49623073556347
1,5652,355.6658495441368
1,5653,238.88300596029302
1,5654,182.63279593745585
1,5655,340.3974240675842
1,5656,103.05406768271632
1,5657,346.9812376295208
1,5658,102.51388214332903
1,5659,431.5183235856998
1,5660,47.101396517144735
1,5661,373.3761952840305
1,5662,245.895073711244
1,5663,244.82843886639677
1,5664,298.92656766660264
1,5665,223.21780075337722
1,5666,44.47534340896734
1,5667,258.6656627506725
1,5668,274.5960145487028
1,5669,66.25803619565758
1,5670,277.6115319889159
1,5671,135.80570402346933
1,5672,142.8339585751903
1,5673,306.5791266183647
1,5674,407.6717505011655
1,5675,61.53755013697108
1,5676,149.24932711396565
1,5677,292.8498254639352
1,5678,217.80577786249904
1,5679,277.37663586282576
1,5680,40.0657510910878
1,5681,236.96693927690688
1,5682,129.4169176568093
1,5683,49.079238575711585
1,5684,56.988075770920204
1,5685,308.5932602843196
1,5686,54.042498782855006
1,5687,210.11445192710633
1,5688,355.0419772827163
1,5689,23.253588193068296
1,5690,281.58474183584474
1,5691,56.845696984546876
1,5692,324.6543610929569
1,5693,78.32781411212444
1,5694,260.619725641795
1,5695,53.099641140340445
1,5696,327.2566944420655
1,5697,126.12367737649191
1,5698,217.03768137869872
1,5699,293.43461748981247
1,5700,43.480273853577046
1,5701,187.20972612530844
1,5702,278.25927210861073
1,5703,76.56981088172985
1,5704,196.62960764013232
1,5705,107.48226413039869
1,5706,273.98976252641256
1,5707,255.25464895260512
1,5708,41.283989563202624
1,5709,261.70366139138474
1,5710,204.13537518752128
1,5711,194.10810144229305
1,5712,270.6607096531961
1,5713,81.15325805588333
1,5714,356.463388427112
1,5715,60.56576340601039
1,5716,179.86267008449778
1,5717,52.64066203718776
1,5718,320.4878258705413
1,5719,213.51575783446418
1,5720,276.4338421971142
1,5721,47.562775369850854
1,5722,240.48454796174877
1,5723,131.48657310485922
1,5724,320.1399821605819
1,5725,54.65131912971386
1,5726,362.74936349367397
1,5727,51.8986472326475
1,5728,290.2901771304058
1,5729,295.76450087365197
1,5730,311.7520632894918
1,5731,214.5152555757502
1,5732,85.87693801931789
1,5733,56.951421877303744
1,5734,291.93402389607036
1,5735,58.90182519443568
1,5736,361.72395030501065
1,5737,167.26141021917243
1,5738,255.10745299986198
1,5739,58.43352400798489
1,5740,275.74122588977457
1,5741,115.27679801637159
1,5742,150.80275603798174
1,5743,261.19884058102207
1,5744,242.92490952640753
1,5745,465.56164633346236
1,5746,38.764246384506386
1,5747,137.30338197744018
1,5748,307.24450077851736
1,5749,314.25854529372305
1,5750,421.7154018917619
1,5751,380.3456392018746
1,5752,408.3387808129629
1,5753,384.6806383148943
1,5754,43.197755098061805
1,5755,393.39060226173933
1,5756,66.77209684440636
1,5757,371.67942427194953
1,5758,179.8095401526694
1,5759,340.10977078524206
1,5760,78.4271992286839
1,5761,214.40161157228295
1,5762,237.69756539859736
1,5763,53.65026836787534
1,5764,236.99022676037896
1,5765,363.4122864896746
1,5766,62.91922286813111
1,5767,347.65490221150674
1,5768,63.723645160098485
1,5769,140.2467652584818
1,5770,320.41793488147357
1,5771,371.797668998385
1,5772,349.4285756107784
1,5773,159.3281481886516
1,5774,42.16594001192148
1,5775,108.01767550060592
1,5776,53.58023521292382
1,5777,214.43271424568908
1,5778,274.76372625482264
1,5779,312.11103835837207
1,5780,129.086234037892
1,5781,356.2935399122689
1,5782,56.29380575681391
1,5783,233.9186665057362
1,5784,152.7815299794403
1,5785,307.0944671015826
1,5786,58.71811432099831
1,5787,270.10843732070384
1,5788,58.737390862596826
1,5789,190.716766522177
1,5790,42.47287487788748
1,5791,258.1883427535936
1,5792,291.8485533128429
1,5793,324.3284535550945
1,5794,341.18235400627464
1,5795,304.59859522775434
1,5796,232.67008059787472
1,5797,97.01485686939859
1,5798,287.2829824154496
1,5799,365.94594687156314
1,5800,333.25537323446514
1,5801,58.52997064041205
1,5802,331.89826121224996
1,5803,32.382292330348214
1,5804,322.42461252706744
1,5805,229.81216181456114
1,5806,49.23054295242739
1,5807,219.41640037390187
1,5808,337.87249557428345
1,5809,171.44317491983352
1,5810,329.4919929317507
1,5811,340.7497615925243
1,5812,354.31375463196315
1,5813,338.905910569037
1,5814,154.67180708194846
1,5815,155.18902125086592
1,5816,339.43230578402336
1,5817,254.3131522660379
1,5818,283.51287677967
1,5819,232.86450787605676
1,5820,136.50345284399395
1,5821,335.8218486458038
1,5822,54.5612724393161
1,5823,360.5724162194218
1,5824,274.69269594710113
1,5825,278.04318928853445
1,5826,369.38166006101085
1,5827,376.6876769775271
1,5828,58.66396488401698
1,5829,281.4092735422977
1,5830,87.91968156638406
1,5831,324.8093658418363
1,5832,65.36817560242005
1,5833,297.83051470457383
1,5834,82.61790434197567
1,5835,325.9444126485056
1,5836,279.0632044813773
1,5837,60.10463937501061
1,5838,377.53112432361286
1,5839,274.4282531051143
1,5840,314.61316426580777
1,5841,341.4198292129107
1,5842,336.1902661575511
1,5843,56.05150958520919
1,5844,264.80820433081647
1,5845,54.98416268878937
1,5846,256.36506829967675
1,5847,341.9342317589011
1,5848,52.81588611539459
1,5849,154.0261158467041
1,5850,268.61731489155136
1,5851,57.271601931678426
1,5852,196.634504047383
1,5853,59.0008110449363
1,5854,460.15289193021556
1,5855,59.01073021150124
1,5856,308.57250525264925
1,5857,74.6234884296698
1,5858,331.93202111531116
1,5859,56.020634572546825
1,5860,170.64426456348883
1,5861,373.25931725274495
1,5862,343.1976173037549
1,5863,59.54610875358756
1,5864,59.55177553859161
1,5865,305.41226110253274
1,5866,58.9390311186225
1,5867,282.12524264747304
1,5868,58.9390311186225
1,5869,101.58279067487602
1,5870,421.9144184451038
1,5871,50.40134628494047
1,5872,381.1927972721379
1,5873,55.83921545147542
1,5874,303.1004843246463
1,5875,130.93451944048746
1,5876,283.78605707336015
1,5877,273.36685126450595
1,5878,287.1252929057017
1,5879,109.87566699401393
1,5880,186.67353436970092
1,5881,365.22982482124917
1,5882,59.609986895328035
1,5883,272.69186881939714
1,5884,225.2144782524964
1,5885,293.8868854660666
1,5886,132.54461421250403
1,5887,85.60029174555956
1,5888,317.52750386456796
1,5889,274.6539593569285
1,5890,43.37226589586127
1,5891,191.53930286217894
1,5892,214.2669921012885
1,5893,303.53180320789363
1,5894,139.3339998210463
1,5895,38.958317684290314
1,5896,321.6750093950541
1,5897,130.2726838034793
1,5898,285.0171233170191
1,5899,274.94046710588964
1,5900,295.3492181506184
1,5901,202.38103519470988
1,5902,331.99492711945805
1,5903,111.17096948601052
1,5904,162.08431378097438
1,5905,60.75380560058372
1,5906,260.81716937996396
1,5907,60.55312737339316
1,5908,283.46736757428937
1,5909,50.37298364590433
1,5910,60.504841889079195
1,5911,279.0422151903154
1,5912,258.62303846397685
1,5913,270.3679059333341
1,5914,351.3498837869571
1,5915,143.28604704959469
1,5916,327.04394127502724
1,5917,57.25484231648464
1,5918,294.44799036906227
1,5919,81.62730905132378
1,5920,226.84165302019701
1,5921,264.733403311669
1,5922,333.0518926593553
1,5923,226.84989899191547
1,5924,398.28440385921414
1,5925,418.7789859646208
1,5926,290.51104056728826
1,5927,425.70203727560556
1,5928,448.57169753812445
1,5929,361.35772964608213
1,5930,246.6914340158986
1,5931,69.7626710971713
1,5932,341.7975246856848
1,5933,66.96625525383715
1,5934,281.6089966591934
1,5935,316.3835862280266
1,5936,347.6234569476627
1,5937,42.82490116055952
1,5938,354.23238941452655
1,5939,349.7636640817001
1,5940,269.21346559167773
1,5941,333.6051098427629
1,5942,364.30939843530007
1,5943,89.38043244244929
1,5944,79.51110330259976
1,5945,55.57440573171296
1,5946,259.2909671988588
1,5947,280.01434242089397
1,5948,303.1564953044892
1,5949,248.43933479039987
1,5950,376.61792942636754
1,5951,301.35790304598834
1,5952,249.11318866536374
1,5953,350.24085420708366
1,5954,38.627833571025576
1,5955,255.9203033409924
1,5956,309.07914396283593
1,5957,324.08184854959075
1,5958,325.25398895179467
1,5959,355.60979864622556
1,5960,52.73680962121556
1,5961,273.30922726318596
1,5962,359.7919112577165
1,5963,74.44508875214032
1,5964,276.4417989354838
1,5965,456.80263629029116
1,5966,399.18399778330064
1,5967,399.6260716053221
1,5968,332.3769402646437
1,5969,71.85518876435194
1,5970,329.50694278737177
1,5971,326.0344426504222
1,5972,300.93910320232396
1,5973,87.46257583307877
1,5974,262.37128963967467
1,5975,276.95024932178467
1,5976,327.961939915527
1,5977,319.45869776701306
1,5978,49.0871642612843
1,5979,352.99853430520636
1,5980,54.45027834787771
1,5981,348.41338178749686
1,5982,359.36980346507056
1,5983,379.0828154897848
1,5984,38.217373520873046
1,5985,32.82561775052328
1,5986,310.61779675112416
1,5987,55.05688172474915
1,5988,301.65993648785957
1,5989,283.31906402430576
1,5990,362.0508245988261
1,5991,179.24221990579184
1,5992,400.70458564421665
1,5993,220.62979023980273
1,5994,324.1805046066848
1,5995,77.6240855599512
1,5996,142.57224224853886
1,5997,360.88336900324805
1,5998,109.45297923264206
1,5999,192.67081373345948
1,6000,264.83959610778874
1,6001,135.55823545743198
1,6002,65.92368697623284
1,6003,375.1330184471638
1,6004,352.32103926780394
1,6005,266.73827805349714
1,6006,135.4444418993968
1,6007,229.2037410273268
1,6008,109.0882674138912
1,6009,190.15039259640284
1,6010,280.7622647521044
1,6011,52.96648860933649
1,6012,317.0571671145286
1,6013,59.91910591031167
1,6014,269.98743998368826
1,6015,63.63665469624449
1,6016,105.93087386437956
1,6017,246.58796556153578
1,6018,328.5253232307617
1,6019,171.14427074971667
1,6020,326.80218221957193
1,6021,222.40721652581402
1,6022,79.91623418124367
1,6023,270.2555923279951
1,6024,300.227175459982
1,6025,87.7787740256023
1,6026,265.6058467218812
1,6027,267.15785959089567
1,6028,336.3772617505254
1,6029,270.16872943259443
1,6030,280.1067773674878
1,6031,56.22994678803085
1,6032,390.3738772033478
1,6033,63.357936129842884
1,6034,248.3943162902894
1,6035,55.29731551644413
1,6036,262.59685390062424
1,6037,219.4827613217271
1,6038,350.88233059078925
1,6039,58.91421956275008
1,6040,272.4742724442713
1,6041,662.1792331183058
1,6042,474.85582180670684
1,6043,380.533380691233
1,6044,431.43939294161584
1,6045,56.410083613360655
1,6046,423.0920268886669
1,6047,393.1558353802053
1,6048,360.83506482719895
1,6049,332.649826849168
1,6050,415.25158101223474
1,6051,97.63579717831331
1,6052,74.68230382461383
1,6053,475.75465656681394
1,6054,313.49541215957686
1,6055,408.8512585562703
1,6056,377.84531313428465
1,6057,321.582623049503
1,6058,353.785595298131
1,6059,359.5916652188512
1,6060,201.0646585345331
1,6061,362.22916398789846
1,6062,261.7979531466177
1,6063,537.6467174959157
1,6064,338.49158905007835
1,6065,276.52027708949925
1,6066,383.1236883515993
1,6067,61.33923088456484
1,6068,349.4992104687378
1,6069,345.6502923316626
1,6070,325.45665440926797
1,6071,476.890957363339
1,6072,186.4990953434733
1,6073,233.9899385091714
1,6074,337.6493509995805
1,6075,32.58397768865583
1,6076,140.9937952340234
1,6077,342.7460345267697
1,6078,360.4498765525233
1,6079,362.831835713617
1,6080,272.2992178400054
1,6081,325.5150565106835
1,6082,316.43949761205994
1,6083,59.022448818302166
1,6084,53.47994862930263
1,6085,486.4648421511686
1,6086,176.30049137862628
1,6087,314.393509946797
1,6088,354.35161722888705
1,6089,48.230715506370636
1,6090,350.9417307067124
1,6091,52.65680948248722
1,6092,128.9151266506601
1,6093,218.11018977055178
1,6094,255.78058668260448
1,6095,270.88375745615997
1,6096,46.34489670541312
1,6097,341.61678765380213
1,6098,107.8289219004717
1,6099,337.0107168203735
1,6100,390.84329743160697
1,6101,83.70228136183448
1,6102,73.76392504602605
1,6103,487.4288521696683
1,6104,314.918490246645
1,6105,61.27718945538675
1,6106,349.84429392789644
1,6107,316.50568345829555
1,6108,374.8781082813713
1,6109,64.30238040461296
1,6110,258.5317532500004
1,6111,60.18880076652668
1,6112,363.3770494321128
1,6113,152.13332003759126
1,6114,356.7145749455258
1,6115,323.8692813639202
1,6116,337.4274718876751
1,6117,287.4409277483514
1,6118,500.76072620838625
1,6119,313.56240885074766
1,6120,392.02441113164764
1,6121,324.01756148193317
1,6122,521.7288949675251
1,6123,38.992739881419055
1,6124,252.1667361220699
1,6125,54.96554935952688
1,6126,347.8547467747248
1,6127,355.58654990887175
1,6128,38.94568677054624
1,6129,267.98126262089403
1,6130,55.287912510458625
1,6131,271.76346836489813
1,6132,134.99420332599846
1,6133,246.76648052340892
1,6134,58.116011915697705
1,6135,379.2579083437024
1,6136,58.15128662856277
1,6137,324.74981188332583
1,6138,49.23484542419316
1,6139,53.51879814426651
1,6140,336.1114687156916
1,6141,169.1085061562406
1,6142,328.20149617408987
1,6143,311.5721528615293
1,6144,286.02384257938564
1,6145,339.163206453993
1,6146,416.6448295635793
1,6147,417.03958505828166
1,6148,57.62431144979999
1,6149,412.60252690404957
1,6150,69.95232049162088
1,6151,64.75036616148465
1,6152,432.4454650798335
1,6153,81.16613882109823
1,6154,374.88006252705327
1,6155,340.6781363910312
1,6156,62.96787235401711
1,6157,338.22743616864125
1,6158,292.3382207121458
1,6159,70.76944576519023
1,6160,277.374283953351
1,6161,66.69842031685194
1,6162,380.4453467554639
1,6163,361.71202999998053
1,6164,329.9925058114235
1,6165,360.3503211637714
1,6166,171.09391948987172
1,6167,286.3833495210428
1,6168,317.0125162724646
1,6169,295.83756967178425
1,6170,318.60851884978973
1,6171,299.4567451275957
1,6172,196.49827560080243
1,6173,27.55551247109012
1,6174,163.00834069892525
1,6175,294.7629760171666
1,6176,328.3390821824402
1,6177,55.59135012368574
1,6178,190.83016189257597
1,6179,356.10816610777374
1,6180,41.11888018610797
1,6181,355.8128514806498
1,6182,74.80592683135731
1,6183,313.7255258856886
1,6184,322.1944235635506
1,6185,133.6636262410513
1,6186,58.51584067336124
1,6187,248.4732079053241
1,6188,59.81327251231784
1,6189,302.4173279095397
1,6190,246.33704703786594
1,6191,343.1519141827395
1,6192,326.53311056710413
1,6193,123.26643215242248
1,6194,340.6283952463479
1,6195,479.90852920484474
1,6196,341.5334272742772
1,6197,314.3340422689671
1,6198,90.37437110264878
1,6199,281.072098488769
1,6200,326.50950665615846
1,6201,365.1913023812949
1,6202,313.9107635865197
1,6203,71.63688880750038
1,6204,284.3639688408541
1,6205,256.1848796790224
1,6206,68.01658544896482
1,6207,311.809339372362
1,6208,61.604582794067596
1,6209,66.27352332703167
1,6210,364.89384764388876
1,6211,197.83039848830802
1,6212,51.453453163826175
1,6213,56.12208155071537
1,6214,188.3595178856891
1,6215,138.6905738516778
1,6216,59.77991120555262
1,6217,229.01422282866542
1,6218,251.59831426911742
1,6219,59.10222420977906
1,6220,338.0294650439157
1,6221,22.82004695260196
1,6222,59.405657587573174
1,6223,319.9684343129944
1,6224,50.65044177196795
1,6225,310.53033996834506
1,6226,428.495617848184
1,6227,130.15269639507
1,6228,347.88962921256024
1,6229,58.86862942592313
1,6230,277.6225221341377
1,6231,244.23972147730842
1,6232,449.24800112656783
1,6233,194.65079860395178
1,6234,298.2672282065337
1,6235,336.4274979860056
1,6236,135.6590036731308
1,6237,314.6005946790814
1,6238,59.277982739915856
1,6239,471.04614328373225
1,6240,49.37227651647256
1,6241,54.6442150403322
1,6242,337.5667807890311
1,6243,345.65868829734836
1,6244,161.51732300158153
1,6245,261.3754756965886
1,6246,215.67825801230407
1,6247,358.0447810811769
1,6248,59.10839796302293
1,6249,273.37801027185947
1,6250,78.14209567764965
1,6251,313.4511364483244
1,6252,309.9504691044872
1,6253,123.55577664702665
1,6254,318.9639285166149
1,6255,291.89776014377355
1,6256,197.0317626890673
1,6257,307.17106130181276
1,6258,171.87316439113303
1,6259,477.9204205904407
1,6260,324.85518364353015
1,6261,483.6872786405225
1,6262,460.0891565193368
1,6263,288.44472391696087
1,6264,54.785578271247445
1,6265,321.62955870460047
1,6266,283.4618911485994
1,6267,300.93643863391804
1,6268,351.007209265839
1,6269,52.71051142575476
1,6270,340.7690212007733
1,6271,318.14533934847157
1,6272,313.4360026486011
1,6273,324.38114213478696
1,6274,341.33897014770105
1,6275,172.1415586744049
1,6276,285.4603771767654
1,6277,313.04618260524046
1,6278,219.8292564442063
1,6279,332.7310753752808
1,6280,263.3163021827326
1,6281,258.55290215727155
1,6282,380.4906315031431
1,6283,62.48444213435313
1,6284,297.58873037278516
1,6285,383.8547781923093
1,6286,232.96517126890376
1,6287,353.8448789723288
1,6288,59.79554838181665
1,6289,46.791203068288254
1,6290,90.40534756266067
1,6291,112.26401992641814
1,6292,299.58853267283274
1,6293,283.3631977544765
1,6294,68.1973534819097
1,6295,285.20316433795216
1,6296,65.80729577108329
1,6297,336.5894193034491
1,6298,258.57149604459437
1,6299,228.14740365767992
1,6300,95.8560420970024
1,6301,279.2317242173949
1,6302,48.572597244091995
1,6303,307.83593381458684
1,6304,59.423481359545605
1,6305,267.4095940148743
1,6306,25.977145456167108
1,6307,281.3447601721016
1,6308,234.27132493647682
1,6309,294.02374671078894
1,6310,278.32426264966864
1,6311,88.563610106789
1,6312,160.589370155378
1,6313,54.57611016343727
1,6314,340.53125831887746
1,6315,363.2053420956905
1,6316,31.427769342159838
1,6317,259.755765430864
1,6318,66.77090380200806
1,6319,57.42093289029059
1,6320,148.77784319887536
1,6321,48.38611210978951
1,6322,201.4818732720522
1,6323,59.2635496334815
1,6324,293.19591700940566
1,6325,59.35645851193534
1,6326,285.1755330801512
1,6327,169.0510203010041
1,6328,314.70677278080177
1,6329,59.28632834385873
1,6330,270.38574562426936
1,6331,207.65936246033186
1,6332,275.8121920974356
1,6333,86.26496231695064
1,6334,274.7419674960611
1,6335,54.86056694382317
1,6336,86.36922606456342
1,6337,299.7732591873039
1,6338,106.22427104840062
1,6339,271.22940100229584
1,6340,127.81995779526184
1,6341,55.62004095818112
1,6342,232.55245154961784
1,6343,296.60459330452125
1,6344,298.21466560976467
1,6345,376.1638566183308
1,6346,212.42126802782337
1,6347,49.5257064691012
1,6348,237.75174518213936
1,6349,290.34758605170106
1,6350,379.642052849135
1,6351,268.0867802792017
1,6352,59.38246525332902
1,6353,274.91718029446577
1,6354,39.86334673353854
1,6355,268.61178263583054
1,6356,243.79916428636346
1,6357,32.358190668118866
1,6358,350.6597616685543
1,6359,59.80268661856235
1,6360,286.2045586515597
1,6361,821.0102220287986
1,6362,437.7602305153913
1,6363,225.1668215186147
1,6364,459.77935352045677
1,6365,280.4358708786999
1,6366,230.97036251137638
1,6367,397.75328251905427
1,6368,198.38635126883628
1,6369,279.01436827523764
1,6370,65.61095778695078
1,6371,236.0453556205698
1,6372,223.51446278925744
1,6373,368.9647365423415
1,6374,336.51139926561723
1,6375,68.0980046182851
1,6376,361.25623798613117
1,6377,347.1271359308048
1,6378,105.89943332728916
1,6379,348.9658646231603
1,6380,341.62444298026514
1,6381,85.12742029659412
1,6382,277.66217668463617
1,6383,396.20720754800413
1,6384,40.805109465657395
1,6385,290.40546185374706
1,6386,420.5915275182579
1,6387,385.24479120153785
1,6388,332.70401468543605
1,6389,337.1996341568308
1,6390,68.17069872010163
1,6391,283.88285742633656
1,6392,58.58536701352984
1,6393,357.7327085211415
1,6394,260.704863971646
1,6395,325.98688840283955
1,6396,331.1071307407268
1,6397,379.95424444278456
1,6398,51.585522574805694
1,6399,258.9028696773066
1,6400,295.5172797597053
1,6401,51.07444600440046
1,6402,308.7652617413495
1,6403,309.96048138441824
1,6404,82.09858970194946
1,6405,270.586565854607
1,6406,54.35435399528363
1,6407,258.1159091173662
1,6408,193.46379436945097
1,6409,71.73201116343336
1,6410,210.1527337928174
1,6411,55.62421845203042
1,6412,209.10508570726768
1,6413,198.6696693035231
1,6414,311.7555516582106
1,6415,58.60021483745132
1,6416,269.94224719217596
1,6417,297.09834797555817
1,6418,58.55368116566348
1,6419,229.92652931338017
1,6420,352.79275218376125
1,6421,55.02921133702739
1,6422,295.2143957889456
1,6423,274.89629148935063
1,6424,361.38663838267144
1,6425,49.56559018870496
1,6426,180.4160553011763
1,6427,239.51422134995767
1,6428,198.0264178764247
1,6429,100.31318679694085
1,6430,187.8418232191656
1,6431,328.6043015126746
1,6432,334.2552539396158
1,6433,55.4287000774255
1,6434,323.41459659073007
1,6435,83.11188090679545
1,6436,134.945767926389
1,6437,353.761158263806
1,6438,52.461710818011596
1,6439,330.4738055548354
1,6440,62.544389931414635
1,6441,130.3836170316656
1,6442,138.54432823466394
1,6443,345.9874715620305
1,6444,56.903858402268064
1,6445,139.28928290033906
1,6446,321.21176431543313
1,6447,372.6082403586033
1,6448,315.3499483463095
1,6449,235.8492238061026
1,6450,248.23114036895117
1,6451,361.0550682638984
1,6452,275.84475337973333
1,6453,351.1935450565362
1,6454,276.4088430408136
1,6455,314.03010463798677
1,6456,370.86930397278525
1,6457,381.61720007504795
1,6458,56.99297373790039
1,6459,303.182795050172
1,6460,50.48108869369302
1,6461,345.4075877225697
1,6462,64.39829369276008
1,6463,341.002644420695
1,6464,169.97435504757487
1,6465,336.8560636587769
1,6466,58.31670585484022
1,6467,170.81756890612706
1,6468,350.76202434870055
1,6469,157.8227517656783
1,6470,296.2199554329064
1,6471,293.2630506960425
1,6472,285.44389115637546
1,6473,11.084014064303952
1,6474,277.7494050813335
1,6475,281.9875251116812
1,6476,342.9252928343227
1,6477,54.72552262427702
1,6478,274.6919867718972
1,6479,293.7459955491677
1,6480,206.9573953140224
1,6481,47.613690981444684
1,6482,310.0823663920567
1,6483,282.1743303426107
1,6484,272.0454953354108
1,6485,54.03538332466522
1,6486,373.4162638200189
1,6487,53.69294455714156
1,6488,165.75254589285942
1,6489,334.1637190615295
1,6490,250.8054835320395
1,6491,328.4484371703429
1,6492,58.235561830743706
1,6493,312.50304871493177
1,6494,313.16111790901766
1,6495,27.07541381537566
1,6496,249.50620476272084
1,6497,363.8596452928323
1,6498,275.32805013447535
1,6499,320.22859730152186
1,6500,276.8023209153362
1,6501,46.70019318360881
1,6502,268.0225446176015
1,6503,179.27076242915584
1,6504,202.6607218511291
1,6505,202.91188995122775
1,6506,297.92430852720634
1,6507,53.753905610929934
1,6508,317.8812641260281
1,6509,334.59736214700774
1,6510,48.53038029167509
1,6511,258.65760303949
1,6512,294.14097278930706
1,6513,86.3972726036192
1,6514,295.6868954368756
1,6515,360.83268911540654
1,6516,421.7574349609029
1,6517,93.65040678431109
1,6518,295.34278990708066
1,6519,171.8023666706863
1,6520,303.1414956676423
1,6521,77.87776496048502
1,6522,358.40400883610164
1,6523,128.87011373034062
1,6524,68.249382974573
1,6525,95.98736045987788
1,6526,310.83629513738936
1,6527,65.08783212601395
1,6528,24.490216289698985
1,6529,176.72723434021748
1,6530,293.83572067383295
1,6531,595.5560376027487
1,6532,369.3784288585325
1,6533,62.05773375100671
1,6534,341.7357022375976
1,6535,61.22414932298847
1,6536,215.44719889505438
1,6537,122.15280909859464
1,6538,365.37693228759264
1,6539,42.188842941350494
1,6540,312.356215340516
1,6541,50.08749867381229
1,6542,315.3210296718672
1,6543,168.8986012335553
1,6544,336.28452080213776
1,6545,56.46996350691127
1,6546,243.74600732490836
1,6547,98.49469413698694
1,6548,317.92862547058405
1,6549,49.721100947944706
1,6550,340.2289509976349
1,6551,149.55181116802254
1,6552,289.2970694248665
1,6553,332.1928102288141
1,6554,330.1326333534179
1,6555,52.79972459566876
1,6556,168.04309531581237
1,6557,341.833775445163
1,6558,12.015141207793897
1,6559,321.00173579364184
1,6560,288.11343432255126
1,6561,284.6966147211667
1,6562,294.2988344754683
1,6563,55.9594518749922
1,6564,325.8451971613836
1,6565,286.3320057972206
1,6566,172.1127447774466
1,6567,322.7414567657419
1,6568,50.21459317088055
1,6569,171.4506383479864
1,6570,335.82722856441956
1,6571,47.64635395284856
1,6572,139.68495090155642
1,6573,336.38278441084515
1,6574,328.3335536940525
1,6575,333.27832648145977
1,6576,328.06392333767997
1,6577,394.38000481572965
1,6578,109.06800300852419
1,6579,262.3314252450473
1,6580,322.5560076402418
1,6581,91.1707841445313
1,6582,362.24452477689186
1,6583,65.17741724233683
1,6584,346.120123523462
1,6585,173.76317236955435
1,6586,358.3861182259817
1,6587,59.455572057548196
1,6588,180.73420893858201
1,6589,352.74764910246444
1,6590,650.9705248781963
1,6591,295.5894064756848
1,6592,302.9571784765153
1,6593,60.8984506959094
1,6594,316.55460698971444
1,6595,77.10342252186656
1,6596,262.82612789714216
1,6597,330.28588085546994
1,6598,130.2780289369466
1,6599,55.51052614472271
1,6600,297.57327967156874
1,6601,254.57134502958638
1,6602,216.41166373227563
1,6603,55.120281574142155
1,6604,276.40903760473816
1,6605,494.06093965115804
1,6606,28.14778639939383
1,6607,113.63527189922156
1,6608,181.0947470158497
1,6609,32.86611936995642
1,6610,432.73910010932025
1,6611,503.0289314101701
1,6612,56.92692154490955
1,6613,326.467230719883
1,6614,261.40229897999996
1,6615,330.22360517625475
1,6616,41.91317774209682
1,6617,167.9560389680297
1,6618,380.07351581958926
1,6619,379.11742503457674
1,6620,335.16528243702226
1,6621,64.03488845359087
1,6622,322.1067942794772
1,6623,294.1647758415237
1,6624,25.646858532388862
1,6625,311.1110874693004
1,6626,191.29662028583482
1,6627,51.016127142471504
1,6628,323.3407038652193
1,6629,213.09752013201035
1,6630,275.6258684855356
1,6631,104.21089348224228
1,6632,173.53559798350108
1,6633,183.35283094665726
1,6634,60.18401725518538
1,6635,386.2574283306147
1,6636,259.93914949777286
1,6637,324.88739647223537
1,6638,318.71255128017344
1,6639,31.328084949426703
1,6640,279.50001706653416
1,6641,47.88981594429049
1,6642,23.87471563169894
1,6643,340.0433459437937
1,6644,239.57156601870508
1,6645,79.85720067102315
1,6646,219.08445347039287
1,6647,236.5428135618869
1,6648,353.0546772901671
1,6649,42.83040191302709
1,6650,30.946579365746032
1,6651,337.3941002008527
1,6652,321.64379697768265
1,6653,315.78194042022903
1,6654,46.070073669192084
1,6655,273.86694957543114
1,6656,56.07379551725738
1,6657,366.91887935165136
1,6658,340.1653836863509
1,6659,267.7673217126054
1,6660,123.97938636522727
1,6661,280.30816223317447
1,6662,104.73534728303092
1,6663,30.978003536113093
1,6664,286.75636435955744
1,6665,42.59935218734982
1,6666,331.2180062215634
1,6667,307.9280416166955
1,6668,300.2054470237819
1,6669,57.51288594710038
1,6670,280.135596029128
1,6671,283.42754626983
1,6672,575.8668828642647
1,6673,396.1489034878543
1,6674,94.6088725347003
1,6675,264.8018384675213
1,6676,147.42678249378915
1,6677,369.51859764797985
1,6678,56.23624222445085
1,6679,265.5377437335477
1,6680,346.14023445791156
1,6681,174.36125612184162
1,6682,387.2446802860983
1,6683,330.8871455558635
1,6684,63.61718482015918
1,6685,323.20325120817495
1,6686,354.8979412525381
1,6687,64.26059080432752
1,6688,332.52746036772305
1,6689,374.249710368827
1,6690,263.3324824676355
1,6691,225.48110463564356
1,6692,142.05477495649762
1,6693,127.13402058057491
1,6694,291.8816100308418
1,6695,133.47586321969484
1,6696,330.5363053587002
1,6697,55.78647773544332
1,6698,374.80965178525037
1,6699,57.51912796068665
1,6700,329.594911334832
1,6701,252.78218700001565
1,6702,88.06306563802524
1,6703,323.64759501521735
1,6704,44.64509228964356
1,6705,330.907987798232
1,6706,56.757317738980625
1,6707,214.26267982129102
1,6708,295.04023147861324
1,6709,135.45195735596815
1,6710,54.91290117921895
1,6711,302.0769982113471
1,6712,265.84691495850274
1,6713,224.0899918166627
1,6714,378.3791561999447
1,6715,291.2131713252058
1,6716,59.104858493726475
1,6717,361.13233984155056
1,6718,285.0723150903767
1,6719,196.04807725476502
1,6720,207.31059710420857
1,6721,55.726334666331546
1,6722,298.34851672645533
1,6723,335.5926391993049
1,6724,401.7047675480219
1,6725,6.256041192151622
1,6726,374.8587180713595
1,6727,346.3629928600948
1,6728,54.28601132818747
1,6729,160.4865509963376
1,6730,398.9538250330464
1,6731,62.40600264818336
1,6732,343.1546947884649
1,6733,62.42821821430515
1,6734,176.00337505035128
1,6735,55.98147303261972
1,6736,332.929633427987
1,6737,311.27459611243074
1,6738,75.41926929602549
1,6739,185.3184684997876
1,6740,110.63484832912378
1,6741,218.99714960831056
1,6742,250.96759062614996
1,6743,278.3435464473022
1,6744,157.37036263267396
1,6745,283.90259902718174
1,6746,59.24474047996761
1,6747,331.69182089113696
1,6748,298.68775110272566
1,6749,54.85979908598369
1,6750,318.5801471708721
1,6751,173.56845096540349
1,6752,293.64850689139905
1,6753,59.44223953066767
1,6754,324.42580300130226
1,6755,325.72635716556397
1,6756,49.625355660576496
1,6757,54.65425943272078
1,6758,340.90332390410674
1,6759,51.90289475474829
1,6760,177.21093928589468
1,6761,349.4277453894007
1,6762,255.8568232847131
1,6763,513.5121513253514
1,6764,289.2564825684992
1,6765,293.66082315798593
1,6766,392.61146097474983
1,6767,532.8770030307733
1,6768,79.64140741829323
1,6769,60.27292759976357
1,6770,339.1166211865117
1,6771,352.25599883355926
1,6772,58.95011355165505
1,6773,302.31254642563744
1,6774,59.54705047269108
1,6775,388.85165756150946
1,6776,356.4514557060428
1,6777,53.89485319121543
1,6778,185.17018700480185
1,6779,69.76850082037271
1,6780,297.05009218654925
1,6781,325.827709541212
1,6782,65.69131612625897
1,6783,348.8608278802972
1,6784,172.72753805817524
1,6785,325.7971735891769
1,6786,47.64693900630914
1,6787,286.72355701340575
1,6788,403.70471885564723
1,6789,342.35122479344
1,6790,134.09765234685463
1,6791,55.46752304125026
1,6792,219.7644880552793
1,6793,263.6234759648935
1,6794,98.6801036786517
1,6795,398.87487575512114
1,6796,320.1707655344975
1,6797,401.67677050672
1,6798,54.82719586247528
1,6799,211.08509210811596
1,6800,369.9273795644734
1,6801,342.64900505006744
1,6802,190.98014512890296
1,6803,312.5009182482696
1,6804,62.87997053402184
1,6805,129.98759214050622
1,6806,302.6731505427375
1,6807,59.89165481551069
1,6808,288.43188083125506
1,6809,49.30862145506421
1,6810,385.46070081217545
1,6811,88.1029215814325
1,6812,217.13000316067075
1,6813,119.25848425908517
1,6814,125.12812596923196
1,6815,298.79784204980353
1,6816,6.624981147811245
1,6817,129.91039445774305
1,6818,54.17611058177173
1,6819,213.17916264639638
1,6820,54.43380038925687
1,6821,217.9126631854005
1,6822,53.58895984214993
1,6823,278.0308832713653
1,6824,190.40214853432605
1,6825,58.01136120041468
1,6826,131.28624682790675
1,6827,245.4227838527885
1,6828,182.63436168582422
1,6829,70.1544776231814
1,6830,370.0058017470458
1,6831,50.77182506190065
1,6832,325.7900467234912
1,6833,310.11078779064053
1,6834,56.55680885025631
1,6835,242.64842969419766
1,6836,51.768882325953086
1,6837,102.07651178278823
1,6838,325.1884501694949
1,6839,56.76230802662318
1,6840,54.16460294237455
1,6841,291.2441695884718
1,6842,56.78631963856166
1,6843,247.05829498169908
1,6844,90.7980783507823
1,6845,56.6599558842892
1,6846,295.30598664937946
1,6847,286.8799331754772
1,6848,282.373445584393
1,6849,237.70394585045022
1,6850,221.00336932036578
1,6851,341.8475936679009
1,6852,52.702937392094285
1,6853,329.94044805746523
1,6854,277.86188875546225
1,6855,43.42639276040062
1,6856,336.16207281783494
1,6857,307.7536128048723
1,6858,371.53736215140475
1,6859,133.90679223477076
1,6860,243.00736796184245
1,6861,181.98701600238556
1,6862,294.9607191628904
1,6863,267.7562151885336
1,6864,91.48959563174697
1,6865,227.0378007482824
1,6866,46.28588383474461
1,6867,268.07882651390565
1,6868,43.601422776044714
1,6869,134.5169308367615
1,6870,244.87873627775596
1,6871,148.31887072933333
1,6872,240.69563614674416
1,6873,142.4316683212747
1,6874,175.89657962201852
1,6875,92.91544518144536
1,6876,255.99892550280572
1,6877,81.19659816380648
1,6878,254.6164440943948
1,6879,63.61081803445601
1,6880,298.2813857319452
1,6881,212.28329959278938
1,6882,62.015813123372965
1,6883,136.72575985485753
1,6884,254.1082345917709
1,6885,195.0215828170139
1,6886,73.9652558476315
1,6887,250.9426308245756
1,6888,65.54862374403757
1,6889,263.20543311156166
1,6890,253.8040624438498
1,6891,59.807911360145376
1,6892,110.11231508766238
1,6893,231.46087224438924
1,6894,57.11080701424774
1,6895,304.1388580446973
1,6896,57.33923847392376
1,6897,326.25283860207173
1,6898,346.6477948568041
1,6899,50.56990633018037
1,6900,243.08765157515776
1,6901,278.2701675990417
1,6902,56.698573189842534
1,6903,243.56887966778885
1,6904,54.87071680120238
1,6905,102.95578010923674
1,6906,329.2465824178106
1,6907,58.29639257425071
1,6908,56.42102496729765
1,6909,293.20815428356
1,6910,56.9221355845308
1,6911,246.59935114108495
1,6912,90.93718297354152
1,6913,56.76950235189466
1,6914,299.8850355742734
1,6915,280.0226151835176
1,6916,47.86816306961316
1,6917,338.31862686294147
1,6918,348.7226466496072
1,6919,26.1636789917443
1,6920,241.41825094907912
1,6921,282.5182978904537
1,6922,289.88302493900807
1,6923,286.8600088203922
1,6924,237.80199978429914
1,6925,220.244295075807
1,6926,347.64129904625474
1,6927,51.618950777413545
1,6928,330.7473655792093
1,6929,50.8922500201939
1,6930,54.87518416019276
1,6931,275.31399700366705
1,6932,43.42361860512162
1,6933,133.87950960323445
1,6934,243.05198193929058
1,6935,193.54179083062883
1,6936,241.12487805537268
1,6937,91.51474647741553
1,6938,109.20814058745594
1,6939,243.12392875999
1,6940,133.4643526909682
1,6941,130.17660126791554
1,6942,335.58520102612215
1,6943,57.73116614120326
1,6944,79.08192846177128
1,6945,309.56096733957963
1,6946,439.70485825713547
1,6947,264.0008284543425
1,6948,83.3542561172833
1,6949,397.91060474880555
1,6950,105.18034482656503
1,6951,428.15397619343264
1,6952,282.77745336856105
1,6953,437.57234669297895
1,6954,153.1952950358384
1,6955,327.31266063705255
1,6956,48.09533202126945
1,6957,230.3960396627932
1,6958,285.357963779903
1,6959,46.44215534258423
1,6960,333.56623436256507
1,6961,61.01014851456647
1,6962,129.38048479167745
1,6963,398.2015111246204
1,6964,318.43789222054346
1,6965,219.85427320026477
1,6966,60.523683663972335
1,6967,348.88745637095974
1,6968,171.8881413285536
1,6969,34.05633532621941
1,6970,312.3998846432004
1,6971,358.03947481634475
1,6972,58.478224818122655
1,6973,409.4118651669435
1,6974,49.85512471659631
1,6975,310.9536446215501
1,6976,41.21283648930868
1,6977,324.2976122556522
1,6978,192.58305955467338
1,6979,212.5231653877159
1,6980,299.7751596113018
1,6981,132.66602065307166
1,6982,187.598731358872
1,6983,52.47467367836124
1,6984,326.4510622944483
1,6985,58.15048598054855
1,6986,176.15570303528995
1,6987,47.51333058580628
1,6988,188.60256713627177
1,6989,345.17365402201415
1,6990,44.24105160748424
1,6991,292.19718787386
1,6992,345.373147282495
1,6993,11.954750452038805
1,6994,330.14208340863956
1,6995,48.299811907055314
1,6996,51.61515939008077
1,6997,384.5775261364289
1,6998,58.024189417834286
1,6999,31.58946231573011
1,7000,262.09895576086444
1,7001,278.06889912444416
1,7002,52.66446205786568
1,7003,249.60820580201192
1,7004,247.28036834489646
1,7005,290.42997144200285
1,7006,263.49369727594865
1,7007,76.98591602128002
1,7008,398.94575769044224
1,7009,68.13438211515894
1,7010,243.26548609302654
1,7011,374.06407341632143
1,7012,314.6997629137802
1,7013,66.90591094263237
1,7014,357.693194979601
1,7015,144.34413977892308
1,7016,60.934631404001976
1,7017,159.22707560535588
1,7018,366.2076105441354
1,7019,67.47142584270817
1,7020,280.5460444178533
1,7021,320.0329813217885
1,7022,62.18722041217944
1,7023,120.63145646423663
1,7024,209.0431401516072
1,7025,300.99683716119137
1,7026,59.076895508599904
1,7027,208.9460106800276
1,7028,294.80601221755114
1,7029,50.44805107123872
1,7030,52.510823009107135
1,7031,323.9685469990592
1,7032,309.90893327470155
1,7033,43.27963784282383
1,7034,79.7800980578556
1,7035,127.85734376529513
1,7036,187.39319715837172
1,7037,55.464013553044744
1,7038,135.26231009149353
1,7039,235.15513181285112
1,7040,51.26371477394348
1,7041,56.404583853528386
1,7042,238.43523933467708
1,7043,331.7756019854496
1,7044,200.58064395568013
1,7045,382.84161267985644
1,7046,67.91321117039837
1,7047,216.0320894562811
1,7048,333.4792108692476
1,7049,52.34798756099105
1,7050,328.92345086942436
1,7051,51.89616820736774
1,7052,174.93358679456895
1,7053,358.74741881859836
1,7054,138.28236149511946
1,7055,329.941316947144
1,7056,79.8074581668499
1,7057,316.48886954172815
1,7058,272.2443504467449
1,7059,48.106493321332536
1,7060,156.31047829128653
1,7061,231.79305853613204
1,7062,57.997103230406005
1,7063,330.48010152032055
1,7064,53.71912360792986
1,7065,295.4419338709556
1,7066,240.37163045246507
1,7067,337.16568192761946
1,7068,535.0722799794039
1,7069,59.060296070607244
1,7070,328.61141826960386
1,7071,172.370341247756
1,7072,317.71420128090506
1,7073,285.45862414367014
1,7074,142.5714343855366
1,7075,319.8164646326687
1,7076,32.860968947511005
1,7077,294.7437400051266
1,7078,58.982388508351384
1,7079,385.30906803578074
1,7080,307.25618754875813
1,7081,33.118444107808415
1,7082,305.62291166343306
1,7083,55.77112983876518
1,7084,295.1011431183209
1,7085,51.728997741787985
1,7086,339.7472995664081
1,7087,268.71571250675197
1,7088,44.6367684402106
1,7089,297.6894373085996
1,7090,266.0747219785204
1,7091,274.024807081974
1,7092,51.85331421487966
1,7093,249.74352722872152
1,7094,39.51324846911812
1,7095,236.56596579155936
1,7096,55.362344850452416
1,7097,243.71944456917302
1,7098,538.3022018869043
1,7099,58.436760929241714
1,7100,330.10625891382
1,7101,252.10976475727665
1,7102,331.40826022394003
1,7103,53.081710830359185
1,7104,336.89450771493284
1,7105,283.26851430255
1,7106,86.53428816780843
1,7107,138.9187990406217
1,7108,338.3100597307888
1,7109,449.77076232224783
1,7110,98.56698354584049
1,7111,288.6590646700704
1,7112,304.98807647081355
1,7113,335.37993636946385
1,7114,105.93308323492906
1,7115,306.9157414958176
1,7116,333.6998574524582
1,7117,175.0315665850222
1,7118,405.51068074960835
1,7119,279.22263821283354
1,7120,197.24935848143699
1,7121,313.8262368094232
1,7122,55.810501777642955
1,7123,270.61287444797733
1,7124,104.5995564371369
1,7125,61.25443524079441
1,7126,199.46065846580666
1,7127,129.97126558205937
1,7128,241.93430373593924
1,7129,328.8439347835922
1,7130,349.0243603934691
1,7131,311.20663224365813
1,7132,87.05494688671875
1,7133,438.6533828779308
1,7134,59.52113013260313
1,7135,191.93354636571644
1,7136,48.065198202682204
1,7137,49.14325765043855
1,7138,227.6866423871756
1,7139,205.0953114251207
1,7140,57.3557234836656
1,7141,276.68295791447633
1,7142,89.72222473073597
1,7143,196.43984194868182
1,7144,353.94930102184264
1,7145,287.74976280710905
1,7146,135.65594811917305
1,7147,73.359612869539
1,7148,354.6824006698989
1,7149,246.15581832336704
1,7150,298.43373791323097
1,7151,48.976050219809366
1,7152,318.5463713779758
1,7153,257.22016723128615
1,7154,203.676810866573
1,7155,171.04455337630878
1,7156,213.33714662812517
1,7157,264.9485300587573
1,7158,225.84196008967643
1,7159,141.2538855084853
1,7160,295.5544730050906
1,7161,273.07054907005204
1,7162,46.55704332856792
1,7163,150.39393114539337
1,7164,201.10018657287503
1,7165,232.6841810983562
1,7166,344.724882249103
1,7167,171.72319953724295
1,7168,72.26906562838757
1,7169,268.01391830651795
1,7170,50.027636801942506
1,7171,76.73721757610343
1,7172,215.74774383335284
1,7173,53.34812857170772
1,7174,251.8050322534633
1,7175,244.73367380810544
1,7176,71.37587847510741
1,7177,172.35994533825163
1,7178,304.41483092461436
1,7179,78.00845847075529
1,7180,226.7518857172346
1,7181,78.52968332378052
1,7182,242.56042864555755
1,7183,62.76289630419808
1,7184,371.4168601185661
1,7185,194.24428330705078
1,7186,58.99940775423349
1,7187,290.5659755301841
1,7188,263.6174778030952
1,7189,41.542687000606634
1,7190,45.01503030932807
1,7191,237.2745142524508
1,7192,153.90653005915664
1,7193,273.30724075220814
1,7194,250.19620455452628
1,7195,223.16048335229084
1,7196,353.73528608286426
1,7197,173.3540362116724
1,7198,32.809224830814216
1,7199,176.56401428150957
1,7200,234.60929101017533
1,7201,345.94690063579094
1,7202,175.80854387380685
1,7203,296.164675733745
1,7204,257.11131018348397
1,7205,58.17140389293983
1,7206,117.9676746180728
1,7207,38.67589181652099
1,7208,90.70515261489285
1,7209,336.82468058065757
1,7210,313.9340874260631
1,7211,233.12791230680006
1,7212,58.483369260661554
1,7213,121.34923240686399
1,7214,54.838071853083036
1,7215,383.1404765676995
1,7216,56.73767991303578
1,7217,179.07981612520143
1,7218,226.52535124355623
1,7219,275.23166871451093
1,7220,173.7358974418689
1,7221,304.8965162123193
1,7222,298.47978939989525
1,7223,56.749926998607066
1,7224,30.539287614819553
1,7225,306.6830363684087
1,7226,50.743343162229465
1,7227,55.216099788689704
1,7228,239.53213428746767
1,7229,41.15489232475984
1,7230,408.309275990681
1,7231,50.006448735797974
1,7232,313.4018618064057
1,7233,233.8018207628819
1,7234,244.455587040275
1,7235,107.33247676791873
1,7236,270.55495727541495
1,7237,5.173871905382525
1,7238,350.7600949153249
1,7239,108.92777602436567
1,7240,192.47587250125935
1,7241,133.55028532345662
1,7242,90.74481481874149
1,7243,398.5813545323639
1,7244,47.50751649390345
1,7245,127.66519594348033
1,7246,270.5478304450804
1,7247,102.78548868596934
1,7248,401.76260179641736
1,7249,30.614470136424337
1,7250,248.19223486160536
1,7251,251.6259412714989
1,7252,171.36646660612445
1,7253,205.12106974646846
1,7254,394.31202359467557
1,7255,237.01618828498877
1,7256,96.99010027941577
1,7257,314.1055303502026
1,7258,298.07547688042496
1,7259,59.51888560204836
1,7260,198.8015145830612
1,7261,61.18112554522215
1,7262,289.2607186631656
1,7263,292.97347188523986
1,7264,119.97683911311563
1,7265,452.53126818715987
1,7266,153.4518112054632
1,7267,331.2362275294038
1,7268,328.82669287497777
1,7269,378.6846353048745
1,7270,269.47276669452424
1,7271,58.88369732546039
1,7272,103.22835283907628
1,7273,240.21097374732727
1,7274,243.80270744915452
1,7275,89.66719283536779
1,7276,262.13215408494057
1,7277,133.09007070492584
1,7278,300.1650337583071
1,7279,273.5629120184892
1,7280,206.8496213087621
1,7281,76.28207851060158
1,7282,37.50321586204099
1,7283,304.37178712672113
1,7284,279.00203864636194
1,7285,48.81893510944856
1,7286,288.15526120046786
1,7287,90.1687802844124
1,7288,359.6672258822805
1,7289,296.3172624915954
1,7290,42.86296314124987
1,7291,270.8785509034423
1,7292,162.23209464690558
1,7293,282.5347156453838
1,7294,47.52597761215398
1,7295,241.48293400008407
1,7296,55.03967925492283
1,7297,462.0508314946007
1,7298,56.90133694335866
1,7299,193.0049054712709
1,7300,191.67414283943071
1,7301,123.11454563232799
1,7302,240.96582806918155
1,7303,291.6585350723991
1,7304,47.52093960827426
1,7305,353.99208345388524
1,7306,157.22421320252414
1,7307,324.6905032312023
1,7308,232.17399410112318
1,7309,120.64920101995028
1,7310,156.3625759794635
1,7311,105.00639891003377
1,7312,325.43801558781485
1,7313,443.4787320745329
1,7314,51.400310713741234
1,7315,278.1490235112357
1,7316,44.64951436123924
1,7317,90.83665254364445
1,7318,380.8157129391338
1,7319,132.62712647484005
1,7320,117.31909844354848
1,7321,108.74951407965912
1,7322,152.3196013037743
1,7323,225.59124547206116
1,7324,31.038709791106264
1,7325,295.9549881441006
1,7326,90.75927999268009
1,7327,389.5694860252604
1,7328,47.90141009650187
1,7329,75.67948482293565
1,7330,124.66808412004295
1,7331,48.04827810090676
1,7332,134.65113532328357
1,7333,58.57117103197024
1,7334,96.37482853716813
1,7335,276.36897188114904
1,7336,55.92558230403576
1,7337,292.11052920567977
1,7338,344.9002341581604
1,7339,121.9559450586064
1,7340,59.32776564770843
1,7341,273.3340025268809
1,7342,235.54774224922238
1,7343,49.79199025712318
1,7344,282.6198851829971
1,7345,31.04237824478909
1,7346,262.72861597589224
1,7347,54.612526292042894
1,7348,120.4899230228705
1,7349,462.22496673092365
1,7350,332.4699495988793
1,7351,58.90991469943171
1,7352,181.43862708977224
1,7353,111.69692776991153
1,7354,281.41302848660484
1,7355,51.59046813394786
1,7356,276.65578634640883
1,7357,58.88286182009821
1,7358,254.50259661653286
1,7359,50.78003657865027
1,7360,176.04693574742933
1,7361,221.93868241786458
1,7362,371.3484769213705
1,7363,323.19102486407934
1,7364,70.77623507277963
1,7365,255.47184669972222
1,7366,270.5052591729617
1,7367,300.875305016962
1,7368,371.8348566361981
1,7369,124.5612965141319
1,7370,338.2587955938128
1,7371,59.42496660762254
1,7372,373.2695327731676
1,7373,56.655689909589015
1,7374,379.2533697211395
1,7375,67.67897150804666
1,7376,254.42592901002126
1,7377,61.413452015020304
1,7378,90.10294086505348
1,7379,276.987694554621
1,7380,58.97364255319971
1,7381,68.0678447082674
1,7382,100.5566340513976
1,7383,177.6905283747151
1,7384,53.552176327942774
1,7385,111.38329211295041
1,7386,50.11943069793597
1,7387,265.06731747785904
1,7388,97.75073524354299
1,7389,100.64252386768177
1,7390,302.05419300835007
1,7391,137.94198298468308
1,7392,55.62734406479996
1,7393,309.66051812064126
1,7394,284.8278460850694
1,7395,57.155007995665265
1,7396,127.12534236978942
1,7397,49.55328872496425
1,7398,246.49069371945768
1,7399,259.84121233889033
1,7400,123.0876685269804
1,7401,426.6480311193578
1,7402,51.77258491053695
1,7403,102.72714573181568
1,7404,373.773369057924
1,7405,277.929518089613
1,7406,66.12547951690885
1,7407,281.66874864418014
1,7408,58.64178031729304
1,7409,218.39627487314004
1,7410,56.793756935266984
1,7411,299.463736919423
1,7412,347.60173371205354
1,7413,58.359724406550754
1,7414,325.9557160400813
1,7415,58.64914935873591
1,7416,211.2164754633548
1,7417,324.45531987881566
1,7418,351.2673050191357
1,7419,52.20422323697889
1,7420,237.49712484343362
1,7421,126.72955579325924
1,7422,53.36981727452575
1,7423,316.1248579629905
1,7424,51.59953890212142
1,7425,333.6521874173198
1,7426,56.308707794680096
1,7427,307.87424163387414
1,7428,138.6780635044109
1,7429,26.345532536125944
1,7430,283.8617826798536
1,7431,325.59251727296953
1,7432,265.6402354010741
1,7433,43.1239730171063
1,7434,66.15036369219013
1,7435,318.2175184819954
1,7436,262.64563419800635
1,7437,67.54766931214814
1,7438,289.2865389755399
1,7439,122.68184004682286
1,7440,137.5467114335793
1,7441,487.7333258820248
1,7442,90.9293773503619
1,7443,51.98022665224244
1,7444,309.0289870791919
1,7445,198.82379800199675
1,7446,374.7199164405228
1,7447,48.80958713922812
1,7448,308.86641769126356
1,7449,151.52041402302424
1,7450,286.9403531249819
1,7451,59.59216025870623
1,7452,267.3833679877787
1,7453,277.7550122201695
1,7454,394.08598098457264
1,7455,342.736176095518
1,7456,368.8690644593402
1,7457,79.32767368600216
1,7458,137.31060375494962
1,7459,91.72121930126383
1,7460,214.5209644607515
1,7461,148.63959127780052
1,7462,319.2082936668438
1,7463,63.564764602566285
1,7464,227.54222565090612
1,7465,88.04796823785733
1,7466,325.55806715277936
1,7467,58.68388984940984
1,7468,272.14519433441126
1,7469,218.80004695221402
1,7470,59.5018020641847
1,7471,326.0188052078626
1,7472,200.37907527399437
1,7473,225.96979656613354
1,7474,328.91825674604087
1,7475,59.648611524764675
1,7476,291.72998695327266
1,7477,300.1526493464419
1,7478,208.03556246384593
1,7479,518.8001799094752
1,7480,125.58611000242678
1,7481,289.04155525026243
1,7482,55.13982582237021
1,7483,267.24360470519366
1,7484,223.44005224747852
1,7485,121.70992331967918
1,7486,52.75266271727274
1,7487,285.2169956969934
1,7488,251.8755462857759
1,7489,256.77960024246886
1,7490,214.80381878860032
1,7491,29.845380537131526
1,7492,256.8807971223381
1,7493,231.97456809992917
1,7494,46.028205912767255
1,7495,292.53600534388613
1,7496,298.20665650626245
1,7497,185.58174134517662
1,7498,181.1445779892532
1,7499,287.1069929604671
1,7500,396.11804866299985
1,7501,120.76178246432899
1,7502,40.98094124634585
1,7503,378.26208557065854
1,7504,57.76014056488991
1,7505,352.6725078551486
1,7506,48.494886052071124
1,7507,339.90005578342596
1,7508,48.5181860854223
1,7509,59.176433559309686
1,7510,252.89159022953925
1,7511,324.00554792077673
1,7512,51.69518622401925
1,7513,175.49980860646738
1,7514,46.655388513242954
1,7515,259.8137657820015
1,7516,99.8234319075662
1,7517,136.61330448592994
1,7518,135.75071785502897
1,7519,237.369616068371
1,7520,362.6037956457676
1,7521,77.48269124402603
1,7522,51.5014647318396
1,7523,95.43080977550173
1,7524,341.7267563335071
1,7525,44.045782306287926
1,7526,277.018811546705
1,7527,175.41361137766825
1,7528,310.9846386148511
1,7529,79.41852881629535
1,7530,277.89956813324045
1,7531,200.16536539711163
1,7532,377.35213181311497
1,7533,107.686181310677
1,7534,52.60501013898232
1,7535,349.23755287924996
1,7536,126.49623073556347
1,7537,355.6658495441368
1,7538,238.88300596029302
1,7539,182.63279593745585
1,7540,340.3974240675842
1,7541,103.05406768271632
1,7542,346.9812376295208
1,7543,102.51388214332903
1,7544,431.5183235856998
1,7545,47.101396517144735
1,7546,373.3761952840305
1,7547,245.895073711244
1,7548,244.82843886639677
1,7549,298.92656766660264
1,7550,223.21780075337722
1,7551,44.47534340896734
1,7552,258.6656627506725
1,7553,274.5960145487028
1,7554,66.25803619565758
1,7555,277.6115319889159
1,7556,135.80570402346933
1,7557,142.8339585751903
1,7558,306.5791266183647
1,7559,407.6717505011655
1,7560,61.53755013697108
1,7561,149.24932711396565
1,7562,292.8498254639352
1,7563,217.80577786249904
1,7564,277.37663586282576
1,7565,40.0657510910878
1,7566,236.96693927690688
1,7567,129.4169176568093
1,7568,49.079238575711585
1,7569,56.988075770920204
1,7570,308.5932602843196
1,7571,54.042498782855006
1,7572,210.11445192710633
1,7573,355.0419772827163
1,7574,23.253588193068296
1,7575,281.58474183584474
1,7576,56.845696984546876
1,7577,324.6543610929569
1,7578,78.32781411212444
1,7579,260.619725641795
1,7580,53.099641140340445
1,7581,327.2566944420655
1,7582,126.12367737649191
1,7583,217.03768137869872
1,7584,293.43461748981247
1,7585,43.480273853577046
1,7586,187.20972612530844
1,7587,278.25927210861073
1,7588,76.56981088172985
1,7589,196.62960764013232
1,7590,107.48226413039869
1,7591,273.98976252641256
1,7592,255.25464895260512
1,7593,41.283989563202624
1,7594,261.70366139138474
1,7595,204.13537518752128
1,7596,194.10810144229305
1,7597,270.6607096531961
1,7598,81.15325805588333
1,7599,356.463388427112
1,7600,60.56576340601039
1,7601,179.86267008449778
1,7602,52.64066203718776
1,7603,320.4878258705413
1,7604,213.51575783446418
1,7605,276.4338421971142
1,7606,47.562775369850854
1,7607,240.48454796174877
1,7608,131.48657310485922
1,7609,320.1399821605819
1,7610,54.65131912971386
1,7611,362.74936349367397
1,7612,51.8986472326475
1,7613,290.2901771304058
1,7614,295.76450087365197
1,7615,311.7520632894918
1,7616,214.5152555757502
1,7617,85.87693801931789
1,7618,56.951421877303744
1,7619,291.93402389607036
1,7620,58.90182519443568
1,7621,361.72395030501065
1,7622,167.26141021917243
1,7623,255.10745299986198
1,7624,58.43352400798489
1,7625,275.74122588977457
1,7626,115.27679801637159
1,7627,150.80275603798174
1,7628,261.19884058102207
1,7629,242.92490952640753
1,7630,465.56164633346236
1,7631,38.764246384506386
1,7632,137.30338197744018
1,7633,307.24450077851736
1,7634,314.25854529372305
1,7635,421.7154018917619
1,7636,380.3456392018746
1,7637,408.3387808129629
1,7638,384.6806383148943
1,7639,43.197755098061805
1,7640,393.39060226173933
1,7641,66.77209684440636
1,7642,371.67942427194953
1,7643,179.8095401526694
1,7644,340.10977078524206
1,7645,78.4271992286839
1,7646,214.40161157228295
1,7647,237.69756539859736
1,7648,53.65026836787534
1,7649,236.99022676037896
1,7650,363.4122864896746
1,7651,62.91922286813111
1,7652,347.65490221150674
1,7653,63.723645160098485
1,7654,140.2467652584818
1,7655,320.41793488147357
1,7656,371.797668998385
1,7657,349.4285756107784
1,7658,159.3281481886516
1,7659,42.16594001192148
1,7660,108.01767550060592
1,7661,53.58023521292382
1,7662,214.43271424568908
1,7663,274.76372625482264
1,7664,312.11103835837207
1,7665,129.086234037892
1,7666,356.2935399122689
1,7667,56.29380575681391
1,7668,233.9186665057362
1,7669,152.7815299794403
1,7670,307.0944671015826
1,7671,58.71811432099831
1,7672,270.10843732070384
1,7673,58.737390862596826
1,7674,190.716766522177
1,7675,42.47287487788748
1,7676,258.1883427535936
1,7677,291.8485533128429
1,7678,324.3284535550945
1,7679,341.18235400627464
1,7680,304.59859522775434
1,7681,232.67008059787472
1,7682,97.01485686939859
1,7683,287.2829824154496
1,7684,365.94594687156314
1,7685,333.25537323446514
1,7686,58.52997064041205
1,7687,331.89826121224996
1,7688,32.382292330348214
1,7689,322.42461252706744
1,7690,229.81216181456114
1,7691,49.23054295242739
1,7692,219.41640037390187
1,7693,337.87249557428345
1,7694,171.44317491983352
1,7695,329.4919929317507
1,7696,340.7497615925243
1,7697,354.31375463196315
1,7698,338.905910569037
1,7699,154.67180708194846
1,7700,155.18902125086592
1,7701,339.43230578402336
1,7702,254.3131522660379
1,7703,283.51287677967
1,7704,232.86450787605676
1,7705,136.50345284399395
1,7706,335.8218486458038
1,7707,54.5612724393161
1,7708,360.5724162194218
1,7709,274.69269594710113
1,7710,278.04318928853445
1,7711,369.38166006101085
1,7712,376.6876769775271
1,7713,58.66396488401698
1,7714,281.4092735422977
1,7715,87.91968156638406
1,7716,324.8093658418363
1,7717,65.36817560242005
1,7718,297.83051470457383
1,7719,82.61790434197567
1,7720,325.9444126485056
1,7721,279.0632044813773
1,7722,60.10463937501061
1,7723,377.53112432361286
1,7724,274.4282531051143
1,7725,314.61316426580777
1,7726,341.4198292129107
1,7727,336.1902661575511
1,7728,56.05150958520919
1,7729,264.80820433081647
1,7730,54.98416268878937
1,7731,256.36506829967675
1,7732,341.9342317589011
1,7733,52.81588611539459
1,7734,154.0261158467041
1,7735,268.61731489155136
1,7736,57.271601931678426
1,7737,196.634504047383
1,7738,59.0008110449363
1,7739,460.15289193021556
1,7740,59.01073021150124
1,7741,308.57250525264925
1,7742,74.6234884296698
1,7743,331.93202111531116
1,7744,56.020634572546825
1,7745,170.64426456348883
1,7746,373.25931725274495
1,7747,343.1976173037549
1,7748,59.54610875358756
1,7749,59.55177553859161
1,7750,305.41226110253274
1,7751,58.9390311186225
1,7752,282.12524264747304
1,7753,58.9390311186225
1,7754,101.58279067487602
1,7755,421.9144184451038
1,7756,50.40134628494047
1,7757,381.1927972721379
1,7758,55.83921545147542
1,7759,303.1004843246463
1,7760,130.93451944048746
1,7761,283.78605707336015
1,7762,273.36685126450595
1,7763,287.1252929057017
1,7764,109.87566699401393
1,7765,186.67353436970092
1,7766,365.22982482124917
1,7767,59.609986895328035
1,7768,272.69186881939714
1,7769,225.2144782524964
1,7770,293.8868854660666
1,7771,132.54461421250403
1,7772,85.60029174555956
1,7773,317.52750386456796
1,7774,274.6539593569285
1,7775,43.37226589586127
1,7776,191.53930286217894
1,7777,214.2669921012885
1,7778,303.53180320789363
1,7779,139.3339998210463
1,7780,38.958317684290314
1,7781,321.6750093950541
1,7782,130.2726838034793
1,7783,285.0171233170191
1,7784,274.94046710588964
1,7785,295.3492181506184
1,7786,202.38103519470988
1,7787,331.99492711945805
1,7788,111.17096948601052
1,7789,162.08431378097438
1,7790,60.75380560058372
1,7791,260.81716937996396
1,7792,60.55312737339316
1,7793,283.46736757428937
1,7794,50.37298364590433
1,7795,60.504841889079195
1,7796,279.0422151903154
1,7797,258.62303846397685
1,7798,270.3679059333341
1,7799,351.3498837869571
1,7800,143.28604704959469
1,7801,327.04394127502724
1,7802,57.25484231648464
1,7803,294.44799036906227
1,7804,81.62730905132378
1,7805,226.84165302019701
1,7806,264.733403311669
1,7807,333.0518926593553
1,7808,226.84989899191547
1,7809,398.28440385921414
1,7810,418.7789859646208
1,7811,290.51104056728826
1,7812,425.70203727560556
1,7813,448.57169753812445
1,7814,361.35772964608213
1,7815,246.6914340158986
1,7816,69.7626710971713
1,7817,341.7975246856848
1,7818,66.96625525383715
1,7819,281.6089966591934
1,7820,316.3835862280266
1,7821,347.6234569476627
1,7822,42.82490116055952
1,7823,354.23238941452655
1,7824,349.7636640817001
1,7825,269.21346559167773
1,7826,333.6051098427629
1,7827,364.30939843530007
1,7828,89.38043244244929
1,7829,79.51110330259976
1,7830,55.57440573171296
1,7831,259.2909671988588
1,7832,280.01434242089397
1,7833,303.1564953044892
1,7834,248.43933479039987
1,7835,376.61792942636754
1,7836,301.35790304598834
1,7837,249.11318866536374
1,7838,350.24085420708366
1,7839,38.627833571025576
1,7840,255.9203033409924
1,7841,309.07914396283593
1,7842,324.08184854959075
1,7843,325.25398895179467
1,7844,355.60979864622556
1,7845,52.73680962121556
1,7846,273.30922726318596
1,7847,359.7919112577165
1,7848,74.44508875214032
1,7849,276.4417989354838
1,7850,456.80263629029116
1,7851,399.18399778330064
1,7852,399.6260716053221
1,7853,332.3769402646437
1,7854,71.85518876435194
1,7855,329.50694278737177
1,7856,326.0344426504222
1,7857,300.93910320232396
1,7858,87.46257583307877
1,7859,262.37128963967467
1,7860,276.95024932178467
1,7861,327.961939915527
1,7862,319.45869776701306
1,7863,49.0871642612843
1,7864,352.99853430520636
1,7865,54.45027834787771
1,7866,348.41338178749686
1,7867,359.36980346507056
1,7868,379.0828154897848
1,7869,38.217373520873046
1,7870,32.82561775052328
1,7871,310.61779675112416
1,7872,55.05688172474915
1,7873,301.65993648785957
1,7874,283.31906402430576
1,7875,362.0508245988261
1,7876,179.24221990579184
1,7877,400.70458564421665
1,7878,220.62979023980273
1,7879,324.1805046066848
1,7880,77.6240855599512
1,7881,142.57224224853886
1,7882,360.88336900324805
1,7883,109.45297923264206
1,7884,192.67081373345948
1,7885,264.83959610778874
1,7886,135.55823545743198
1,7887,65.92368697623284
1,7888,375.1330184471638
1,7889,352.32103926780394
1,7890,266.73827805349714
1,7891,135.4444418993968
1,7892,229.2037410273268
1,7893,109.0882674138912
1,7894,190.15039259640284
1,7895,280.7622647521044
1,7896,52.96648860933649
1,7897,317.0571671145286
1,7898,59.91910591031167
1,7899,269.98743998368826
1,7900,63.63665469624449
1,7901,105.93087386437956
1,7902,246.58796556153578
1,7903,328.5253232307617
1,7904,171.14427074971667
1,7905,326.80218221957193
1,7906,222.40721652581402
1,7907,79.91623418124367
1,7908,270.2555923279951
1,7909,300.227175459982
1,7910,87.7787740256023
1,7911,265.6058467218812
1,7912,267.15785959089567
1,7913,336.3772617505254
1,7914,270.16872943259443
1,7915,280.1067773674878
1,7916,56.22994678803085
1,7917,390.3738772033478
1,7918,63.357936129842884
1,7919,248.3943162902894
1,7920,55.29731551644413
1,7921,262.59685390062424
1,7922,219.4827613217271
1,7923,350.88233059078925
1,7924,58.91421956275008
1,7925,272.4742724442713
1,7926,662.1792331183058
1,7927,474.85582180670684
1,7928,380.533380691233
1,7929,431.43939294161584
1,7930,56.410083613360655
1,7931,423.0920268886669
1,7932,393.1558353802053
1,7933,360.83506482719895
1,7934,332.649826849168
1,7935,415.25158101223474
1,7936,97.63579717831331
1,7937,74.68230382461383
1,7938,475.75465656681394
1,7939,313.49541215957686
1,7940,408.8512585562703
1,7941,377.84531313428465
1,7942,321.582623049503
1,7943,353.785595298131
1,7944,359.5916652188512
1,7945,201.0646585345331
1,7946,362.22916398789846
1,7947,261.7979531466177
1,7948,537.6467174959157
1,7949,338.49158905007835
1,7950,276.52027708949925
1,7951,383.1236883515993
1,7952,61.33923088456484
1,7953,349.4992104687378
1,7954,345.6502923316626
1,7955,325.45665440926797
1,7956,476.890957363339
1,7957,186.4990953434733
1,7958,233.9899385091714
1,7959,337.6493509995805
1,7960,32.58397768865583
1,7961,140.9937952340234
1,7962,342.7460345267697
1,7963,360.4498765525233
1,7964,362.831835713617
1,7965,272.2992178400054
1,7966,325.5150565106835
1,7967,316.43949761205994
1,7968,59.022448818302166
1,7969,53.47994862930263
1,7970,486.4648421511686
1,7971,176.30049137862628
1,7972,314.393509946797
1,7973,354.35161722888705
1,7974,48.230715506370636
1,7975,350.9417307067124
1,7976,52.65680948248722
1,7977,128.9151266506601
1,7978,218.11018977055178
1,7979,255.78058668260448
1,7980,270.88375745615997
1,7981,46.34489670541312
1,7982,341.61678765380213
1,7983,107.8289219004717
1,7984,337.0107168203735
1,7985,390.84329743160697
1,7986,83.70228136183448
1,7987,73.76392504602605
1,7988,487.4288521696683
1,7989,314.918490246645
1,7990,61.27718945538675
1,7991,349.84429392789644
1,7992,316.50568345829555
1,7993,374.8781082813713
1,7994,64.30238040461296
1,7995,258.5317532500004
1,7996,60.18880076652668
1,7997,363.3770494321128
1,7998,152.13332003759126
1,7999,356.7145749455258
1,8000,323.8692813639202
1,8001,337.4274718876751
1,8002,287.4409277483514
1,8003,500.76072620838625
1,8004,313.56240885074766
1,8005,392.02441113164764
1,8006,324.01756148193317
1,8007,521.7288949675251
1,8008,38.992739881419055
1,8009,252.1667361220699
1,8010,54.96554935952688
1,8011,347.8547467747248
1,8012,355.58654990887175
1,8013,38.94568677054624
1,8014,267.98126262089403
1,8015,55.287912510458625
1,8016,271.76346836489813
1,8017,134.99420332599846
1,8018,246.76648052340892
1,8019,58.116011915697705
1,8020,379.2579083437024
1,8021,58.15128662856277
1,8022,324.74981188332583
1,8023,49.23484542419316
1,8024,53.51879814426651
1,8025,336.1114687156916
1,8026,169.1085061562406
1,8027,328.20149617408987
1,8028,311.5721528615293
1,8029,286.02384257938564
1,8030,339.163206453993
1,8031,416.6448295635793
1,8032,417.03958505828166
1,8033,57.62431144979999
1,8034,412.60252690404957
1,8035,69.95232049162088
1,8036,64.75036616148465
1,8037,432.4454650798335
1,8038,81.16613882109823
1,8039,374.88006252705327
1,8040,340.6781363910312
1,8041,62.96787235401711
1,8042,338.22743616864125
1,8043,292.3382207121458
1,8044,70.76944576519023
1,8045,277.374283953351
1,8046,66.69842031685194
1,8047,380.4453467554639
1,8048,361.71202999998053
1,8049,329.9925058114235
1,8050,360.3503211637714
1,8051,171.09391948987172
1,8052,286.3833495210428
1,8053,317.0125162724646
1,8054,295.83756967178425
1,8055,318.60851884978973
1,8056,299.4567451275957
1,8057,196.49827560080243
1,8058,27.55551247109012
1,8059,163.00834069892525
1,8060,294.7629760171666
1,8061,328.3390821824402
1,8062,55.59135012368574
1,8063,190.83016189257597
1,8064,356.10816610777374
1,8065,41.11888018610797
1,8066,355.8128514806498
1,8067,74.80592683135731
1,8068,313.7255258856886
1,8069,322.1944235635506
1,8070,133.6636262410513
1,8071,58.51584067336124
1,8072,248.4732079053241
1,8073,59.81327251231784
1,8074,302.4173279095397
1,8075,246.33704703786594
1,8076,343.1519141827395
1,8077,326.53311056710413
1,8078,123.26643215242248
1,8079,340.6283952463479
1,8080,479.90852920484474
1,8081,341.5334272742772
1,8082,314.3340422689671
1,8083,90.37437110264878
1,8084,281.072098488769
1,8085,326.50950665615846
1,8086,365.1913023812949
1,8087,313.9107635865197
1,8088,71.63688880750038
1,8089,284.3639688408541
1,8090,256.1848796790224
1,8091,68.01658544896482
1,8092,311.809339372362
1,8093,61.604582794067596
1,8094,66.27352332703167
1,8095,364.89384764388876
1,8096,197.83039848830802
1,8097,51.453453163826175
1,8098,56.12208155071537
1,8099,188.3595178856891
1,8100,138.6905738516778
1,8101,59.77991120555262
1,8102,229.01422282866542
1,8103,251.59831426911742
1,8104,59.10222420977906
1,8105,338.0294650439157
1,8106,22.82004695260196
1,8107,59.405657587573174
1,8108,319.9684343129944
1,8109,50.65044177196795
1,8110,310.53033996834506
1,8111,428.495617848184
1,8112,130.15269639507
1,8113,347.88962921256024
1,8114,58.86862942592313
1,8115,277.6225221341377
1,8116,244.23972147730842
1,8117,449.24800112656783
1,8118,194.65079860395178
1,8119,298.2672282065337
1,8120,336.4274979860056
1,8121,135.6590036731308
1,8122,314.6005946790814
1,8123,59.277982739915856
1,8124,471.04614328373225
1,8125,49.37227651647256
1,8126,54.6442150403322
1,8127,337.5667807890311
1,8128,345.65868829734836
1,8129,161.51732300158153
1,8130,261.3754756965886
1,8131,215.67825801230407
1,8132,358.0447810811769
1,8133,59.10839796302293
1,8134,273.37801027185947
1,8135,78.14209567764965
1,8136,313.4511364483244
1,8137,309.9504691044872
1,8138,123.55577664702665
1,8139,318.9639285166149
1,8140,291.89776014377355
1,8141,197.0317626890673
1,8142,307.17106130181276
1,8143,171.87316439113303
1,8144,477.9204205904407
1,8145,324.85518364353015
1,8146,483.6872786405225
1,8147,460.0891565193368
1,8148,288.44472391696087
1,8149,54.785578271247445
1,8150,321.62955870460047
1,8151,283.4618911485994
1,8152,300.93643863391804
1,8153,351.007209265839
1,8154,52.71051142575476
1,8155,340.7690212007733
1,8156,318.14533934847157
1,8157,313.4360026486011
1,8158,324.38114213478696
1,8159,341.33897014770105
1,8160,172.1415586744049
1,8161,285.4603771767654
1,8162,313.04618260524046
1,8163,219.8292564442063
1,8164,332.7310753752808
1,8165,263.3163021827326
1,8166,258.55290215727155
1,8167,380.4906315031431
1,8168,62.48444213435313
1,8169,297.58873037278516
1,8170,383.8547781923093
1,8171,232.96517126890376
1,8172,353.8448789723288
1,8173,59.79554838181665
1,8174,46.791203068288254
1,8175,90.40534756266067
1,8176,112.26401992641814
1,8177,299.58853267283274
1,8178,283.3631977544765
1,8179,68.1973534819097
1,8180,285.20316433795216
1,8181,65.80729577108329
1,8182,336.5894193034491
1,8183,258.57149604459437
1,8184,228.14740365767992
1,8185,95.8560420970024
1,8186,279.2317242173949
1,8187,48.572597244091995
1,8188,307.83593381458684
1,8189,59.423481359545605
1,8190,267.4095940148743
1,8191,25.977145456167108
1,8192,281.3447601721016
1,8193,234.27132493647682
1,8194,294.02374671078894
1,8195,278.32426264966864
1,8196,88.563610106789
1,8197,160.589370155378
1,8198,54.57611016343727
1,8199,340.53125831887746
1,8200,363.2053420956905
1,8201,31.427769342159838
1,8202,259.755765430864
1,8203,66.77090380200806
1,8204,57.42093289029059
1,8205,148.77784319887536
1,8206,48.38611210978951
1,8207,201.4818732720522
1,8208,59.2635496334815
1,8209,293.19591700940566
1,8210,59.35645851193534
1,8211,285.1755330801512
1,8212,169.0510203010041
1,8213,314.70677278080177
1,8214,59.28632834385873
1,8215,270.38574562426936
1,8216,207.65936246033186
1,8217,275.8121920974356
1,8218,86.26496231695064
1,8219,274.7419674960611
1,8220,54.86056694382317
1,8221,86.36922606456342
1,8222,299.7732591873039
1,8223,106.22427104840062
1,8224,271.22940100229584
1,8225,127.81995779526184
1,8226,55.62004095818112
1,8227,232.55245154961784
1,8228,296.60459330452125
1,8229,298.21466560976467
1,8230,376.1638566183308
1,8231,212.42126802782337
1,8232,49.5257064691012
1,8233,237.75174518213936
1,8234,290.34758605170106
1,8235,379.642052849135
1,8236,268.0867802792017
1,8237,59.38246525332902
1,8238,274.91718029446577
1,8239,39.86334673353854
1,8240,268.61178263583054
1,8241,243.79916428636346
1,8242,32.358190668118866
1,8243,350.6597616685543
1,8244,59.80268661856235
1,8245,286.2045586515597
1,8246,821.0102220287986
1,8247,437.7602305153913
1,8248,225.1668215186147
1,8249,459.77935352045677
1,8250,280.4358708786999
1,8251,230.97036251137638
1,8252,397.75328251905427
1,8253,198.38635126883628
1,8254,279.01436827523764
1,8255,65.61095778695078
1,8256,236.0453556205698
1,8257,223.51446278925744
1,8258,368.9647365423415
1,8259,336.51139926561723
1,8260,68.0980046182851
1,8261,361.25623798613117
1,8262,347.1271359308048
1,8263,105.89943332728916
1,8264,348.9658646231603
1,8265,341.62444298026514
1,8266,85.12742029659412
1,8267,277.66217668463617
1,8268,396.20720754800413
1,8269,40.805109465657395
1,8270,290.40546185374706
1,8271,420.5915275182579
1,8272,385.24479120153785
1,8273,332.70401468543605
1,8274,337.1996341568308
1,8275,68.17069872010163
1,8276,283.88285742633656
1,8277,58.58536701352984
1,8278,357.7327085211415
1,8279,260.704863971646
1,8280,325.98688840283955
1,8281,331.1071307407268
1,8282,379.95424444278456
1,8283,51.585522574805694
1,8284,258.9028696773066
1,8285,295.5172797597053
1,8286,51.07444600440046
1,8287,308.7652617413495
1,8288,309.96048138441824
1,8289,82.09858970194946
1,8290,270.586565854607
1,8291,54.35435399528363
1,8292,258.1159091173662
1,8293,193.46379436945097
1,8294,71.73201116343336
1,8295,210.1527337928174
1,8296,55.62421845203042
1,8297,209.10508570726768
1,8298,198.6696693035231
1,8299,311.7555516582106
1,8300,58.60021483745132
1,8301,269.94224719217596
1,8302,297.09834797555817
1,8303,58.55368116566348
1,8304,229.92652931338017
1,8305,352.79275218376125
1,8306,55.02921133702739
1,8307,295.2143957889456
1,8308,274.89629148935063
1,8309,361.38663838267144
1,8310,49.56559018870496
1,8311,180.4160553011763
1,8312,239.51422134995767
1,8313,198.0264178764247
1,8314,100.31318679694085
1,8315,187.8418232191656
1,8316,328.6043015126746
1,8317,334.2552539396158
1,8318,55.4287000774255
1,8319,323.41459659073007
1,8320,83.11188090679545
1,8321,134.945767926389
1,8322,353.761158263806
1,8323,52.461710818011596
1,8324,330.4738055548354
1,8325,62.544389931414635
1,8326,130.3836170316656
1,8327,138.54432823466394
1,8328,345.9874715620305
1,8329,56.903858402268064
1,8330,139.28928290033906
1,8331,321.21176431543313
1,8332,372.6082403586033
1,8333,315.3499483463095
1,8334,235.8492238061026
1,8335,248.23114036895117
1,8336,361.0550682638984
1,8337,275.84475337973333
1,8338,351.1935450565362
1,8339,276.4088430408136
1,8340,314.03010463798677
1,8341,370.86930397278525
1,8342,381.61720007504795
1,8343,56.99297373790039
1,8344,303.182795050172
1,8345,50.48108869369302
1,8346,345.4075877225697
1,8347,64.39829369276008
1,8348,341.002644420695
1,8349,169.97435504757487
1,8350,336.8560636587769
1,8351,58.31670585484022
1,8352,170.81756890612706
1,8353,350.76202434870055
1,8354,157.8227517656783
1,8355,296.2199554329064
1,8356,293.2630506960425
1,8357,285.44389115637546
1,8358,11.084014064303952
1,8359,277.7494050813335
1,8360,281.9875251116812
1,8361,342.9252928343227
1,8362,54.72552262427702
1,8363,274.6919867718972
1,8364,293.7459955491677
1,8365,206.9573953140224
1,8366,47.613690981444684
1,8367,310.0823663920567
1,8368,282.1743303426107
1,8369,272.0454953354108
1,8370,54.03538332466522
1,8371,373.4162638200189
1,8372,53.69294455714156
1,8373,165.75254589285942
1,8374,334.1637190615295
1,8375,250.8054835320395
1,8376,328.4484371703429
1,8377,58.235561830743706
1,8378,312.50304871493177
1,8379,313.16111790901766
1,8380,27.07541381537566
1,8381,249.50620476272084
1,8382,363.8596452928323
1,8383,275.32805013447535
1,8384,320.22859730152186
1,8385,276.8023209153362
1,8386,46.70019318360881
1,8387,268.0225446176015
1,8388,179.27076242915584
1,8389,202.6607218511291
1,8390,202.91188995122775
1,8391,297.92430852720634
1,8392,53.753905610929934
1,8393,317.8812641260281
1,8394,334.59736214700774
1,8395,48.53038029167509
1,8396,258.65760303949
1,8397,294.14097278930706
1,8398,86.3972726036192
1,8399,295.6868954368756
1,8400,360.83268911540654
1,8401,421.7574349609029
1,8402,93.65040678431109
1,8403,295.34278990708066
1,8404,171.8023666706863
1,8405,303.1414956676423
1,8406,77.87776496048502
1,8407,358.40400883610164
1,8408,128.87011373034062
1,8409,68.249382974573
1,8410,95.98736045987788
1,8411,310.83629513738936
1,8412,65.08783212601395
1,8413,24.490216289698985
1,8414,176.72723434021748
1,8415,293.83572067383295
1,8416,595.5560376027487
1,8417,369.3784288585325
1,8418,62.05773375100671
1,8419,341.7357022375976
1,8420,61.22414932298847
1,8421,215.44719889505438
1,8422,122.15280909859464
1,8423,365.37693228759264
1,8424,42.188842941350494
1,8425,312.356215340516
1,8426,50.08749867381229
1,8427,315.3210296718672
1,8428,168.8986012335553
1,8429,336.28452080213776
1,8430,56.46996350691127
1,8431,243.74600732490836
1,8432,98.49469413698694
1,8433,317.92862547058405
1,8434,49.721100947944706
1,8435,340.2289509976349
1,8436,149.55181116802254
1,8437,289.2970694248665
1,8438,332.1928102288141
1,8439,330.1326333534179
1,8440,52.79972459566876
1,8441,168.04309531581237
1,8442,341.833775445163
1,8443,12.015141207793897
1,8444,321.00173579364184
1,8445,288.11343432255126
1,8446,284.6966147211667
1,8447,294.2988344754683
1,8448,55.9594518749922
1,8449,325.8451971613836
1,8450,286.3320057972206
1,8451,172.1127447774466
1,8452,322.7414567657419
1,8453,50.21459317088055
1,8454,171.4506383479864
1,8455,335.82722856441956
1,8456,47.64635395284856
1,8457,139.68495090155642
1,8458,336.38278441084515
1,8459,328.3335536940525
1,8460,333.27832648145977
1,8461,328.06392333767997
1,8462,394.38000481572965
1,8463,109.06800300852419
1,8464,262.3314252450473
1,8465,322.5560076402418
1,8466,91.1707841445313
1,8467,362.24452477689186
1,8468,65.17741724233683
1,8469,346.120123523462
1,8470,173.76317236955435
1,8471,358.3861182259817
1,8472,59.455572057548196
1,8473,180.73420893858201
1,8474,352.74764910246444
1,8475,650.9705248781963
1,8476,295.5894064756848
1,8477,302.9571784765153
1,8478,60.8984506959094
1,8479,316.55460698971444
1,8480,77.10342252186656
1,8481,262.82612789714216
1,8482,330.28588085546994
1,8483,130.2780289369466
1,8484,55.51052614472271
1,8485,297.57327967156874
1,8486,254.57134502958638
1,8487,216.41166373227563
1,8488,55.120281574142155
1,8489,276.40903760473816
1,8490,494.06093965115804
1,8491,28.14778639939383
1,8492,113.63527189922156
1,8493,181.0947470158497
1,8494,32.86611936995642
1,8495,432.73910010932025
1,8496,503.0289314101701
1,8497,56.92692154490955
1,8498,326.467230719883
1,8499,261.40229897999996
1,8500,330.22360517625475
1,8501,41.91317774209682
1,8502,167.9560389680297
1,8503,380.07351581958926
1,8504,379.11742503457674
1,8505,335.16528243702226
1,8506,64.03488845359087
1,8507,322.1067942794772
1,8508,294.1647758415237
1,8509,25.646858532388862
1,8510,311.1110874693004
1,8511,191.29662028583482
1,8512,51.016127142471504
1,8513,323.3407038652193
1,8514,213.09752013201035
1,8515,275.6258684855356
1,8516,104.21089348224228
1,8517,173.53559798350108
1,8518,183.35283094665726
1,8519,60.18401725518538
1,8520,386.2574283306147
1,8521,259.93914949777286
1,8522,324.88739647223537
1,8523,318.71255128017344
1,8524,31.328084949426703
1,8525,279.50001706653416
1,8526,47.88981594429049
1,8527,23.87471563169894
1,8528,340.0433459437937
1,8529,239.57156601870508
1,8530,79.85720067102315
1,8531,219.08445347039287
1,8532,236.5428135618869
1,8533,353.0546772901671
1,8534,42.83040191302709
1,8535,30.946579365746032
1,8536,337.3941002008527
1,8537,321.64379697768265
1,8538,315.78194042022903
1,8539,46.070073669192084
1,8540,273.86694957543114
1,8541,56.07379551725738
1,8542,366.91887935165136
1,8543,340.1653836863509
1,8544,267.7673217126054
1,8545,123.97938636522727
1,8546,280.30816223317447
1,8547,104.73534728303092
1,8548,30.978003536113093
1,8549,286.75636435955744
1,8550,42.59935218734982
1,8551,331.2180062215634
1,8552,307.9280416166955
1,8553,300.2054470237819
1,8554,57.51288594710038
1,8555,280.135596029128
1,8556,283.42754626983
1,8557,575.8668828642647
1,8558,396.1489034878543
1,8559,94.6088725347003
1,8560,264.8018384675213
1,8561,147.42678249378915
1,8562,369.51859764797985
1,8563,56.23624222445085
1,8564,265.5377437335477
1,8565,346.14023445791156
1,8566,174.36125612184162
1,8567,387.2446802860983
1,8568,330.8871455558635
1,8569,63.61718482015918
1,8570,323.20325120817495
1,8571,354.8979412525381
1,8572,64.26059080432752
1,8573,332.52746036772305
1,8574,374.249710368827
1,8575,263.3324824676355
1,8576,225.48110463564356
1,8577,142.05477495649762
1,8578,127.13402058057491
1,8579,291.8816100308418
1,8580,133.47586321969484
1,8581,330.5363053587002
1,8582,55.78647773544332
1,8583,374.80965178525037
1,8584,57.51912796068665
1,8585,329.594911334832
1,8586,252.78218700001565
1,8587,88.06306563802524
1,8588,323.64759501521735
1,8589,44.64509228964356
1,8590,330.907987798232
1,8591,56.757317738980625
1,8592,214.26267982129102
1,8593,295.04023147861324
1,8594,135.45195735596815
1,8595,54.91290117921895
1,8596,302.0769982113471
1,8597,265.84691495850274
1,8598,224.0899918166627
1,8599,378.3791561999447
1,8600,291.2131713252058
1,8601,59.104858493726475
1,8602,361.13233984155056
1,8603,285.0723150903767
1,8604,196.04807725476502
1,8605,207.31059710420857
1,8606,55.726334666331546
1,8607,298.34851672645533
1,8608,335.5926391993049
1,8609,401.7047675480219
1,8610,6.256041192151622
1,8611,374.8587180713595
1,8612,346.3629928600948
1,8613,54.28601132818747
1,8614,160.4865509963376
1,8615,398.9538250330464
1,8616,62.40600264818336
1,8617,343.1546947884649
1,8618,62.42821821430515
1,8619,176.00337505035128
1,8620,55.98147303261972
1,8621,332.929633427987
1,8622,311.27459611243074
1,8623,75.41926929602549
1,8624,185.3184684997876
1,8625,110.63484832912378
1,8626,218.99714960831056
1,8627,250.96759062614996
1,8628,278.3435464473022
1,8629,157.37036263267396
1,8630,283.90259902718174
1,8631,59.24474047996761
1,8632,331.69182089113696
1,8633,298.68775110272566
1,8634,54.85979908598369
1,8635,318.5801471708721
1,8636,173.56845096540349
1,8637,293.64850689139905
1,8638,59.44223953066767
1,8639,324.42580300130226
1,8640,325.72635716556397
1,8641,49.625355660576496
1,8642,54.65425943272078
1,8643,340.90332390410674
1,8644,51.90289475474829
1,8645,177.21093928589468
1,8646,349.4277453894007
1,8647,255.8568232847131
1,8648,513.5121513253514
1,8649,289.2564825684992
1,8650,293.66082315798593
1,8651,392.61146097474983
1,8652,532.8770030307733
1,8653,79.64140741829323
1,8654,60.27292759976357
1,8655,339.1166211865117
1,8656,352.25599883355926
1,8657,58.95011355165505
1,8658,302.31254642563744
1,8659,59.54705047269108
1,8660,388.85165756150946
1,8661,356.4514557060428
1,8662,53.89485319121543
1,8663,185.17018700480185
1,8664,69.76850082037271
1,8665,297.05009218654925
1,8666,325.827709541212
1,8667,65.69131612625897
1,8668,348.8608278802972
1,8669,172.72753805817524
1,8670,325.7971735891769
1,8671,47.64693900630914
1,8672,286.72355701340575
1,8673,403.70471885564723
1,8674,342.35122479344
1,8675,134.09765234685463
1,8676,55.46752304125026
1,8677,219.7644880552793
1,8678,263.6234759648935
1,8679,98.6801036786517
1,8680,398.87487575512114
1,8681,320.1707655344975
1,8682,401.67677050672
1,8683,54.82719586247528
1,8684,211.08509210811596
1,8685,369.9273795644734
1,8686,342.64900505006744
1,8687,190.98014512890296
1,8688,312.5009182482696
1,8689,62.87997053402184
1,8690,129.98759214050622
1,8691,302.6731505427375
1,8692,59.89165481551069
1,8693,288.43188083125506
1,8694,49.30862145506421
1,8695,385.46070081217545
1,8696,88.1029215814325
1,8697,217.13000316067075
1,8698,119.25848425908517
1,8699,125.12812596923196
1,8700,298.79784204980353
1,8701,6.624981147811245
1,8702,129.91039445774305
1,8703,54.17611058177173
1,8704,213.17916264639638
1,8705,54.43380038925687
1,8706,217.9126631854005
1,8707,53.58895984214993
1,8708,278.0308832713653
1,8709,190.40214853432605
1,8710,58.01136120041468
1,8711,131.28624682790675
1,8712,245.4227838527885
1,8713,182.63436168582422
1,8714,70.1544776231814
1,8715,370.0058017470458
1,8716,50.77182506190065
1,8717,325.7900467234912
1,8718,310.11078779064053
1,8719,56.55680885025631
1,8720,242.64842969419766
1,8721,51.768882325953086
1,8722,102.07651178278823
1,8723,325.1884501694949
1,8724,56.76230802662318
1,8725,54.16460294237455
1,8726,291.2441695884718
1,8727,56.78631963856166
1,8728,247.05829498169908
1,8729,90.7980783507823
1,8730,56.6599558842892
1,8731,295.30598664937946
1,8732,286.8799331754772
1,8733,282.373445584393
1,8734,237.70394585045022
1,8735,221.00336932036578
1,8736,341.8475936679009
1,8737,52.702937392094285
1,8738,329.94044805746523
1,8739,277.86188875546225
1,8740,43.42639276040062
1,8741,336.16207281783494
1,8742,307.7536128048723
1,8743,371.53736215140475
1,8744,133.90679223477076
1,8745,243.00736796184245
1,8746,181.98701600238556
1,8747,294.9607191628904
1,8748,267.7562151885336
1,8749,91.48959563174697
1,8750,227.0378007482824
1,8751,46.28588383474461
1,8752,268.07882651390565
1,8753,43.601422776044714
1,8754,134.5169308367615
1,8755,244.87873627775596
1,8756,148.31887072933333
1,8757,240.69563614674416
1,8758,142.4316683212747
1,8759,175.89657962201852
1,8760,92.91544518144536
1,8761,255.99892550280572
1,8762,81.19659816380648
1,8763,254.6164440943948
1,8764,63.61081803445601
1,8765,298.2813857319452
1,8766,212.28329959278938
1,8767,62.015813123372965
1,8768,136.72575985485753
1,8769,254.1082345917709
1,8770,195.0215828170139
1,8771,73.9652558476315
1,8772,250.9426308245756
1,8773,65.54862374403757
1,8774,263.20543311156166
1,8775,253.8040624438498
1,8776,59.807911360145376
1,8777,110.11231508766238
1,8778,231.46087224438924
1,8779,57.11080701424774
1,8780,304.1388580446973
1,8781,57.33923847392376
1,8782,326.25283860207173
1,8783,346.6477948568041
1,8784,50.56990633018037
1,8785,243.08765157515776
1,8786,278.2701675990417
1,8787,56.698573189842534
1,8788,243.56887966778885
1,8789,54.87071680120238
1,8790,102.95578010923674
1,8791,329.2465824178106
1,8792,58.29639257425071
1,8793,56.42102496729765
1,8794,293.20815428356
1,8795,56.9221355845308
1,8796,246.59935114108495
1,8797,90.93718297354152
1,8798,56.76950235189466
1,8799,299.8850355742734
1,8800,280.0226151835176
1,8801,47.86816306961316
1,8802,338.31862686294147
1,8803,348.7226466496072
1,8804,26.1636789917443
1,8805,241.41825094907912
1,8806,282.5182978904537
1,8807,289.88302493900807
1,8808,286.8600088203922
1,8809,237.80199978429914
1,8810,220.244295075807
1,8811,347.64129904625474
1,8812,51.618950777413545
1,8813,330.7473655792093
1,8814,50.8922500201939
1,8815,54.87518416019276
1,8816,275.31399700366705
1,8817,43.42361860512162
1,8818,133.87950960323445
1,8819,243.05198193929058
1,8820,193.54179083062883
1,8821,241.12487805537268
1,8822,91.51474647741553
1,8823,109.20814058745594
1,8824,243.12392875999
1,8825,133.4643526909682
1,8826,130.17660126791554
1,8827,335.58520102612215
1,8828,57.73116614120326
1,8829,79.08192846177128
1,8830,309.56096733957963
1,8831,439.70485825713547
1,8832,264.0008284543425
1,8833,83.3542561172833
1,8834,397.91060474880555
1,8835,105.18034482656503
1,8836,428.15397619343264
1,8837,282.77745336856105
1,8838,437.57234669297895
1,8839,153.1952950358384
1,8840,327.31266063705255
1,8841,48.09533202126945
1,8842,230.3960396627932
1,8843,285.357963779903
1,8844,46.44215534258423
1,8845,333.56623436256507
1,8846,61.01014851456647
1,8847,129.38048479167745
1,8848,398.2015111246204
1,8849,318.43789222054346
1,8850,219.85427320026477
1,8851,60.523683663972335
1,8852,348.88745637095974
1,8853,171.8881413285536
1,8854,34.05633532621941
1,8855,312.3998846432004
1,8856,358.03947481634475
1,8857,58.478224818122655
1,8858,409.4118651669435
1,8859,49.85512471659631
1,8860,310.9536446215501
1,8861,41.21283648930868
1,8862,324.2976122556522
1,8863,192.58305955467338
1,8864,212.5231653877159
1,8865,299.7751596113018
1,8866,132.66602065307166
1,8867,187.598731358872
1,8868,52.47467367836124
1,8869,326.4510622944483
1,8870,58.15048598054855
1,8871,176.15570303528995
1,8872,47.51333058580628
1,8873,188.60256713627177
1,8874,345.17365402201415
1,8875,44.24105160748424
1,8876,292.19718787386
1,8877,345.373147282495
1,8878,11.954750452038805
1,8879,330.14208340863956
1,8880,48.299811907055314
1,8881,51.61515939008077
1,8882,384.5775261364289
1,8883,58.024189417834286
1,8884,31.58946231573011
1,8885,262.09895576086444
1,8886,278.06889912444416
1,8887,52.66446205786568
1,8888,249.60820580201192
1,8889,247.28036834489646
1,8890,290.42997144200285
1,8891,263.49369727594865
1,8892,76.98591602128002
1,8893,398.94575769044224
1,8894,68.13438211515894
1,8895,243.26548609302654
1,8896,374.06407341632143
1,8897,314.6997629137802
1,8898,66.90591094263237
1,8899,357.693194979601
1,8900,144.34413977892308
1,8901,60.934631404001976
1,8902,159.22707560535588
1,8903,366.2076105441354
1,8904,67.47142584270817
1,8905,280.5460444178533
1,8906,320.0329813217885
1,8907,62.18722041217944
1,8908,120.63145646423663
1,8909,209.0431401516072
1,8910,300.99683716119137
1,8911,59.076895508599904
1,8912,208.9460106800276
1,8913,294.80601221755114
1,8914,50.44805107123872
1,8915,52.510823009107135
1,8916,323.9685469990592
1,8917,309.90893327470155
1,8918,43.27963784282383
1,8919,79.7800980578556
1,8920,127.85734376529513
1,8921,187.39319715837172
1,8922,55.464013553044744
1,8923,135.26231009149353
1,8924,235.15513181285112
1,8925,51.26371477394348
1,8926,56.404583853528386
1,8927,238.43523933467708
1,8928,331.7756019854496
1,8929,200.58064395568013
1,8930,382.84161267985644
1,8931,67.91321117039837
1,8932,216.0320894562811
1,8933,333.4792108692476
1,8934,52.34798756099105
1,8935,328.92345086942436
1,8936,51.89616820736774
1,8937,174.93358679456895
1,8938,358.74741881859836
1,8939,138.28236149511946
1,8940,329.941316947144
1,8941,79.8074581668499
1,8942,316.48886954172815
1,8943,272.2443504467449
1,8944,48.106493321332536
1,8945,156.31047829128653
1,8946,231.79305853613204
1,8947,57.997103230406005
1,8948,330.48010152032055
1,8949,53.71912360792986
1,8950,295.4419338709556
1,8951,240.37163045246507
1,8952,337.16568192761946
1,8953,535.0722799794039
1,8954,59.060296070607244
1,8955,328.61141826960386
1,8956,172.370341247756
1,8957,317.71420128090506
1,8958,285.45862414367014
1,8959,142.5714343855366
1,8960,319.8164646326687
1,8961,32.860968947511005
1,8962,294.7437400051266
1,8963,58.982388508351384
1,8964,385.30906803578074
1,8965,307.25618754875813
1,8966,33.118444107808415
1,8967,305.62291166343306
1,8968,55.77112983876518
1,8969,295.1011431183209
1,8970,51.728997741787985
1,8971,339.7472995664081
1,8972,268.71571250675197
1,8973,44.6367684402106
1,8974,297.6894373085996
1,8975,266.0747219785204
1,8976,274.024807081974
1,8977,51.85331421487966
1,8978,249.74352722872152
1,8979,39.51324846911812
1,8980,236.56596579155936
1,8981,55.362344850452416
1,8982,243.71944456917302
1,8983,538.3022018869043
1,8984,58.436760929241714
1,8985,330.10625891382
1,8986,252.10976475727665
1,8987,331.40826022394003
1,8988,53.081710830359185
1,8989,336.89450771493284
1,8990,283.26851430255
1,8991,86.53428816780843
1,8992,138.9187990406217
1,8993,338.3100597307888
1,8994,449.77076232224783
1,8995,98.56698354584049
1,8996,288.6590646700704
1,8997,304.98807647081355
1,8998,335.37993636946385
1,8999,105.93308323492906
1,9000,306.9157414958176
1,9001,333.6998574524582
1,9002,175.0315665850222
1,9003,405.51068074960835
1,9004,279.22263821283354
1,9005,197.24935848143699
1,9006,313.8262368094232
1,9007,55.810501777642955
1,9008,270.61287444797733
1,9009,104.5995564371369
1,9010,61.25443524079441
1,9011,199.46065846580666
1,9012,129.97126558205937
1,9013,241.93430373593924
1,9014,328.8439347835922
1,9015,349.0243603934691
1,9016,311.20663224365813
1,9017,87.05494688671875
1,9018,438.6533828779308
1,9019,59.52113013260313
1,9020,191.93354636571644
1,9021,48.065198202682204
1,9022,49.14325765043855
1,9023,227.6866423871756
1,9024,205.0953114251207
1,9025,57.3557234836656
1,9026,276.68295791447633
1,9027,89.72222473073597
1,9028,196.43984194868182
1,9029,353.94930102184264
1,9030,287.74976280710905
1,9031,135.65594811917305
1,9032,73.359612869539
1,9033,354.6824006698989
1,9034,246.15581832336704
1,9035,298.43373791323097
1,9036,48.976050219809366
1,9037,318.5463713779758
1,9038,257.22016723128615
1,9039,203.676810866573
1,9040,171.04455337630878
1,9041,213.33714662812517
1,9042,264.9485300587573
1,9043,225.84196008967643
1,9044,141.2538855084853
1,9045,295.5544730050906
1,9046,273.07054907005204
1,9047,46.55704332856792
1,9048,150.39393114539337
1,9049,201.10018657287503
1,9050,232.6841810983562
1,9051,344.724882249103
1,9052,171.72319953724295
1,9053,72.26906562838757
1,9054,268.01391830651795
1,9055,50.027636801942506
1,9056,76.73721757610343
1,9057,215.74774383335284
1,9058,53.34812857170772
1,9059,251.8050322534633
1,9060,244.73367380810544
1,9061,71.37587847510741
1,9062,172.35994533825163
1,9063,304.41483092461436
1,9064,78.00845847075529
1,9065,226.7518857172346
1,9066,78.52968332378052
1,9067,242.56042864555755
1,9068,62.76289630419808
1,9069,371.4168601185661
1,9070,194.24428330705078
1,9071,58.99940775423349
1,9072,290.5659755301841
1,9073,263.6174778030952
1,9074,41.542687000606634
1,9075,45.01503030932807
1,9076,237.2745142524508
1,9077,153.90653005915664
1,9078,273.30724075220814
1,9079,250.19620455452628
1,9080,223.16048335229084
1,9081,353.73528608286426
1,9082,173.3540362116724
1,9083,32.809224830814216
1,9084,176.56401428150957
1,9085,234.60929101017533
1,9086,345.94690063579094
1,9087,175.80854387380685
1,9088,296.164675733745
1,9089,257.11131018348397
1,9090,58.17140389293983
1,9091,117.9676746180728
1,9092,38.67589181652099
1,9093,90.70515261489285
1,9094,336.82468058065757
1,9095,313.9340874260631
1,9096,233.12791230680006
1,9097,58.483369260661554
1,9098,121.34923240686399
1,9099,54.838071853083036
1,9100,383.1404765676995
1,9101,56.73767991303578
1,9102,179.07981612520143
1,9103,226.52535124355623
1,9104,275.23166871451093
1,9105,173.7358974418689
1,9106,304.8965162123193
1,9107,298.47978939989525
1,9108,56.749926998607066
1,9109,30.539287614819553
1,9110,306.6830363684087
1,9111,50.743343162229465
1,9112,55.216099788689704
1,9113,239.53213428746767
1,9114,41.15489232475984
1,9115,408.309275990681
1,9116,50.006448735797974
1,9117,313.4018618064057
1,9118,233.8018207628819
1,9119,244.455587040275
1,9120,107.33247676791873
1,9121,270.55495727541495
1,9122,5.173871905382525
1,9123,350.7600949153249
1,9124,108.92777602436567
1,9125,192.47587250125935
1,9126,133.55028532345662
1,9127,90.74481481874149
1,9128,398.5813545323639
1,9129,47.50751649390345
1,9130,127.66519594348033
1,9131,270.5478304450804
1,9132,102.78548868596934
1,9133,401.76260179641736
1,9134,30.614470136424337
1,9135,248.19223486160536
1,9136,251.6259412714989
1,9137,171.36646660612445
1,9138,205.12106974646846
1,9139,394.31202359467557
1,9140,237.01618828498877
1,9141,96.99010027941577
1,9142,314.1055303502026
1,9143,298.07547688042496
1,9144,59.51888560204836
1,9145,198.8015145830612
1,9146,61.18112554522215
1,9147,289.2607186631656
1,9148,292.97347188523986
1,9149,119.97683911311563
1,9150,452.53126818715987
1,9151,153.4518112054632
1,9152,331.2362275294038
1,9153,328.82669287497777
1,9154,378.6846353048745
1,9155,269.47276669452424
1,9156,58.88369732546039
1,9157,103.22835283907628
1,9158,240.21097374732727
1,9159,243.80270744915452
1,9160,89.66719283536779
1,9161,262.13215408494057
1,9162,133.09007070492584
1,9163,300.1650337583071
1,9164,273.5629120184892
1,9165,206.8496213087621
1,9166,76.28207851060158
1,9167,37.50321586204099
1,9168,304.37178712672113
1,9169,279.00203864636194
1,9170,48.81893510944856
1,9171,288.15526120046786
1,9172,90.1687802844124
1,9173,359.6672258822805
1,9174,296.3172624915954
1,9175,42.86296314124987
1,9176,270.8785509034423
1,9177,162.23209464690558
1,9178,282.5347156453838
1,9179,47.52597761215398
1,9180,241.48293400008407
1,9181,55.03967925492283
1,9182,462.0508314946007
1,9183,56.90133694335866
1,9184,193.0049054712709
1,9185,191.67414283943071
1,9186,123.11454563232799
1,9187,240.96582806918155
1,9188,291.6585350723991
1,9189,47.52093960827426
1,9190,353.99208345388524
1,9191,157.22421320252414
1,9192,324.6905032312023
1,9193,232.17399410112318
1,9194,120.64920101995028
1,9195,156.3625759794635
1,9196,105.00639891003377
1,9197,325.43801558781485
1,9198,443.4787320745329
1,9199,51.400310713741234
1,9200,278.1490235112357
1,9201,44.64951436123924
1,9202,90.83665254364445
1,9203,380.8157129391338
1,9204,132.62712647484005
1,9205,117.31909844354848
1,9206,108.74951407965912
1,9207,152.3196013037743
1,9208,225.59124547206116
1,9209,31.038709791106264
1,9210,295.9549881441006
1,9211,90.75927999268009
1,9212,389.5694860252604
1,9213,47.90141009650187
1,9214,75.67948482293565
1,9215,124.66808412004295
1,9216,48.04827810090676
1,9217,134.65113532328357
1,9218,58.57117103197024
1,9219,96.37482853716813
1,9220,276.36897188114904
1,9221,55.92558230403576
1,9222,292.11052920567977
1,9223,344.9002341581604
1,9224,121.9559450586064
1,9225,59.32776564770843
1,9226,273.3340025268809
1,9227,235.54774224922238
1,9228,49.79199025712318
1,9229,282.6198851829971
1,9230,31.04237824478909
1,9231,262.72861597589224
1,9232,54.612526292042894
1,9233,120.4899230228705
1,9234,462.22496673092365
1,9235,332.4699495988793
1,9236,58.90991469943171
1,9237,181.43862708977224
1,9238,111.69692776991153
1,9239,281.41302848660484
1,9240,51.59046813394786
1,9241,276.65578634640883
1,9242,58.88286182009821
1,9243,254.50259661653286
1,9244,50.78003657865027
1,9245,176.04693574742933
1,9246,221.93868241786458
1,9247,371.3484769213705
1,9248,323.19102486407934
1,9249,70.77623507277963
1,9250,255.47184669972222
1,9251,270.5052591729617
1,9252,300.875305016962
1,9253,371.8348566361981
1,9254,124.5612965141319
1,9255,338.2587955938128
1,9256,59.42496660762254
1,9257,373.2695327731676
1,9258,56.655689909589015
1,9259,379.2533697211395
1,9260,67.67897150804666
1,9261,254.42592901002126
1,9262,61.413452015020304
1,9263,90.10294086505348
1,9264,276.987694554621
1,9265,58.97364255319971
1,9266,68.0678447082674
1,9267,100.5566340513976
1,9268,177.6905283747151
1,9269,53.552176327942774
1,9270,111.38329211295041
1,9271,50.11943069793597
1,9272,265.06731747785904
1,9273,97.75073524354299
1,9274,100.64252386768177
1,9275,302.05419300835007
1,9276,137.94198298468308
1,9277,55.62734406479996
1,9278,309.66051812064126
1,9279,284.8278460850694
1,9280,57.155007995665265
1,9281,127.12534236978942
1,9282,49.55328872496425
1,9283,246.49069371945768
1,9284,259.84121233889033
1,9285,123.0876685269804
1,9286,426.6480311193578
1,9287,51.77258491053695
1,9288,102.72714573181568
1,9289,373.773369057924
1,9290,277.929518089613
1,9291,66.12547951690885
1,9292,281.66874864418014
1,9293,58.64178031729304
1,9294,218.39627487314004
1,9295,56.793756935266984
1,9296,299.463736919423
1,9297,347.60173371205354
1,9298,58.359724406550754
1,9299,325.9557160400813
1,9300,58.64914935873591
1,9301,211.2164754633548
1,9302,324.45531987881566
1,9303,351.2673050191357
1,9304,52.20422323697889
1,9305,237.49712484343362
1,9306,126.72955579325924
1,9307,53.36981727452575
1,9308,316.1248579629905
1,9309,51.59953890212142
1,9310,333.6521874173198
1,9311,56.308707794680096
1,9312,307.87424163387414
1,9313,138.6780635044109
1,9314,26.345532536125944
1,9315,283.8617826798536
1,9316,325.59251727296953
1,9317,265.6402354010741
1,9318,43.1239730171063
1,9319,66.15036369219013
1,9320,318.2175184819954
1,9321,262.64563419800635
1,9322,67.54766931214814
1,9323,289.2865389755399
1,9324,122.68184004682286
1,9325,137.5467114335793
1,9326,487.7333258820248
1,9327,90.9293773503619
1,9328,51.98022665224244
1,9329,309.0289870791919
1,9330,198.82379800199675
1,9331,374.7199164405228
1,9332,48.80958713922812
1,9333,308.86641769126356
1,9334,151.52041402302424
1,9335,286.9403531249819
1,9336,59.59216025870623
1,9337,267.3833679877787
1,9338,277.7550122201695
1,9339,394.08598098457264
1,9340,342.736176095518
1,9341,368.8690644593402
1,9342,79.32767368600216
1,9343,137.31060375494962
1,9344,91.72121930126383
1,9345,214.5209644607515
1,9346,148.63959127780052
1,9347,319.2082936668438
1,9348,63.564764602566285
1,9349,227.54222565090612
1,9350,88.04796823785733
1,9351,325.55806715277936
1,9352,58.68388984940984
1,9353,272.14519433441126
1,9354,218.80004695221402
1,9355,59.5018020641847
1,9356,326.0188052078626
1,9357,200.37907527399437
1,9358,225.96979656613354
1,9359,328.91825674604087
1,9360,59.648611524764675
1,9361,291.72998695327266
1,9362,300.1526493464419
1,9363,208.03556246384593
1,9364,518.8001799094752
1,9365,125.58611000242678
1,9366,289.04155525026243
1,9367,55.13982582237021
1,9368,267.24360470519366
1,9369,223.44005224747852
1,9370,121.70992331967918
1,9371,52.75266271727274
1,9372,285.2169956969934
1,9373,251.8755462857759
1,9374,256.77960024246886
1,9375,214.80381878860032
1,9376,29.845380537131526
1,9377,256.8807971223381
1,9378,231.97456809992917
1,9379,46.028205912767255
1,9380,292.53600534388613
1,9381,298.20665650626245
1,9382,185.58174134517662
1,9383,181.1445779892532
1,9384,287.1069929604671
1,9385,396.11804866299985
1,9386,120.76178246432899
1,9387,40.98094124634585
1,9388,378.26208557065854
1,9389,57.76014056488991
1,9390,352.6725078551486
1,9391,48.494886052071124
1,9392,339.90005578342596
1,9393,48.5181860854223
1,9394,59.176433559309686
1,9395,252.89159022953925
1,9396,324.00554792077673
1,9397,51.69518622401925
1,9398,175.49980860646738
1,9399,46.655388513242954
1,9400,259.8137657820015
1,9401,99.8234319075662
1,9402,136.61330448592994
1,9403,135.75071785502897
1,9404,237.369616068371
1,9405,362.6037956457676
1,9406,77.48269124402603
1,9407,51.5014647318396
1,9408,95.43080977550173
1,9409,341.7267563335071
1,9410,44.045782306287926
1,9411,277.018811546705
1,9412,175.41361137766825
1,9413,310.9846386148511
1,9414,79.41852881629535
1,9415,277.89956813324045
1,9416,200.16536539711163
1,9417,377.35213181311497
1,9418,107.686181310677
1,9419,52.60501013898232
1,9420,349.23755287924996
1,9421,126.49623073556347
1,9422,355.6658495441368
1,9423,238.88300596029302
1,9424,182.63279593745585
