subtaskID,datapointID,answer
1,0,267.60354989967243
1,1,45.169088788983835
1,2,254.26741031765965
1,3,12.443446613549757
1,4,399.1889731599679
1,5,27.646578636669567
1,6,390.0090788457955
1,7,248.05276765534597
1,8,240.73135215847026
1,9,230.2251018896589
1,10,211.81341804273745
1,11,27.01336116532368
1,12,248.64495686478344
1,13,223.74070150720655
1,14,42.382948740074234
1,15,234.1674444784838
1,16,136.52396444284793
1,17,138.41947299161274
1,18,221.0192669583493
1,19,398.3076411985936
1,20,49.9092869607006
1,21,144.08356820683593
1,22,314.23493404667965
1,23,244.63882250861573
1,24,237.86569705347236
1,25,43.21419592049194
1,26,248.06342351966555
1,27,140.95269427957243
1,28,52.51841897845787
1,29,46.61194117451724
1,30,234.77138360807237
1,31,44.98972418141526
1,32,238.97228735084747
1,33,223.58259177983297
1,34,27.540981212381496
1,35,225.23896878820153
1,36,42.80482324720925
1,37,502.97853696324546
1,38,80.87230423570082
1,39,229.01415199329787
1,40,44.72504972462852
1,41,221.97174248468545
1,42,137.71310992161355
1,43,233.19036418289454
1,44,250.2084526318755
1,45,48.56142334691869
1,46,248.18960529626298
1,47,269.85098613963
1,48,77.23502080571842
1,49,220.51207145683054
1,50,126.61752899384308
1,51,245.3047609033494
1,52,238.89059357349078
1,53,45.0955274306325
1,54,243.15871414756037
1,55,224.72858713632814
1,56,200.541521707144
1,57,238.09955414678433
1,58,80.54835151889256
1,59,234.31652931145987
1,60,48.26497848198229
1,61,215.13843631266587
1,62,44.41352028293285
1,63,245.1976575678401
1,64,256.59932381621707
1,65,239.56257851943218
1,66,47.46338761932171
1,67,262.2397759694891
1,68,148.97637508172988
1,69,237.4884198072009
1,70,50.593743238251896
1,71,457.9831868635025
1,72,50.35228371493958
1,73,292.86402894062826
1,74,241.87720577302113
1,75,364.67287407546803
1,76,253.9029001326254
1,77,83.86584938218941
1,78,45.730275594510076
1,79,235.43907994514268
1,80,48.66754174350717
1,81,263.41033662282143
1,82,163.03812927516287
1,83,232.60348008168248
1,84,47.816668414969506
1,85,240.45202944477558
1,86,127.75990012507555
1,87,144.44509380149645
1,88,239.65815061050859
1,89,228.56319379176614
1,90,600.9826951212847
1,91,43.57950206040428
1,92,135.06855923698959
1,93,241.49403206899942
1,94,281.7868218063947
1,95,274.5314680806519
1,96,266.5291608186931
1,97,268.72072785810764
1,98,257.9502782345849
1,99,44.160466485218485
1,100,244.7934919081058
1,101,43.743101763425805
1,102,259.89691101601676
1,103,164.4390794937576
1,104,248.99856859895806
1,105,89.05560747923673
1,106,249.59001496680963
1,107,248.950599150341
1,108,44.09453483926876
1,109,276.56658921056845
1,110,247.3050760674608
1,111,65.67392406146618
1,112,252.34971175927097
1,113,51.23309027708103
1,114,156.68733810775802
1,115,242.04056379546148
1,116,252.47161175076758
1,117,262.81780780144527
1,118,180.23170242757445
1,119,48.63062012030663
1,120,122.42050489910514
1,121,52.4540939571128
1,122,266.18757686430155
1,123,298.9239270233357
1,124,258.35547614996597
1,125,157.29079911654298
1,126,263.2513017790183
1,127,47.69900537643888
1,128,259.6055835091519
1,129,161.8998963250978
1,130,250.43226444934544
1,131,50.74725139184763
1,132,251.65605736353416
1,133,51.959688002020926
1,134,252.18188555137425
1,135,41.229799897386016
1,136,317.69803109043545
1,137,258.1002671863363
1,138,270.92022438923453
1,139,272.5333563485494
1,140,268.3726463616422
1,141,277.5838202217468
1,142,112.52824435577767
1,143,263.13589542892385
1,144,265.74490543009654
1,145,257.86109283149864
1,146,51.7478920661855
1,147,253.73138895281213
1,148,38.56301588089736
1,149,269.84137609825734
1,150,254.94128547922512
1,151,50.8170661283153
1,152,284.8034397215112
1,153,254.46563548215735
1,154,173.49642662613832
1,155,278.0961461592987
1,156,265.88644830829276
1,157,290.03733595862
1,158,250.11409972016133
1,159,167.7907001996984
1,160,182.01223962377065
1,161,253.7478120765641
1,162,259.8496064644447
1,163,247.3779998775583
1,164,226.4989558595281
1,165,130.4563595291721
1,166,243.21997163279678
1,167,43.16832648260155
1,168,236.05777153081786
1,169,245.9850400324938
1,170,252.98938009526626
1,171,236.76151609574617
1,172,248.36660487299378
1,173,46.214465973753974
1,174,239.42428985951858
1,175,98.18949873890736
1,176,268.6922035315514
1,177,47.79711176373761
1,178,251.5036413703683
1,179,89.19467355259323
1,180,261.8103026174099
1,181,252.65169672120845
1,182,56.49443921330639
1,183,251.65544181328653
1,184,268.9853728792518
1,185,252.29547300528202
1,186,241.30141298641905
1,187,254.73804565852433
1,188,65.69152258564361
1,189,353.972549479333
1,190,58.201616114754614
1,191,310.063562132757
1,192,262.2303988581425
1,193,52.81176452700571
1,194,196.50001374252997
1,195,262.7742482585021
1,196,61.02041882432992
1,197,239.2075438625737
1,198,50.40140127391912
1,199,226.29561691398143
1,200,50.6146296898983
1,201,259.55154554714386
1,202,91.658701297123
1,203,505.2668322887251
1,204,66.44308764801066
1,205,190.2557856498711
1,206,263.378315906714
1,207,270.58131175360325
1,208,52.26579599372239
1,209,49.11039382240471
1,210,317.42815967027946
1,211,51.30577983486256
1,212,249.04043287872355
1,213,51.53277215936195
1,214,133.31440295601885
1,215,280.8615387150737
1,216,69.64299330236211
1,217,500.5761284597385
1,218,63.10881471875965
1,219,263.7421449281736
1,220,152.76935391346967
1,221,264.20026125479444
1,222,251.1860239681767
1,223,268.0318160889748
1,224,138.29437583508587
1,225,194.90026677332577
1,226,269.07040071175123
1,227,50.68932739539788
1,228,271.59830893092976
1,229,258.09492767608447
1,230,261.0674854933487
1,231,155.9900325501399
1,232,84.81860517396088
1,233,267.67229381609826
1,234,260.4071614678894
1,235,35.914179484641664
1,236,221.40279749536853
1,237,251.58528819499435
1,238,270.6077250524258
1,239,165.3323692187141
1,240,50.64106156753323
1,241,279.09885204194694
1,242,152.0075369678193
1,243,266.0674287292878
1,244,260.9419736036369
1,245,274.10712676249847
1,246,211.90206525183663
1,247,252.13878304033466
1,248,137.94406933637248
1,249,200.01131123459552
1,250,50.70373537943628
1,251,259.32414180853834
1,252,50.59551122245688
1,253,262.56510585477895
1,254,50.35563080411791
1,255,50.58829853524227
1,256,266.33732854330873
1,257,300.0504242757373
1,258,186.9606799808628
1,259,253.431419693931
1,260,163.81332251430936
1,261,269.16909388682313
1,262,55.85716948449826
1,263,263.0987114238793
1,264,92.20645903976207
1,265,296.31405575934446
1,266,264.3045892443808
1,267,266.81008896128867
1,268,176.25564921270467
1,269,258.46508248332634
1,270,266.7119263366077
1,271,264.059663216953
1,272,241.40143006899856
1,273,509.9212649163856
1,274,246.40250704885761
1,275,232.71645038085978
1,276,44.511148586975544
1,277,248.31709141423363
1,278,44.47334334048224
1,279,237.36363665075976
1,280,250.42793036785642
1,281,243.70754367244746
1,282,39.92468181837886
1,283,240.99776375127027
1,284,247.39554863283817
1,285,242.26659707787618
1,286,391.7832366275979
1,287,244.71496434152715
1,288,105.01105156039218
1,289,82.65794176411649
1,290,65.59482680641096
1,291,254.62441010749515
1,292,245.77573402574723
1,293,254.80052568899487
1,294,258.52232542218627
1,295,432.7055161402477
1,296,257.6872694601457
1,297,249.92387954736088
1,298,268.26720049278697
1,299,44.748165394134446
1,300,308.27699810624745
1,301,268.0878639070909
1,302,260.77224721482196
1,303,255.52518787747812
1,304,263.04272886995875
1,305,50.44501145628887
1,306,243.66768628073848
1,307,252.32495274584204
1,308,89.26864123752478
1,309,251.1010448775101
1,310,239.8845383329899
1,311,236.07692137607216
1,312,236.39926603451312
1,313,250.8645820882193
1,314,90.68523614963624
1,315,250.64825122730429
1,316,265.0275992502063
1,317,254.2128360891556
1,318,90.22516891004744
1,319,265.74207226098633
1,320,258.9820554681817
1,321,270.7465057346782
1,322,266.7454514572745
1,323,50.75409325442413
1,324,263.9903304539939
1,325,60.49291025971655
1,326,251.91947889793664
1,327,270.553727133324
1,328,268.94680721356883
1,329,49.35923929670493
1,330,37.31440469051691
1,331,266.30560287329473
1,332,49.328316483247946
1,333,257.33882225476054
1,334,264.0061728537486
1,335,254.73013923297606
1,336,155.68206292088672
1,337,263.39777873856553
1,338,173.10573433457864
1,339,254.4686900150317
1,340,39.149806154230745
1,341,146.12868145268192
1,342,219.26574627226495
1,343,124.33302873739383
1,344,186.91446385821115
1,345,243.91986769542612
1,346,139.6637644079819
1,347,40.54221984773646
1,348,275.85392208190444
1,349,233.41452205674227
1,350,267.0701732464255
1,351,146.07138814161482
1,352,255.9424370259802
1,353,124.0040377743116
1,354,189.87590003403108
1,355,254.0950692397255
1,356,58.66012464172124
1,357,246.27413617451134
1,358,46.16683060110737
1,359,242.23613529056297
1,360,51.72316633654539
1,361,128.29166834086956
1,362,276.9617549291943
1,363,250.8527380840728
1,364,172.7387065299832
1,365,252.9683272591635
1,366,250.5197128324489
1,367,99.55857601406774
1,368,250.33185558063695
1,369,256.2181199106592
1,370,68.92275711012256
1,371,314.80389437676143
1,372,275.69814742846745
1,373,258.01876727503657
1,374,243.6032230312997
1,375,247.64157035648293
1,376,48.16681370414466
1,377,257.8422913433179
1,378,53.91116562349218
1,379,281.1118291168102
1,380,45.97396085057679
1,381,250.76549176113537
1,382,265.87968589359883
1,383,271.58701702957626
1,384,49.751732655002534
1,385,252.22690387723645
1,386,251.02216015431998
1,387,270.1264905596663
1,388,306.57767491439563
1,389,220.25352916184073
1,390,33.99051599218528
1,391,229.48778367440752
1,392,240.33273289445162
1,393,251.69034414838006
1,394,291.7459519392769
1,395,263.3620126501536
1,396,53.86996556715569
1,397,63.88824856077932
1,398,271.16536425092806
1,399,243.93600142463544
1,400,229.07095599966092
1,401,234.63698288474274
1,402,249.22051984829722
1,403,245.76373172462095
1,404,242.0003681930129
1,405,250.29039221059782
1,406,249.66002868798358
1,407,242.02300790507448
1,408,240.08152317430157
1,409,254.64200375563368
1,410,298.1000089295767
1,411,248.6085885197374
1,412,50.37946125725342
1,413,240.00433067654052
1,414,255.4511319658414
1,415,245.0171311052748
1,416,263.71763138226095
1,417,194.09114971463245
1,418,243.4241228653239
1,419,251.1780922579194
1,420,35.388635764886
1,421,142.5945512024771
1,422,232.97625488484374
1,423,249.17382694137427
1,424,262.243480083304
1,425,245.39192285962832
1,426,247.67309842646188
1,427,246.05653149849104
1,428,50.850772308085915
1,429,59.36870627228295
1,430,261.110762936634
1,431,261.5002063703007
1,432,254.58454652148794
1,433,255.26216301261275
1,434,50.386836913127894
1,435,242.43837100856672
1,436,51.1493733809845
1,437,142.88423655347032
1,438,297.2624248609195
1,439,256.5778723134332
1,440,246.05382356555765
1,441,37.89140780777133
1,442,291.56923291859187
1,443,52.487347419500935
1,444,305.8297642089358
1,445,256.7200880214007
1,446,51.9558128815145
1,447,55.760431499402316
1,448,246.70245797777346
1,449,248.4170477683629
1,450,57.92423854690601
1,451,235.23551173570797
1,452,243.28751167744235
1,453,239.0106987638108
1,454,49.348380755564214
1,455,245.67211707503958
1,456,58.19266391033513
1,457,250.83637839239842
1,458,142.15619580025776
1,459,251.80277481155616
1,460,243.57771020031902
1,461,242.79699978160244
1,462,239.63710214745595
1,463,608.8928949842168
1,464,246.48602940118707
1,465,234.52759651167838
1,466,247.33792075905183
1,467,205.3791875404097
1,468,50.44956026582428
1,469,246.1691318364028
1,470,59.2739259676902
1,471,239.10424455332162
1,472,250.39133492862936
1,473,27.729113490825426
1,474,242.931685185449
1,475,55.467818733413196
1,476,241.8518384323308
1,477,145.31357140811704
1,478,253.82701807065746
1,479,48.33924735951662
1,480,249.7787953932383
1,481,48.39536747281114
1,482,249.46996991366638
1,483,50.14552931300964
1,484,48.1633237004489
1,485,259.5064262502104
1,486,170.37477066971684
1,487,249.53428719735473
1,488,297.41301516913023
1,489,273.49342401210373
1,490,266.4489452846269
1,491,243.2533177670077
1,492,259.6643224135873
1,493,44.42787167888061
1,494,241.45907787035262
1,495,44.95735464605555
1,496,57.903502472215585
1,497,309.46018271567664
1,498,87.04829479365767
1,499,242.05262723476494
1,500,243.03928710834538
1,501,55.358600296943
1,502,242.39896840588173
1,503,280.0747367914622
1,504,47.31438042155945
1,505,249.3825500769974
1,506,46.77029769850125
1,507,250.39641776335515
1,508,239.85740274201018
1,509,263.35973195764404
1,510,241.2890562394494
1,511,168.48234389059678
1,512,261.42086442116465
1,513,249.29528747985017
1,514,235.37609153224145
1,515,246.66769573681069
1,516,306.71592036610446
1,517,230.16668247599551
1,518,9.939146147768692
1,519,177.63457681087215
1,520,237.665338846557
1,521,247.7741969373297
1,522,59.524087548169014
1,523,186.65989037569594
1,524,256.8271710759541
1,525,50.469308638533136
1,526,263.7634817606866
1,527,87.34885728534013
1,528,383.4699892752318
1,529,282.0306108448458
1,530,151.63794121662502
1,531,47.99901967100945
1,532,252.78741245206956
1,533,50.14182627172758
1,534,304.79350477224875
1,535,254.2467461649003
1,536,289.7493222374864
1,537,288.00871114649306
1,538,94.108571484966
1,539,263.0259243067516
1,540,232.12372499551776
1,541,316.40539027055195
1,542,252.4635666144332
1,543,85.46933586923073
1,544,310.9653160040924
1,545,264.05592059602975
1,546,226.05873662236303
1,547,245.90898456689212
1,548,45.77952569629086
1,549,266.14460545681584
1,550,187.486112677787
1,551,46.814357086783275
1,552,247.25582350853645
1,553,47.19765098779895
1,554,46.82172196707927
1,555,243.467248800637
1,556,255.63726386281436
1,557,50.04391033318318
1,558,50.39839994400336
1,559,216.9076760724566
1,560,142.78812659930315
1,561,47.36394480570847
1,562,349.39033246040617
1,563,266.11128400559755
1,564,49.85124316833319
1,565,246.70372300986526
1,566,18.031670005000095
1,567,49.941201831020486
1,568,248.92023374774752
1,569,51.92775829327738
1,570,257.39391978110484
1,571,229.14404784496492
1,572,151.35339562997456
1,573,247.13911361500948
1,574,48.221814283440025
1,575,252.7331379472524
1,576,247.4499535271998
1,577,228.10464213576034
1,578,192.97403974188438
1,579,245.31531369667397
1,580,265.50401387487693
1,581,146.08868619512708
1,582,246.86370067184936
1,583,48.34257204810007
1,584,245.7583719192058
1,585,52.392392591850864
1,586,48.65036251931641
1,587,246.4780466905424
1,588,256.81420172678173
1,589,155.7625899939514
1,590,304.9609186288137
1,591,237.8304352241788
1,592,247.05878941890148
1,593,51.00616727890848
1,594,241.7696992459954
1,595,89.07327994712392
1,596,385.12301783869657
1,597,288.6777584257802
1,598,145.1303467628959
1,599,256.17683156189287
1,600,308.7627371577514
1,601,237.60151510220692
1,602,270.73853854658023
1,603,166.2671714123727
1,604,255.71623029117748
1,605,274.5715189173373
1,606,250.2492256679409
1,607,705.6725954040417
1,608,266.0724290229927
1,609,48.08110186859961
1,610,259.9240959341747
1,611,261.5242839184117
1,612,259.8908660469718
1,613,246.99181493513817
1,614,58.728745313029776
1,615,266.6687793349037
1,616,262.28628011953936
1,617,256.47016690845845
1,618,270.1721427023597
1,619,261.7663561262718
1,620,165.96044173651774
1,621,266.30517802929836
1,622,261.63493461713995
1,623,260.8194381676976
1,624,251.69669755461774
1,625,254.06143407845042
1,626,289.98502624318644
1,627,271.0809439599226
1,628,50.71993611098446
1,629,270.99409827444083
1,630,263.25918165166513
1,631,197.6620621181829
1,632,252.8741469138568
1,633,45.144572910869684
1,634,37.46975118558676
1,635,80.22151144159592
1,636,126.13160187050299
1,637,236.48765010592373
1,638,234.4032138493977
1,639,45.62202040435723
1,640,242.0635896597411
1,641,46.368189084444
1,642,242.2859095910755
1,643,252.94699609359242
1,644,240.78240136951388
1,645,11.05913916502991
1,646,244.12856079306206
1,647,59.07124181725875
1,648,244.70935113086665
1,649,47.02580346732839
1,650,244.00630734853718
1,651,38.117078762578934
1,652,243.23680650512665
1,653,234.7093181196915
1,654,243.597197332861
1,655,244.4530049586263
1,656,100.48503027864072
1,657,178.09817208283107
1,658,59.380084455049875
1,659,278.93652373490295
1,660,243.62860648656618
1,661,11.666158663839472
1,662,245.71344730460623
1,663,70.36717931672348
1,664,61.34652720372627
1,665,182.80355968588174
1,666,50.341090330699835
1,667,242.25416272068105
1,668,48.020378353322144
1,669,250.33971723545218
1,670,50.10524843814163
1,671,277.0163828657762
1,672,165.62780739285347
1,673,255.40596560323257
1,674,48.0878695189533
1,675,259.08878564665054
1,676,243.56326139177747
1,677,245.31408100630392
1,678,88.58425582966395
1,679,260.37103316372645
1,680,60.600610892012256
1,681,88.70870203667121
1,682,252.67575624134767
1,683,132.77805043605395
1,684,249.8500762879161
1,685,144.3716320156308
1,686,52.064207673089896
1,687,276.4685234926035
1,688,256.2349052415115
1,689,257.3849668209163
1,690,266.09369066518514
1,691,271.7768150014266
1,692,54.8345532753884
1,693,271.65065622114173
1,694,254.4578584031188
1,695,344.47655050428307
1,696,250.79027327540675
1,697,48.335770637550276
1,698,245.43588822000703
1,699,52.468064242855064
1,700,251.5083657917134
1,701,252.497678558355
1,702,22.374266289601007
1,703,272.12107742373394
1,704,48.0140007459668
1,705,249.32843292587074
1,706,324.49658010967494
1,707,259.11352752449113
1,708,234.57881665211607
1,709,256.51906163866823
1,710,251.944325176513
1,711,245.422676847375
1,712,246.85528513738302
1,713,221.9031409447735
1,714,241.1874395347403
1,715,45.15074147661619
1,716,249.86639699532913
1,717,242.94122109282387
1,718,206.62229813115312
1,719,240.4473483548186
1,720,45.49714255493117
1,721,241.36988125598464
1,722,289.05700191276713
1,723,50.588817566727045
1,724,269.8027717452329
1,725,260.7129212936327
1,726,43.712528358406004
1,727,246.40452772919517
1,728,246.41559952268335
1,729,34.00838565620702
1,730,356.690400112337
1,731,230.82371344986404
1,732,262.67117487069083
1,733,259.2008428658391
1,734,244.3316484133827
1,735,43.97557395563149
1,736,242.9023807175335
1,737,57.52581141749114
1,738,224.60828879519732
1,739,252.23939625926448
1,740,249.62309571162962
1,741,236.63522584509045
1,742,236.40656523674818
1,743,48.91496658183583
1,744,239.10073534663624
1,745,255.39843380309168
1,746,45.42627370880337
1,747,247.07733632607363
1,748,253.1050001370587
1,749,90.30088837820858
1,750,249.7063801081056
1,751,54.12634717163961
1,752,250.9333935415272
1,753,259.51394058318044
1,754,92.21561854534269
1,755,273.3030021291977
1,756,49.61319335746488
1,757,272.719550870397
1,758,258.5436901647057
1,759,264.870705044786
1,760,50.1732076618552
1,761,252.16914072791408
1,762,259.843894492343
1,763,47.688392663723874
1,764,255.0088010480843
1,765,256.80303657145635
1,766,49.926398075653864
1,767,261.84832986944957
1,768,255.9539702908134
1,769,253.98969301955202
1,770,52.97043827251834
1,771,223.38790929154146
1,772,272.1931771434422
1,773,274.07636048446625
1,774,142.40862476944972
1,775,198.97246363658383
1,776,262.6975236111102
1,777,250.8597350765963
1,778,62.96122149743292
1,779,270.14407454124284
1,780,85.8887730251403
1,781,155.04904787948195
1,782,269.80210654960865
1,783,50.7612457818676
1,784,278.14377601687477
1,785,52.7467739880733
1,786,155.45098315398707
1,787,143.20070921503145
1,788,273.84113856255806
1,789,55.19580225976565
1,790,162.472663494127
1,791,267.8846720013829
1,792,269.35427899208
1,793,262.5375068994599
1,794,226.22325014991097
1,795,10.875402434554662
1,796,255.7070582657219
1,797,217.92107133918694
1,798,231.81072104246704
1,799,89.17112146764588
1,800,218.02760812827944
1,801,224.96797113277407
1,802,221.07691118397491
1,803,189.26510906446208
1,804,380.20221180974517
1,805,209.59753780680927
1,806,204.24538303694027
1,807,42.609606990667864
1,808,211.02475995492108
1,809,98.03168612459261
1,810,39.41803400083879
1,811,240.36132807201474
1,812,132.33370765258502
1,813,209.28161932273412
1,814,206.3362828812005
1,815,203.73292208232147
1,816,213.24840205178458
1,817,91.64168710370754
1,818,215.06594897642253
1,819,39.407638389369865
1,820,200.36789097074697
1,821,41.659132318700586
1,822,42.932756455505725
1,823,241.22327319071005
1,824,267.3764691222236
1,825,43.87526723605257
1,826,210.78125104180535
1,827,92.44389087359426
1,828,202.4026011031076
1,829,203.27078430849332
1,830,214.08242137122534
1,831,137.01733926136842
1,832,77.63942029310593
1,833,204.3945819438221
1,834,210.60426232607983
1,835,219.90603638641096
1,836,39.33319611141364
1,837,400.8765236153613
1,838,210.56526324831182
1,839,242.28897679820045
1,840,222.33465810142928
1,841,219.88615757660622
1,842,288.5625662978779
1,843,235.6274239983133
1,844,140.81778145738852
1,845,221.33803483073146
1,846,231.90390331047166
1,847,43.27994744473931
1,848,173.13391563106921
1,849,210.94205178837728
1,850,212.20751723612102
1,851,231.81867581123333
1,852,156.0051104073596
1,853,81.22806475857642
1,854,206.82649465274739
1,855,42.539312378235195
1,856,74.59298933403379
1,857,214.58585834722595
1,858,45.94506388308276
1,859,268.1865626315892
1,860,224.57334871896535
1,861,20.22173709128411
1,862,126.67071956211915
1,863,259.0280649141788
1,864,52.599320527498975
1,865,146.319372530072
1,866,61.78622056823342
1,867,198.56463373421292
1,868,49.943035269218946
1,869,210.7939610446412
1,870,235.25444175477583
1,871,44.11363248295326
1,872,263.15609899105584
1,873,221.79349952151122
1,874,45.56545562070262
1,875,30.709088949778586
1,876,195.24816874714116
1,877,142.24214205797244
1,878,218.37940174377428
1,879,227.82356156868906
1,880,226.14268120334935
1,881,223.20293288072946
1,882,162.34139652478305
1,883,31.11537271777967
1,884,194.078770231857
1,885,215.0059198882155
1,886,232.9277442238602
1,887,229.54581750569173
1,888,235.16647431905702
1,889,235.92424147362487
1,890,47.209396066246654
1,891,132.24997223328467
1,892,46.54925012214123
1,893,97.77826908460526
1,894,213.35040499350174
1,895,371.3602187219467
1,896,222.25775216384704
1,897,46.90901000954965
1,898,136.0475554180591
1,899,44.33611783524981
1,900,229.88686178494515
1,901,46.28874130960945
1,902,162.29202356583232
1,903,229.33765521214434
1,904,226.1143879735601
1,905,230.51290609043434
1,906,512.4906256814329
1,907,344.81393271304864
1,908,46.29609971713915
1,909,32.46631314400011
1,910,235.04532798609745
1,911,57.28642792594776
1,912,47.452504217495466
1,913,227.9919158621366
1,914,46.12940818196316
1,915,567.6712978757246
1,916,46.33610242318342
1,917,231.59971501839692
1,918,227.08148283254098
1,919,301.83762821744824
1,920,127.15558059307943
1,921,232.0971665894224
1,922,8.993550240106103
1,923,207.9767736749405
1,924,128.43119569321348
1,925,222.55602789171024
1,926,168.01547577108673
1,927,99.12627040910456
1,928,232.48801834803407
1,929,49.8914647014019
1,930,128.75189162287742
1,931,234.34574580252405
1,932,129.3383365329364
1,933,237.1947812726565
1,934,49.78355894890677
1,935,278.18520751804533
1,936,233.24276136878524
1,937,219.77259171386902
1,938,191.58821582256186
1,939,216.01408147594452
1,940,224.615021820756
1,941,98.32863986860306
1,942,220.2263501016848
1,943,224.58291438045978
1,944,42.31669326600257
1,945,238.22243875347175
1,946,46.38826200583711
1,947,206.55922896616858
1,948,212.7258704020349
1,949,134.6715263150195
1,950,205.91879399297994
1,951,143.3967511424185
1,952,223.02639684287047
1,953,356.14183418790924
1,954,200.37616775396992
1,955,229.41074638019208
1,956,44.95754669939328
1,957,122.59256267744331
1,958,239.54532594562795
1,959,229.17558918533842
1,960,96.29633390763209
1,961,225.85681736312785
1,962,136.39082203069046
1,963,289.14075969103965
1,964,231.22729119600552
1,965,245.43872179763562
1,966,85.41187172829439
1,967,47.04328244788556
1,968,376.92457133824536
1,969,227.82977809050314
1,970,48.286622411686594
1,971,236.05797787141472
1,972,96.57169799084502
1,973,215.7131049355701
1,974,355.2114800157681
1,975,46.74825509884715
1,976,231.1373703607185
1,977,218.93796976455184
1,978,238.04212670628007
1,979,46.71586585323121
1,980,239.87658265907407
1,981,45.58114372506801
1,982,218.77989733511077
1,983,49.667945661029506
1,984,245.43614313709162
1,985,227.88027446115711
1,986,152.85949849822495
1,987,246.88232005727303
1,988,231.59029036808218
1,989,51.491453010012094
1,990,225.3803442011626
1,991,143.61109645707944
1,992,231.9705277147052
1,993,240.53070117624438
1,994,137.9043448750828
1,995,182.04509306149043
1,996,128.58828518168838
1,997,221.2027365695321
1,998,227.69283003363572
1,999,57.13478949816192
1,1000,340.4908472673841
1,1001,51.02586478913531
1,1002,99.281246526541
1,1003,224.63487352331956
1,1004,139.96459700640108
1,1005,135.92746846253533
1,1006,129.26891988903301
1,1007,188.39298325333826
1,1008,233.97812501744392
1,1009,33.28587022191594
1,1010,230.34694899584835
1,1011,98.86167298655383
1,1012,219.36742478405188
1,1013,50.0656389896981
1,1014,80.83963132263963
1,1015,150.31029391198126
1,1016,50.09690702235838
1,1017,141.90311511220574
1,1018,45.40831041832238
1,1019,102.8604114784689
1,1020,238.25104467272536
1,1021,44.09683428662147
1,1022,234.77769697532256
1,1023,238.43473866039568
1,1024,137.2691734078631
1,1025,47.50949064058426
1,1026,219.8593604383709
1,1027,268.1699366787605
1,1028,46.3670907647026
1,1029,376.7252225515716
1,1030,35.578649086125836
1,1031,234.70987820527805
1,1032,53.56070266095557
1,1033,137.01681691127175
1,1034,235.80594383421112
1,1035,294.7557329078529
1,1036,46.34188849038009
1,1037,228.29716601371285
1,1038,121.39580901654583
1,1039,229.27070309043006
1,1040,46.47066525416052
1,1041,219.42412593317516
1,1042,43.62114600544305
1,1043,232.11271994762012
1,1044,46.382368380870105
1,1045,239.59065573427804
1,1046,246.6243673901168
1,1047,251.34757330828535
1,1048,245.5557046342181
1,1049,52.0661901834461
1,1050,238.13120327784878
1,1051,221.0561790905714
1,1052,228.10677728663973
1,1053,209.80776021503266
1,1054,145.12987809450308
1,1055,472.54089113212603
1,1056,43.19441254462264
1,1057,534.3761057168542
1,1058,48.56057053734391
1,1059,199.98491364134608
1,1060,45.36807253177325
1,1061,226.52404701785866
1,1062,46.307271187743225
1,1063,95.01884924242805
1,1064,225.49368682972533
1,1065,53.979400228556244
1,1066,43.45883662384538
1,1067,104.16629745608722
1,1068,175.53817826593203
1,1069,41.63842475491154
1,1070,129.1667931864481
1,1071,46.87989998546283
1,1072,226.02067939063127
1,1073,114.49024614459714
1,1074,105.12590155997617
1,1075,238.4227492976999
1,1076,137.3565280082233
1,1077,51.36146506003338
1,1078,234.30289052118758
1,1079,233.97767916993666
1,1080,50.24646858103
1,1081,131.1132460408831
1,1082,46.908603302402724
1,1083,236.14365976047284
1,1084,240.28691310215885
1,1085,140.73249524857894
1,1086,228.3071314911283
1,1087,42.2779718376525
1,1088,96.23357608002704
1,1089,211.15366459496147
1,1090,233.05100007855287
1,1091,77.13843772292213
1,1092,236.17396894237748
1,1093,50.5686607493703
1,1094,240.62477928053406
1,1095,53.9601054907161
1,1096,238.68140951533712
1,1097,243.37046009192085
1,1098,50.94454883991632
1,1099,393.03547280161115
1,1100,51.04785483853644
1,1101,284.8595515559898
1,1102,227.7423333579962
1,1103,209.4157458351298
1,1104,57.08919549583777
1,1105,240.2049504731226
1,1106,150.1426291189834
1,1107,51.152707318567536
1,1108,422.1273741879355
1,1109,43.417221159343526
1,1110,224.8606732926085
1,1111,50.281277131141294
1,1112,231.97760015228056
1,1113,139.1724492804201
1,1114,10.225397752957301
1,1115,372.7276060407256
1,1116,242.06644167857797
1,1117,226.0182265858856
1,1118,43.38768875458422
1,1119,76.41525086364484
1,1120,226.83023520314399
1,1121,286.40387388831226
1,1122,79.31281017136445
1,1123,240.26743061060068
1,1124,138.42902031582892
1,1125,134.44269256741882
1,1126,202.84870205518035
1,1127,102.40976712418525
1,1128,46.011924168612325
1,1129,231.48032284080483
1,1130,201.2503881235121
1,1131,240.75041769390506
1,1132,47.34817963408349
1,1133,241.04808378360735
1,1134,177.59609258160086
1,1135,240.26856676863176
1,1136,50.65936574574097
1,1137,342.766272966421
1,1138,252.71155451393167
1,1139,260.3056549979084
1,1140,371.25385358492554
1,1141,245.9543708885039
1,1142,52.65624661353949
1,1143,136.60161302131542
1,1144,71.09540279484764
1,1145,195.13200792865035
1,1146,144.01315630323847
1,1147,229.71767674380874
1,1148,43.660461410143384
1,1149,274.5580425751857
1,1150,90.16335749235982
1,1151,234.7185822441526
1,1152,41.01946150884528
1,1153,218.93127154320587
1,1154,235.50051322947232
1,1155,43.51665944791827
1,1156,360.5398960583282
1,1157,213.80407651111898
1,1158,254.30582471089193
1,1159,386.4906916165912
1,1160,44.14012957932991
1,1161,332.54436534776295
1,1162,407.1240956007317
1,1163,229.05116745350938
1,1164,233.16762753929248
1,1165,139.52336767636973
1,1166,231.10433731034226
1,1167,46.724764086164484
1,1168,228.63831622034644
1,1169,276.14844245677443
1,1170,127.83111866626257
1,1171,42.38949828818947
1,1172,230.02658413193183
1,1173,278.27314838470454
1,1174,306.6752530774246
1,1175,258.1688617423448
1,1176,20.986036103220883
1,1177,341.60434908988964
1,1178,247.5106292085547
1,1179,45.912326662807956
1,1180,333.15180061898593
1,1181,400.96683372838135
1,1182,157.76718841967931
1,1183,205.12097708866588
1,1184,400.2172313499608
1,1185,246.54694848234863
1,1186,127.7123031165442
1,1187,47.49373894954644
1,1188,233.17044613841563
1,1189,46.39848312262046
1,1190,215.02475435573143
1,1191,51.56587088932564
1,1192,235.70355643250417
1,1193,51.773446316626234
1,1194,55.16294071252372
1,1195,225.9499152811828
1,1196,228.1061315163899
1,1197,45.96163866482658
1,1198,157.76286373949551
1,1199,54.1943732952294
1,1200,300.1687393578144
1,1201,112.30649417054966
1,1202,143.1212475593224
1,1203,152.63670485095003
1,1204,257.0449843273156
1,1205,215.68356796344332
1,1206,81.13359908182701
1,1207,43.33676599121962
1,1208,94.98430881030542
1,1209,239.88403672588137
1,1210,46.48968209797954
1,1211,232.77823729923065
1,1212,228.06221352346242
1,1213,233.3027299577168
1,1214,81.11679990628329
1,1215,239.4314903659614
1,1216,209.16723845958032
1,1217,227.04510793206344
1,1218,105.2901514307148
1,1219,56.82602153940364
1,1220,241.06427437631842
1,1221,153.3384625130534
1,1222,216.8734482449015
1,1223,256.27566600874377
1,1224,156.7426022033166
1,1225,236.2332912347524
1,1226,235.67181857805565
1,1227,222.81530316181224
1,1228,222.43708845372618
1,1229,218.6327916616856
1,1230,224.15095057964044
1,1231,315.7803135328927
1,1232,195.54362014504196
1,1233,306.538128363562
1,1234,41.69301169079197
1,1235,294.7876779401819
1,1236,44.66402546715164
1,1237,190.00373729709202
1,1238,35.973467933295524
1,1239,191.5653571732085
1,1240,151.7671578131782
1,1241,203.1231683820968
1,1242,38.87118335706289
1,1243,199.19283749875376
1,1244,211.4995234298617
1,1245,208.8365644043583
1,1246,243.2462788711637
1,1247,206.76772760416344
1,1248,200.61677107484505
1,1249,21.264295291322092
1,1250,215.40194536076328
1,1251,200.52758468301036
1,1252,209.53840160041918
1,1253,41.28866671398573
1,1254,197.55074167267378
1,1255,222.12087846237046
1,1256,221.69775869928117
1,1257,41.46705584723723
1,1258,209.64794739937435
1,1259,268.5599236973302
1,1260,222.99943655904207
1,1261,46.72858834389446
1,1262,215.32214185370566
1,1263,41.309547150889934
1,1264,199.5831651014601
1,1265,229.66164421749068
1,1266,240.59720770301513
1,1267,226.52260151225005
1,1268,39.15406123500576
1,1269,209.9406293659447
1,1270,214.39418672501014
1,1271,41.22662214890465
1,1272,240.9284522959528
1,1273,213.43474953260244
1,1274,227.49547517397482
1,1275,215.72511665868274
1,1276,213.47316336724546
1,1277,42.24763779837589
1,1278,187.86973494124447
1,1279,180.7714986728406
1,1280,234.10167154821403
1,1281,202.41155175719027
1,1282,237.72115164841173
1,1283,43.204760155379006
1,1284,209.0008621590831
1,1285,513.7052285501712
1,1286,45.50414301150627
1,1287,241.321062450333
1,1288,211.93531736475774
1,1289,87.40298873985775
1,1290,211.60715981287296
1,1291,229.80004983736228
1,1292,229.382889231158
1,1293,45.282011548983846
1,1294,233.3464299564392
1,1295,130.70717298730983
1,1296,311.49378765908295
1,1297,42.11658034463568
1,1298,207.2635409067331
1,1299,139.31659282996193
1,1300,42.650965314990245
1,1301,99.56953502290116
1,1302,205.06056624719545
1,1303,43.17292773956147
1,1304,29.20194451285398
1,1305,189.81909482394758
1,1306,222.61106685858232
1,1307,157.6722267514255
1,1308,217.26429248067322
1,1309,45.01108047070092
1,1310,214.24112463046436
1,1311,47.24184432912206
1,1312,218.11539395177277
1,1313,139.91126890687133
1,1314,198.26140480283982
1,1315,43.52970449089263
1,1316,227.85857719207002
1,1317,45.19309966644329
1,1318,218.86654335327137
1,1319,154.1635791440341
1,1320,218.2238814608391
1,1321,44.75154522086326
1,1322,252.0691746825098
1,1323,75.11530402394656
1,1324,232.73258285288188
1,1325,45.25453541201006
1,1326,223.86093474206788
1,1327,171.1884770754122
1,1328,230.41640632128207
1,1329,240.78048869413962
1,1330,224.12883563353327
1,1331,47.470021838853725
1,1332,202.91647784124018
1,1333,254.87724693608806
1,1334,30.02395430170628
1,1335,216.60773524084
1,1336,304.43610827555904
1,1337,223.18455110078503
1,1338,228.7156354735966
1,1339,44.348586173403746
1,1340,226.92929668899507
1,1341,399.5660702150616
1,1342,161.10516399428053
1,1343,238.20936586387165
1,1344,49.408249012202305
1,1345,206.12334297237447
1,1346,247.20162572321073
1,1347,50.8660193435893
1,1348,142.54199647512763
1,1349,225.8902757002977
1,1350,230.20710834355796
1,1351,231.37082383271365
1,1352,259.66614025341505
1,1353,249.99136497516477
1,1354,90.94600918569846
1,1355,236.5515478080854
1,1356,354.9730549566493
1,1357,78.32181510431931
1,1358,213.7590272107821
1,1359,42.37864878433327
1,1360,198.25940529444415
1,1361,157.50563544294533
1,1362,212.65024219659193
1,1363,43.12622256912472
1,1364,204.81124100553
1,1365,238.15165895220247
1,1366,234.67206547446492
1,1367,221.98199956721734
1,1368,229.1091223596993
1,1369,43.930205053966546
1,1370,224.2832982512997
1,1371,81.17087915012492
1,1372,282.0219898142145
1,1373,232.57202829475938
1,1374,161.0525648823952
1,1375,55.11205002620973
1,1376,242.14701658171447
1,1377,223.14492728315577
1,1378,218.37078491701675
1,1379,48.69931282079479
1,1380,220.79269856092398
1,1381,202.51547806323106
1,1382,46.151831248995954
1,1383,131.56044648864412
1,1384,241.07987072662928
1,1385,31.324530961905822
1,1386,233.61346825652384
1,1387,241.40465189439976
1,1388,45.32816003965011
1,1389,227.13368099643913
1,1390,354.9846439619562
1,1391,226.91621314122912
1,1392,48.586831474357126
1,1393,203.59121897291445
1,1394,255.3128355840236
1,1395,250.78135301320629
1,1396,241.76337038354347
1,1397,76.48932275731268
1,1398,244.87927661691998
1,1399,242.51226065618567
1,1400,50.258024993625966
1,1401,395.07959244533066
1,1402,176.22792383668772
1,1403,46.049600600683604
1,1404,249.66040454898413
1,1405,259.12394097004756
1,1406,235.20201565418387
1,1407,129.07073703984977
1,1408,198.01750799720065
1,1409,191.22251839195025
1,1410,48.8994595275401
1,1411,212.91274863478225
1,1412,355.9629871602069
1,1413,227.31302499859356
1,1414,182.45893464382274
1,1415,32.19826023381459
1,1416,224.79830889202145
1,1417,51.26566621291697
1,1418,32.19216305217965
1,1419,225.87281672710486
1,1420,266.7360293075508
1,1421,78.43032231184108
1,1422,212.3607186482949
1,1423,225.77244980336667
1,1424,241.57824632176766
1,1425,46.25573947805199
1,1426,31.972593255724302
1,1427,429.5418211567952
1,1428,245.58735917351012
1,1429,230.5175651737022
1,1430,55.72796791991563
1,1431,324.385493653636
1,1432,56.01268174823261
1,1433,280.9112625841083
1,1434,242.1467416508142
1,1435,222.8942396150257
1,1436,145.85749752005057
1,1437,224.87551041077802
1,1438,128.227618968976
1,1439,50.68670014757713
1,1440,225.93775302472454
1,1441,50.62864212867329
1,1442,233.1149277272457
1,1443,235.10764596282357
1,1444,243.39875949284396
1,1445,54.657702916081675
1,1446,238.49540679157613
1,1447,249.63957928927488
1,1448,241.8638860501321
1,1449,249.0489966013091
1,1450,86.20782422991672
1,1451,228.15577005685276
1,1452,133.9821328426232
1,1453,218.46310357764366
1,1454,39.99298660646923
1,1455,230.3818594266029
1,1456,194.2460438718018
1,1457,152.83762252058034
1,1458,316.5854395952143
1,1459,271.2687792517228
1,1460,43.55174280657384
1,1461,376.9407920087624
1,1462,240.4034970454457
1,1463,45.47845929733366
1,1464,218.9129414294802
1,1465,222.52287676615964
1,1466,225.15061178758413
1,1467,223.93433304297383
1,1468,143.73419979228817
1,1469,134.90896673187
1,1470,232.8626560772575
1,1471,134.86212038121278
1,1472,231.51690139070556
1,1473,40.839689194122485
1,1474,227.86915654108282
1,1475,45.62417845454994
1,1476,221.59626416491557
1,1477,351.2046036756516
1,1478,81.79301800203922
1,1479,228.92135758734935
1,1480,44.25618615871829
1,1481,223.64524485783545
1,1482,48.73348794074652
1,1483,226.86335637873452
1,1484,235.6671918604851
1,1485,159.75131720829623
1,1486,55.72222824117097
1,1487,243.26569898903676
1,1488,227.45215569797426
1,1489,220.85197059051166
1,1490,232.80491558266164
1,1491,229.81911754077544
1,1492,49.59250474566442
1,1493,237.71765718280417
1,1494,232.74591201339916
1,1495,194.15649701588177
1,1496,234.53251444922816
1,1497,50.65997836472709
1,1498,380.10417627493837
1,1499,242.45644461090484
1,1500,241.7220033341194
1,1501,10.01388571946995
1,1502,253.52016532336523
1,1503,245.85967316636848
1,1504,66.10788627434644
1,1505,178.75001135990436
1,1506,217.0071372846624
1,1507,46.535385703277356
1,1508,232.99747519884272
1,1509,46.63152682379774
1,1510,162.32090215026096
1,1511,52.56417844532975
1,1512,246.52909091155502
1,1513,239.5862865597653
1,1514,81.31165808562852
1,1515,241.15958137939305
1,1516,128.88057420186072
1,1517,229.39395757146542
1,1518,352.45381219514843
1,1519,222.24863490615118
1,1520,160.85905392562788
1,1521,223.07058103165738
1,1522,46.39232493889998
1,1523,228.4726645736419
1,1524,235.91824404394106
1,1525,57.21465253182372
1,1526,245.33252058727652
1,1527,158.99210359742546
1,1528,237.06001763544742
1,1529,46.51446589390139
1,1530,228.80837449118724
1,1531,248.08182683224777
1,1532,48.623262702624245
1,1533,57.42173943000425
1,1534,242.6512815411915
1,1535,50.905112630919746
1,1536,212.35976495247542
1,1537,263.5963558059099
1,1538,239.0075445183003
1,1539,225.96287104182977
1,1540,240.62016405429546
1,1541,280.4359230687228
1,1542,226.23555329896413
1,1543,226.45983761873453
1,1544,43.208308741962625
1,1545,31.89497554721256
1,1546,227.15685417327163
1,1547,225.70981515154355
1,1548,48.887540623982915
1,1549,307.36841042374726
1,1550,47.89447916953746
1,1551,209.9119468849688
1,1552,213.89491914184407
1,1553,42.02950213891448
1,1554,195.37164939708876
1,1555,45.85583019502714
1,1556,281.59986337267173
1,1557,224.54805275935956
1,1558,42.12948124262189
1,1559,222.12652530918112
1,1560,157.81001916544125
1,1561,227.06159889858708
1,1562,47.56115357186816
1,1563,224.93890144976203
1,1564,233.07215518494024
1,1565,232.97974452602284
1,1566,156.6481978876487
1,1567,44.94338830753148
1,1568,222.65146838533224
1,1569,234.36517921994127
1,1570,47.548535844494985
1,1571,220.8068588515838
1,1572,353.6398572878961
1,1573,220.13497813399138
1,1574,41.114504438031574
1,1575,206.30159150619855
1,1576,216.42436462274367
1,1577,208.12508746357548
1,1578,210.09030100768706
1,1579,205.61615700576255
1,1580,44.470305966054276
1,1581,133.6867663988744
1,1582,214.0983475504976
1,1583,43.249569799915605
1,1584,211.21760659359444
1,1585,51.655821430810775
1,1586,234.3510955333236
1,1587,79.11987421185873
1,1588,218.0528417647938
1,1589,129.93250910325162
1,1590,137.99084195449785
1,1591,298.1943013032414
1,1592,6.329877081780462
1,1593,125.21736386939371
1,1594,44.55681837218552
1,1595,220.96895848239566
1,1596,44.595644354398104
1,1597,213.92007428806318
1,1598,53.024087109923094
1,1599,227.8692228137807
1,1600,224.40324323061682
1,1601,44.3430503389884
1,1602,164.00412778871066
1,1603,263.7837043370636
1,1604,235.78316805751473
1,1605,79.71494148121886
1,1606,254.1150594176155
1,1607,44.153708449314735
1,1608,238.6601162649073
1,1609,229.2300645683042
1,1610,45.62870966141081
1,1611,230.33318329704446
1,1612,41.46077119832644
1,1613,103.96390676826853
1,1614,234.19966001376997
1,1615,45.24526601010011
1,1616,46.76571519433173
1,1617,299.27126820815846
1,1618,46.0049335982756
1,1619,238.6899060780613
1,1620,104.70509750527344
1,1621,46.75035899048768
1,1622,296.37969361235656
1,1623,301.94497279550814
1,1624,221.97783141680898
1,1625,227.29953153448264
1,1626,248.72985051193393
1,1627,247.44384337997928
1,1628,50.24742949670062
1,1629,234.23477468245414
1,1630,462.7741904372559
1,1631,46.059598374741256
1,1632,235.53565708668015
1,1633,232.24567225889388
1,1634,231.9124811211724
1,1635,163.34118683755761
1,1636,267.0619973277297
1,1637,229.68184932744322
1,1638,232.98065021760948
1,1639,215.40242973617597
1,1640,104.92209675026956
1,1641,225.9060031705995
1,1642,46.48624313554056
1,1643,244.36445667732366
1,1644,45.8199037970596
1,1645,161.81336760782386
1,1646,267.53318433547986
1,1647,144.63754424370933
1,1648,234.92323187750287
1,1649,13.448129050269278
1,1650,128.45566485272766
1,1651,46.20520983183232
1,1652,237.2271664946545
1,1653,44.027154810164916
1,1654,218.36544870808166
1,1655,51.17153181093832
1,1656,211.29088690491082
1,1657,223.42830090550353
1,1658,42.6428601635492
1,1659,151.81031046193596
1,1660,263.9349805355073
1,1661,222.48650915717226
1,1662,77.90097609329263
1,1663,206.02159676942586
1,1664,42.36384957395228
1,1665,218.08001640658236
1,1666,206.74563918965538
1,1667,42.33200320084505
1,1668,117.31499205441557
1,1669,226.95933523571154
1,1670,43.5333835283778
1,1671,214.81622607595466
1,1672,43.49628013165537
1,1673,236.63897443574126
1,1674,249.55178909054467
1,1675,46.08406249415087
1,1676,225.06919847888042
1,1677,230.4932242826197
1,1678,43.906806203339514
1,1679,229.28324246093314
1,1680,41.177465438074336
1,1681,103.47880198956256
1,1682,229.15373231330204
1,1683,44.03776614685508
1,1684,44.50239814139003
1,1685,303.7877780556262
1,1686,44.22876375325641
1,1687,230.13943036584814
1,1688,102.95589213013761
1,1689,44.148224555537745
1,1690,289.90816531195577
1,1691,444.6684290632687
1,1692,45.369275777837686
1,1693,234.35102145230337
1,1694,249.40475710937645
1,1695,50.56920962993542
1,1696,232.1924681875123
1,1697,240.0171100692737
1,1698,303.11364950496613
1,1699,224.66155220474428
1,1700,228.1462643629567
1,1701,245.0967792510328
1,1702,249.051805101149
1,1703,50.80545165474173
1,1704,233.12609938447514
1,1705,54.47636843344009
1,1706,47.85364134248961
1,1707,238.3613197339781
1,1708,45.973065327881315
1,1709,161.89886477555467
1,1710,267.8263186758302
1,1711,220.31275270160728
1,1712,163.7343010061544
1,1713,105.20227647224488
1,1714,124.86235213785507
1,1715,268.5197364159062
1,1716,139.89587271054714
1,1717,138.68102789443265
1,1718,243.02343357369966
1,1719,46.172625067610596
1,1720,83.10047553994372
1,1721,236.46057365429263
1,1722,230.42967638010177
1,1723,237.6007229707938
1,1724,48.577645359252685
1,1725,226.43715239759223
1,1726,94.2479556503175
1,1727,206.31830397609227
1,1728,246.8441074557573
1,1729,213.91340379497052
1,1730,151.90362783749913
1,1731,203.34388390543916
1,1732,49.00943699651424
1,1733,253.817529921547
1,1734,241.05338426813097
1,1735,34.177877159927775
1,1736,222.95945575086807
1,1737,42.745982977744276
1,1738,133.75969287836358
1,1739,514.8350125087666
1,1740,225.80018062256445
1,1741,226.70310038457694
1,1742,45.12682815045472
1,1743,222.99262728513548
1,1744,157.70447995734517
1,1745,32.93037385732875
1,1746,221.68312411608014
1,1747,226.4770324899281
1,1748,43.70204936920873
1,1749,533.1789698898201
1,1750,45.097924602367
1,1751,220.9576551605626
1,1752,26.675614876864433
1,1753,216.75635822037316
1,1754,226.92645983951343
1,1755,229.61912736047773
1,1756,235.44439317907145
1,1757,139.08607802333592
1,1758,190.90740541354427
1,1759,44.95196478408501
1,1760,229.29724049156448
1,1761,45.16447055249069
1,1762,208.7737776440756
1,1763,56.227154964629335
1,1764,233.50096594694224
1,1765,240.37304255193504
1,1766,45.06253129237777
1,1767,229.33774041548764
1,1768,230.8450133435445
1,1769,35.82315088364825
1,1770,236.5953559430775
1,1771,47.96566130463279
1,1772,46.37658640941471
1,1773,570.6409384102469
1,1774,46.86134048812542
1,1775,37.1058492284114
1,1776,232.03338421886878
1,1777,236.67363136922094
1,1778,51.194771367766066
1,1779,279.71114508680466
1,1780,224.42801278685016
1,1781,233.65642017314823
1,1782,235.97769740895632
1,1783,47.515900318104514
1,1784,221.85942726771086
1,1785,55.86683598745316
1,1786,242.8665329840345
1,1787,487.5806022033916
1,1788,230.38059049804127
1,1789,40.39725462039935
1,1790,228.9396329206626
1,1791,133.49648303866826
1,1792,61.155994665918556
1,1793,173.12494885970347
1,1794,200.2167422745891
1,1795,43.34642459298812
1,1796,230.21426001513987
1,1797,216.66149283911028
1,1798,42.34538892149658
1,1799,133.24307613624717
1,1800,178.1586560207863
1,1801,249.06745508267164
1,1802,45.94492318754893
1,1803,198.07859265142866
1,1804,225.1456563463896
1,1805,43.0599140354433
1,1806,63.66239745791863
1,1807,240.5637792022358
1,1808,226.58785597936935
1,1809,28.015941164223342
1,1810,75.82698348356624
1,1811,140.39326947232388
1,1812,192.8920860120652
1,1813,48.89987250233713
1,1814,144.50439993651577
1,1815,204.24892291913338
1,1816,47.02900889266766
1,1817,44.95310609689558
1,1818,237.67993997281633
1,1819,246.55443821890873
1,1820,249.61546483747568
1,1821,252.72917010148478
1,1822,87.20436273268606
1,1823,232.8468522390067
1,1824,241.11290205666523
1,1825,57.528895443626475
1,1826,261.87755473688674
1,1827,48.742980450023666
1,1828,209.68331757690356
1,1829,258.9504666941322
1,1830,145.8994635943193
1,1831,255.4453655414927
1,1832,87.06118243023765
1,1833,247.29826709942245
1,1834,243.36421866115734
1,1835,49.092881019505086
1,1836,194.02047441859682
1,1837,241.64016024865379
1,1838,48.99962499581041
1,1839,260.8892821415433
1,1840,52.528364798601984
1,1841,230.20445700926226
1,1842,236.14661722703403
1,1843,238.34768531338833
1,1844,239.23723174509036
1,1845,48.56839504428046
1,1846,234.96399179751398
1,1847,166.34545174156668
1,1848,254.63965586485202
1,1849,206.09346442059942
1,1850,143.70090127067016
1,1851,248.1233953743868
1,1852,52.16894338589113
1,1853,241.75332447339483
1,1854,48.52818404835791
1,1855,250.47759801659822
1,1856,245.97721348951177
1,1857,51.97030173028732
1,1858,239.5736190851722
1,1859,44.050150974038225
1,1860,239.24794972826004
1,1861,51.95314298223501
1,1862,242.77086138784722
1,1863,235.40134343123302
1,1864,45.06979290131973
1,1865,250.56977898875954
1,1866,233.55877289035914
1,1867,352.87116421008534
1,1868,49.68080846454262
1,1869,237.44649918856823
1,1870,53.75037965162059
1,1871,268.7328089765167
1,1872,49.324999173892024
1,1873,226.24812755581362
1,1874,245.9974816218908
1,1875,49.514534192253706
1,1876,233.9103623943283
1,1877,360.4499256562766
1,1878,267.77596157493286
1,1879,53.64228940988426
1,1880,243.64826911458402
1,1881,249.80322953116564
1,1882,77.33966984804339
1,1883,140.105938538984
1,1884,260.1619077878539
1,1885,226.22325014991097
1,1886,10.875402434554662
1,1887,255.7070582657219
1,1888,217.92107133918694
1,1889,231.81072104246704
1,1890,89.17112146764588
1,1891,218.02760812827944
1,1892,224.96797113277407
1,1893,221.07691118397491
1,1894,189.26510906446208
1,1895,380.20221180974517
1,1896,209.59753780680927
1,1897,204.24538303694027
1,1898,42.609606990667864
1,1899,211.02475995492108
1,1900,98.03168612459261
1,1901,39.41803400083879
1,1902,240.36132807201474
1,1903,132.33370765258502
1,1904,209.28161932273412
1,1905,206.3362828812005
1,1906,203.73292208232147
1,1907,213.24840205178458
1,1908,91.64168710370754
1,1909,215.06594897642253
1,1910,39.407638389369865
1,1911,200.36789097074697
1,1912,41.659132318700586
1,1913,42.932756455505725
1,1914,241.22327319071005
1,1915,267.3764691222236
1,1916,43.87526723605257
1,1917,210.78125104180535
1,1918,92.44389087359426
1,1919,202.4026011031076
1,1920,203.27078430849332
1,1921,214.08242137122534
1,1922,137.01733926136842
1,1923,77.63942029310593
1,1924,204.3945819438221
1,1925,210.60426232607983
1,1926,219.90603638641096
1,1927,39.33319611141364
1,1928,400.8765236153613
1,1929,210.56526324831182
1,1930,242.28897679820045
1,1931,222.33465810142928
1,1932,219.88615757660622
1,1933,288.5625662978779
1,1934,235.6274239983133
1,1935,140.81778145738852
1,1936,221.33803483073146
1,1937,231.90390331047166
1,1938,43.27994744473931
1,1939,173.13391563106921
1,1940,210.94205178837728
1,1941,212.20751723612102
1,1942,231.81867581123333
1,1943,156.0051104073596
1,1944,81.22806475857642
1,1945,206.82649465274739
1,1946,42.539312378235195
1,1947,74.59298933403379
1,1948,214.58585834722595
1,1949,45.94506388308276
1,1950,268.1865626315892
1,1951,224.57334871896535
1,1952,20.22173709128411
1,1953,126.67071956211915
1,1954,259.0280649141788
1,1955,52.599320527498975
1,1956,146.319372530072
1,1957,61.78622056823342
1,1958,198.56463373421292
1,1959,49.943035269218946
1,1960,210.7939610446412
1,1961,235.25444175477583
1,1962,44.11363248295326
1,1963,263.15609899105584
1,1964,221.79349952151122
1,1965,45.56545562070262
1,1966,30.709088949778586
1,1967,195.24816874714116
1,1968,142.24214205797244
1,1969,218.37940174377428
1,1970,227.82356156868906
1,1971,226.14268120334935
1,1972,223.20293288072946
1,1973,162.34139652478305
1,1974,31.11537271777967
1,1975,194.078770231857
1,1976,215.0059198882155
1,1977,232.9277442238602
1,1978,229.54581750569173
1,1979,235.16647431905702
1,1980,235.92424147362487
1,1981,47.209396066246654
1,1982,132.24997223328467
1,1983,46.54925012214123
1,1984,97.77826908460526
1,1985,213.35040499350174
1,1986,371.3602187219467
1,1987,222.25775216384704
1,1988,46.90901000954965
1,1989,136.0475554180591
1,1990,44.33611783524981
1,1991,229.88686178494515
1,1992,46.28874130960945
1,1993,162.29202356583232
1,1994,229.33765521214434
1,1995,226.1143879735601
1,1996,230.51290609043434
1,1997,512.4906256814329
1,1998,344.81393271304864
1,1999,46.29609971713915
1,2000,32.46631314400011
1,2001,235.04532798609745
1,2002,57.28642792594776
1,2003,47.452504217495466
1,2004,227.9919158621366
1,2005,46.12940818196316
1,2006,567.6712978757246
1,2007,46.33610242318342
1,2008,231.59971501839692
1,2009,227.08148283254098
1,2010,301.83762821744824
1,2011,127.15558059307943
1,2012,232.0971665894224
1,2013,8.993550240106103
1,2014,207.9767736749405
1,2015,128.43119569321348
1,2016,222.55602789171024
1,2017,168.01547577108673
1,2018,99.12627040910456
1,2019,232.48801834803407
1,2020,49.8914647014019
1,2021,128.75189162287742
1,2022,234.34574580252405
1,2023,129.3383365329364
1,2024,237.1947812726565
1,2025,49.78355894890677
1,2026,278.18520751804533
1,2027,233.24276136878524
1,2028,219.77259171386902
1,2029,191.58821582256186
1,2030,216.01408147594452
1,2031,224.615021820756
1,2032,98.32863986860306
1,2033,220.2263501016848
1,2034,224.58291438045978
1,2035,42.31669326600257
1,2036,238.22243875347175
1,2037,46.38826200583711
1,2038,206.55922896616858
1,2039,212.7258704020349
1,2040,134.6715263150195
1,2041,205.91879399297994
1,2042,143.3967511424185
1,2043,223.02639684287047
1,2044,356.14183418790924
1,2045,200.37616775396992
1,2046,229.41074638019208
1,2047,44.95754669939328
1,2048,122.59256267744331
1,2049,239.54532594562795
1,2050,229.17558918533842
1,2051,96.29633390763209
1,2052,225.85681736312785
1,2053,136.39082203069046
1,2054,289.14075969103965
1,2055,231.22729119600552
1,2056,245.43872179763562
1,2057,85.41187172829439
1,2058,47.04328244788556
1,2059,376.92457133824536
1,2060,227.82977809050314
1,2061,48.286622411686594
1,2062,236.05797787141472
1,2063,96.57169799084502
1,2064,215.7131049355701
1,2065,355.2114800157681
1,2066,46.74825509884715
1,2067,231.1373703607185
1,2068,218.93796976455184
1,2069,238.04212670628007
1,2070,46.71586585323121
1,2071,239.87658265907407
1,2072,45.58114372506801
1,2073,218.77989733511077
1,2074,49.667945661029506
1,2075,245.43614313709162
1,2076,227.88027446115711
1,2077,152.85949849822495
1,2078,246.88232005727303
1,2079,231.59029036808218
1,2080,51.491453010012094
1,2081,225.3803442011626
1,2082,143.61109645707944
1,2083,231.9705277147052
1,2084,240.53070117624438
1,2085,137.9043448750828
1,2086,182.04509306149043
1,2087,128.58828518168838
1,2088,221.2027365695321
1,2089,227.69283003363572
1,2090,57.13478949816192
1,2091,340.4908472673841
1,2092,51.02586478913531
1,2093,99.281246526541
1,2094,224.63487352331956
1,2095,139.96459700640108
1,2096,135.92746846253533
1,2097,129.26891988903301
1,2098,188.39298325333826
1,2099,233.97812501744392
1,2100,33.28587022191594
1,2101,230.34694899584835
1,2102,98.86167298655383
1,2103,219.36742478405188
1,2104,50.0656389896981
1,2105,80.83963132263963
1,2106,150.31029391198126
1,2107,50.09690702235838
1,2108,141.90311511220574
1,2109,45.40831041832238
1,2110,102.8604114784689
1,2111,238.25104467272536
1,2112,44.09683428662147
1,2113,234.77769697532256
1,2114,238.43473866039568
1,2115,137.2691734078631
1,2116,47.50949064058426
1,2117,219.8593604383709
1,2118,268.1699366787605
1,2119,46.3670907647026
1,2120,376.7252225515716
1,2121,35.578649086125836
1,2122,234.70987820527805
1,2123,53.56070266095557
1,2124,137.01681691127175
1,2125,235.80594383421112
1,2126,294.7557329078529
1,2127,46.34188849038009
1,2128,228.29716601371285
1,2129,121.39580901654583
1,2130,229.27070309043006
1,2131,46.47066525416052
1,2132,219.42412593317516
1,2133,43.62114600544305
1,2134,232.11271994762012
1,2135,46.382368380870105
1,2136,239.59065573427804
1,2137,246.6243673901168
1,2138,251.34757330828535
1,2139,245.5557046342181
1,2140,52.0661901834461
1,2141,238.13120327784878
1,2142,221.0561790905714
1,2143,228.10677728663973
1,2144,209.80776021503266
1,2145,145.12987809450308
1,2146,472.54089113212603
1,2147,43.19441254462264
1,2148,534.3761057168542
1,2149,48.56057053734391
1,2150,199.98491364134608
1,2151,45.36807253177325
1,2152,226.52404701785866
1,2153,46.307271187743225
1,2154,95.01884924242805
1,2155,225.49368682972533
1,2156,53.979400228556244
1,2157,43.45883662384538
1,2158,104.16629745608722
1,2159,175.53817826593203
1,2160,41.63842475491154
1,2161,129.1667931864481
1,2162,46.87989998546283
1,2163,226.02067939063127
1,2164,114.49024614459714
1,2165,105.12590155997617
1,2166,238.4227492976999
1,2167,137.3565280082233
1,2168,51.36146506003338
1,2169,234.30289052118758
1,2170,233.97767916993666
1,2171,50.24646858103
1,2172,131.1132460408831
1,2173,46.908603302402724
1,2174,236.14365976047284
1,2175,240.28691310215885
1,2176,140.73249524857894
1,2177,228.3071314911283
1,2178,42.2779718376525
1,2179,96.23357608002704
1,2180,211.15366459496147
1,2181,233.05100007855287
1,2182,77.13843772292213
1,2183,236.17396894237748
1,2184,50.5686607493703
1,2185,240.62477928053406
1,2186,53.9601054907161
1,2187,238.68140951533712
1,2188,243.37046009192085
1,2189,50.94454883991632
1,2190,393.03547280161115
1,2191,51.04785483853644
1,2192,284.8595515559898
1,2193,227.7423333579962
1,2194,209.4157458351298
1,2195,57.08919549583777
1,2196,240.2049504731226
1,2197,150.1426291189834
1,2198,51.152707318567536
1,2199,422.1273741879355
1,2200,43.417221159343526
1,2201,224.8606732926085
1,2202,50.281277131141294
1,2203,231.97760015228056
1,2204,139.1724492804201
1,2205,10.225397752957301
1,2206,372.7276060407256
1,2207,242.06644167857797
1,2208,226.0182265858856
1,2209,43.38768875458422
1,2210,76.41525086364484
1,2211,226.83023520314399
1,2212,286.40387388831226
1,2213,79.31281017136445
1,2214,240.26743061060068
1,2215,138.42902031582892
1,2216,134.44269256741882
1,2217,202.84870205518035
1,2218,102.40976712418525
1,2219,46.011924168612325
1,2220,231.48032284080483
1,2221,201.2503881235121
1,2222,240.75041769390506
1,2223,47.34817963408349
1,2224,241.04808378360735
1,2225,177.59609258160086
1,2226,240.26856676863176
1,2227,50.65936574574097
1,2228,342.766272966421
1,2229,252.71155451393167
1,2230,260.3056549979084
1,2231,371.25385358492554
1,2232,245.9543708885039
1,2233,52.65624661353949
1,2234,136.60161302131542
1,2235,71.09540279484764
1,2236,195.13200792865035
1,2237,144.01315630323847
1,2238,229.71767674380874
1,2239,43.660461410143384
1,2240,274.5580425751857
1,2241,90.16335749235982
1,2242,234.7185822441526
1,2243,41.01946150884528
1,2244,218.93127154320587
1,2245,235.50051322947232
1,2246,43.51665944791827
1,2247,360.5398960583282
1,2248,213.80407651111898
1,2249,254.30582471089193
1,2250,386.4906916165912
1,2251,44.14012957932991
1,2252,332.54436534776295
1,2253,407.1240956007317
1,2254,229.05116745350938
1,2255,233.16762753929248
1,2256,139.52336767636973
1,2257,231.10433731034226
1,2258,46.724764086164484
1,2259,228.63831622034644
1,2260,276.14844245677443
1,2261,127.83111866626257
1,2262,42.38949828818947
1,2263,230.02658413193183
1,2264,278.27314838470454
1,2265,306.6752530774246
1,2266,258.1688617423448
1,2267,20.986036103220883
1,2268,341.60434908988964
1,2269,247.5106292085547
1,2270,45.912326662807956
1,2271,333.15180061898593
1,2272,400.96683372838135
1,2273,157.76718841967931
1,2274,205.12097708866588
1,2275,400.2172313499608
1,2276,246.54694848234863
1,2277,127.7123031165442
1,2278,47.49373894954644
1,2279,233.17044613841563
1,2280,46.39848312262046
1,2281,215.02475435573143
1,2282,51.56587088932564
1,2283,235.70355643250417
1,2284,51.773446316626234
1,2285,55.16294071252372
1,2286,225.9499152811828
1,2287,228.1061315163899
1,2288,45.96163866482658
1,2289,157.76286373949551
1,2290,54.1943732952294
1,2291,300.1687393578144
1,2292,112.30649417054966
1,2293,143.1212475593224
1,2294,152.63670485095003
1,2295,257.0449843273156
1,2296,215.68356796344332
1,2297,81.13359908182701
1,2298,43.33676599121962
1,2299,94.98430881030542
1,2300,239.88403672588137
1,2301,46.48968209797954
1,2302,232.77823729923065
1,2303,228.06221352346242
1,2304,233.3027299577168
1,2305,81.11679990628329
1,2306,239.4314903659614
1,2307,209.16723845958032
1,2308,227.04510793206344
1,2309,105.2901514307148
1,2310,56.82602153940364
1,2311,241.06427437631842
1,2312,153.3384625130534
1,2313,216.8734482449015
1,2314,256.27566600874377
1,2315,156.7426022033166
1,2316,236.2332912347524
1,2317,235.67181857805565
1,2318,222.81530316181224
1,2319,222.43708845372618
1,2320,218.6327916616856
1,2321,224.15095057964044
1,2322,315.7803135328927
1,2323,195.54362014504196
1,2324,306.538128363562
1,2325,41.69301169079197
1,2326,294.7876779401819
1,2327,44.66402546715164
1,2328,190.00373729709202
1,2329,35.973467933295524
1,2330,191.5653571732085
1,2331,151.7671578131782
1,2332,203.1231683820968
1,2333,38.87118335706289
1,2334,199.19283749875376
1,2335,211.4995234298617
1,2336,208.8365644043583
1,2337,243.2462788711637
1,2338,206.76772760416344
1,2339,200.61677107484505
1,2340,21.264295291322092
1,2341,215.40194536076328
1,2342,200.52758468301036
1,2343,209.53840160041918
1,2344,41.28866671398573
1,2345,197.55074167267378
1,2346,222.12087846237046
1,2347,221.69775869928117
1,2348,41.46705584723723
1,2349,209.64794739937435
1,2350,268.5599236973302
1,2351,222.99943655904207
1,2352,46.72858834389446
1,2353,215.32214185370566
1,2354,41.309547150889934
1,2355,199.5831651014601
1,2356,229.66164421749068
1,2357,240.59720770301513
1,2358,226.52260151225005
1,2359,39.15406123500576
1,2360,209.9406293659447
1,2361,214.39418672501014
1,2362,41.22662214890465
1,2363,240.9284522959528
1,2364,213.43474953260244
1,2365,227.49547517397482
1,2366,215.72511665868274
1,2367,213.47316336724546
1,2368,42.24763779837589
1,2369,187.86973494124447
1,2370,180.7714986728406
1,2371,234.10167154821403
1,2372,202.41155175719027
1,2373,237.72115164841173
1,2374,43.204760155379006
1,2375,209.0008621590831
1,2376,513.7052285501712
1,2377,45.50414301150627
1,2378,241.321062450333
1,2379,211.93531736475774
1,2380,87.40298873985775
1,2381,211.60715981287296
1,2382,229.80004983736228
1,2383,229.382889231158
1,2384,45.282011548983846
1,2385,233.3464299564392
1,2386,130.70717298730983
1,2387,311.49378765908295
1,2388,42.11658034463568
1,2389,207.2635409067331
1,2390,139.31659282996193
1,2391,42.650965314990245
1,2392,99.56953502290116
1,2393,205.06056624719545
1,2394,43.17292773956147
1,2395,29.20194451285398
1,2396,189.81909482394758
1,2397,222.61106685858232
1,2398,157.6722267514255
1,2399,217.26429248067322
1,2400,45.01108047070092
1,2401,214.24112463046436
1,2402,47.24184432912206
1,2403,218.11539395177277
1,2404,139.91126890687133
1,2405,198.26140480283982
1,2406,43.52970449089263
1,2407,227.85857719207002
1,2408,45.19309966644329
1,2409,218.86654335327137
1,2410,154.1635791440341
1,2411,218.2238814608391
1,2412,44.75154522086326
1,2413,252.0691746825098
1,2414,75.11530402394656
1,2415,232.73258285288188
1,2416,45.25453541201006
1,2417,223.86093474206788
1,2418,171.1884770754122
1,2419,230.41640632128207
1,2420,240.78048869413962
1,2421,224.12883563353327
1,2422,47.470021838853725
1,2423,202.91647784124018
1,2424,254.87724693608806
1,2425,30.02395430170628
1,2426,216.60773524084
1,2427,304.43610827555904
1,2428,223.18455110078503
1,2429,228.7156354735966
1,2430,44.348586173403746
1,2431,226.92929668899507
1,2432,399.5660702150616
1,2433,161.10516399428053
1,2434,238.20936586387165
1,2435,49.408249012202305
1,2436,206.12334297237447
1,2437,247.20162572321073
1,2438,50.8660193435893
1,2439,142.54199647512763
1,2440,225.8902757002977
1,2441,230.20710834355796
1,2442,231.37082383271365
1,2443,259.66614025341505
1,2444,249.99136497516477
1,2445,90.94600918569846
1,2446,236.5515478080854
1,2447,354.9730549566493
1,2448,78.32181510431931
1,2449,213.7590272107821
1,2450,42.37864878433327
1,2451,198.25940529444415
1,2452,157.50563544294533
1,2453,212.65024219659193
1,2454,43.12622256912472
1,2455,204.81124100553
1,2456,238.15165895220247
1,2457,234.67206547446492
1,2458,221.98199956721734
1,2459,229.1091223596993
1,2460,43.930205053966546
1,2461,224.2832982512997
1,2462,81.17087915012492
1,2463,282.0219898142145
1,2464,232.57202829475938
1,2465,161.0525648823952
1,2466,55.11205002620973
1,2467,242.14701658171447
1,2468,223.14492728315577
1,2469,218.37078491701675
1,2470,48.69931282079479
1,2471,220.79269856092398
1,2472,202.51547806323106
1,2473,46.151831248995954
1,2474,131.56044648864412
1,2475,241.07987072662928
1,2476,31.324530961905822
1,2477,233.61346825652384
1,2478,241.40465189439976
1,2479,45.32816003965011
1,2480,227.13368099643913
1,2481,354.9846439619562
1,2482,226.91621314122912
1,2483,48.586831474357126
1,2484,203.59121897291445
1,2485,255.3128355840236
1,2486,250.78135301320629
1,2487,241.76337038354347
1,2488,76.48932275731268
1,2489,244.87927661691998
1,2490,242.51226065618567
1,2491,50.258024993625966
1,2492,395.07959244533066
1,2493,176.22792383668772
1,2494,46.049600600683604
1,2495,249.66040454898413
1,2496,259.12394097004756
1,2497,235.20201565418387
1,2498,129.07073703984977
1,2499,198.01750799720065
1,2500,191.22251839195025
1,2501,48.8994595275401
1,2502,212.91274863478225
1,2503,355.9629871602069
1,2504,227.31302499859356
1,2505,182.45893464382274
1,2506,32.19826023381459
1,2507,224.79830889202145
1,2508,51.26566621291697
1,2509,32.19216305217965
1,2510,225.87281672710486
1,2511,266.7360293075508
1,2512,78.43032231184108
1,2513,212.3607186482949
1,2514,225.77244980336667
1,2515,241.57824632176766
1,2516,46.25573947805199
1,2517,31.972593255724302
1,2518,429.5418211567952
1,2519,245.58735917351012
1,2520,230.5175651737022
1,2521,55.72796791991563
1,2522,324.385493653636
1,2523,56.01268174823261
1,2524,280.9112625841083
1,2525,242.1467416508142
1,2526,222.8942396150257
1,2527,145.85749752005057
1,2528,224.87551041077802
1,2529,128.227618968976
1,2530,50.68670014757713
1,2531,225.93775302472454
1,2532,50.62864212867329
1,2533,233.1149277272457
1,2534,235.10764596282357
1,2535,243.39875949284396
1,2536,54.657702916081675
1,2537,238.49540679157613
1,2538,249.63957928927488
1,2539,241.8638860501321
1,2540,249.0489966013091
1,2541,86.20782422991672
1,2542,228.15577005685276
1,2543,133.9821328426232
1,2544,218.46310357764366
1,2545,39.99298660646923
1,2546,230.3818594266029
1,2547,194.2460438718018
1,2548,152.83762252058034
1,2549,316.5854395952143
1,2550,271.2687792517228
1,2551,43.55174280657384
1,2552,376.9407920087624
1,2553,240.4034970454457
1,2554,45.47845929733366
1,2555,218.9129414294802
1,2556,222.52287676615964
1,2557,225.15061178758413
1,2558,223.93433304297383
1,2559,143.73419979228817
1,2560,134.90896673187
1,2561,232.8626560772575
1,2562,134.86212038121278
1,2563,231.51690139070556
1,2564,40.839689194122485
1,2565,227.86915654108282
1,2566,45.62417845454994
1,2567,221.59626416491557
1,2568,351.2046036756516
1,2569,81.79301800203922
1,2570,228.92135758734935
1,2571,44.25618615871829
1,2572,223.64524485783545
1,2573,48.73348794074652
1,2574,226.86335637873452
1,2575,235.6671918604851
1,2576,159.75131720829623
1,2577,55.72222824117097
1,2578,243.26569898903676
1,2579,227.45215569797426
1,2580,220.85197059051166
1,2581,232.80491558266164
1,2582,229.81911754077544
1,2583,49.59250474566442
1,2584,237.71765718280417
1,2585,232.74591201339916
1,2586,194.15649701588177
1,2587,234.53251444922816
1,2588,50.65997836472709
1,2589,380.10417627493837
1,2590,242.45644461090484
1,2591,241.7220033341194
1,2592,10.01388571946995
1,2593,253.52016532336523
1,2594,245.85967316636848
1,2595,66.10788627434644
1,2596,178.75001135990436
1,2597,217.0071372846624
1,2598,46.535385703277356
1,2599,232.99747519884272
1,2600,46.63152682379774
1,2601,162.32090215026096
1,2602,52.56417844532975
1,2603,246.52909091155502
1,2604,239.5862865597653
1,2605,81.31165808562852
1,2606,241.15958137939305
1,2607,128.88057420186072
1,2608,229.39395757146542
1,2609,352.45381219514843
1,2610,222.24863490615118
1,2611,160.85905392562788
1,2612,223.07058103165738
1,2613,46.39232493889998
1,2614,228.4726645736419
1,2615,235.91824404394106
1,2616,57.21465253182372
1,2617,245.33252058727652
1,2618,158.99210359742546
1,2619,237.06001763544742
1,2620,46.51446589390139
1,2621,228.80837449118724
1,2622,248.08182683224777
1,2623,48.623262702624245
1,2624,57.42173943000425
1,2625,242.6512815411915
1,2626,50.905112630919746
1,2627,212.35976495247542
1,2628,263.5963558059099
1,2629,239.0075445183003
1,2630,225.96287104182977
1,2631,240.62016405429546
1,2632,280.4359230687228
1,2633,226.23555329896413
1,2634,226.45983761873453
1,2635,43.208308741962625
1,2636,31.89497554721256
1,2637,227.15685417327163
1,2638,225.70981515154355
1,2639,48.887540623982915
1,2640,307.36841042374726
1,2641,47.89447916953746
1,2642,209.9119468849688
1,2643,213.89491914184407
1,2644,42.02950213891448
1,2645,195.37164939708876
1,2646,45.85583019502714
1,2647,281.59986337267173
1,2648,224.54805275935956
1,2649,42.12948124262189
1,2650,222.12652530918112
1,2651,157.81001916544125
1,2652,227.06159889858708
1,2653,47.56115357186816
1,2654,224.93890144976203
1,2655,233.07215518494024
1,2656,232.97974452602284
1,2657,156.6481978876487
1,2658,44.94338830753148
1,2659,222.65146838533224
1,2660,234.36517921994127
1,2661,47.548535844494985
1,2662,220.8068588515838
1,2663,353.6398572878961
1,2664,220.13497813399138
1,2665,41.114504438031574
1,2666,206.30159150619855
1,2667,216.42436462274367
1,2668,208.12508746357548
1,2669,210.09030100768706
1,2670,205.61615700576255
1,2671,44.470305966054276
1,2672,133.6867663988744
1,2673,214.0983475504976
1,2674,43.249569799915605
1,2675,211.21760659359444
1,2676,51.655821430810775
1,2677,234.3510955333236
1,2678,79.11987421185873
1,2679,218.0528417647938
1,2680,129.93250910325162
1,2681,137.99084195449785
1,2682,298.1943013032414
1,2683,6.329877081780462
1,2684,125.21736386939371
1,2685,44.55681837218552
1,2686,220.96895848239566
1,2687,44.595644354398104
1,2688,213.92007428806318
1,2689,53.024087109923094
1,2690,227.8692228137807
1,2691,224.40324323061682
1,2692,44.3430503389884
1,2693,164.00412778871066
1,2694,263.7837043370636
1,2695,235.78316805751473
1,2696,79.71494148121886
1,2697,254.1150594176155
1,2698,44.153708449314735
1,2699,238.6601162649073
1,2700,229.2300645683042
1,2701,45.62870966141081
1,2702,230.33318329704446
1,2703,41.46077119832644
1,2704,103.96390676826853
1,2705,234.19966001376997
1,2706,45.24526601010011
1,2707,46.76571519433173
1,2708,299.27126820815846
1,2709,46.0049335982756
1,2710,238.6899060780613
1,2711,104.70509750527344
1,2712,46.75035899048768
1,2713,296.37969361235656
1,2714,301.94497279550814
1,2715,221.97783141680898
1,2716,227.29953153448264
1,2717,248.72985051193393
1,2718,247.44384337997928
1,2719,50.24742949670062
1,2720,234.23477468245414
1,2721,462.7741904372559
1,2722,46.059598374741256
1,2723,235.53565708668015
1,2724,232.24567225889388
1,2725,231.9124811211724
1,2726,163.34118683755761
1,2727,267.0619973277297
1,2728,229.68184932744322
1,2729,232.98065021760948
1,2730,215.40242973617597
1,2731,104.92209675026956
1,2732,225.9060031705995
1,2733,46.48624313554056
1,2734,244.36445667732366
1,2735,45.8199037970596
1,2736,161.81336760782386
1,2737,267.53318433547986
1,2738,144.63754424370933
1,2739,234.92323187750287
1,2740,13.448129050269278
1,2741,128.45566485272766
1,2742,46.20520983183232
1,2743,237.2271664946545
1,2744,44.027154810164916
1,2745,218.36544870808166
1,2746,51.17153181093832
1,2747,211.29088690491082
1,2748,223.42830090550353
1,2749,42.6428601635492
1,2750,151.81031046193596
1,2751,263.9349805355073
1,2752,222.48650915717226
1,2753,77.90097609329263
1,2754,206.02159676942586
1,2755,42.36384957395228
1,2756,218.08001640658236
1,2757,206.74563918965538
1,2758,42.33200320084505
1,2759,117.31499205441557
1,2760,226.95933523571154
1,2761,43.5333835283778
1,2762,214.81622607595466
1,2763,43.49628013165537
1,2764,236.63897443574126
1,2765,249.55178909054467
1,2766,46.08406249415087
1,2767,225.06919847888042
1,2768,230.4932242826197
1,2769,43.906806203339514
1,2770,229.28324246093314
1,2771,41.177465438074336
1,2772,103.47880198956256
1,2773,229.15373231330204
1,2774,44.03776614685508
1,2775,44.50239814139003
1,2776,303.7877780556262
1,2777,44.22876375325641
1,2778,230.13943036584814
1,2779,102.95589213013761
1,2780,44.148224555537745
1,2781,289.90816531195577
1,2782,444.6684290632687
1,2783,45.369275777837686
1,2784,234.35102145230337
1,2785,249.40475710937645
1,2786,50.56920962993542
1,2787,232.1924681875123
1,2788,240.0171100692737
1,2789,303.11364950496613
1,2790,224.66155220474428
1,2791,228.1462643629567
1,2792,245.0967792510328
1,2793,249.051805101149
1,2794,50.80545165474173
1,2795,233.12609938447514
1,2796,54.47636843344009
1,2797,47.85364134248961
1,2798,238.3613197339781
1,2799,45.973065327881315
1,2800,161.89886477555467
1,2801,267.8263186758302
1,2802,220.31275270160728
1,2803,163.7343010061544
1,2804,105.20227647224488
1,2805,124.86235213785507
1,2806,268.5197364159062
1,2807,139.89587271054714
1,2808,138.68102789443265
1,2809,243.02343357369966
1,2810,46.172625067610596
1,2811,83.10047553994372
1,2812,236.46057365429263
1,2813,230.42967638010177
1,2814,237.6007229707938
1,2815,48.577645359252685
1,2816,226.43715239759223
1,2817,94.2479556503175
1,2818,206.31830397609227
1,2819,246.8441074557573
1,2820,213.91340379497052
1,2821,151.90362783749913
1,2822,203.34388390543916
1,2823,49.00943699651424
1,2824,253.817529921547
1,2825,241.05338426813097
1,2826,34.177877159927775
1,2827,222.95945575086807
1,2828,42.745982977744276
1,2829,133.75969287836358
1,2830,514.8350125087666
1,2831,225.80018062256445
1,2832,226.70310038457694
1,2833,45.12682815045472
1,2834,222.99262728513548
1,2835,157.70447995734517
1,2836,32.93037385732875
1,2837,221.68312411608014
1,2838,226.4770324899281
1,2839,43.70204936920873
1,2840,533.1789698898201
1,2841,45.097924602367
1,2842,220.9576551605626
1,2843,26.675614876864433
1,2844,216.75635822037316
1,2845,226.92645983951343
1,2846,229.61912736047773
1,2847,235.44439317907145
1,2848,139.08607802333592
1,2849,190.90740541354427
1,2850,44.95196478408501
1,2851,229.29724049156448
1,2852,45.16447055249069
1,2853,208.7737776440756
1,2854,56.227154964629335
1,2855,233.50096594694224
1,2856,240.37304255193504
1,2857,45.06253129237777
1,2858,229.33774041548764
1,2859,230.8450133435445
1,2860,35.82315088364825
1,2861,236.5953559430775
1,2862,47.96566130463279
1,2863,46.37658640941471
1,2864,570.6409384102469
1,2865,46.86134048812542
1,2866,37.1058492284114
1,2867,232.03338421886878
1,2868,236.67363136922094
1,2869,51.194771367766066
1,2870,279.71114508680466
1,2871,224.42801278685016
1,2872,233.65642017314823
1,2873,235.97769740895632
1,2874,47.515900318104514
1,2875,221.85942726771086
1,2876,55.86683598745316
1,2877,242.8665329840345
1,2878,487.5806022033916
1,2879,230.38059049804127
1,2880,40.39725462039935
1,2881,228.9396329206626
1,2882,133.49648303866826
1,2883,61.155994665918556
1,2884,173.12494885970347
1,2885,200.2167422745891
1,2886,43.34642459298812
1,2887,230.21426001513987
1,2888,216.66149283911028
1,2889,42.34538892149658
1,2890,133.24307613624717
1,2891,178.1586560207863
1,2892,249.06745508267164
1,2893,45.94492318754893
1,2894,198.07859265142866
1,2895,225.1456563463896
1,2896,43.0599140354433
1,2897,63.66239745791863
1,2898,240.5637792022358
1,2899,226.58785597936935
1,2900,28.015941164223342
1,2901,75.82698348356624
1,2902,140.39326947232388
1,2903,192.8920860120652
1,2904,48.89987250233713
1,2905,144.50439993651577
1,2906,204.24892291913338
1,2907,47.02900889266766
1,2908,44.95310609689558
1,2909,237.67993997281633
1,2910,246.55443821890873
1,2911,249.61546483747568
1,2912,252.72917010148478
1,2913,87.20436273268606
1,2914,232.8468522390067
1,2915,241.11290205666523
1,2916,57.528895443626475
1,2917,261.87755473688674
1,2918,48.742980450023666
1,2919,209.68331757690356
1,2920,258.9504666941322
1,2921,145.8994635943193
1,2922,255.4453655414927
1,2923,87.06118243023765
1,2924,247.29826709942245
1,2925,243.36421866115734
1,2926,49.092881019505086
1,2927,194.02047441859682
1,2928,241.64016024865379
1,2929,48.99962499581041
1,2930,260.8892821415433
1,2931,52.528364798601984
1,2932,230.20445700926226
1,2933,236.14661722703403
1,2934,238.34768531338833
1,2935,239.23723174509036
1,2936,48.56839504428046
1,2937,234.96399179751398
1,2938,166.34545174156668
1,2939,254.63965586485202
1,2940,206.09346442059942
1,2941,143.70090127067016
1,2942,248.1233953743868
1,2943,52.16894338589113
1,2944,241.75332447339483
1,2945,48.52818404835791
1,2946,250.47759801659822
1,2947,245.97721348951177
1,2948,51.97030173028732
1,2949,239.5736190851722
1,2950,44.050150974038225
1,2951,239.24794972826004
1,2952,51.95314298223501
1,2953,242.77086138784722
1,2954,235.40134343123302
1,2955,45.06979290131973
1,2956,250.56977898875954
1,2957,233.55877289035914
1,2958,352.87116421008534
1,2959,49.68080846454262
1,2960,237.44649918856823
1,2961,53.75037965162059
1,2962,268.7328089765167
1,2963,49.324999173892024
1,2964,226.24812755581362
1,2965,245.9974816218908
1,2966,49.514534192253706
1,2967,233.9103623943283
1,2968,360.4499256562766
1,2969,267.77596157493286
1,2970,53.64228940988426
1,2971,243.64826911458402
1,2972,249.80322953116564
1,2973,77.33966984804339
1,2974,140.105938538984
1,2975,260.1619077878539
1,2976,267.60354989967243
1,2977,45.169088788983835
1,2978,254.26741031765965
1,2979,12.443446613549757
1,2980,399.1889731599679
1,2981,27.646578636669567
1,2982,390.0090788457955
1,2983,248.05276765534597
1,2984,240.73135215847026
1,2985,230.2251018896589
1,2986,211.81341804273745
1,2987,27.01336116532368
1,2988,248.64495686478344
1,2989,223.74070150720655
1,2990,42.382948740074234
1,2991,234.1674444784838
1,2992,136.52396444284793
1,2993,138.41947299161274
1,2994,221.0192669583493
1,2995,398.3076411985936
1,2996,49.9092869607006
1,2997,144.08356820683593
1,2998,314.23493404667965
1,2999,244.63882250861573
1,3000,237.86569705347236
1,3001,43.21419592049194
1,3002,248.06342351966555
1,3003,140.95269427957243
1,3004,52.51841897845787
1,3005,46.61194117451724
1,3006,234.77138360807237
1,3007,44.98972418141526
1,3008,238.97228735084747
1,3009,223.58259177983297
1,3010,27.540981212381496
1,3011,225.23896878820153
1,3012,42.80482324720925
1,3013,502.97853696324546
1,3014,80.87230423570082
1,3015,229.01415199329787
1,3016,44.72504972462852
1,3017,221.97174248468545
1,3018,137.71310992161355
1,3019,233.19036418289454
1,3020,250.2084526318755
1,3021,48.56142334691869
1,3022,248.18960529626298
1,3023,269.85098613963
1,3024,77.23502080571842
1,3025,220.51207145683054
1,3026,126.61752899384308
1,3027,245.3047609033494
1,3028,238.89059357349078
1,3029,45.0955274306325
1,3030,243.15871414756037
1,3031,224.72858713632814
1,3032,200.541521707144
1,3033,238.09955414678433
1,3034,80.54835151889256
1,3035,234.31652931145987
1,3036,48.26497848198229
1,3037,215.13843631266587
1,3038,44.41352028293285
1,3039,245.1976575678401
1,3040,256.59932381621707
1,3041,239.56257851943218
1,3042,47.46338761932171
1,3043,262.2397759694891
1,3044,148.97637508172988
1,3045,237.4884198072009
1,3046,50.593743238251896
1,3047,457.9831868635025
1,3048,50.35228371493958
1,3049,292.86402894062826
1,3050,241.87720577302113
1,3051,364.67287407546803
1,3052,253.9029001326254
1,3053,83.86584938218941
1,3054,45.730275594510076
1,3055,235.43907994514268
1,3056,48.66754174350717
1,3057,263.41033662282143
1,3058,163.03812927516287
1,3059,232.60348008168248
1,3060,47.816668414969506
1,3061,240.45202944477558
1,3062,127.75990012507555
1,3063,144.44509380149645
1,3064,239.65815061050859
1,3065,228.56319379176614
1,3066,600.9826951212847
1,3067,43.57950206040428
1,3068,135.06855923698959
1,3069,241.49403206899942
1,3070,281.7868218063947
1,3071,274.5314680806519
1,3072,266.5291608186931
1,3073,268.72072785810764
1,3074,257.9502782345849
1,3075,44.160466485218485
1,3076,244.7934919081058
1,3077,43.743101763425805
1,3078,259.89691101601676
1,3079,164.4390794937576
1,3080,248.99856859895806
1,3081,89.05560747923673
1,3082,249.59001496680963
1,3083,248.950599150341
1,3084,44.09453483926876
1,3085,276.56658921056845
1,3086,247.3050760674608
1,3087,65.67392406146618
1,3088,252.34971175927097
1,3089,51.23309027708103
1,3090,156.68733810775802
1,3091,242.04056379546148
1,3092,252.47161175076758
1,3093,262.81780780144527
1,3094,180.23170242757445
1,3095,48.63062012030663
1,3096,122.42050489910514
1,3097,52.4540939571128
1,3098,266.18757686430155
1,3099,298.9239270233357
1,3100,258.35547614996597
1,3101,157.29079911654298
1,3102,263.2513017790183
1,3103,47.69900537643888
1,3104,259.6055835091519
1,3105,161.8998963250978
1,3106,250.43226444934544
1,3107,50.74725139184763
1,3108,251.65605736353416
1,3109,51.959688002020926
1,3110,252.18188555137425
1,3111,41.229799897386016
1,3112,317.69803109043545
1,3113,258.1002671863363
1,3114,270.92022438923453
1,3115,272.5333563485494
1,3116,268.3726463616422
1,3117,277.5838202217468
1,3118,112.52824435577767
1,3119,263.13589542892385
1,3120,265.74490543009654
1,3121,257.86109283149864
1,3122,51.7478920661855
1,3123,253.73138895281213
1,3124,38.56301588089736
1,3125,269.84137609825734
1,3126,254.94128547922512
1,3127,50.8170661283153
1,3128,284.8034397215112
1,3129,254.46563548215735
1,3130,173.49642662613832
1,3131,278.0961461592987
1,3132,265.88644830829276
1,3133,290.03733595862
1,3134,250.11409972016133
1,3135,167.7907001996984
1,3136,182.01223962377065
1,3137,253.7478120765641
1,3138,259.8496064644447
1,3139,247.3779998775583
1,3140,226.4989558595281
1,3141,130.4563595291721
1,3142,243.21997163279678
1,3143,43.16832648260155
1,3144,236.05777153081786
1,3145,245.9850400324938
1,3146,252.98938009526626
1,3147,236.76151609574617
1,3148,248.36660487299378
1,3149,46.214465973753974
1,3150,239.42428985951858
1,3151,98.18949873890736
1,3152,268.6922035315514
1,3153,47.79711176373761
1,3154,251.5036413703683
1,3155,89.19467355259323
1,3156,261.8103026174099
1,3157,252.65169672120845
1,3158,56.49443921330639
1,3159,251.65544181328653
1,3160,268.9853728792518
1,3161,252.29547300528202
1,3162,241.30141298641905
1,3163,254.73804565852433
1,3164,65.69152258564361
1,3165,353.972549479333
1,3166,58.201616114754614
1,3167,310.063562132757
1,3168,262.2303988581425
1,3169,52.81176452700571
1,3170,196.50001374252997
1,3171,262.7742482585021
1,3172,61.02041882432992
1,3173,239.2075438625737
1,3174,50.40140127391912
1,3175,226.29561691398143
1,3176,50.6146296898983
1,3177,259.55154554714386
1,3178,91.658701297123
1,3179,505.2668322887251
1,3180,66.44308764801066
1,3181,190.2557856498711
1,3182,263.378315906714
1,3183,270.58131175360325
1,3184,52.26579599372239
1,3185,49.11039382240471
1,3186,317.42815967027946
1,3187,51.30577983486256
1,3188,249.04043287872355
1,3189,51.53277215936195
1,3190,133.31440295601885
1,3191,280.8615387150737
1,3192,69.64299330236211
1,3193,500.5761284597385
1,3194,63.10881471875965
1,3195,263.7421449281736
1,3196,152.76935391346967
1,3197,264.20026125479444
1,3198,251.1860239681767
1,3199,268.0318160889748
1,3200,138.29437583508587
1,3201,194.90026677332577
1,3202,269.07040071175123
1,3203,50.68932739539788
1,3204,271.59830893092976
1,3205,258.09492767608447
1,3206,261.0674854933487
1,3207,155.9900325501399
1,3208,84.81860517396088
1,3209,267.67229381609826
1,3210,260.4071614678894
1,3211,35.914179484641664
1,3212,221.40279749536853
1,3213,251.58528819499435
1,3214,270.6077250524258
1,3215,165.3323692187141
1,3216,50.64106156753323
1,3217,279.09885204194694
1,3218,152.0075369678193
1,3219,266.0674287292878
1,3220,260.9419736036369
1,3221,274.10712676249847
1,3222,211.90206525183663
1,3223,252.13878304033466
1,3224,137.94406933637248
1,3225,200.01131123459552
1,3226,50.70373537943628
1,3227,259.32414180853834
1,3228,50.59551122245688
1,3229,262.56510585477895
1,3230,50.35563080411791
1,3231,50.58829853524227
1,3232,266.33732854330873
1,3233,300.0504242757373
1,3234,186.9606799808628
1,3235,253.431419693931
1,3236,163.81332251430936
1,3237,269.16909388682313
1,3238,55.85716948449826
1,3239,263.0987114238793
1,3240,92.20645903976207
1,3241,296.31405575934446
1,3242,264.3045892443808
1,3243,266.81008896128867
1,3244,176.25564921270467
1,3245,258.46508248332634
1,3246,266.7119263366077
1,3247,264.059663216953
1,3248,241.40143006899856
1,3249,509.9212649163856
1,3250,246.40250704885761
1,3251,232.71645038085978
1,3252,44.511148586975544
1,3253,248.31709141423363
1,3254,44.47334334048224
1,3255,237.36363665075976
1,3256,250.42793036785642
1,3257,243.70754367244746
1,3258,39.92468181837886
1,3259,240.99776375127027
1,3260,247.39554863283817
1,3261,242.26659707787618
1,3262,391.7832366275979
1,3263,244.71496434152715
1,3264,105.01105156039218
1,3265,82.65794176411649
1,3266,65.59482680641096
1,3267,254.62441010749515
1,3268,245.77573402574723
1,3269,254.80052568899487
1,3270,258.52232542218627
1,3271,432.7055161402477
1,3272,257.6872694601457
1,3273,249.92387954736088
1,3274,268.26720049278697
1,3275,44.748165394134446
1,3276,308.27699810624745
1,3277,268.0878639070909
1,3278,260.77224721482196
1,3279,255.52518787747812
1,3280,263.04272886995875
1,3281,50.44501145628887
1,3282,243.66768628073848
1,3283,252.32495274584204
1,3284,89.26864123752478
1,3285,251.1010448775101
1,3286,239.8845383329899
1,3287,236.07692137607216
1,3288,236.39926603451312
1,3289,250.8645820882193
1,3290,90.68523614963624
1,3291,250.64825122730429
1,3292,265.0275992502063
1,3293,254.2128360891556
1,3294,90.22516891004744
1,3295,265.74207226098633
1,3296,258.9820554681817
1,3297,270.7465057346782
1,3298,266.7454514572745
1,3299,50.75409325442413
1,3300,263.9903304539939
1,3301,60.49291025971655
1,3302,251.91947889793664
1,3303,270.553727133324
1,3304,268.94680721356883
1,3305,49.35923929670493
1,3306,37.31440469051691
1,3307,266.30560287329473
1,3308,49.328316483247946
1,3309,257.33882225476054
1,3310,264.0061728537486
1,3311,254.73013923297606
1,3312,155.68206292088672
1,3313,263.39777873856553
1,3314,173.10573433457864
1,3315,254.4686900150317
1,3316,39.149806154230745
1,3317,146.12868145268192
1,3318,219.26574627226495
1,3319,124.33302873739383
1,3320,186.91446385821115
1,3321,243.91986769542612
1,3322,139.6637644079819
1,3323,40.54221984773646
1,3324,275.85392208190444
1,3325,233.41452205674227
1,3326,267.0701732464255
1,3327,146.07138814161482
1,3328,255.9424370259802
1,3329,124.0040377743116
1,3330,189.87590003403108
1,3331,254.0950692397255
1,3332,58.66012464172124
1,3333,246.27413617451134
1,3334,46.16683060110737
1,3335,242.23613529056297
1,3336,51.72316633654539
1,3337,128.29166834086956
1,3338,276.9617549291943
1,3339,250.8527380840728
1,3340,172.7387065299832
1,3341,252.9683272591635
1,3342,250.5197128324489
1,3343,99.55857601406774
1,3344,250.33185558063695
1,3345,256.2181199106592
1,3346,68.92275711012256
1,3347,314.80389437676143
1,3348,275.69814742846745
1,3349,258.01876727503657
1,3350,243.6032230312997
1,3351,247.64157035648293
1,3352,48.16681370414466
1,3353,257.8422913433179
1,3354,53.91116562349218
1,3355,281.1118291168102
1,3356,45.97396085057679
1,3357,250.76549176113537
1,3358,265.87968589359883
1,3359,271.58701702957626
1,3360,49.751732655002534
1,3361,252.22690387723645
1,3362,251.02216015431998
1,3363,270.1264905596663
1,3364,306.57767491439563
1,3365,220.25352916184073
1,3366,33.99051599218528
1,3367,229.48778367440752
1,3368,240.33273289445162
1,3369,251.69034414838006
1,3370,291.7459519392769
1,3371,263.3620126501536
1,3372,53.86996556715569
1,3373,63.88824856077932
1,3374,271.16536425092806
1,3375,243.93600142463544
1,3376,229.07095599966092
1,3377,234.63698288474274
1,3378,249.22051984829722
1,3379,245.76373172462095
1,3380,242.0003681930129
1,3381,250.29039221059782
1,3382,249.66002868798358
1,3383,242.02300790507448
1,3384,240.08152317430157
1,3385,254.64200375563368
1,3386,298.1000089295767
1,3387,248.6085885197374
1,3388,50.37946125725342
1,3389,240.00433067654052
1,3390,255.4511319658414
1,3391,245.0171311052748
1,3392,263.71763138226095
1,3393,194.09114971463245
1,3394,243.4241228653239
1,3395,251.1780922579194
1,3396,35.388635764886
1,3397,142.5945512024771
1,3398,232.97625488484374
1,3399,249.17382694137427
1,3400,262.243480083304
1,3401,245.39192285962832
1,3402,247.67309842646188
1,3403,246.05653149849104
1,3404,50.850772308085915
1,3405,59.36870627228295
1,3406,261.110762936634
1,3407,261.5002063703007
1,3408,254.58454652148794
1,3409,255.26216301261275
1,3410,50.386836913127894
1,3411,242.43837100856672
1,3412,51.1493733809845
1,3413,142.88423655347032
1,3414,297.2624248609195
1,3415,256.5778723134332
1,3416,246.05382356555765
1,3417,37.89140780777133
1,3418,291.56923291859187
1,3419,52.487347419500935
1,3420,305.8297642089358
1,3421,256.7200880214007
1,3422,51.9558128815145
1,3423,55.760431499402316
1,3424,246.70245797777346
1,3425,248.4170477683629
1,3426,57.92423854690601
1,3427,235.23551173570797
1,3428,243.28751167744235
1,3429,239.0106987638108
1,3430,49.348380755564214
1,3431,245.67211707503958
1,3432,58.19266391033513
1,3433,250.83637839239842
1,3434,142.15619580025776
1,3435,251.80277481155616
1,3436,243.57771020031902
1,3437,242.79699978160244
1,3438,239.63710214745595
1,3439,608.8928949842168
1,3440,246.48602940118707
1,3441,234.52759651167838
1,3442,247.33792075905183
1,3443,205.3791875404097
1,3444,50.44956026582428
1,3445,246.1691318364028
1,3446,59.2739259676902
1,3447,239.10424455332162
1,3448,250.39133492862936
1,3449,27.729113490825426
1,3450,242.931685185449
1,3451,55.467818733413196
1,3452,241.8518384323308
1,3453,145.31357140811704
1,3454,253.82701807065746
1,3455,48.33924735951662
1,3456,249.7787953932383
1,3457,48.39536747281114
1,3458,249.46996991366638
1,3459,50.14552931300964
1,3460,48.1633237004489
1,3461,259.5064262502104
1,3462,170.37477066971684
1,3463,249.53428719735473
1,3464,297.41301516913023
1,3465,273.49342401210373
1,3466,266.4489452846269
1,3467,243.2533177670077
1,3468,259.6643224135873
1,3469,44.42787167888061
1,3470,241.45907787035262
1,3471,44.95735464605555
1,3472,57.903502472215585
1,3473,309.46018271567664
1,3474,87.04829479365767
1,3475,242.05262723476494
1,3476,243.03928710834538
1,3477,55.358600296943
1,3478,242.39896840588173
1,3479,280.0747367914622
1,3480,47.31438042155945
1,3481,249.3825500769974
1,3482,46.77029769850125
1,3483,250.39641776335515
1,3484,239.85740274201018
1,3485,263.35973195764404
1,3486,241.2890562394494
1,3487,168.48234389059678
1,3488,261.42086442116465
1,3489,249.29528747985017
1,3490,235.37609153224145
1,3491,246.66769573681069
1,3492,306.71592036610446
1,3493,230.16668247599551
1,3494,9.939146147768692
1,3495,177.63457681087215
1,3496,237.665338846557
1,3497,247.7741969373297
1,3498,59.524087548169014
1,3499,186.65989037569594
1,3500,256.8271710759541
1,3501,50.469308638533136
1,3502,263.7634817606866
1,3503,87.34885728534013
1,3504,383.4699892752318
1,3505,282.0306108448458
1,3506,151.63794121662502
1,3507,47.99901967100945
1,3508,252.78741245206956
1,3509,50.14182627172758
1,3510,304.79350477224875
1,3511,254.2467461649003
1,3512,289.7493222374864
1,3513,288.00871114649306
1,3514,94.108571484966
1,3515,263.0259243067516
1,3516,232.12372499551776
1,3517,316.40539027055195
1,3518,252.4635666144332
1,3519,85.46933586923073
1,3520,310.9653160040924
1,3521,264.05592059602975
1,3522,226.05873662236303
1,3523,245.90898456689212
1,3524,45.77952569629086
1,3525,266.14460545681584
1,3526,187.486112677787
1,3527,46.814357086783275
1,3528,247.25582350853645
1,3529,47.19765098779895
1,3530,46.82172196707927
1,3531,243.467248800637
1,3532,255.63726386281436
1,3533,50.04391033318318
1,3534,50.39839994400336
1,3535,216.9076760724566
1,3536,142.78812659930315
1,3537,47.36394480570847
1,3538,349.39033246040617
1,3539,266.11128400559755
1,3540,49.85124316833319
1,3541,246.70372300986526
1,3542,18.031670005000095
1,3543,49.941201831020486
1,3544,248.92023374774752
1,3545,51.92775829327738
1,3546,257.39391978110484
1,3547,229.14404784496492
1,3548,151.35339562997456
1,3549,247.13911361500948
1,3550,48.221814283440025
1,3551,252.7331379472524
1,3552,247.4499535271998
1,3553,228.10464213576034
1,3554,192.97403974188438
1,3555,245.31531369667397
1,3556,265.50401387487693
1,3557,146.08868619512708
1,3558,246.86370067184936
1,3559,48.34257204810007
1,3560,245.7583719192058
1,3561,52.392392591850864
1,3562,48.65036251931641
1,3563,246.4780466905424
1,3564,256.81420172678173
1,3565,155.7625899939514
1,3566,304.9609186288137
1,3567,237.8304352241788
1,3568,247.05878941890148
1,3569,51.00616727890848
1,3570,241.7696992459954
1,3571,89.07327994712392
1,3572,385.12301783869657
1,3573,288.6777584257802
1,3574,145.1303467628959
1,3575,256.17683156189287
1,3576,308.7627371577514
1,3577,237.60151510220692
1,3578,270.73853854658023
1,3579,166.2671714123727
1,3580,255.71623029117748
1,3581,274.5715189173373
1,3582,250.2492256679409
1,3583,705.6725954040417
1,3584,266.0724290229927
1,3585,48.08110186859961
1,3586,259.9240959341747
1,3587,261.5242839184117
1,3588,259.8908660469718
1,3589,246.99181493513817
1,3590,58.728745313029776
1,3591,266.6687793349037
1,3592,262.28628011953936
1,3593,256.47016690845845
1,3594,270.1721427023597
1,3595,261.7663561262718
1,3596,165.96044173651774
1,3597,266.30517802929836
1,3598,261.63493461713995
1,3599,260.8194381676976
1,3600,251.69669755461774
1,3601,254.06143407845042
1,3602,289.98502624318644
1,3603,271.0809439599226
1,3604,50.71993611098446
1,3605,270.99409827444083
1,3606,263.25918165166513
1,3607,197.6620621181829
1,3608,252.8741469138568
1,3609,45.144572910869684
1,3610,37.46975118558676
1,3611,80.22151144159592
1,3612,126.13160187050299
1,3613,236.48765010592373
1,3614,234.4032138493977
1,3615,45.62202040435723
1,3616,242.0635896597411
1,3617,46.368189084444
1,3618,242.2859095910755
1,3619,252.94699609359242
1,3620,240.78240136951388
1,3621,11.05913916502991
1,3622,244.12856079306206
1,3623,59.07124181725875
1,3624,244.70935113086665
1,3625,47.02580346732839
1,3626,244.00630734853718
1,3627,38.117078762578934
1,3628,243.23680650512665
1,3629,234.7093181196915
1,3630,243.597197332861
1,3631,244.4530049586263
1,3632,100.48503027864072
1,3633,178.09817208283107
1,3634,59.380084455049875
1,3635,278.93652373490295
1,3636,243.62860648656618
1,3637,11.666158663839472
1,3638,245.71344730460623
1,3639,70.36717931672348
1,3640,61.34652720372627
1,3641,182.80355968588174
1,3642,50.341090330699835
1,3643,242.25416272068105
1,3644,48.020378353322144
1,3645,250.33971723545218
1,3646,50.10524843814163
1,3647,277.0163828657762
1,3648,165.62780739285347
1,3649,255.40596560323257
1,3650,48.0878695189533
1,3651,259.08878564665054
1,3652,243.56326139177747
1,3653,245.31408100630392
1,3654,88.58425582966395
1,3655,260.37103316372645
1,3656,60.600610892012256
1,3657,88.70870203667121
1,3658,252.67575624134767
1,3659,132.77805043605395
1,3660,249.8500762879161
1,3661,144.3716320156308
1,3662,52.064207673089896
1,3663,276.4685234926035
1,3664,256.2349052415115
1,3665,257.3849668209163
1,3666,266.09369066518514
1,3667,271.7768150014266
1,3668,54.8345532753884
1,3669,271.65065622114173
1,3670,254.4578584031188
1,3671,344.47655050428307
1,3672,250.79027327540675
1,3673,48.335770637550276
1,3674,245.43588822000703
1,3675,52.468064242855064
1,3676,251.5083657917134
1,3677,252.497678558355
1,3678,22.374266289601007
1,3679,272.12107742373394
1,3680,48.0140007459668
1,3681,249.32843292587074
1,3682,324.49658010967494
1,3683,259.11352752449113
1,3684,234.57881665211607
1,3685,256.51906163866823
1,3686,251.944325176513
1,3687,245.422676847375
1,3688,246.85528513738302
1,3689,221.9031409447735
1,3690,241.1874395347403
1,3691,45.15074147661619
1,3692,249.86639699532913
1,3693,242.94122109282387
1,3694,206.62229813115312
1,3695,240.4473483548186
1,3696,45.49714255493117
1,3697,241.36988125598464
1,3698,289.05700191276713
1,3699,50.588817566727045
1,3700,269.8027717452329
1,3701,260.7129212936327
1,3702,43.712528358406004
1,3703,246.40452772919517
1,3704,246.41559952268335
1,3705,34.00838565620702
1,3706,356.690400112337
1,3707,230.82371344986404
1,3708,262.67117487069083
1,3709,259.2008428658391
1,3710,244.3316484133827
1,3711,43.97557395563149
1,3712,242.9023807175335
1,3713,57.52581141749114
1,3714,224.60828879519732
1,3715,252.23939625926448
1,3716,249.62309571162962
1,3717,236.63522584509045
1,3718,236.40656523674818
1,3719,48.91496658183583
1,3720,239.10073534663624
1,3721,255.39843380309168
1,3722,45.42627370880337
1,3723,247.07733632607363
1,3724,253.1050001370587
1,3725,90.30088837820858
1,3726,249.7063801081056
1,3727,54.12634717163961
1,3728,250.9333935415272
1,3729,259.51394058318044
1,3730,92.21561854534269
1,3731,273.3030021291977
1,3732,49.61319335746488
1,3733,272.719550870397
1,3734,258.5436901647057
1,3735,264.870705044786
1,3736,50.1732076618552
1,3737,252.16914072791408
1,3738,259.843894492343
1,3739,47.688392663723874
1,3740,255.0088010480843
1,3741,256.80303657145635
1,3742,49.926398075653864
1,3743,261.84832986944957
1,3744,255.9539702908134
1,3745,253.98969301955202
1,3746,52.97043827251834
1,3747,223.38790929154146
1,3748,272.1931771434422
1,3749,274.07636048446625
1,3750,142.40862476944972
1,3751,198.97246363658383
1,3752,262.6975236111102
1,3753,250.8597350765963
1,3754,62.96122149743292
1,3755,270.14407454124284
1,3756,85.8887730251403
1,3757,155.04904787948195
1,3758,269.80210654960865
1,3759,50.7612457818676
1,3760,278.14377601687477
1,3761,52.7467739880733
1,3762,155.45098315398707
1,3763,143.20070921503145
1,3764,273.84113856255806
1,3765,55.19580225976565
1,3766,162.472663494127
1,3767,267.8846720013829
1,3768,269.35427899208
1,3769,262.5375068994599
1,3770,236.2332912347524
1,3771,235.67181857805565
1,3772,222.81530316181224
1,3773,222.43708845372618
1,3774,218.6327916616856
1,3775,224.15095057964044
1,3776,315.7803135328927
1,3777,195.54362014504196
1,3778,306.538128363562
1,3779,41.69301169079197
1,3780,294.7876779401819
1,3781,44.66402546715164
1,3782,190.00373729709202
1,3783,35.973467933295524
1,3784,191.5653571732085
1,3785,151.7671578131782
1,3786,203.1231683820968
1,3787,38.87118335706289
1,3788,199.19283749875376
1,3789,211.4995234298617
1,3790,208.8365644043583
1,3791,243.2462788711637
1,3792,206.76772760416344
1,3793,200.61677107484505
1,3794,21.264295291322092
1,3795,215.40194536076328
1,3796,200.52758468301036
1,3797,209.53840160041918
1,3798,41.28866671398573
1,3799,197.55074167267378
1,3800,222.12087846237046
1,3801,221.69775869928117
1,3802,41.46705584723723
1,3803,209.64794739937435
1,3804,268.5599236973302
1,3805,222.99943655904207
1,3806,46.72858834389446
1,3807,215.32214185370566
1,3808,41.309547150889934
1,3809,199.5831651014601
1,3810,229.66164421749068
1,3811,240.59720770301513
1,3812,226.52260151225005
1,3813,39.15406123500576
1,3814,209.9406293659447
1,3815,214.39418672501014
1,3816,41.22662214890465
1,3817,240.9284522959528
1,3818,213.43474953260244
1,3819,227.49547517397482
1,3820,215.72511665868274
1,3821,213.47316336724546
1,3822,42.24763779837589
1,3823,187.86973494124447
1,3824,180.7714986728406
1,3825,234.10167154821403
1,3826,202.41155175719027
1,3827,237.72115164841173
1,3828,43.204760155379006
1,3829,209.0008621590831
1,3830,513.7052285501712
1,3831,45.50414301150627
1,3832,241.321062450333
1,3833,211.93531736475774
1,3834,87.40298873985775
1,3835,211.60715981287296
1,3836,229.80004983736228
1,3837,229.382889231158
1,3838,45.282011548983846
1,3839,233.3464299564392
1,3840,130.70717298730983
1,3841,311.49378765908295
1,3842,42.11658034463568
1,3843,207.2635409067331
1,3844,139.31659282996193
1,3845,42.650965314990245
1,3846,99.56953502290116
1,3847,205.06056624719545
1,3848,43.17292773956147
1,3849,29.20194451285398
1,3850,189.81909482394758
1,3851,222.61106685858232
1,3852,157.6722267514255
1,3853,217.26429248067322
1,3854,45.01108047070092
1,3855,214.24112463046436
1,3856,47.24184432912206
1,3857,218.11539395177277
1,3858,139.91126890687133
1,3859,198.26140480283982
1,3860,43.52970449089263
1,3861,227.85857719207002
1,3862,45.19309966644329
1,3863,218.86654335327137
1,3864,154.1635791440341
1,3865,218.2238814608391
1,3866,44.75154522086326
1,3867,252.0691746825098
1,3868,75.11530402394656
1,3869,232.73258285288188
1,3870,45.25453541201006
1,3871,223.86093474206788
1,3872,171.1884770754122
1,3873,230.41640632128207
1,3874,240.78048869413962
1,3875,224.12883563353327
1,3876,47.470021838853725
1,3877,202.91647784124018
1,3878,254.87724693608806
1,3879,30.02395430170628
1,3880,216.60773524084
1,3881,304.43610827555904
1,3882,223.18455110078503
1,3883,228.7156354735966
1,3884,44.348586173403746
1,3885,226.92929668899507
1,3886,399.5660702150616
1,3887,161.10516399428053
1,3888,238.20936586387165
1,3889,49.408249012202305
1,3890,206.12334297237447
1,3891,247.20162572321073
1,3892,50.8660193435893
1,3893,142.54199647512763
1,3894,225.8902757002977
1,3895,230.20710834355796
1,3896,231.37082383271365
1,3897,259.66614025341505
1,3898,249.99136497516477
1,3899,90.94600918569846
1,3900,236.5515478080854
1,3901,354.9730549566493
1,3902,78.32181510431931
1,3903,213.7590272107821
1,3904,42.37864878433327
1,3905,198.25940529444415
1,3906,157.50563544294533
1,3907,212.65024219659193
1,3908,43.12622256912472
1,3909,204.81124100553
1,3910,238.15165895220247
1,3911,234.67206547446492
1,3912,221.98199956721734
1,3913,229.1091223596993
1,3914,43.930205053966546
1,3915,224.2832982512997
1,3916,81.17087915012492
1,3917,282.0219898142145
1,3918,232.57202829475938
1,3919,161.0525648823952
1,3920,55.11205002620973
1,3921,242.14701658171447
1,3922,223.14492728315577
1,3923,218.37078491701675
1,3924,48.69931282079479
1,3925,220.79269856092398
1,3926,202.51547806323106
1,3927,46.151831248995954
1,3928,131.56044648864412
1,3929,241.07987072662928
1,3930,31.324530961905822
1,3931,233.61346825652384
1,3932,241.40465189439976
1,3933,45.32816003965011
1,3934,227.13368099643913
1,3935,354.9846439619562
1,3936,226.91621314122912
1,3937,48.586831474357126
1,3938,203.59121897291445
1,3939,255.3128355840236
1,3940,250.78135301320629
1,3941,241.76337038354347
1,3942,76.48932275731268
1,3943,244.87927661691998
1,3944,242.51226065618567
1,3945,50.258024993625966
1,3946,395.07959244533066
1,3947,176.22792383668772
1,3948,46.049600600683604
1,3949,249.66040454898413
1,3950,259.12394097004756
1,3951,235.20201565418387
1,3952,129.07073703984977
1,3953,198.01750799720065
1,3954,191.22251839195025
1,3955,48.8994595275401
1,3956,212.91274863478225
1,3957,355.9629871602069
1,3958,227.31302499859356
1,3959,182.45893464382274
1,3960,32.19826023381459
1,3961,224.79830889202145
1,3962,51.26566621291697
1,3963,32.19216305217965
1,3964,225.87281672710486
1,3965,266.7360293075508
1,3966,78.43032231184108
1,3967,212.3607186482949
1,3968,225.77244980336667
1,3969,241.57824632176766
1,3970,46.25573947805199
1,3971,31.972593255724302
1,3972,429.5418211567952
1,3973,245.58735917351012
1,3974,230.5175651737022
1,3975,55.72796791991563
1,3976,324.385493653636
1,3977,56.01268174823261
1,3978,280.9112625841083
1,3979,242.1467416508142
1,3980,222.8942396150257
1,3981,145.85749752005057
1,3982,224.87551041077802
1,3983,128.227618968976
1,3984,50.68670014757713
1,3985,225.93775302472454
1,3986,50.62864212867329
1,3987,233.1149277272457
1,3988,235.10764596282357
1,3989,243.39875949284396
1,3990,54.657702916081675
1,3991,238.49540679157613
1,3992,249.63957928927488
1,3993,241.8638860501321
1,3994,249.0489966013091
1,3995,86.20782422991672
1,3996,228.15577005685276
1,3997,133.9821328426232
1,3998,218.46310357764366
1,3999,39.99298660646923
1,4000,230.3818594266029
1,4001,194.2460438718018
1,4002,152.83762252058034
1,4003,316.5854395952143
1,4004,271.2687792517228
1,4005,43.55174280657384
1,4006,376.9407920087624
1,4007,240.4034970454457
1,4008,45.47845929733366
1,4009,218.9129414294802
1,4010,222.52287676615964
1,4011,225.15061178758413
1,4012,223.93433304297383
1,4013,143.73419979228817
1,4014,134.90896673187
1,4015,232.8626560772575
1,4016,134.86212038121278
1,4017,231.51690139070556
1,4018,40.839689194122485
1,4019,227.86915654108282
1,4020,45.62417845454994
1,4021,221.59626416491557
1,4022,351.2046036756516
1,4023,81.79301800203922
1,4024,228.92135758734935
1,4025,44.25618615871829
1,4026,223.64524485783545
1,4027,48.73348794074652
1,4028,226.86335637873452
1,4029,235.6671918604851
1,4030,159.75131720829623
1,4031,55.72222824117097
1,4032,243.26569898903676
1,4033,227.45215569797426
1,4034,220.85197059051166
1,4035,232.80491558266164
1,4036,229.81911754077544
1,4037,49.59250474566442
1,4038,237.71765718280417
1,4039,232.74591201339916
1,4040,194.15649701588177
1,4041,234.53251444922816
1,4042,50.65997836472709
1,4043,380.10417627493837
1,4044,242.45644461090484
1,4045,241.7220033341194
1,4046,10.01388571946995
1,4047,253.52016532336523
1,4048,245.85967316636848
1,4049,66.10788627434644
1,4050,178.75001135990436
1,4051,217.0071372846624
1,4052,46.535385703277356
1,4053,232.99747519884272
1,4054,46.63152682379774
1,4055,162.32090215026096
1,4056,52.56417844532975
1,4057,246.52909091155502
1,4058,239.5862865597653
1,4059,81.31165808562852
1,4060,241.15958137939305
1,4061,128.88057420186072
1,4062,229.39395757146542
1,4063,352.45381219514843
1,4064,222.24863490615118
1,4065,160.85905392562788
1,4066,223.07058103165738
1,4067,46.39232493889998
1,4068,228.4726645736419
1,4069,235.91824404394106
1,4070,57.21465253182372
1,4071,245.33252058727652
1,4072,158.99210359742546
1,4073,237.06001763544742
1,4074,46.51446589390139
1,4075,228.80837449118724
1,4076,248.08182683224777
1,4077,48.623262702624245
1,4078,57.42173943000425
1,4079,242.6512815411915
1,4080,50.905112630919746
1,4081,212.35976495247542
1,4082,263.5963558059099
1,4083,239.0075445183003
1,4084,225.96287104182977
1,4085,240.62016405429546
1,4086,280.4359230687228
1,4087,226.23555329896413
1,4088,226.45983761873453
1,4089,43.208308741962625
1,4090,31.89497554721256
1,4091,227.15685417327163
1,4092,225.70981515154355
1,4093,48.887540623982915
1,4094,307.36841042374726
1,4095,47.89447916953746
1,4096,209.9119468849688
1,4097,213.89491914184407
1,4098,42.02950213891448
1,4099,195.37164939708876
1,4100,45.85583019502714
1,4101,281.59986337267173
1,4102,224.54805275935956
1,4103,42.12948124262189
1,4104,222.12652530918112
1,4105,157.81001916544125
1,4106,227.06159889858708
1,4107,47.56115357186816
1,4108,224.93890144976203
1,4109,233.07215518494024
1,4110,232.97974452602284
1,4111,156.6481978876487
1,4112,44.94338830753148
1,4113,222.65146838533224
1,4114,234.36517921994127
1,4115,47.548535844494985
1,4116,220.8068588515838
1,4117,353.6398572878961
1,4118,220.13497813399138
1,4119,41.114504438031574
1,4120,206.30159150619855
1,4121,216.42436462274367
1,4122,208.12508746357548
1,4123,210.09030100768706
1,4124,205.61615700576255
1,4125,44.470305966054276
1,4126,133.6867663988744
1,4127,214.0983475504976
1,4128,43.249569799915605
1,4129,211.21760659359444
1,4130,51.655821430810775
1,4131,234.3510955333236
1,4132,79.11987421185873
1,4133,218.0528417647938
1,4134,129.93250910325162
1,4135,137.99084195449785
1,4136,298.1943013032414
1,4137,6.329877081780462
1,4138,125.21736386939371
1,4139,44.55681837218552
1,4140,220.96895848239566
1,4141,44.595644354398104
1,4142,213.92007428806318
1,4143,53.024087109923094
1,4144,227.8692228137807
1,4145,224.40324323061682
1,4146,44.3430503389884
1,4147,164.00412778871066
1,4148,263.7837043370636
1,4149,235.78316805751473
1,4150,79.71494148121886
1,4151,254.1150594176155
1,4152,44.153708449314735
1,4153,238.6601162649073
1,4154,229.2300645683042
1,4155,45.62870966141081
1,4156,230.33318329704446
1,4157,41.46077119832644
1,4158,103.96390676826853
1,4159,234.19966001376997
1,4160,45.24526601010011
1,4161,46.76571519433173
1,4162,299.27126820815846
1,4163,46.0049335982756
1,4164,238.6899060780613
1,4165,104.70509750527344
1,4166,46.75035899048768
1,4167,296.37969361235656
1,4168,301.94497279550814
1,4169,221.97783141680898
1,4170,227.29953153448264
1,4171,248.72985051193393
1,4172,247.44384337997928
1,4173,50.24742949670062
1,4174,234.23477468245414
1,4175,462.7741904372559
1,4176,46.059598374741256
1,4177,235.53565708668015
1,4178,232.24567225889388
1,4179,231.9124811211724
1,4180,163.34118683755761
1,4181,267.0619973277297
1,4182,229.68184932744322
1,4183,232.98065021760948
1,4184,215.40242973617597
1,4185,104.92209675026956
1,4186,225.9060031705995
1,4187,46.48624313554056
1,4188,244.36445667732366
1,4189,45.8199037970596
1,4190,161.81336760782386
1,4191,267.53318433547986
1,4192,144.63754424370933
1,4193,234.92323187750287
1,4194,13.448129050269278
1,4195,128.45566485272766
1,4196,46.20520983183232
1,4197,237.2271664946545
1,4198,44.027154810164916
1,4199,218.36544870808166
1,4200,51.17153181093832
1,4201,211.29088690491082
1,4202,223.42830090550353
1,4203,42.6428601635492
1,4204,151.81031046193596
1,4205,263.9349805355073
1,4206,222.48650915717226
1,4207,77.90097609329263
1,4208,206.02159676942586
1,4209,42.36384957395228
1,4210,218.08001640658236
1,4211,206.74563918965538
1,4212,42.33200320084505
1,4213,117.31499205441557
1,4214,226.95933523571154
1,4215,43.5333835283778
1,4216,214.81622607595466
1,4217,43.49628013165537
1,4218,236.63897443574126
1,4219,249.55178909054467
1,4220,46.08406249415087
1,4221,225.06919847888042
1,4222,230.4932242826197
1,4223,43.906806203339514
1,4224,229.28324246093314
1,4225,41.177465438074336
1,4226,103.47880198956256
1,4227,229.15373231330204
1,4228,44.03776614685508
1,4229,44.50239814139003
1,4230,303.7877780556262
1,4231,44.22876375325641
1,4232,230.13943036584814
1,4233,102.95589213013761
1,4234,44.148224555537745
1,4235,289.90816531195577
1,4236,444.6684290632687
1,4237,45.369275777837686
1,4238,234.35102145230337
1,4239,249.40475710937645
1,4240,50.56920962993542
1,4241,232.1924681875123
1,4242,240.0171100692737
1,4243,303.11364950496613
1,4244,224.66155220474428
1,4245,228.1462643629567
1,4246,245.0967792510328
1,4247,249.051805101149
1,4248,50.80545165474173
1,4249,233.12609938447514
1,4250,54.47636843344009
1,4251,47.85364134248961
1,4252,238.3613197339781
1,4253,45.973065327881315
1,4254,161.89886477555467
1,4255,267.8263186758302
1,4256,220.31275270160728
1,4257,163.7343010061544
1,4258,105.20227647224488
1,4259,124.86235213785507
1,4260,268.5197364159062
1,4261,139.89587271054714
1,4262,138.68102789443265
1,4263,243.02343357369966
1,4264,46.172625067610596
1,4265,83.10047553994372
1,4266,236.46057365429263
1,4267,230.42967638010177
1,4268,237.6007229707938
1,4269,48.577645359252685
1,4270,226.43715239759223
1,4271,94.2479556503175
1,4272,206.31830397609227
1,4273,246.8441074557573
1,4274,213.91340379497052
1,4275,151.90362783749913
1,4276,203.34388390543916
1,4277,49.00943699651424
1,4278,253.817529921547
1,4279,241.05338426813097
1,4280,34.177877159927775
1,4281,222.95945575086807
1,4282,42.745982977744276
1,4283,133.75969287836358
1,4284,514.8350125087666
1,4285,225.80018062256445
1,4286,226.70310038457694
1,4287,45.12682815045472
1,4288,222.99262728513548
1,4289,157.70447995734517
1,4290,32.93037385732875
1,4291,221.68312411608014
1,4292,226.4770324899281
1,4293,43.70204936920873
1,4294,533.1789698898201
1,4295,45.097924602367
1,4296,220.9576551605626
1,4297,26.675614876864433
1,4298,216.75635822037316
1,4299,226.92645983951343
1,4300,229.61912736047773
1,4301,235.44439317907145
1,4302,139.08607802333592
1,4303,190.90740541354427
1,4304,44.95196478408501
1,4305,229.29724049156448
1,4306,45.16447055249069
1,4307,208.7737776440756
1,4308,56.227154964629335
1,4309,233.50096594694224
1,4310,240.37304255193504
1,4311,45.06253129237777
1,4312,229.33774041548764
1,4313,230.8450133435445
1,4314,35.82315088364825
1,4315,236.5953559430775
1,4316,47.96566130463279
1,4317,46.37658640941471
1,4318,570.6409384102469
1,4319,46.86134048812542
1,4320,37.1058492284114
1,4321,232.03338421886878
1,4322,236.67363136922094
1,4323,51.194771367766066
1,4324,279.71114508680466
1,4325,224.42801278685016
1,4326,233.65642017314823
1,4327,235.97769740895632
1,4328,47.515900318104514
1,4329,221.85942726771086
1,4330,55.86683598745316
1,4331,242.8665329840345
1,4332,487.5806022033916
1,4333,230.38059049804127
1,4334,40.39725462039935
1,4335,228.9396329206626
1,4336,133.49648303866826
1,4337,61.155994665918556
1,4338,173.12494885970347
1,4339,200.2167422745891
1,4340,43.34642459298812
1,4341,230.21426001513987
1,4342,216.66149283911028
1,4343,42.34538892149658
1,4344,133.24307613624717
1,4345,178.1586560207863
1,4346,249.06745508267164
1,4347,45.94492318754893
1,4348,198.07859265142866
1,4349,225.1456563463896
1,4350,43.0599140354433
1,4351,63.66239745791863
1,4352,240.5637792022358
1,4353,226.58785597936935
1,4354,28.015941164223342
1,4355,75.82698348356624
1,4356,140.39326947232388
1,4357,192.8920860120652
1,4358,48.89987250233713
1,4359,144.50439993651577
1,4360,204.24892291913338
1,4361,47.02900889266766
1,4362,44.95310609689558
1,4363,237.67993997281633
1,4364,246.55443821890873
1,4365,249.61546483747568
1,4366,252.72917010148478
1,4367,87.20436273268606
1,4368,232.8468522390067
1,4369,241.11290205666523
1,4370,57.528895443626475
1,4371,261.87755473688674
1,4372,48.742980450023666
1,4373,209.68331757690356
1,4374,258.9504666941322
1,4375,145.8994635943193
1,4376,255.4453655414927
1,4377,87.06118243023765
1,4378,247.29826709942245
1,4379,243.36421866115734
1,4380,49.092881019505086
1,4381,194.02047441859682
1,4382,241.64016024865379
1,4383,48.99962499581041
1,4384,260.8892821415433
1,4385,52.528364798601984
1,4386,230.20445700926226
1,4387,236.14661722703403
1,4388,238.34768531338833
1,4389,239.23723174509036
1,4390,48.56839504428046
1,4391,234.96399179751398
1,4392,166.34545174156668
1,4393,254.63965586485202
1,4394,206.09346442059942
1,4395,143.70090127067016
1,4396,248.1233953743868
1,4397,52.16894338589113
1,4398,241.75332447339483
1,4399,48.52818404835791
1,4400,250.47759801659822
1,4401,245.97721348951177
1,4402,51.97030173028732
1,4403,239.5736190851722
1,4404,44.050150974038225
1,4405,239.24794972826004
1,4406,51.95314298223501
1,4407,242.77086138784722
1,4408,235.40134343123302
1,4409,45.06979290131973
1,4410,250.56977898875954
1,4411,233.55877289035914
1,4412,352.87116421008534
1,4413,49.68080846454262
1,4414,237.44649918856823
1,4415,53.75037965162059
1,4416,268.7328089765167
1,4417,49.324999173892024
1,4418,226.24812755581362
1,4419,245.9974816218908
1,4420,49.514534192253706
1,4421,233.9103623943283
1,4422,360.4499256562766
1,4423,267.77596157493286
1,4424,53.64228940988426
1,4425,243.64826911458402
1,4426,249.80322953116564
1,4427,77.33966984804339
1,4428,140.105938538984
1,4429,260.1619077878539
1,4430,267.60354989967243
1,4431,45.169088788983835
1,4432,254.26741031765965
1,4433,12.443446613549757
1,4434,399.1889731599679
1,4435,27.646578636669567
1,4436,390.0090788457955
1,4437,248.05276765534597
1,4438,240.73135215847026
1,4439,230.2251018896589
1,4440,211.81341804273745
1,4441,27.01336116532368
1,4442,248.64495686478344
1,4443,223.74070150720655
1,4444,42.382948740074234
1,4445,234.1674444784838
1,4446,136.52396444284793
1,4447,138.41947299161274
1,4448,221.0192669583493
1,4449,398.3076411985936
1,4450,49.9092869607006
1,4451,144.08356820683593
1,4452,314.23493404667965
1,4453,244.63882250861573
1,4454,237.86569705347236
1,4455,43.21419592049194
1,4456,248.06342351966555
1,4457,140.95269427957243
1,4458,52.51841897845787
1,4459,46.61194117451724
1,4460,234.77138360807237
1,4461,44.98972418141526
1,4462,238.97228735084747
1,4463,223.58259177983297
1,4464,27.540981212381496
1,4465,225.23896878820153
1,4466,42.80482324720925
1,4467,502.97853696324546
1,4468,80.87230423570082
1,4469,229.01415199329787
1,4470,44.72504972462852
1,4471,221.97174248468545
1,4472,137.71310992161355
1,4473,233.19036418289454
1,4474,250.2084526318755
1,4475,48.56142334691869
1,4476,248.18960529626298
1,4477,269.85098613963
1,4478,77.23502080571842
1,4479,220.51207145683054
1,4480,126.61752899384308
1,4481,245.3047609033494
1,4482,238.89059357349078
1,4483,45.0955274306325
1,4484,243.15871414756037
1,4485,224.72858713632814
1,4486,200.541521707144
1,4487,238.09955414678433
1,4488,80.54835151889256
1,4489,234.31652931145987
1,4490,48.26497848198229
1,4491,215.13843631266587
1,4492,44.41352028293285
1,4493,245.1976575678401
1,4494,256.59932381621707
1,4495,239.56257851943218
1,4496,47.46338761932171
1,4497,262.2397759694891
1,4498,148.97637508172988
1,4499,237.4884198072009
1,4500,50.593743238251896
1,4501,457.9831868635025
1,4502,50.35228371493958
1,4503,292.86402894062826
1,4504,241.87720577302113
1,4505,364.67287407546803
1,4506,253.9029001326254
1,4507,83.86584938218941
1,4508,45.730275594510076
1,4509,235.43907994514268
1,4510,48.66754174350717
1,4511,263.41033662282143
1,4512,163.03812927516287
1,4513,232.60348008168248
1,4514,47.816668414969506
1,4515,240.45202944477558
1,4516,127.75990012507555
1,4517,144.44509380149645
1,4518,239.65815061050859
1,4519,228.56319379176614
1,4520,600.9826951212847
1,4521,43.57950206040428
1,4522,135.06855923698959
1,4523,241.49403206899942
1,4524,281.7868218063947
1,4525,274.5314680806519
1,4526,266.5291608186931
1,4527,268.72072785810764
1,4528,257.9502782345849
1,4529,44.160466485218485
1,4530,244.7934919081058
1,4531,43.743101763425805
1,4532,259.89691101601676
1,4533,164.4390794937576
1,4534,248.99856859895806
1,4535,89.05560747923673
1,4536,249.59001496680963
1,4537,248.950599150341
1,4538,44.09453483926876
1,4539,276.56658921056845
1,4540,247.3050760674608
1,4541,65.67392406146618
1,4542,252.34971175927097
1,4543,51.23309027708103
1,4544,156.68733810775802
1,4545,242.04056379546148
1,4546,252.47161175076758
1,4547,262.81780780144527
1,4548,180.23170242757445
1,4549,48.63062012030663
1,4550,122.42050489910514
1,4551,52.4540939571128
1,4552,266.18757686430155
1,4553,298.9239270233357
1,4554,258.35547614996597
1,4555,157.29079911654298
1,4556,263.2513017790183
1,4557,47.69900537643888
1,4558,259.6055835091519
1,4559,161.8998963250978
1,4560,250.43226444934544
1,4561,50.74725139184763
1,4562,251.65605736353416
1,4563,51.959688002020926
1,4564,252.18188555137425
1,4565,41.229799897386016
1,4566,317.69803109043545
1,4567,258.1002671863363
1,4568,270.92022438923453
1,4569,272.5333563485494
1,4570,268.3726463616422
1,4571,277.5838202217468
1,4572,112.52824435577767
1,4573,263.13589542892385
1,4574,265.74490543009654
1,4575,257.86109283149864
1,4576,51.7478920661855
1,4577,253.73138895281213
1,4578,38.56301588089736
1,4579,269.84137609825734
1,4580,254.94128547922512
1,4581,50.8170661283153
1,4582,284.8034397215112
1,4583,254.46563548215735
1,4584,173.49642662613832
1,4585,278.0961461592987
1,4586,265.88644830829276
1,4587,290.03733595862
1,4588,250.11409972016133
1,4589,167.7907001996984
1,4590,182.01223962377065
1,4591,253.7478120765641
1,4592,259.8496064644447
1,4593,247.3779998775583
1,4594,226.4989558595281
1,4595,130.4563595291721
1,4596,243.21997163279678
1,4597,43.16832648260155
1,4598,236.05777153081786
1,4599,245.9850400324938
1,4600,252.98938009526626
1,4601,236.76151609574617
1,4602,248.36660487299378
1,4603,46.214465973753974
1,4604,239.42428985951858
1,4605,98.18949873890736
1,4606,268.6922035315514
1,4607,47.79711176373761
1,4608,251.5036413703683
1,4609,89.19467355259323
1,4610,261.8103026174099
1,4611,252.65169672120845
1,4612,56.49443921330639
1,4613,251.65544181328653
1,4614,268.9853728792518
1,4615,252.29547300528202
1,4616,241.30141298641905
1,4617,254.73804565852433
1,4618,65.69152258564361
1,4619,353.972549479333
1,4620,58.201616114754614
1,4621,310.063562132757
1,4622,262.2303988581425
1,4623,52.81176452700571
1,4624,196.50001374252997
1,4625,262.7742482585021
1,4626,61.02041882432992
1,4627,239.2075438625737
1,4628,50.40140127391912
1,4629,226.29561691398143
1,4630,50.6146296898983
1,4631,259.55154554714386
1,4632,91.658701297123
1,4633,505.2668322887251
1,4634,66.44308764801066
1,4635,190.2557856498711
1,4636,263.378315906714
1,4637,270.58131175360325
1,4638,52.26579599372239
1,4639,49.11039382240471
1,4640,317.42815967027946
1,4641,51.30577983486256
1,4642,249.04043287872355
1,4643,51.53277215936195
1,4644,133.31440295601885
1,4645,280.8615387150737
1,4646,69.64299330236211
1,4647,500.5761284597385
1,4648,63.10881471875965
1,4649,263.7421449281736
1,4650,152.76935391346967
1,4651,264.20026125479444
1,4652,251.1860239681767
1,4653,268.0318160889748
1,4654,138.29437583508587
1,4655,194.90026677332577
1,4656,269.07040071175123
1,4657,50.68932739539788
1,4658,271.59830893092976
1,4659,258.09492767608447
1,4660,261.0674854933487
1,4661,155.9900325501399
1,4662,84.81860517396088
1,4663,267.67229381609826
1,4664,260.4071614678894
1,4665,35.914179484641664
1,4666,221.40279749536853
1,4667,251.58528819499435
1,4668,270.6077250524258
1,4669,165.3323692187141
1,4670,50.64106156753323
1,4671,279.09885204194694
1,4672,152.0075369678193
1,4673,266.0674287292878
1,4674,260.9419736036369
1,4675,274.10712676249847
1,4676,211.90206525183663
1,4677,252.13878304033466
1,4678,137.94406933637248
1,4679,200.01131123459552
1,4680,50.70373537943628
1,4681,259.32414180853834
1,4682,50.59551122245688
1,4683,262.56510585477895
1,4684,50.35563080411791
1,4685,50.58829853524227
1,4686,266.33732854330873
1,4687,300.0504242757373
1,4688,186.9606799808628
1,4689,253.431419693931
1,4690,163.81332251430936
1,4691,269.16909388682313
1,4692,55.85716948449826
1,4693,263.0987114238793
1,4694,92.20645903976207
1,4695,296.31405575934446
1,4696,264.3045892443808
1,4697,266.81008896128867
1,4698,176.25564921270467
1,4699,258.46508248332634
1,4700,266.7119263366077
1,4701,264.059663216953
1,4702,241.40143006899856
1,4703,509.9212649163856
1,4704,246.40250704885761
1,4705,232.71645038085978
1,4706,44.511148586975544
1,4707,248.31709141423363
1,4708,44.47334334048224
1,4709,237.36363665075976
1,4710,250.42793036785642
1,4711,243.70754367244746
1,4712,39.92468181837886
1,4713,240.99776375127027
1,4714,247.39554863283817
1,4715,242.26659707787618
1,4716,391.7832366275979
1,4717,244.71496434152715
1,4718,105.01105156039218
1,4719,82.65794176411649
1,4720,65.59482680641096
1,4721,254.62441010749515
1,4722,245.77573402574723
1,4723,254.80052568899487
1,4724,258.52232542218627
1,4725,432.7055161402477
1,4726,257.6872694601457
1,4727,249.92387954736088
1,4728,268.26720049278697
1,4729,44.748165394134446
1,4730,308.27699810624745
1,4731,268.0878639070909
1,4732,260.77224721482196
1,4733,255.52518787747812
1,4734,263.04272886995875
1,4735,50.44501145628887
1,4736,243.66768628073848
1,4737,252.32495274584204
1,4738,89.26864123752478
1,4739,251.1010448775101
1,4740,239.8845383329899
1,4741,236.07692137607216
1,4742,236.39926603451312
1,4743,250.8645820882193
1,4744,90.68523614963624
1,4745,250.64825122730429
1,4746,265.0275992502063
1,4747,254.2128360891556
1,4748,90.22516891004744
1,4749,265.74207226098633
1,4750,258.9820554681817
1,4751,270.7465057346782
1,4752,266.7454514572745
1,4753,50.75409325442413
1,4754,263.9903304539939
1,4755,60.49291025971655
1,4756,251.91947889793664
1,4757,270.553727133324
1,4758,268.94680721356883
1,4759,49.35923929670493
1,4760,37.31440469051691
1,4761,266.30560287329473
1,4762,49.328316483247946
1,4763,257.33882225476054
1,4764,264.0061728537486
1,4765,254.73013923297606
1,4766,155.68206292088672
1,4767,263.39777873856553
1,4768,173.10573433457864
1,4769,254.4686900150317
1,4770,39.149806154230745
1,4771,146.12868145268192
1,4772,219.26574627226495
1,4773,124.33302873739383
1,4774,186.91446385821115
1,4775,243.91986769542612
1,4776,139.6637644079819
1,4777,40.54221984773646
1,4778,275.85392208190444
1,4779,233.41452205674227
1,4780,267.0701732464255
1,4781,146.07138814161482
1,4782,255.9424370259802
1,4783,124.0040377743116
1,4784,189.87590003403108
1,4785,254.0950692397255
1,4786,58.66012464172124
1,4787,246.27413617451134
1,4788,46.16683060110737
1,4789,242.23613529056297
1,4790,51.72316633654539
1,4791,128.29166834086956
1,4792,276.9617549291943
1,4793,250.8527380840728
1,4794,172.7387065299832
1,4795,252.9683272591635
1,4796,250.5197128324489
1,4797,99.55857601406774
1,4798,250.33185558063695
1,4799,256.2181199106592
1,4800,68.92275711012256
1,4801,314.80389437676143
1,4802,275.69814742846745
1,4803,258.01876727503657
1,4804,243.6032230312997
1,4805,247.64157035648293
1,4806,48.16681370414466
1,4807,257.8422913433179
1,4808,53.91116562349218
1,4809,281.1118291168102
1,4810,45.97396085057679
1,4811,250.76549176113537
1,4812,265.87968589359883
1,4813,271.58701702957626
1,4814,49.751732655002534
1,4815,252.22690387723645
1,4816,251.02216015431998
1,4817,270.1264905596663
1,4818,306.57767491439563
1,4819,220.25352916184073
1,4820,33.99051599218528
1,4821,229.48778367440752
1,4822,240.33273289445162
1,4823,251.69034414838006
1,4824,291.7459519392769
1,4825,263.3620126501536
1,4826,53.86996556715569
1,4827,63.88824856077932
1,4828,271.16536425092806
1,4829,243.93600142463544
1,4830,229.07095599966092
1,4831,234.63698288474274
1,4832,249.22051984829722
1,4833,245.76373172462095
1,4834,242.0003681930129
1,4835,250.29039221059782
1,4836,249.66002868798358
1,4837,242.02300790507448
1,4838,240.08152317430157
1,4839,254.64200375563368
1,4840,298.1000089295767
1,4841,248.6085885197374
1,4842,50.37946125725342
1,4843,240.00433067654052
1,4844,255.4511319658414
1,4845,245.0171311052748
1,4846,263.71763138226095
1,4847,194.09114971463245
1,4848,243.4241228653239
1,4849,251.1780922579194
1,4850,35.388635764886
1,4851,142.5945512024771
1,4852,232.97625488484374
1,4853,249.17382694137427
1,4854,262.243480083304
1,4855,245.39192285962832
1,4856,247.67309842646188
1,4857,246.05653149849104
1,4858,50.850772308085915
1,4859,59.36870627228295
1,4860,261.110762936634
1,4861,261.5002063703007
1,4862,254.58454652148794
1,4863,255.26216301261275
1,4864,50.386836913127894
1,4865,242.43837100856672
1,4866,51.1493733809845
1,4867,142.88423655347032
1,4868,297.2624248609195
1,4869,256.5778723134332
1,4870,246.05382356555765
1,4871,37.89140780777133
1,4872,291.56923291859187
1,4873,52.487347419500935
1,4874,305.8297642089358
1,4875,256.7200880214007
1,4876,51.9558128815145
1,4877,55.760431499402316
1,4878,246.70245797777346
1,4879,248.4170477683629
1,4880,57.92423854690601
1,4881,235.23551173570797
1,4882,243.28751167744235
1,4883,239.0106987638108
1,4884,49.348380755564214
1,4885,245.67211707503958
1,4886,58.19266391033513
1,4887,250.83637839239842
1,4888,142.15619580025776
1,4889,251.80277481155616
1,4890,243.57771020031902
1,4891,242.79699978160244
1,4892,239.63710214745595
1,4893,608.8928949842168
1,4894,246.48602940118707
1,4895,234.52759651167838
1,4896,247.33792075905183
1,4897,205.3791875404097
1,4898,50.44956026582428
1,4899,246.1691318364028
1,4900,59.2739259676902
1,4901,239.10424455332162
1,4902,250.39133492862936
1,4903,27.729113490825426
1,4904,242.931685185449
1,4905,55.467818733413196
1,4906,241.8518384323308
1,4907,145.31357140811704
1,4908,253.82701807065746
1,4909,48.33924735951662
1,4910,249.7787953932383
1,4911,48.39536747281114
1,4912,249.46996991366638
1,4913,50.14552931300964
1,4914,48.1633237004489
1,4915,259.5064262502104
1,4916,170.37477066971684
1,4917,249.53428719735473
1,4918,297.41301516913023
1,4919,273.49342401210373
1,4920,266.4489452846269
1,4921,243.2533177670077
1,4922,259.6643224135873
1,4923,44.42787167888061
1,4924,241.45907787035262
1,4925,44.95735464605555
1,4926,57.903502472215585
1,4927,309.46018271567664
1,4928,87.04829479365767
1,4929,242.05262723476494
1,4930,243.03928710834538
1,4931,55.358600296943
1,4932,242.39896840588173
1,4933,280.0747367914622
1,4934,47.31438042155945
1,4935,249.3825500769974
1,4936,46.77029769850125
1,4937,250.39641776335515
1,4938,239.85740274201018
1,4939,263.35973195764404
1,4940,241.2890562394494
1,4941,168.48234389059678
1,4942,261.42086442116465
1,4943,249.29528747985017
1,4944,235.37609153224145
1,4945,246.66769573681069
1,4946,306.71592036610446
1,4947,230.16668247599551
1,4948,9.939146147768692
1,4949,177.63457681087215
1,4950,237.665338846557
1,4951,247.7741969373297
1,4952,59.524087548169014
1,4953,186.65989037569594
1,4954,256.8271710759541
1,4955,50.469308638533136
1,4956,263.7634817606866
1,4957,87.34885728534013
1,4958,383.4699892752318
1,4959,282.0306108448458
1,4960,151.63794121662502
1,4961,47.99901967100945
1,4962,252.78741245206956
1,4963,50.14182627172758
1,4964,304.79350477224875
1,4965,254.2467461649003
1,4966,289.7493222374864
1,4967,288.00871114649306
1,4968,94.108571484966
1,4969,263.0259243067516
1,4970,232.12372499551776
1,4971,316.40539027055195
1,4972,252.4635666144332
1,4973,85.46933586923073
1,4974,310.9653160040924
1,4975,264.05592059602975
1,4976,226.05873662236303
1,4977,245.90898456689212
1,4978,45.77952569629086
1,4979,266.14460545681584
1,4980,187.486112677787
1,4981,46.814357086783275
1,4982,247.25582350853645
1,4983,47.19765098779895
1,4984,46.82172196707927
1,4985,243.467248800637
1,4986,255.63726386281436
1,4987,50.04391033318318
1,4988,50.39839994400336
1,4989,216.9076760724566
1,4990,142.78812659930315
1,4991,47.36394480570847
1,4992,349.39033246040617
1,4993,266.11128400559755
1,4994,49.85124316833319
1,4995,246.70372300986526
1,4996,18.031670005000095
1,4997,49.941201831020486
1,4998,248.92023374774752
1,4999,51.92775829327738
1,5000,257.39391978110484
1,5001,229.14404784496492
1,5002,151.35339562997456
1,5003,247.13911361500948
1,5004,48.221814283440025
1,5005,252.7331379472524
1,5006,247.4499535271998
1,5007,228.10464213576034
1,5008,192.97403974188438
1,5009,245.31531369667397
1,5010,265.50401387487693
1,5011,146.08868619512708
1,5012,246.86370067184936
1,5013,48.34257204810007
1,5014,245.7583719192058
1,5015,52.392392591850864
1,5016,48.65036251931641
1,5017,246.4780466905424
1,5018,256.81420172678173
1,5019,155.7625899939514
1,5020,304.9609186288137
1,5021,237.8304352241788
1,5022,247.05878941890148
1,5023,51.00616727890848
1,5024,241.7696992459954
1,5025,89.07327994712392
1,5026,385.12301783869657
1,5027,288.6777584257802
1,5028,145.1303467628959
1,5029,256.17683156189287
1,5030,308.7627371577514
1,5031,237.60151510220692
1,5032,270.73853854658023
1,5033,166.2671714123727
1,5034,255.71623029117748
1,5035,274.5715189173373
1,5036,250.2492256679409
1,5037,705.6725954040417
1,5038,266.0724290229927
1,5039,48.08110186859961
1,5040,259.9240959341747
1,5041,261.5242839184117
1,5042,259.8908660469718
1,5043,246.99181493513817
1,5044,58.728745313029776
1,5045,266.6687793349037
1,5046,262.28628011953936
1,5047,256.47016690845845
1,5048,270.1721427023597
1,5049,261.7663561262718
1,5050,165.96044173651774
1,5051,266.30517802929836
1,5052,261.63493461713995
1,5053,260.8194381676976
1,5054,251.69669755461774
1,5055,254.06143407845042
1,5056,289.98502624318644
1,5057,271.0809439599226
1,5058,50.71993611098446
1,5059,270.99409827444083
1,5060,263.25918165166513
1,5061,197.6620621181829
1,5062,252.8741469138568
1,5063,45.144572910869684
1,5064,37.46975118558676
1,5065,80.22151144159592
1,5066,126.13160187050299
1,5067,236.48765010592373
1,5068,234.4032138493977
1,5069,45.62202040435723
1,5070,242.0635896597411
1,5071,46.368189084444
1,5072,242.2859095910755
1,5073,252.94699609359242
1,5074,240.78240136951388
1,5075,11.05913916502991
1,5076,244.12856079306206
1,5077,59.07124181725875
1,5078,244.70935113086665
1,5079,47.02580346732839
1,5080,244.00630734853718
1,5081,38.117078762578934
1,5082,243.23680650512665
1,5083,234.7093181196915
1,5084,243.597197332861
1,5085,244.4530049586263
1,5086,100.48503027864072
1,5087,178.09817208283107
1,5088,59.380084455049875
1,5089,278.93652373490295
1,5090,243.62860648656618
1,5091,11.666158663839472
1,5092,245.71344730460623
1,5093,70.36717931672348
1,5094,61.34652720372627
1,5095,182.80355968588174
1,5096,50.341090330699835
1,5097,242.25416272068105
1,5098,48.020378353322144
1,5099,250.33971723545218
1,5100,50.10524843814163
1,5101,277.0163828657762
1,5102,165.62780739285347
1,5103,255.40596560323257
1,5104,48.0878695189533
1,5105,259.08878564665054
1,5106,243.56326139177747
1,5107,245.31408100630392
1,5108,88.58425582966395
1,5109,260.37103316372645
1,5110,60.600610892012256
1,5111,88.70870203667121
1,5112,252.67575624134767
1,5113,132.77805043605395
1,5114,249.8500762879161
1,5115,144.3716320156308
1,5116,52.064207673089896
1,5117,276.4685234926035
1,5118,256.2349052415115
1,5119,257.3849668209163
1,5120,266.09369066518514
1,5121,271.7768150014266
1,5122,54.8345532753884
1,5123,271.65065622114173
1,5124,254.4578584031188
1,5125,344.47655050428307
1,5126,250.79027327540675
1,5127,48.335770637550276
1,5128,245.43588822000703
1,5129,52.468064242855064
1,5130,251.5083657917134
1,5131,252.497678558355
1,5132,22.374266289601007
1,5133,272.12107742373394
1,5134,48.0140007459668
1,5135,249.32843292587074
1,5136,324.49658010967494
1,5137,259.11352752449113
1,5138,234.57881665211607
1,5139,256.51906163866823
1,5140,251.944325176513
1,5141,245.422676847375
1,5142,246.85528513738302
1,5143,221.9031409447735
1,5144,241.1874395347403
1,5145,45.15074147661619
1,5146,249.86639699532913
1,5147,242.94122109282387
1,5148,206.62229813115312
1,5149,240.4473483548186
1,5150,45.49714255493117
1,5151,241.36988125598464
1,5152,289.05700191276713
1,5153,50.588817566727045
1,5154,269.8027717452329
1,5155,260.7129212936327
1,5156,43.712528358406004
1,5157,246.40452772919517
1,5158,246.41559952268335
1,5159,34.00838565620702
1,5160,356.690400112337
1,5161,230.82371344986404
1,5162,262.67117487069083
1,5163,259.2008428658391
1,5164,244.3316484133827
1,5165,43.97557395563149
1,5166,242.9023807175335
1,5167,57.52581141749114
1,5168,224.60828879519732
1,5169,252.23939625926448
1,5170,249.62309571162962
1,5171,236.63522584509045
1,5172,236.40656523674818
1,5173,48.91496658183583
1,5174,239.10073534663624
1,5175,255.39843380309168
1,5176,45.42627370880337
1,5177,247.07733632607363
1,5178,253.1050001370587
1,5179,90.30088837820858
1,5180,249.7063801081056
1,5181,54.12634717163961
1,5182,250.9333935415272
1,5183,259.51394058318044
1,5184,92.21561854534269
1,5185,273.3030021291977
1,5186,49.61319335746488
1,5187,272.719550870397
1,5188,258.5436901647057
1,5189,264.870705044786
1,5190,50.1732076618552
1,5191,252.16914072791408
1,5192,259.843894492343
1,5193,47.688392663723874
1,5194,255.0088010480843
1,5195,256.80303657145635
1,5196,49.926398075653864
1,5197,261.84832986944957
1,5198,255.9539702908134
1,5199,253.98969301955202
1,5200,52.97043827251834
1,5201,223.38790929154146
1,5202,272.1931771434422
1,5203,274.07636048446625
1,5204,142.40862476944972
1,5205,198.97246363658383
1,5206,262.6975236111102
1,5207,250.8597350765963
1,5208,62.96122149743292
1,5209,270.14407454124284
1,5210,85.8887730251403
1,5211,155.04904787948195
1,5212,269.80210654960865
1,5213,50.7612457818676
1,5214,278.14377601687477
1,5215,52.7467739880733
1,5216,155.45098315398707
1,5217,143.20070921503145
1,5218,273.84113856255806
1,5219,55.19580225976565
1,5220,162.472663494127
1,5221,267.8846720013829
1,5222,269.35427899208
1,5223,262.5375068994599
1,5224,226.22325014991097
1,5225,10.875402434554662
1,5226,255.7070582657219
1,5227,217.92107133918694
1,5228,231.81072104246704
1,5229,89.17112146764588
1,5230,218.02760812827944
1,5231,224.96797113277407
1,5232,221.07691118397491
1,5233,189.26510906446208
1,5234,380.20221180974517
1,5235,209.59753780680927
1,5236,204.24538303694027
1,5237,42.609606990667864
1,5238,211.02475995492108
1,5239,98.03168612459261
1,5240,39.41803400083879
1,5241,240.36132807201474
1,5242,132.33370765258502
1,5243,209.28161932273412
1,5244,206.3362828812005
1,5245,203.73292208232147
1,5246,213.24840205178458
1,5247,91.64168710370754
1,5248,215.06594897642253
1,5249,39.407638389369865
1,5250,200.36789097074697
1,5251,41.659132318700586
1,5252,42.932756455505725
1,5253,241.22327319071005
1,5254,267.3764691222236
1,5255,43.87526723605257
1,5256,210.78125104180535
1,5257,92.44389087359426
1,5258,202.4026011031076
1,5259,203.27078430849332
1,5260,214.08242137122534
1,5261,137.01733926136842
1,5262,77.63942029310593
1,5263,204.3945819438221
1,5264,210.60426232607983
1,5265,219.90603638641096
1,5266,39.33319611141364
1,5267,400.8765236153613
1,5268,210.56526324831182
1,5269,242.28897679820045
1,5270,222.33465810142928
1,5271,219.88615757660622
1,5272,288.5625662978779
1,5273,235.6274239983133
1,5274,140.81778145738852
1,5275,221.33803483073146
1,5276,231.90390331047166
1,5277,43.27994744473931
1,5278,173.13391563106921
1,5279,210.94205178837728
1,5280,212.20751723612102
1,5281,231.81867581123333
1,5282,156.0051104073596
1,5283,81.22806475857642
1,5284,206.82649465274739
1,5285,42.539312378235195
1,5286,74.59298933403379
1,5287,214.58585834722595
1,5288,45.94506388308276
1,5289,268.1865626315892
1,5290,224.57334871896535
1,5291,20.22173709128411
1,5292,126.67071956211915
1,5293,259.0280649141788
1,5294,52.599320527498975
1,5295,146.319372530072
1,5296,61.78622056823342
1,5297,198.56463373421292
1,5298,49.943035269218946
1,5299,210.7939610446412
1,5300,235.25444175477583
1,5301,44.11363248295326
1,5302,263.15609899105584
1,5303,221.79349952151122
1,5304,45.56545562070262
1,5305,30.709088949778586
1,5306,195.24816874714116
1,5307,142.24214205797244
1,5308,218.37940174377428
1,5309,227.82356156868906
1,5310,226.14268120334935
1,5311,223.20293288072946
1,5312,162.34139652478305
1,5313,31.11537271777967
1,5314,194.078770231857
1,5315,215.0059198882155
1,5316,232.9277442238602
1,5317,229.54581750569173
1,5318,235.16647431905702
1,5319,235.92424147362487
1,5320,47.209396066246654
1,5321,132.24997223328467
1,5322,46.54925012214123
1,5323,97.77826908460526
1,5324,213.35040499350174
1,5325,371.3602187219467
1,5326,222.25775216384704
1,5327,46.90901000954965
1,5328,136.0475554180591
1,5329,44.33611783524981
1,5330,229.88686178494515
1,5331,46.28874130960945
1,5332,162.29202356583232
1,5333,229.33765521214434
1,5334,226.1143879735601
1,5335,230.51290609043434
1,5336,512.4906256814329
1,5337,344.81393271304864
1,5338,46.29609971713915
1,5339,32.46631314400011
1,5340,235.04532798609745
1,5341,57.28642792594776
1,5342,47.452504217495466
1,5343,227.9919158621366
1,5344,46.12940818196316
1,5345,567.6712978757246
1,5346,46.33610242318342
1,5347,231.59971501839692
1,5348,227.08148283254098
1,5349,301.83762821744824
1,5350,127.15558059307943
1,5351,232.0971665894224
1,5352,8.993550240106103
1,5353,207.9767736749405
1,5354,128.43119569321348
1,5355,222.55602789171024
1,5356,168.01547577108673
1,5357,99.12627040910456
1,5358,232.48801834803407
1,5359,49.8914647014019
1,5360,128.75189162287742
1,5361,234.34574580252405
1,5362,129.3383365329364
1,5363,237.1947812726565
1,5364,49.78355894890677
1,5365,278.18520751804533
1,5366,233.24276136878524
1,5367,219.77259171386902
1,5368,191.58821582256186
1,5369,216.01408147594452
1,5370,224.615021820756
1,5371,98.32863986860306
1,5372,220.2263501016848
1,5373,224.58291438045978
1,5374,42.31669326600257
1,5375,238.22243875347175
1,5376,46.38826200583711
1,5377,206.55922896616858
1,5378,212.7258704020349
1,5379,134.6715263150195
1,5380,205.91879399297994
1,5381,143.3967511424185
1,5382,223.02639684287047
1,5383,356.14183418790924
1,5384,200.37616775396992
1,5385,229.41074638019208
1,5386,44.95754669939328
1,5387,122.59256267744331
1,5388,239.54532594562795
1,5389,229.17558918533842
1,5390,96.29633390763209
1,5391,225.85681736312785
1,5392,136.39082203069046
1,5393,289.14075969103965
1,5394,231.22729119600552
1,5395,245.43872179763562
1,5396,85.41187172829439
1,5397,47.04328244788556
1,5398,376.92457133824536
1,5399,227.82977809050314
1,5400,48.286622411686594
1,5401,236.05797787141472
1,5402,96.57169799084502
1,5403,215.7131049355701
1,5404,355.2114800157681
1,5405,46.74825509884715
1,5406,231.1373703607185
1,5407,218.93796976455184
1,5408,238.04212670628007
1,5409,46.71586585323121
1,5410,239.87658265907407
1,5411,45.58114372506801
1,5412,218.77989733511077
1,5413,49.667945661029506
1,5414,245.43614313709162
1,5415,227.88027446115711
1,5416,152.85949849822495
1,5417,246.88232005727303
1,5418,231.59029036808218
1,5419,51.491453010012094
1,5420,225.3803442011626
1,5421,143.61109645707944
1,5422,231.9705277147052
1,5423,240.53070117624438
1,5424,137.9043448750828
1,5425,182.04509306149043
1,5426,128.58828518168838
1,5427,221.2027365695321
1,5428,227.69283003363572
1,5429,57.13478949816192
1,5430,340.4908472673841
1,5431,51.02586478913531
1,5432,99.281246526541
1,5433,224.63487352331956
1,5434,139.96459700640108
1,5435,135.92746846253533
1,5436,129.26891988903301
1,5437,188.39298325333826
1,5438,233.97812501744392
1,5439,33.28587022191594
1,5440,230.34694899584835
1,5441,98.86167298655383
1,5442,219.36742478405188
1,5443,50.0656389896981
1,5444,80.83963132263963
1,5445,150.31029391198126
1,5446,50.09690702235838
1,5447,141.90311511220574
1,5448,45.40831041832238
1,5449,102.8604114784689
1,5450,238.25104467272536
1,5451,44.09683428662147
1,5452,234.77769697532256
1,5453,238.43473866039568
1,5454,137.2691734078631
1,5455,47.50949064058426
1,5456,219.8593604383709
1,5457,268.1699366787605
1,5458,46.3670907647026
1,5459,376.7252225515716
1,5460,35.578649086125836
1,5461,234.70987820527805
1,5462,53.56070266095557
1,5463,137.01681691127175
1,5464,235.80594383421112
1,5465,294.7557329078529
1,5466,46.34188849038009
1,5467,228.29716601371285
1,5468,121.39580901654583
1,5469,229.27070309043006
1,5470,46.47066525416052
1,5471,219.42412593317516
1,5472,43.62114600544305
1,5473,232.11271994762012
1,5474,46.382368380870105
1,5475,239.59065573427804
1,5476,246.6243673901168
1,5477,251.34757330828535
1,5478,245.5557046342181
1,5479,52.0661901834461
1,5480,238.13120327784878
1,5481,221.0561790905714
1,5482,228.10677728663973
1,5483,209.80776021503266
1,5484,145.12987809450308
1,5485,472.54089113212603
1,5486,43.19441254462264
1,5487,534.3761057168542
1,5488,48.56057053734391
1,5489,199.98491364134608
1,5490,45.36807253177325
1,5491,226.52404701785866
1,5492,46.307271187743225
1,5493,95.01884924242805
1,5494,225.49368682972533
1,5495,53.979400228556244
1,5496,43.45883662384538
1,5497,104.16629745608722
1,5498,175.53817826593203
1,5499,41.63842475491154
1,5500,129.1667931864481
1,5501,46.87989998546283
1,5502,226.02067939063127
1,5503,114.49024614459714
1,5504,105.12590155997617
1,5505,238.4227492976999
1,5506,137.3565280082233
1,5507,51.36146506003338
1,5508,234.30289052118758
1,5509,233.97767916993666
1,5510,50.24646858103
1,5511,131.1132460408831
1,5512,46.908603302402724
1,5513,236.14365976047284
1,5514,240.28691310215885
1,5515,140.73249524857894
1,5516,228.3071314911283
1,5517,42.2779718376525
1,5518,96.23357608002704
1,5519,211.15366459496147
1,5520,233.05100007855287
1,5521,77.13843772292213
1,5522,236.17396894237748
1,5523,50.5686607493703
1,5524,240.62477928053406
1,5525,53.9601054907161
1,5526,238.68140951533712
1,5527,243.37046009192085
1,5528,50.94454883991632
1,5529,393.03547280161115
1,5530,51.04785483853644
1,5531,284.8595515559898
1,5532,227.7423333579962
1,5533,209.4157458351298
1,5534,57.08919549583777
1,5535,240.2049504731226
1,5536,150.1426291189834
1,5537,51.152707318567536
1,5538,422.1273741879355
1,5539,43.417221159343526
1,5540,224.8606732926085
1,5541,50.281277131141294
1,5542,231.97760015228056
1,5543,139.1724492804201
1,5544,10.225397752957301
1,5545,372.7276060407256
1,5546,242.06644167857797
1,5547,226.0182265858856
1,5548,43.38768875458422
1,5549,76.41525086364484
1,5550,226.83023520314399
1,5551,286.40387388831226
1,5552,79.31281017136445
1,5553,240.26743061060068
1,5554,138.42902031582892
1,5555,134.44269256741882
1,5556,202.84870205518035
1,5557,102.40976712418525
1,5558,46.011924168612325
1,5559,231.48032284080483
1,5560,201.2503881235121
1,5561,240.75041769390506
1,5562,47.34817963408349
1,5563,241.04808378360735
1,5564,177.59609258160086
1,5565,240.26856676863176
1,5566,50.65936574574097
1,5567,342.766272966421
1,5568,252.71155451393167
1,5569,260.3056549979084
1,5570,371.25385358492554
1,5571,245.9543708885039
1,5572,52.65624661353949
1,5573,136.60161302131542
1,5574,71.09540279484764
1,5575,195.13200792865035
1,5576,144.01315630323847
1,5577,229.71767674380874
1,5578,43.660461410143384
1,5579,274.5580425751857
1,5580,90.16335749235982
1,5581,234.7185822441526
1,5582,41.01946150884528
1,5583,218.93127154320587
1,5584,235.50051322947232
1,5585,43.51665944791827
1,5586,360.5398960583282
1,5587,213.80407651111898
1,5588,254.30582471089193
1,5589,386.4906916165912
1,5590,44.14012957932991
1,5591,332.54436534776295
1,5592,407.1240956007317
1,5593,229.05116745350938
1,5594,233.16762753929248
1,5595,139.52336767636973
1,5596,231.10433731034226
1,5597,46.724764086164484
1,5598,228.63831622034644
1,5599,276.14844245677443
1,5600,127.83111866626257
1,5601,42.38949828818947
1,5602,230.02658413193183
1,5603,278.27314838470454
1,5604,306.6752530774246
1,5605,258.1688617423448
1,5606,20.986036103220883
1,5607,341.60434908988964
1,5608,247.5106292085547
1,5609,45.912326662807956
1,5610,333.15180061898593
1,5611,400.96683372838135
1,5612,157.76718841967931
1,5613,205.12097708866588
1,5614,400.2172313499608
1,5615,246.54694848234863
1,5616,127.7123031165442
1,5617,47.49373894954644
1,5618,233.17044613841563
1,5619,46.39848312262046
1,5620,215.02475435573143
1,5621,51.56587088932564
1,5622,235.70355643250417
1,5623,51.773446316626234
1,5624,55.16294071252372
1,5625,225.9499152811828
1,5626,228.1061315163899
1,5627,45.96163866482658
1,5628,157.76286373949551
1,5629,54.1943732952294
1,5630,300.1687393578144
1,5631,112.30649417054966
1,5632,143.1212475593224
1,5633,152.63670485095003
1,5634,257.0449843273156
1,5635,215.68356796344332
1,5636,81.13359908182701
1,5637,43.33676599121962
1,5638,94.98430881030542
1,5639,239.88403672588137
1,5640,46.48968209797954
1,5641,232.77823729923065
1,5642,228.06221352346242
1,5643,233.3027299577168
1,5644,81.11679990628329
1,5645,239.4314903659614
1,5646,209.16723845958032
1,5647,227.04510793206344
1,5648,105.2901514307148
1,5649,56.82602153940364
1,5650,241.06427437631842
1,5651,153.3384625130534
1,5652,216.8734482449015
1,5653,256.27566600874377
1,5654,156.7426022033166
1,5655,267.60354989967243
1,5656,45.169088788983835
1,5657,254.26741031765965
1,5658,12.443446613549757
1,5659,399.1889731599679
1,5660,27.646578636669567
1,5661,390.0090788457955
1,5662,248.05276765534597
1,5663,240.73135215847026
1,5664,230.2251018896589
1,5665,211.81341804273745
1,5666,27.01336116532368
1,5667,248.64495686478344
1,5668,223.74070150720655
1,5669,42.382948740074234
1,5670,234.1674444784838
1,5671,136.52396444284793
1,5672,138.41947299161274
1,5673,221.0192669583493
1,5674,398.3076411985936
1,5675,49.9092869607006
1,5676,144.08356820683593
1,5677,314.23493404667965
1,5678,244.63882250861573
1,5679,237.86569705347236
1,5680,43.21419592049194
1,5681,248.06342351966555
1,5682,140.95269427957243
1,5683,52.51841897845787
1,5684,46.61194117451724
1,5685,234.77138360807237
1,5686,44.98972418141526
1,5687,238.97228735084747
1,5688,223.58259177983297
1,5689,27.540981212381496
1,5690,225.23896878820153
1,5691,42.80482324720925
1,5692,502.97853696324546
1,5693,80.87230423570082
1,5694,229.01415199329787
1,5695,44.72504972462852
1,5696,221.97174248468545
1,5697,137.71310992161355
1,5698,233.19036418289454
1,5699,250.2084526318755
1,5700,48.56142334691869
1,5701,248.18960529626298
1,5702,269.85098613963
1,5703,77.23502080571842
1,5704,220.51207145683054
1,5705,126.61752899384308
1,5706,245.3047609033494
1,5707,238.89059357349078
1,5708,45.0955274306325
1,5709,243.15871414756037
1,5710,224.72858713632814
1,5711,200.541521707144
1,5712,238.09955414678433
1,5713,80.54835151889256
1,5714,234.31652931145987
1,5715,48.26497848198229
1,5716,215.13843631266587
1,5717,44.41352028293285
1,5718,245.1976575678401
1,5719,256.59932381621707
1,5720,239.56257851943218
1,5721,47.46338761932171
1,5722,262.2397759694891
1,5723,148.97637508172988
1,5724,237.4884198072009
1,5725,50.593743238251896
1,5726,457.9831868635025
1,5727,50.35228371493958
1,5728,292.86402894062826
1,5729,241.87720577302113
1,5730,364.67287407546803
1,5731,253.9029001326254
1,5732,83.86584938218941
1,5733,45.730275594510076
1,5734,235.43907994514268
1,5735,48.66754174350717
1,5736,263.41033662282143
1,5737,163.03812927516287
1,5738,232.60348008168248
1,5739,47.816668414969506
1,5740,240.45202944477558
1,5741,127.75990012507555
1,5742,144.44509380149645
1,5743,239.65815061050859
1,5744,228.56319379176614
1,5745,600.9826951212847
1,5746,43.57950206040428
1,5747,135.06855923698959
1,5748,241.49403206899942
1,5749,281.7868218063947
1,5750,274.5314680806519
1,5751,266.5291608186931
1,5752,268.72072785810764
1,5753,257.9502782345849
1,5754,44.160466485218485
1,5755,244.7934919081058
1,5756,43.743101763425805
1,5757,259.89691101601676
1,5758,164.4390794937576
1,5759,248.99856859895806
1,5760,89.05560747923673
1,5761,249.59001496680963
1,5762,248.950599150341
1,5763,44.09453483926876
1,5764,276.56658921056845
1,5765,247.3050760674608
1,5766,65.67392406146618
1,5767,252.34971175927097
1,5768,51.23309027708103
1,5769,156.68733810775802
1,5770,242.04056379546148
1,5771,252.47161175076758
1,5772,262.81780780144527
1,5773,180.23170242757445
1,5774,48.63062012030663
1,5775,122.42050489910514
1,5776,52.4540939571128
1,5777,266.18757686430155
1,5778,298.9239270233357
1,5779,258.35547614996597
1,5780,157.29079911654298
1,5781,263.2513017790183
1,5782,47.69900537643888
1,5783,259.6055835091519
1,5784,161.8998963250978
1,5785,250.43226444934544
1,5786,50.74725139184763
1,5787,251.65605736353416
1,5788,51.959688002020926
1,5789,252.18188555137425
1,5790,41.229799897386016
1,5791,317.69803109043545
1,5792,258.1002671863363
1,5793,270.92022438923453
1,5794,272.5333563485494
1,5795,268.3726463616422
1,5796,277.5838202217468
1,5797,112.52824435577767
1,5798,263.13589542892385
1,5799,265.74490543009654
1,5800,257.86109283149864
1,5801,51.7478920661855
1,5802,253.73138895281213
1,5803,38.56301588089736
1,5804,269.84137609825734
1,5805,254.94128547922512
1,5806,50.8170661283153
1,5807,284.8034397215112
1,5808,254.46563548215735
1,5809,173.49642662613832
1,5810,278.0961461592987
1,5811,265.88644830829276
1,5812,290.03733595862
1,5813,250.11409972016133
1,5814,167.7907001996984
1,5815,182.01223962377065
1,5816,253.7478120765641
1,5817,259.8496064644447
1,5818,247.3779998775583
1,5819,226.4989558595281
1,5820,130.4563595291721
1,5821,243.21997163279678
1,5822,43.16832648260155
1,5823,236.05777153081786
1,5824,245.9850400324938
1,5825,252.98938009526626
1,5826,236.76151609574617
1,5827,248.36660487299378
1,5828,46.214465973753974
1,5829,239.42428985951858
1,5830,98.18949873890736
1,5831,268.6922035315514
1,5832,47.79711176373761
1,5833,251.5036413703683
1,5834,89.19467355259323
1,5835,261.8103026174099
1,5836,252.65169672120845
1,5837,56.49443921330639
1,5838,251.65544181328653
1,5839,268.9853728792518
1,5840,252.29547300528202
1,5841,241.30141298641905
1,5842,254.73804565852433
1,5843,65.69152258564361
1,5844,353.972549479333
1,5845,58.201616114754614
1,5846,310.063562132757
1,5847,262.2303988581425
1,5848,52.81176452700571
1,5849,196.50001374252997
1,5850,262.7742482585021
1,5851,61.02041882432992
1,5852,239.2075438625737
1,5853,50.40140127391912
1,5854,226.29561691398143
1,5855,50.6146296898983
1,5856,259.55154554714386
1,5857,91.658701297123
1,5858,505.2668322887251
1,5859,66.44308764801066
1,5860,190.2557856498711
1,5861,263.378315906714
1,5862,270.58131175360325
1,5863,52.26579599372239
1,5864,49.11039382240471
1,5865,317.42815967027946
1,5866,51.30577983486256
1,5867,249.04043287872355
1,5868,51.53277215936195
1,5869,133.31440295601885
1,5870,280.8615387150737
1,5871,69.64299330236211
1,5872,500.5761284597385
1,5873,63.10881471875965
1,5874,263.7421449281736
1,5875,152.76935391346967
1,5876,264.20026125479444
1,5877,251.1860239681767
1,5878,268.0318160889748
1,5879,138.29437583508587
1,5880,194.90026677332577
1,5881,269.07040071175123
1,5882,50.68932739539788
1,5883,271.59830893092976
1,5884,258.09492767608447
1,5885,261.0674854933487
1,5886,155.9900325501399
1,5887,84.81860517396088
1,5888,267.67229381609826
1,5889,260.4071614678894
1,5890,35.914179484641664
1,5891,221.40279749536853
1,5892,251.58528819499435
1,5893,270.6077250524258
1,5894,165.3323692187141
1,5895,50.64106156753323
1,5896,279.09885204194694
1,5897,152.0075369678193
1,5898,266.0674287292878
1,5899,260.9419736036369
1,5900,274.10712676249847
1,5901,211.90206525183663
1,5902,252.13878304033466
1,5903,137.94406933637248
1,5904,200.01131123459552
1,5905,50.70373537943628
1,5906,259.32414180853834
1,5907,50.59551122245688
1,5908,262.56510585477895
1,5909,50.35563080411791
1,5910,50.58829853524227
1,5911,266.33732854330873
1,5912,300.0504242757373
1,5913,186.9606799808628
1,5914,253.431419693931
1,5915,163.81332251430936
1,5916,269.16909388682313
1,5917,55.85716948449826
1,5918,263.0987114238793
1,5919,92.20645903976207
1,5920,296.31405575934446
1,5921,264.3045892443808
1,5922,266.81008896128867
1,5923,176.25564921270467
1,5924,258.46508248332634
1,5925,266.7119263366077
1,5926,264.059663216953
1,5927,241.40143006899856
1,5928,509.9212649163856
1,5929,246.40250704885761
1,5930,232.71645038085978
1,5931,44.511148586975544
1,5932,248.31709141423363
1,5933,44.47334334048224
1,5934,237.36363665075976
1,5935,250.42793036785642
1,5936,243.70754367244746
1,5937,39.92468181837886
1,5938,240.99776375127027
1,5939,247.39554863283817
1,5940,242.26659707787618
1,5941,391.7832366275979
1,5942,244.71496434152715
1,5943,105.01105156039218
1,5944,82.65794176411649
1,5945,65.59482680641096
1,5946,254.62441010749515
1,5947,245.77573402574723
1,5948,254.80052568899487
1,5949,258.52232542218627
1,5950,432.7055161402477
1,5951,257.6872694601457
1,5952,249.92387954736088
1,5953,268.26720049278697
1,5954,44.748165394134446
1,5955,308.27699810624745
1,5956,268.0878639070909
1,5957,260.77224721482196
1,5958,255.52518787747812
1,5959,263.04272886995875
1,5960,50.44501145628887
1,5961,243.66768628073848
1,5962,252.32495274584204
1,5963,89.26864123752478
1,5964,251.1010448775101
1,5965,239.8845383329899
1,5966,236.07692137607216
1,5967,236.39926603451312
1,5968,250.8645820882193
1,5969,90.68523614963624
1,5970,250.64825122730429
1,5971,265.0275992502063
1,5972,254.2128360891556
1,5973,90.22516891004744
1,5974,265.74207226098633
1,5975,258.9820554681817
1,5976,270.7465057346782
1,5977,266.7454514572745
1,5978,50.75409325442413
1,5979,263.9903304539939
1,5980,60.49291025971655
1,5981,251.91947889793664
1,5982,270.553727133324
1,5983,268.94680721356883
1,5984,49.35923929670493
1,5985,37.31440469051691
1,5986,266.30560287329473
1,5987,49.328316483247946
1,5988,257.33882225476054
1,5989,264.0061728537486
1,5990,254.73013923297606
1,5991,155.68206292088672
1,5992,263.39777873856553
1,5993,173.10573433457864
1,5994,254.4686900150317
1,5995,39.149806154230745
1,5996,146.12868145268192
1,5997,219.26574627226495
1,5998,124.33302873739383
1,5999,186.91446385821115
1,6000,243.91986769542612
1,6001,139.6637644079819
1,6002,40.54221984773646
1,6003,275.85392208190444
1,6004,233.41452205674227
1,6005,267.0701732464255
1,6006,146.07138814161482
1,6007,255.9424370259802
1,6008,124.0040377743116
1,6009,189.87590003403108
1,6010,254.0950692397255
1,6011,58.66012464172124
1,6012,246.27413617451134
1,6013,46.16683060110737
1,6014,242.23613529056297
1,6015,51.72316633654539
1,6016,128.29166834086956
1,6017,276.9617549291943
1,6018,250.8527380840728
1,6019,172.7387065299832
1,6020,252.9683272591635
1,6021,250.5197128324489
1,6022,99.55857601406774
1,6023,250.33185558063695
1,6024,256.2181199106592
1,6025,68.92275711012256
1,6026,314.80389437676143
1,6027,275.69814742846745
1,6028,258.01876727503657
1,6029,243.6032230312997
1,6030,247.64157035648293
1,6031,48.16681370414466
1,6032,257.8422913433179
1,6033,53.91116562349218
1,6034,281.1118291168102
1,6035,45.97396085057679
1,6036,250.76549176113537
1,6037,265.87968589359883
1,6038,271.58701702957626
1,6039,49.751732655002534
1,6040,252.22690387723645
1,6041,251.02216015431998
1,6042,270.1264905596663
1,6043,306.57767491439563
1,6044,220.25352916184073
1,6045,33.99051599218528
1,6046,229.48778367440752
1,6047,240.33273289445162
1,6048,251.69034414838006
1,6049,291.7459519392769
1,6050,263.3620126501536
1,6051,53.86996556715569
1,6052,63.88824856077932
1,6053,271.16536425092806
1,6054,243.93600142463544
1,6055,229.07095599966092
1,6056,234.63698288474274
1,6057,249.22051984829722
1,6058,245.76373172462095
1,6059,242.0003681930129
1,6060,250.29039221059782
1,6061,249.66002868798358
1,6062,242.02300790507448
1,6063,240.08152317430157
1,6064,254.64200375563368
1,6065,298.1000089295767
1,6066,248.6085885197374
1,6067,50.37946125725342
1,6068,240.00433067654052
1,6069,255.4511319658414
1,6070,245.0171311052748
1,6071,263.71763138226095
1,6072,194.09114971463245
1,6073,243.4241228653239
1,6074,251.1780922579194
1,6075,35.388635764886
1,6076,142.5945512024771
1,6077,232.97625488484374
1,6078,249.17382694137427
1,6079,262.243480083304
1,6080,245.39192285962832
1,6081,247.67309842646188
1,6082,246.05653149849104
1,6083,50.850772308085915
1,6084,59.36870627228295
1,6085,261.110762936634
1,6086,261.5002063703007
1,6087,254.58454652148794
1,6088,255.26216301261275
1,6089,50.386836913127894
1,6090,242.43837100856672
1,6091,51.1493733809845
1,6092,142.88423655347032
1,6093,297.2624248609195
1,6094,256.5778723134332
1,6095,246.05382356555765
1,6096,37.89140780777133
1,6097,291.56923291859187
1,6098,52.487347419500935
1,6099,305.8297642089358
1,6100,256.7200880214007
1,6101,51.9558128815145
1,6102,55.760431499402316
1,6103,246.70245797777346
1,6104,248.4170477683629
1,6105,57.92423854690601
1,6106,235.23551173570797
1,6107,243.28751167744235
1,6108,239.0106987638108
1,6109,49.348380755564214
1,6110,245.67211707503958
1,6111,58.19266391033513
1,6112,250.83637839239842
1,6113,142.15619580025776
1,6114,251.80277481155616
1,6115,243.57771020031902
1,6116,242.79699978160244
1,6117,239.63710214745595
1,6118,608.8928949842168
1,6119,246.48602940118707
1,6120,234.52759651167838
1,6121,247.33792075905183
1,6122,205.3791875404097
1,6123,50.44956026582428
1,6124,246.1691318364028
1,6125,59.2739259676902
1,6126,239.10424455332162
1,6127,250.39133492862936
1,6128,27.729113490825426
1,6129,242.931685185449
1,6130,55.467818733413196
1,6131,241.8518384323308
1,6132,145.31357140811704
1,6133,253.82701807065746
1,6134,48.33924735951662
1,6135,249.7787953932383
1,6136,48.39536747281114
1,6137,249.46996991366638
1,6138,50.14552931300964
1,6139,48.1633237004489
1,6140,259.5064262502104
1,6141,170.37477066971684
1,6142,249.53428719735473
1,6143,297.41301516913023
1,6144,273.49342401210373
1,6145,266.4489452846269
1,6146,243.2533177670077
1,6147,259.6643224135873
1,6148,44.42787167888061
1,6149,241.45907787035262
1,6150,44.95735464605555
1,6151,57.903502472215585
1,6152,309.46018271567664
1,6153,87.04829479365767
1,6154,242.05262723476494
1,6155,243.03928710834538
1,6156,55.358600296943
1,6157,242.39896840588173
1,6158,280.0747367914622
1,6159,47.31438042155945
1,6160,249.3825500769974
1,6161,46.77029769850125
1,6162,250.39641776335515
1,6163,239.85740274201018
1,6164,263.35973195764404
1,6165,241.2890562394494
1,6166,168.48234389059678
1,6167,261.42086442116465
1,6168,249.29528747985017
1,6169,235.37609153224145
1,6170,246.66769573681069
1,6171,306.71592036610446
1,6172,230.16668247599551
1,6173,9.939146147768692
1,6174,177.63457681087215
1,6175,237.665338846557
1,6176,247.7741969373297
1,6177,59.524087548169014
1,6178,186.65989037569594
1,6179,256.8271710759541
1,6180,50.469308638533136
1,6181,263.7634817606866
1,6182,87.34885728534013
1,6183,383.4699892752318
1,6184,282.0306108448458
1,6185,151.63794121662502
1,6186,47.99901967100945
1,6187,252.78741245206956
1,6188,50.14182627172758
1,6189,304.79350477224875
1,6190,254.2467461649003
1,6191,289.7493222374864
1,6192,288.00871114649306
1,6193,94.108571484966
1,6194,263.0259243067516
1,6195,232.12372499551776
1,6196,316.40539027055195
1,6197,252.4635666144332
1,6198,85.46933586923073
1,6199,310.9653160040924
1,6200,264.05592059602975
1,6201,226.05873662236303
1,6202,245.90898456689212
1,6203,45.77952569629086
1,6204,266.14460545681584
1,6205,187.486112677787
1,6206,46.814357086783275
1,6207,247.25582350853645
1,6208,47.19765098779895
1,6209,46.82172196707927
1,6210,243.467248800637
1,6211,255.63726386281436
1,6212,50.04391033318318
1,6213,50.39839994400336
1,6214,216.9076760724566
1,6215,142.78812659930315
1,6216,47.36394480570847
1,6217,349.39033246040617
1,6218,266.11128400559755
1,6219,49.85124316833319
1,6220,246.70372300986526
1,6221,18.031670005000095
1,6222,49.941201831020486
1,6223,248.92023374774752
1,6224,51.92775829327738
1,6225,257.39391978110484
1,6226,229.14404784496492
1,6227,151.35339562997456
1,6228,247.13911361500948
1,6229,48.221814283440025
1,6230,252.7331379472524
1,6231,247.4499535271998
1,6232,228.10464213576034
1,6233,192.97403974188438
1,6234,245.31531369667397
1,6235,265.50401387487693
1,6236,146.08868619512708
1,6237,246.86370067184936
1,6238,48.34257204810007
1,6239,245.7583719192058
1,6240,52.392392591850864
1,6241,48.65036251931641
1,6242,246.4780466905424
1,6243,256.81420172678173
1,6244,155.7625899939514
1,6245,304.9609186288137
1,6246,237.8304352241788
1,6247,247.05878941890148
1,6248,51.00616727890848
1,6249,241.7696992459954
1,6250,89.07327994712392
1,6251,385.12301783869657
1,6252,288.6777584257802
1,6253,145.1303467628959
1,6254,256.17683156189287
1,6255,308.7627371577514
1,6256,237.60151510220692
1,6257,270.73853854658023
1,6258,166.2671714123727
1,6259,255.71623029117748
1,6260,274.5715189173373
1,6261,250.2492256679409
1,6262,705.6725954040417
1,6263,266.0724290229927
1,6264,48.08110186859961
1,6265,259.9240959341747
1,6266,261.5242839184117
1,6267,259.8908660469718
1,6268,246.99181493513817
1,6269,58.728745313029776
1,6270,266.6687793349037
1,6271,262.28628011953936
1,6272,256.47016690845845
1,6273,270.1721427023597
1,6274,261.7663561262718
1,6275,165.96044173651774
1,6276,266.30517802929836
1,6277,261.63493461713995
1,6278,260.8194381676976
1,6279,251.69669755461774
1,6280,254.06143407845042
1,6281,289.98502624318644
1,6282,271.0809439599226
1,6283,50.71993611098446
1,6284,270.99409827444083
1,6285,263.25918165166513
1,6286,197.6620621181829
1,6287,252.8741469138568
1,6288,45.144572910869684
1,6289,37.46975118558676
1,6290,80.22151144159592
1,6291,126.13160187050299
1,6292,236.48765010592373
1,6293,234.4032138493977
1,6294,45.62202040435723
1,6295,242.0635896597411
1,6296,46.368189084444
1,6297,242.2859095910755
1,6298,252.94699609359242
1,6299,240.78240136951388
1,6300,11.05913916502991
1,6301,244.12856079306206
1,6302,59.07124181725875
1,6303,244.70935113086665
1,6304,47.02580346732839
1,6305,244.00630734853718
1,6306,38.117078762578934
1,6307,243.23680650512665
1,6308,234.7093181196915
1,6309,243.597197332861
1,6310,244.4530049586263
1,6311,100.48503027864072
1,6312,178.09817208283107
1,6313,59.380084455049875
1,6314,278.93652373490295
1,6315,243.62860648656618
1,6316,11.666158663839472
1,6317,245.71344730460623
1,6318,70.36717931672348
1,6319,61.34652720372627
1,6320,182.80355968588174
1,6321,50.341090330699835
1,6322,242.25416272068105
1,6323,48.020378353322144
1,6324,250.33971723545218
1,6325,50.10524843814163
1,6326,277.0163828657762
1,6327,165.62780739285347
1,6328,255.40596560323257
1,6329,48.0878695189533
1,6330,259.08878564665054
1,6331,243.56326139177747
1,6332,245.31408100630392
1,6333,88.58425582966395
1,6334,260.37103316372645
1,6335,60.600610892012256
1,6336,88.70870203667121
1,6337,252.67575624134767
1,6338,132.77805043605395
1,6339,249.8500762879161
1,6340,144.3716320156308
1,6341,52.064207673089896
1,6342,276.4685234926035
1,6343,256.2349052415115
1,6344,257.3849668209163
1,6345,266.09369066518514
1,6346,271.7768150014266
1,6347,54.8345532753884
1,6348,271.65065622114173
1,6349,254.4578584031188
1,6350,344.47655050428307
1,6351,250.79027327540675
1,6352,48.335770637550276
1,6353,245.43588822000703
1,6354,52.468064242855064
1,6355,251.5083657917134
1,6356,252.497678558355
1,6357,22.374266289601007
1,6358,272.12107742373394
1,6359,48.0140007459668
1,6360,249.32843292587074
1,6361,324.49658010967494
1,6362,259.11352752449113
1,6363,234.57881665211607
1,6364,256.51906163866823
1,6365,251.944325176513
1,6366,245.422676847375
1,6367,246.85528513738302
1,6368,221.9031409447735
1,6369,241.1874395347403
1,6370,45.15074147661619
1,6371,249.86639699532913
1,6372,242.94122109282387
1,6373,206.62229813115312
1,6374,240.4473483548186
1,6375,45.49714255493117
1,6376,241.36988125598464
1,6377,289.05700191276713
1,6378,50.588817566727045
1,6379,269.8027717452329
1,6380,260.7129212936327
1,6381,43.712528358406004
1,6382,246.40452772919517
1,6383,246.41559952268335
1,6384,34.00838565620702
1,6385,356.690400112337
1,6386,230.82371344986404
1,6387,262.67117487069083
1,6388,259.2008428658391
1,6389,244.3316484133827
1,6390,43.97557395563149
1,6391,242.9023807175335
1,6392,57.52581141749114
1,6393,224.60828879519732
1,6394,252.23939625926448
1,6395,249.62309571162962
1,6396,236.63522584509045
1,6397,236.40656523674818
1,6398,48.91496658183583
1,6399,239.10073534663624
1,6400,255.39843380309168
1,6401,45.42627370880337
1,6402,247.07733632607363
1,6403,253.1050001370587
1,6404,90.30088837820858
1,6405,249.7063801081056
1,6406,54.12634717163961
1,6407,250.9333935415272
1,6408,259.51394058318044
1,6409,92.21561854534269
1,6410,273.3030021291977
1,6411,49.61319335746488
1,6412,272.719550870397
1,6413,258.5436901647057
1,6414,264.870705044786
1,6415,50.1732076618552
1,6416,252.16914072791408
1,6417,259.843894492343
1,6418,47.688392663723874
1,6419,255.0088010480843
1,6420,256.80303657145635
1,6421,49.926398075653864
1,6422,261.84832986944957
1,6423,255.9539702908134
1,6424,253.98969301955202
1,6425,52.97043827251834
1,6426,223.38790929154146
1,6427,272.1931771434422
1,6428,274.07636048446625
1,6429,142.40862476944972
1,6430,198.97246363658383
1,6431,262.6975236111102
1,6432,250.8597350765963
1,6433,62.96122149743292
1,6434,270.14407454124284
1,6435,85.8887730251403
1,6436,155.04904787948195
1,6437,269.80210654960865
1,6438,50.7612457818676
1,6439,278.14377601687477
1,6440,52.7467739880733
1,6441,155.45098315398707
1,6442,143.20070921503145
1,6443,273.84113856255806
1,6444,55.19580225976565
1,6445,162.472663494127
1,6446,267.8846720013829
1,6447,269.35427899208
1,6448,262.5375068994599
1,6449,236.2332912347524
1,6450,235.67181857805565
1,6451,222.81530316181224
1,6452,222.43708845372618
1,6453,218.6327916616856
1,6454,224.15095057964044
1,6455,315.7803135328927
1,6456,195.54362014504196
1,6457,306.538128363562
1,6458,41.69301169079197
1,6459,294.7876779401819
1,6460,44.66402546715164
1,6461,190.00373729709202
1,6462,35.973467933295524
1,6463,191.5653571732085
1,6464,151.7671578131782
1,6465,203.1231683820968
1,6466,38.87118335706289
1,6467,199.19283749875376
1,6468,211.4995234298617
1,6469,208.8365644043583
1,6470,243.2462788711637
1,6471,206.76772760416344
1,6472,200.61677107484505
1,6473,21.264295291322092
1,6474,215.40194536076328
1,6475,200.52758468301036
1,6476,209.53840160041918
1,6477,41.28866671398573
1,6478,197.55074167267378
1,6479,222.12087846237046
1,6480,221.69775869928117
1,6481,41.46705584723723
1,6482,209.64794739937435
1,6483,268.5599236973302
1,6484,222.99943655904207
1,6485,46.72858834389446
1,6486,215.32214185370566
1,6487,41.309547150889934
1,6488,199.5831651014601
1,6489,229.66164421749068
1,6490,240.59720770301513
1,6491,226.52260151225005
1,6492,39.15406123500576
1,6493,209.9406293659447
1,6494,214.39418672501014
1,6495,41.22662214890465
1,6496,240.9284522959528
1,6497,213.43474953260244
1,6498,227.49547517397482
1,6499,215.72511665868274
1,6500,213.47316336724546
1,6501,42.24763779837589
1,6502,187.86973494124447
1,6503,180.7714986728406
1,6504,234.10167154821403
1,6505,202.41155175719027
1,6506,237.72115164841173
1,6507,43.204760155379006
1,6508,209.0008621590831
1,6509,513.7052285501712
1,6510,45.50414301150627
1,6511,241.321062450333
1,6512,211.93531736475774
1,6513,87.40298873985775
1,6514,211.60715981287296
1,6515,229.80004983736228
1,6516,229.382889231158
1,6517,45.282011548983846
1,6518,233.3464299564392
1,6519,130.70717298730983
1,6520,311.49378765908295
1,6521,42.11658034463568
1,6522,207.2635409067331
1,6523,139.31659282996193
1,6524,42.650965314990245
1,6525,99.56953502290116
1,6526,205.06056624719545
1,6527,43.17292773956147
1,6528,29.20194451285398
1,6529,189.81909482394758
1,6530,222.61106685858232
1,6531,157.6722267514255
1,6532,217.26429248067322
1,6533,45.01108047070092
1,6534,214.24112463046436
1,6535,47.24184432912206
1,6536,218.11539395177277
1,6537,139.91126890687133
1,6538,198.26140480283982
1,6539,43.52970449089263
1,6540,227.85857719207002
1,6541,45.19309966644329
1,6542,218.86654335327137
1,6543,154.1635791440341
1,6544,218.2238814608391
1,6545,44.75154522086326
1,6546,252.0691746825098
1,6547,75.11530402394656
1,6548,232.73258285288188
1,6549,45.25453541201006
1,6550,223.86093474206788
1,6551,171.1884770754122
1,6552,230.41640632128207
1,6553,240.78048869413962
1,6554,224.12883563353327
1,6555,47.470021838853725
1,6556,202.91647784124018
1,6557,254.87724693608806
1,6558,30.02395430170628
1,6559,216.60773524084
1,6560,304.43610827555904
1,6561,223.18455110078503
1,6562,228.7156354735966
1,6563,44.348586173403746
1,6564,226.92929668899507
1,6565,399.5660702150616
1,6566,161.10516399428053
1,6567,238.20936586387165
1,6568,49.408249012202305
1,6569,206.12334297237447
1,6570,247.20162572321073
1,6571,50.8660193435893
1,6572,142.54199647512763
1,6573,225.8902757002977
1,6574,230.20710834355796
1,6575,231.37082383271365
1,6576,259.66614025341505
1,6577,249.99136497516477
1,6578,90.94600918569846
1,6579,236.5515478080854
1,6580,354.9730549566493
1,6581,78.32181510431931
1,6582,213.7590272107821
1,6583,42.37864878433327
1,6584,198.25940529444415
1,6585,157.50563544294533
1,6586,212.65024219659193
1,6587,43.12622256912472
1,6588,204.81124100553
1,6589,238.15165895220247
1,6590,234.67206547446492
1,6591,221.98199956721734
1,6592,229.1091223596993
1,6593,43.930205053966546
1,6594,224.2832982512997
1,6595,81.17087915012492
1,6596,282.0219898142145
1,6597,232.57202829475938
1,6598,161.0525648823952
1,6599,55.11205002620973
1,6600,242.14701658171447
1,6601,223.14492728315577
1,6602,218.37078491701675
1,6603,48.69931282079479
1,6604,220.79269856092398
1,6605,202.51547806323106
1,6606,46.151831248995954
1,6607,131.56044648864412
1,6608,241.07987072662928
1,6609,31.324530961905822
1,6610,233.61346825652384
1,6611,241.40465189439976
1,6612,45.32816003965011
1,6613,227.13368099643913
1,6614,354.9846439619562
1,6615,226.91621314122912
1,6616,48.586831474357126
1,6617,203.59121897291445
1,6618,255.3128355840236
1,6619,250.78135301320629
1,6620,241.76337038354347
1,6621,76.48932275731268
1,6622,244.87927661691998
1,6623,242.51226065618567
1,6624,50.258024993625966
1,6625,395.07959244533066
1,6626,176.22792383668772
1,6627,46.049600600683604
1,6628,249.66040454898413
1,6629,259.12394097004756
1,6630,235.20201565418387
1,6631,129.07073703984977
1,6632,198.01750799720065
1,6633,191.22251839195025
1,6634,48.8994595275401
1,6635,212.91274863478225
1,6636,355.9629871602069
1,6637,227.31302499859356
1,6638,182.45893464382274
1,6639,32.19826023381459
1,6640,224.79830889202145
1,6641,51.26566621291697
1,6642,32.19216305217965
1,6643,225.87281672710486
1,6644,266.7360293075508
1,6645,78.43032231184108
1,6646,212.3607186482949
1,6647,225.77244980336667
1,6648,241.57824632176766
1,6649,46.25573947805199
1,6650,31.972593255724302
1,6651,429.5418211567952
1,6652,245.58735917351012
1,6653,230.5175651737022
1,6654,55.72796791991563
1,6655,324.385493653636
1,6656,56.01268174823261
1,6657,280.9112625841083
1,6658,242.1467416508142
1,6659,222.8942396150257
1,6660,145.85749752005057
1,6661,224.87551041077802
1,6662,128.227618968976
1,6663,50.68670014757713
1,6664,225.93775302472454
1,6665,50.62864212867329
1,6666,233.1149277272457
1,6667,235.10764596282357
1,6668,243.39875949284396
1,6669,54.657702916081675
1,6670,238.49540679157613
1,6671,249.63957928927488
1,6672,241.8638860501321
1,6673,249.0489966013091
1,6674,86.20782422991672
1,6675,228.15577005685276
1,6676,133.9821328426232
1,6677,218.46310357764366
1,6678,39.99298660646923
1,6679,230.3818594266029
1,6680,194.2460438718018
1,6681,152.83762252058034
1,6682,316.5854395952143
1,6683,271.2687792517228
1,6684,43.55174280657384
1,6685,376.9407920087624
1,6686,240.4034970454457
1,6687,45.47845929733366
1,6688,218.9129414294802
1,6689,222.52287676615964
1,6690,225.15061178758413
1,6691,223.93433304297383
1,6692,143.73419979228817
1,6693,134.90896673187
1,6694,232.8626560772575
1,6695,134.86212038121278
1,6696,231.51690139070556
1,6697,40.839689194122485
1,6698,227.86915654108282
1,6699,45.62417845454994
1,6700,221.59626416491557
1,6701,351.2046036756516
1,6702,81.79301800203922
1,6703,228.92135758734935
1,6704,44.25618615871829
1,6705,223.64524485783545
1,6706,48.73348794074652
1,6707,226.86335637873452
1,6708,235.6671918604851
1,6709,159.75131720829623
1,6710,55.72222824117097
1,6711,243.26569898903676
1,6712,227.45215569797426
1,6713,220.85197059051166
1,6714,232.80491558266164
1,6715,229.81911754077544
1,6716,49.59250474566442
1,6717,237.71765718280417
1,6718,232.74591201339916
1,6719,194.15649701588177
1,6720,234.53251444922816
1,6721,50.65997836472709
1,6722,380.10417627493837
1,6723,242.45644461090484
1,6724,241.7220033341194
1,6725,10.01388571946995
1,6726,253.52016532336523
1,6727,245.85967316636848
1,6728,66.10788627434644
1,6729,178.75001135990436
1,6730,217.0071372846624
1,6731,46.535385703277356
1,6732,232.99747519884272
1,6733,46.63152682379774
1,6734,162.32090215026096
1,6735,52.56417844532975
1,6736,246.52909091155502
1,6737,239.5862865597653
1,6738,81.31165808562852
1,6739,241.15958137939305
1,6740,128.88057420186072
1,6741,229.39395757146542
1,6742,352.45381219514843
1,6743,222.24863490615118
1,6744,160.85905392562788
1,6745,223.07058103165738
1,6746,46.39232493889998
1,6747,228.4726645736419
1,6748,235.91824404394106
1,6749,57.21465253182372
1,6750,245.33252058727652
1,6751,158.99210359742546
1,6752,237.06001763544742
1,6753,46.51446589390139
1,6754,228.80837449118724
1,6755,248.08182683224777
1,6756,48.623262702624245
1,6757,57.42173943000425
1,6758,242.6512815411915
1,6759,50.905112630919746
1,6760,212.35976495247542
1,6761,263.5963558059099
1,6762,239.0075445183003
1,6763,225.96287104182977
1,6764,240.62016405429546
1,6765,280.4359230687228
1,6766,226.23555329896413
1,6767,226.45983761873453
1,6768,43.208308741962625
1,6769,31.89497554721256
1,6770,227.15685417327163
1,6771,225.70981515154355
1,6772,48.887540623982915
1,6773,307.36841042374726
1,6774,47.89447916953746
1,6775,209.9119468849688
1,6776,213.89491914184407
1,6777,42.02950213891448
1,6778,195.37164939708876
1,6779,45.85583019502714
1,6780,281.59986337267173
1,6781,224.54805275935956
1,6782,42.12948124262189
1,6783,222.12652530918112
1,6784,157.81001916544125
1,6785,227.06159889858708
1,6786,47.56115357186816
1,6787,224.93890144976203
1,6788,233.07215518494024
1,6789,232.97974452602284
1,6790,156.6481978876487
1,6791,44.94338830753148
1,6792,222.65146838533224
1,6793,234.36517921994127
1,6794,47.548535844494985
1,6795,220.8068588515838
1,6796,353.6398572878961
1,6797,220.13497813399138
1,6798,41.114504438031574
1,6799,206.30159150619855
1,6800,216.42436462274367
1,6801,208.12508746357548
1,6802,210.09030100768706
1,6803,205.61615700576255
1,6804,44.470305966054276
1,6805,133.6867663988744
1,6806,214.0983475504976
1,6807,43.249569799915605
1,6808,211.21760659359444
1,6809,51.655821430810775
1,6810,234.3510955333236
1,6811,79.11987421185873
1,6812,218.0528417647938
1,6813,129.93250910325162
1,6814,137.99084195449785
1,6815,298.1943013032414
1,6816,6.329877081780462
1,6817,125.21736386939371
1,6818,44.55681837218552
1,6819,220.96895848239566
1,6820,44.595644354398104
1,6821,213.92007428806318
1,6822,53.024087109923094
1,6823,227.8692228137807
1,6824,224.40324323061682
1,6825,44.3430503389884
1,6826,164.00412778871066
1,6827,263.7837043370636
1,6828,235.78316805751473
1,6829,79.71494148121886
1,6830,254.1150594176155
1,6831,44.153708449314735
1,6832,238.6601162649073
1,6833,229.2300645683042
1,6834,45.62870966141081
1,6835,230.33318329704446
1,6836,41.46077119832644
1,6837,103.96390676826853
1,6838,234.19966001376997
1,6839,45.24526601010011
1,6840,46.76571519433173
1,6841,299.27126820815846
1,6842,46.0049335982756
1,6843,238.6899060780613
1,6844,104.70509750527344
1,6845,46.75035899048768
1,6846,296.37969361235656
1,6847,301.94497279550814
1,6848,221.97783141680898
1,6849,227.29953153448264
1,6850,248.72985051193393
1,6851,247.44384337997928
1,6852,50.24742949670062
1,6853,234.23477468245414
1,6854,462.7741904372559
1,6855,46.059598374741256
1,6856,235.53565708668015
1,6857,232.24567225889388
1,6858,231.9124811211724
1,6859,163.34118683755761
1,6860,267.0619973277297
1,6861,229.68184932744322
1,6862,232.98065021760948
1,6863,215.40242973617597
1,6864,104.92209675026956
1,6865,225.9060031705995
1,6866,46.48624313554056
1,6867,244.36445667732366
1,6868,45.8199037970596
1,6869,161.81336760782386
1,6870,267.53318433547986
1,6871,144.63754424370933
1,6872,234.92323187750287
1,6873,13.448129050269278
1,6874,128.45566485272766
1,6875,46.20520983183232
1,6876,237.2271664946545
1,6877,44.027154810164916
1,6878,218.36544870808166
1,6879,51.17153181093832
1,6880,211.29088690491082
1,6881,223.42830090550353
1,6882,42.6428601635492
1,6883,151.81031046193596
1,6884,263.9349805355073
1,6885,222.48650915717226
1,6886,77.90097609329263
1,6887,206.02159676942586
1,6888,42.36384957395228
1,6889,218.08001640658236
1,6890,206.74563918965538
1,6891,42.33200320084505
1,6892,117.31499205441557
1,6893,226.95933523571154
1,6894,43.5333835283778
1,6895,214.81622607595466
1,6896,43.49628013165537
1,6897,236.63897443574126
1,6898,249.55178909054467
1,6899,46.08406249415087
1,6900,225.06919847888042
1,6901,230.4932242826197
1,6902,43.906806203339514
1,6903,229.28324246093314
1,6904,41.177465438074336
1,6905,103.47880198956256
1,6906,229.15373231330204
1,6907,44.03776614685508
1,6908,44.50239814139003
1,6909,303.7877780556262
1,6910,44.22876375325641
1,6911,230.13943036584814
1,6912,102.95589213013761
1,6913,44.148224555537745
1,6914,289.90816531195577
1,6915,444.6684290632687
1,6916,45.369275777837686
1,6917,234.35102145230337
1,6918,249.40475710937645
1,6919,50.56920962993542
1,6920,232.1924681875123
1,6921,240.0171100692737
1,6922,303.11364950496613
1,6923,224.66155220474428
1,6924,228.1462643629567
1,6925,245.0967792510328
1,6926,249.051805101149
1,6927,50.80545165474173
1,6928,233.12609938447514
1,6929,54.47636843344009
1,6930,47.85364134248961
1,6931,238.3613197339781
1,6932,45.973065327881315
1,6933,161.89886477555467
1,6934,267.8263186758302
1,6935,220.31275270160728
1,6936,163.7343010061544
1,6937,105.20227647224488
1,6938,124.86235213785507
1,6939,268.5197364159062
1,6940,139.89587271054714
1,6941,138.68102789443265
1,6942,243.02343357369966
1,6943,46.172625067610596
1,6944,83.10047553994372
1,6945,236.46057365429263
1,6946,230.42967638010177
1,6947,237.6007229707938
1,6948,48.577645359252685
1,6949,226.43715239759223
1,6950,94.2479556503175
1,6951,206.31830397609227
1,6952,246.8441074557573
1,6953,213.91340379497052
1,6954,151.90362783749913
1,6955,203.34388390543916
1,6956,49.00943699651424
1,6957,253.817529921547
1,6958,241.05338426813097
1,6959,34.177877159927775
1,6960,222.95945575086807
1,6961,42.745982977744276
1,6962,133.75969287836358
1,6963,514.8350125087666
1,6964,225.80018062256445
1,6965,226.70310038457694
1,6966,45.12682815045472
1,6967,222.99262728513548
1,6968,157.70447995734517
1,6969,32.93037385732875
1,6970,221.68312411608014
1,6971,226.4770324899281
1,6972,43.70204936920873
1,6973,533.1789698898201
1,6974,45.097924602367
1,6975,220.9576551605626
1,6976,26.675614876864433
1,6977,216.75635822037316
1,6978,226.92645983951343
1,6979,229.61912736047773
1,6980,235.44439317907145
1,6981,139.08607802333592
1,6982,190.90740541354427
1,6983,44.95196478408501
1,6984,229.29724049156448
1,6985,45.16447055249069
1,6986,208.7737776440756
1,6987,56.227154964629335
1,6988,233.50096594694224
1,6989,240.37304255193504
1,6990,45.06253129237777
1,6991,229.33774041548764
1,6992,230.8450133435445
1,6993,35.82315088364825
1,6994,236.5953559430775
1,6995,47.96566130463279
1,6996,46.37658640941471
1,6997,570.6409384102469
1,6998,46.86134048812542
1,6999,37.1058492284114
1,7000,232.03338421886878
1,7001,236.67363136922094
1,7002,51.194771367766066
1,7003,279.71114508680466
1,7004,224.42801278685016
1,7005,233.65642017314823
1,7006,235.97769740895632
1,7007,47.515900318104514
1,7008,221.85942726771086
1,7009,55.86683598745316
1,7010,242.8665329840345
1,7011,487.5806022033916
1,7012,230.38059049804127
1,7013,40.39725462039935
1,7014,228.9396329206626
1,7015,133.49648303866826
1,7016,61.155994665918556
1,7017,173.12494885970347
1,7018,200.2167422745891
1,7019,43.34642459298812
1,7020,230.21426001513987
1,7021,216.66149283911028
1,7022,42.34538892149658
1,7023,133.24307613624717
1,7024,178.1586560207863
1,7025,249.06745508267164
1,7026,45.94492318754893
1,7027,198.07859265142866
1,7028,225.1456563463896
1,7029,43.0599140354433
1,7030,63.66239745791863
1,7031,240.5637792022358
1,7032,226.58785597936935
1,7033,28.015941164223342
1,7034,75.82698348356624
1,7035,140.39326947232388
1,7036,192.8920860120652
1,7037,48.89987250233713
1,7038,144.50439993651577
1,7039,204.24892291913338
1,7040,47.02900889266766
1,7041,44.95310609689558
1,7042,237.67993997281633
1,7043,246.55443821890873
1,7044,249.61546483747568
1,7045,252.72917010148478
1,7046,87.20436273268606
1,7047,232.8468522390067
1,7048,241.11290205666523
1,7049,57.528895443626475
1,7050,261.87755473688674
1,7051,48.742980450023666
1,7052,209.68331757690356
1,7053,258.9504666941322
1,7054,145.8994635943193
1,7055,255.4453655414927
1,7056,87.06118243023765
1,7057,247.29826709942245
1,7058,243.36421866115734
1,7059,49.092881019505086
1,7060,194.02047441859682
1,7061,241.64016024865379
1,7062,48.99962499581041
1,7063,260.8892821415433
1,7064,52.528364798601984
1,7065,230.20445700926226
1,7066,236.14661722703403
1,7067,238.34768531338833
1,7068,239.23723174509036
1,7069,48.56839504428046
1,7070,234.96399179751398
1,7071,166.34545174156668
1,7072,254.63965586485202
1,7073,206.09346442059942
1,7074,143.70090127067016
1,7075,248.1233953743868
1,7076,52.16894338589113
1,7077,241.75332447339483
1,7078,48.52818404835791
1,7079,250.47759801659822
1,7080,245.97721348951177
1,7081,51.97030173028732
1,7082,239.5736190851722
1,7083,44.050150974038225
1,7084,239.24794972826004
1,7085,51.95314298223501
1,7086,242.77086138784722
1,7087,235.40134343123302
1,7088,45.06979290131973
1,7089,250.56977898875954
1,7090,233.55877289035914
1,7091,352.87116421008534
1,7092,49.68080846454262
1,7093,237.44649918856823
1,7094,53.75037965162059
1,7095,268.7328089765167
1,7096,49.324999173892024
1,7097,226.24812755581362
1,7098,245.9974816218908
1,7099,49.514534192253706
1,7100,233.9103623943283
1,7101,360.4499256562766
1,7102,267.77596157493286
1,7103,53.64228940988426
1,7104,243.64826911458402
1,7105,249.80322953116564
1,7106,77.33966984804339
1,7107,140.105938538984
1,7108,260.1619077878539
1,7109,226.22325014991097
1,7110,10.875402434554662
1,7111,255.7070582657219
1,7112,217.92107133918694
1,7113,231.81072104246704
1,7114,89.17112146764588
1,7115,218.02760812827944
1,7116,224.96797113277407
1,7117,221.07691118397491
1,7118,189.26510906446208
1,7119,380.20221180974517
1,7120,209.59753780680927
1,7121,204.24538303694027
1,7122,42.609606990667864
1,7123,211.02475995492108
1,7124,98.03168612459261
1,7125,39.41803400083879
1,7126,240.36132807201474
1,7127,132.33370765258502
1,7128,209.28161932273412
1,7129,206.3362828812005
1,7130,203.73292208232147
1,7131,213.24840205178458
1,7132,91.64168710370754
1,7133,215.06594897642253
1,7134,39.407638389369865
1,7135,200.36789097074697
1,7136,41.659132318700586
1,7137,42.932756455505725
1,7138,241.22327319071005
1,7139,267.3764691222236
1,7140,43.87526723605257
1,7141,210.78125104180535
1,7142,92.44389087359426
1,7143,202.4026011031076
1,7144,203.27078430849332
1,7145,214.08242137122534
1,7146,137.01733926136842
1,7147,77.63942029310593
1,7148,204.3945819438221
1,7149,210.60426232607983
1,7150,219.90603638641096
1,7151,39.33319611141364
1,7152,400.8765236153613
1,7153,210.56526324831182
1,7154,242.28897679820045
1,7155,222.33465810142928
1,7156,219.88615757660622
1,7157,288.5625662978779
1,7158,235.6274239983133
1,7159,140.81778145738852
1,7160,221.33803483073146
1,7161,231.90390331047166
1,7162,43.27994744473931
1,7163,173.13391563106921
1,7164,210.94205178837728
1,7165,212.20751723612102
1,7166,231.81867581123333
1,7167,156.0051104073596
1,7168,81.22806475857642
1,7169,206.82649465274739
1,7170,42.539312378235195
1,7171,74.59298933403379
1,7172,214.58585834722595
1,7173,45.94506388308276
1,7174,268.1865626315892
1,7175,224.57334871896535
1,7176,20.22173709128411
1,7177,126.67071956211915
1,7178,259.0280649141788
1,7179,52.599320527498975
1,7180,146.319372530072
1,7181,61.78622056823342
1,7182,198.56463373421292
1,7183,49.943035269218946
1,7184,210.7939610446412
1,7185,235.25444175477583
1,7186,44.11363248295326
1,7187,263.15609899105584
1,7188,221.79349952151122
1,7189,45.56545562070262
1,7190,30.709088949778586
1,7191,195.24816874714116
1,7192,142.24214205797244
1,7193,218.37940174377428
1,7194,227.82356156868906
1,7195,226.14268120334935
1,7196,223.20293288072946
1,7197,162.34139652478305
1,7198,31.11537271777967
1,7199,194.078770231857
1,7200,215.0059198882155
1,7201,232.9277442238602
1,7202,229.54581750569173
1,7203,235.16647431905702
1,7204,235.92424147362487
1,7205,47.209396066246654
1,7206,132.24997223328467
1,7207,46.54925012214123
1,7208,97.77826908460526
1,7209,213.35040499350174
1,7210,371.3602187219467
1,7211,222.25775216384704
1,7212,46.90901000954965
1,7213,136.0475554180591
1,7214,44.33611783524981
1,7215,229.88686178494515
1,7216,46.28874130960945
1,7217,162.29202356583232
1,7218,229.33765521214434
1,7219,226.1143879735601
1,7220,230.51290609043434
1,7221,512.4906256814329
1,7222,344.81393271304864
1,7223,46.29609971713915
1,7224,32.46631314400011
1,7225,235.04532798609745
1,7226,57.28642792594776
1,7227,47.452504217495466
1,7228,227.9919158621366
1,7229,46.12940818196316
1,7230,567.6712978757246
1,7231,46.33610242318342
1,7232,231.59971501839692
1,7233,227.08148283254098
1,7234,301.83762821744824
1,7235,127.15558059307943
1,7236,232.0971665894224
1,7237,8.993550240106103
1,7238,207.9767736749405
1,7239,128.43119569321348
1,7240,222.55602789171024
1,7241,168.01547577108673
1,7242,99.12627040910456
1,7243,232.48801834803407
1,7244,49.8914647014019
1,7245,128.75189162287742
1,7246,234.34574580252405
1,7247,129.3383365329364
1,7248,237.1947812726565
1,7249,49.78355894890677
1,7250,278.18520751804533
1,7251,233.24276136878524
1,7252,219.77259171386902
1,7253,191.58821582256186
1,7254,216.01408147594452
1,7255,224.615021820756
1,7256,98.32863986860306
1,7257,220.2263501016848
1,7258,224.58291438045978
1,7259,42.31669326600257
1,7260,238.22243875347175
1,7261,46.38826200583711
1,7262,206.55922896616858
1,7263,212.7258704020349
1,7264,134.6715263150195
1,7265,205.91879399297994
1,7266,143.3967511424185
1,7267,223.02639684287047
1,7268,356.14183418790924
1,7269,200.37616775396992
1,7270,229.41074638019208
1,7271,44.95754669939328
1,7272,122.59256267744331
1,7273,239.54532594562795
1,7274,229.17558918533842
1,7275,96.29633390763209
1,7276,225.85681736312785
1,7277,136.39082203069046
1,7278,289.14075969103965
1,7279,231.22729119600552
1,7280,245.43872179763562
1,7281,85.41187172829439
1,7282,47.04328244788556
1,7283,376.92457133824536
1,7284,227.82977809050314
1,7285,48.286622411686594
1,7286,236.05797787141472
1,7287,96.57169799084502
1,7288,215.7131049355701
1,7289,355.2114800157681
1,7290,46.74825509884715
1,7291,231.1373703607185
1,7292,218.93796976455184
1,7293,238.04212670628007
1,7294,46.71586585323121
1,7295,239.87658265907407
1,7296,45.58114372506801
1,7297,218.77989733511077
1,7298,49.667945661029506
1,7299,245.43614313709162
1,7300,227.88027446115711
1,7301,152.85949849822495
1,7302,246.88232005727303
1,7303,231.59029036808218
1,7304,51.491453010012094
1,7305,225.3803442011626
1,7306,143.61109645707944
1,7307,231.9705277147052
1,7308,240.53070117624438
1,7309,137.9043448750828
1,7310,182.04509306149043
1,7311,128.58828518168838
1,7312,221.2027365695321
1,7313,227.69283003363572
1,7314,57.13478949816192
1,7315,340.4908472673841
1,7316,51.02586478913531
1,7317,99.281246526541
1,7318,224.63487352331956
1,7319,139.96459700640108
1,7320,135.92746846253533
1,7321,129.26891988903301
1,7322,188.39298325333826
1,7323,233.97812501744392
1,7324,33.28587022191594
1,7325,230.34694899584835
1,7326,98.86167298655383
1,7327,219.36742478405188
1,7328,50.0656389896981
1,7329,80.83963132263963
1,7330,150.31029391198126
1,7331,50.09690702235838
1,7332,141.90311511220574
1,7333,45.40831041832238
1,7334,102.8604114784689
1,7335,238.25104467272536
1,7336,44.09683428662147
1,7337,234.77769697532256
1,7338,238.43473866039568
1,7339,137.2691734078631
1,7340,47.50949064058426
1,7341,219.8593604383709
1,7342,268.1699366787605
1,7343,46.3670907647026
1,7344,376.7252225515716
1,7345,35.578649086125836
1,7346,234.70987820527805
1,7347,53.56070266095557
1,7348,137.01681691127175
1,7349,235.80594383421112
1,7350,294.7557329078529
1,7351,46.34188849038009
1,7352,228.29716601371285
1,7353,121.39580901654583
1,7354,229.27070309043006
1,7355,46.47066525416052
1,7356,219.42412593317516
1,7357,43.62114600544305
1,7358,232.11271994762012
1,7359,46.382368380870105
1,7360,239.59065573427804
1,7361,246.6243673901168
1,7362,251.34757330828535
1,7363,245.5557046342181
1,7364,52.0661901834461
1,7365,238.13120327784878
1,7366,221.0561790905714
1,7367,228.10677728663973
1,7368,209.80776021503266
1,7369,145.12987809450308
1,7370,472.54089113212603
1,7371,43.19441254462264
1,7372,534.3761057168542
1,7373,48.56057053734391
1,7374,199.98491364134608
1,7375,45.36807253177325
1,7376,226.52404701785866
1,7377,46.307271187743225
1,7378,95.01884924242805
1,7379,225.49368682972533
1,7380,53.979400228556244
1,7381,43.45883662384538
1,7382,104.16629745608722
1,7383,175.53817826593203
1,7384,41.63842475491154
1,7385,129.1667931864481
1,7386,46.87989998546283
1,7387,226.02067939063127
1,7388,114.49024614459714
1,7389,105.12590155997617
1,7390,238.4227492976999
1,7391,137.3565280082233
1,7392,51.36146506003338
1,7393,234.30289052118758
1,7394,233.97767916993666
1,7395,50.24646858103
1,7396,131.1132460408831
1,7397,46.908603302402724
1,7398,236.14365976047284
1,7399,240.28691310215885
1,7400,140.73249524857894
1,7401,228.3071314911283
1,7402,42.2779718376525
1,7403,96.23357608002704
1,7404,211.15366459496147
1,7405,233.05100007855287
1,7406,77.13843772292213
1,7407,236.17396894237748
1,7408,50.5686607493703
1,7409,240.62477928053406
1,7410,53.9601054907161
1,7411,238.68140951533712
1,7412,243.37046009192085
1,7413,50.94454883991632
1,7414,393.03547280161115
1,7415,51.04785483853644
1,7416,284.8595515559898
1,7417,227.7423333579962
1,7418,209.4157458351298
1,7419,57.08919549583777
1,7420,240.2049504731226
1,7421,150.1426291189834
1,7422,51.152707318567536
1,7423,422.1273741879355
1,7424,43.417221159343526
1,7425,224.8606732926085
1,7426,50.281277131141294
1,7427,231.97760015228056
1,7428,139.1724492804201
1,7429,10.225397752957301
1,7430,372.7276060407256
1,7431,242.06644167857797
1,7432,226.0182265858856
1,7433,43.38768875458422
1,7434,76.41525086364484
1,7435,226.83023520314399
1,7436,286.40387388831226
1,7437,79.31281017136445
1,7438,240.26743061060068
1,7439,138.42902031582892
1,7440,134.44269256741882
1,7441,202.84870205518035
1,7442,102.40976712418525
1,7443,46.011924168612325
1,7444,231.48032284080483
1,7445,201.2503881235121
1,7446,240.75041769390506
1,7447,47.34817963408349
1,7448,241.04808378360735
1,7449,177.59609258160086
1,7450,240.26856676863176
1,7451,50.65936574574097
1,7452,342.766272966421
1,7453,252.71155451393167
1,7454,260.3056549979084
1,7455,371.25385358492554
1,7456,245.9543708885039
1,7457,52.65624661353949
1,7458,136.60161302131542
1,7459,71.09540279484764
1,7460,195.13200792865035
1,7461,144.01315630323847
1,7462,229.71767674380874
1,7463,43.660461410143384
1,7464,274.5580425751857
1,7465,90.16335749235982
1,7466,234.7185822441526
1,7467,41.01946150884528
1,7468,218.93127154320587
1,7469,235.50051322947232
1,7470,43.51665944791827
1,7471,360.5398960583282
1,7472,213.80407651111898
1,7473,254.30582471089193
1,7474,386.4906916165912
1,7475,44.14012957932991
1,7476,332.54436534776295
1,7477,407.1240956007317
1,7478,229.05116745350938
1,7479,233.16762753929248
1,7480,139.52336767636973
1,7481,231.10433731034226
1,7482,46.724764086164484
1,7483,228.63831622034644
1,7484,276.14844245677443
1,7485,127.83111866626257
1,7486,42.38949828818947
1,7487,230.02658413193183
1,7488,278.27314838470454
1,7489,306.6752530774246
1,7490,258.1688617423448
1,7491,20.986036103220883
1,7492,341.60434908988964
1,7493,247.5106292085547
1,7494,45.912326662807956
1,7495,333.15180061898593
1,7496,400.96683372838135
1,7497,157.76718841967931
1,7498,205.12097708866588
1,7499,400.2172313499608
1,7500,246.54694848234863
1,7501,127.7123031165442
1,7502,47.49373894954644
1,7503,233.17044613841563
1,7504,46.39848312262046
1,7505,215.02475435573143
1,7506,51.56587088932564
1,7507,235.70355643250417
1,7508,51.773446316626234
1,7509,55.16294071252372
1,7510,225.9499152811828
1,7511,228.1061315163899
1,7512,45.96163866482658
1,7513,157.76286373949551
1,7514,54.1943732952294
1,7515,300.1687393578144
1,7516,112.30649417054966
1,7517,143.1212475593224
1,7518,152.63670485095003
1,7519,257.0449843273156
1,7520,215.68356796344332
1,7521,81.13359908182701
1,7522,43.33676599121962
1,7523,94.98430881030542
1,7524,239.88403672588137
1,7525,46.48968209797954
1,7526,232.77823729923065
1,7527,228.06221352346242
1,7528,233.3027299577168
1,7529,81.11679990628329
1,7530,239.4314903659614
1,7531,209.16723845958032
1,7532,227.04510793206344
1,7533,105.2901514307148
1,7534,56.82602153940364
1,7535,241.06427437631842
1,7536,153.3384625130534
1,7537,216.8734482449015
1,7538,256.27566600874377
1,7539,156.7426022033166
1,7540,267.60354989967243
1,7541,45.169088788983835
1,7542,254.26741031765965
1,7543,12.443446613549757
1,7544,399.1889731599679
1,7545,27.646578636669567
1,7546,390.0090788457955
1,7547,248.05276765534597
1,7548,240.73135215847026
1,7549,230.2251018896589
1,7550,211.81341804273745
1,7551,27.01336116532368
1,7552,248.64495686478344
1,7553,223.74070150720655
1,7554,42.382948740074234
1,7555,234.1674444784838
1,7556,136.52396444284793
1,7557,138.41947299161274
1,7558,221.0192669583493
1,7559,398.3076411985936
1,7560,49.9092869607006
1,7561,144.08356820683593
1,7562,314.23493404667965
1,7563,244.63882250861573
1,7564,237.86569705347236
1,7565,43.21419592049194
1,7566,248.06342351966555
1,7567,140.95269427957243
1,7568,52.51841897845787
1,7569,46.61194117451724
1,7570,234.77138360807237
1,7571,44.98972418141526
1,7572,238.97228735084747
1,7573,223.58259177983297
1,7574,27.540981212381496
1,7575,225.23896878820153
1,7576,42.80482324720925
1,7577,502.97853696324546
1,7578,80.87230423570082
1,7579,229.01415199329787
1,7580,44.72504972462852
1,7581,221.97174248468545
1,7582,137.71310992161355
1,7583,233.19036418289454
1,7584,250.2084526318755
1,7585,48.56142334691869
1,7586,248.18960529626298
1,7587,269.85098613963
1,7588,77.23502080571842
1,7589,220.51207145683054
1,7590,126.61752899384308
1,7591,245.3047609033494
1,7592,238.89059357349078
1,7593,45.0955274306325
1,7594,243.15871414756037
1,7595,224.72858713632814
1,7596,200.541521707144
1,7597,238.09955414678433
1,7598,80.54835151889256
1,7599,234.31652931145987
1,7600,48.26497848198229
1,7601,215.13843631266587
1,7602,44.41352028293285
1,7603,245.1976575678401
1,7604,256.59932381621707
1,7605,239.56257851943218
1,7606,47.46338761932171
1,7607,262.2397759694891
1,7608,148.97637508172988
1,7609,237.4884198072009
1,7610,50.593743238251896
1,7611,457.9831868635025
1,7612,50.35228371493958
1,7613,292.86402894062826
1,7614,241.87720577302113
1,7615,364.67287407546803
1,7616,253.9029001326254
1,7617,83.86584938218941
1,7618,45.730275594510076
1,7619,235.43907994514268
1,7620,48.66754174350717
1,7621,263.41033662282143
1,7622,163.03812927516287
1,7623,232.60348008168248
1,7624,47.816668414969506
1,7625,240.45202944477558
1,7626,127.75990012507555
1,7627,144.44509380149645
1,7628,239.65815061050859
1,7629,228.56319379176614
1,7630,600.9826951212847
1,7631,43.57950206040428
1,7632,135.06855923698959
1,7633,241.49403206899942
1,7634,281.7868218063947
1,7635,274.5314680806519
1,7636,266.5291608186931
1,7637,268.72072785810764
1,7638,257.9502782345849
1,7639,44.160466485218485
1,7640,244.7934919081058
1,7641,43.743101763425805
1,7642,259.89691101601676
1,7643,164.4390794937576
1,7644,248.99856859895806
1,7645,89.05560747923673
1,7646,249.59001496680963
1,7647,248.950599150341
1,7648,44.09453483926876
1,7649,276.56658921056845
1,7650,247.3050760674608
1,7651,65.67392406146618
1,7652,252.34971175927097
1,7653,51.23309027708103
1,7654,156.68733810775802
1,7655,242.04056379546148
1,7656,252.47161175076758
1,7657,262.81780780144527
1,7658,180.23170242757445
1,7659,48.63062012030663
1,7660,122.42050489910514
1,7661,52.4540939571128
1,7662,266.18757686430155
1,7663,298.9239270233357
1,7664,258.35547614996597
1,7665,157.29079911654298
1,7666,263.2513017790183
1,7667,47.69900537643888
1,7668,259.6055835091519
1,7669,161.8998963250978
1,7670,250.43226444934544
1,7671,50.74725139184763
1,7672,251.65605736353416
1,7673,51.959688002020926
1,7674,252.18188555137425
1,7675,41.229799897386016
1,7676,317.69803109043545
1,7677,258.1002671863363
1,7678,270.92022438923453
1,7679,272.5333563485494
1,7680,268.3726463616422
1,7681,277.5838202217468
1,7682,112.52824435577767
1,7683,263.13589542892385
1,7684,265.74490543009654
1,7685,257.86109283149864
1,7686,51.7478920661855
1,7687,253.73138895281213
1,7688,38.56301588089736
1,7689,269.84137609825734
1,7690,254.94128547922512
1,7691,50.8170661283153
1,7692,284.8034397215112
1,7693,254.46563548215735
1,7694,173.49642662613832
1,7695,278.0961461592987
1,7696,265.88644830829276
1,7697,290.03733595862
1,7698,250.11409972016133
1,7699,167.7907001996984
1,7700,182.01223962377065
1,7701,253.7478120765641
1,7702,259.8496064644447
1,7703,247.3779998775583
1,7704,226.4989558595281
1,7705,130.4563595291721
1,7706,243.21997163279678
1,7707,43.16832648260155
1,7708,236.05777153081786
1,7709,245.9850400324938
1,7710,252.98938009526626
1,7711,236.76151609574617
1,7712,248.36660487299378
1,7713,46.214465973753974
1,7714,239.42428985951858
1,7715,98.18949873890736
1,7716,268.6922035315514
1,7717,47.79711176373761
1,7718,251.5036413703683
1,7719,89.19467355259323
1,7720,261.8103026174099
1,7721,252.65169672120845
1,7722,56.49443921330639
1,7723,251.65544181328653
1,7724,268.9853728792518
1,7725,252.29547300528202
1,7726,241.30141298641905
1,7727,254.73804565852433
1,7728,65.69152258564361
1,7729,353.972549479333
1,7730,58.201616114754614
1,7731,310.063562132757
1,7732,262.2303988581425
1,7733,52.81176452700571
1,7734,196.50001374252997
1,7735,262.7742482585021
1,7736,61.02041882432992
1,7737,239.2075438625737
1,7738,50.40140127391912
1,7739,226.29561691398143
1,7740,50.6146296898983
1,7741,259.55154554714386
1,7742,91.658701297123
1,7743,505.2668322887251
1,7744,66.44308764801066
1,7745,190.2557856498711
1,7746,263.378315906714
1,7747,270.58131175360325
1,7748,52.26579599372239
1,7749,49.11039382240471
1,7750,317.42815967027946
1,7751,51.30577983486256
1,7752,249.04043287872355
1,7753,51.53277215936195
1,7754,133.31440295601885
1,7755,280.8615387150737
1,7756,69.64299330236211
1,7757,500.5761284597385
1,7758,63.10881471875965
1,7759,263.7421449281736
1,7760,152.76935391346967
1,7761,264.20026125479444
1,7762,251.1860239681767
1,7763,268.0318160889748
1,7764,138.29437583508587
1,7765,194.90026677332577
1,7766,269.07040071175123
1,7767,50.68932739539788
1,7768,271.59830893092976
1,7769,258.09492767608447
1,7770,261.0674854933487
1,7771,155.9900325501399
1,7772,84.81860517396088
1,7773,267.67229381609826
1,7774,260.4071614678894
1,7775,35.914179484641664
1,7776,221.40279749536853
1,7777,251.58528819499435
1,7778,270.6077250524258
1,7779,165.3323692187141
1,7780,50.64106156753323
1,7781,279.09885204194694
1,7782,152.0075369678193
1,7783,266.0674287292878
1,7784,260.9419736036369
1,7785,274.10712676249847
1,7786,211.90206525183663
1,7787,252.13878304033466
1,7788,137.94406933637248
1,7789,200.01131123459552
1,7790,50.70373537943628
1,7791,259.32414180853834
1,7792,50.59551122245688
1,7793,262.56510585477895
1,7794,50.35563080411791
1,7795,50.58829853524227
1,7796,266.33732854330873
1,7797,300.0504242757373
1,7798,186.9606799808628
1,7799,253.431419693931
1,7800,163.81332251430936
1,7801,269.16909388682313
1,7802,55.85716948449826
1,7803,263.0987114238793
1,7804,92.20645903976207
1,7805,296.31405575934446
1,7806,264.3045892443808
1,7807,266.81008896128867
1,7808,176.25564921270467
1,7809,258.46508248332634
1,7810,266.7119263366077
1,7811,264.059663216953
1,7812,241.40143006899856
1,7813,509.9212649163856
1,7814,246.40250704885761
1,7815,232.71645038085978
1,7816,44.511148586975544
1,7817,248.31709141423363
1,7818,44.47334334048224
1,7819,237.36363665075976
1,7820,250.42793036785642
1,7821,243.70754367244746
1,7822,39.92468181837886
1,7823,240.99776375127027
1,7824,247.39554863283817
1,7825,242.26659707787618
1,7826,391.7832366275979
1,7827,244.71496434152715
1,7828,105.01105156039218
1,7829,82.65794176411649
1,7830,65.59482680641096
1,7831,254.62441010749515
1,7832,245.77573402574723
1,7833,254.80052568899487
1,7834,258.52232542218627
1,7835,432.7055161402477
1,7836,257.6872694601457
1,7837,249.92387954736088
1,7838,268.26720049278697
1,7839,44.748165394134446
1,7840,308.27699810624745
1,7841,268.0878639070909
1,7842,260.77224721482196
1,7843,255.52518787747812
1,7844,263.04272886995875
1,7845,50.44501145628887
1,7846,243.66768628073848
1,7847,252.32495274584204
1,7848,89.26864123752478
1,7849,251.1010448775101
1,7850,239.8845383329899
1,7851,236.07692137607216
1,7852,236.39926603451312
1,7853,250.8645820882193
1,7854,90.68523614963624
1,7855,250.64825122730429
1,7856,265.0275992502063
1,7857,254.2128360891556
1,7858,90.22516891004744
1,7859,265.74207226098633
1,7860,258.9820554681817
1,7861,270.7465057346782
1,7862,266.7454514572745
1,7863,50.75409325442413
1,7864,263.9903304539939
1,7865,60.49291025971655
1,7866,251.91947889793664
1,7867,270.553727133324
1,7868,268.94680721356883
1,7869,49.35923929670493
1,7870,37.31440469051691
1,7871,266.30560287329473
1,7872,49.328316483247946
1,7873,257.33882225476054
1,7874,264.0061728537486
1,7875,254.73013923297606
1,7876,155.68206292088672
1,7877,263.39777873856553
1,7878,173.10573433457864
1,7879,254.4686900150317
1,7880,39.149806154230745
1,7881,146.12868145268192
1,7882,219.26574627226495
1,7883,124.33302873739383
1,7884,186.91446385821115
1,7885,243.91986769542612
1,7886,139.6637644079819
1,7887,40.54221984773646
1,7888,275.85392208190444
1,7889,233.41452205674227
1,7890,267.0701732464255
1,7891,146.07138814161482
1,7892,255.9424370259802
1,7893,124.0040377743116
1,7894,189.87590003403108
1,7895,254.0950692397255
1,7896,58.66012464172124
1,7897,246.27413617451134
1,7898,46.16683060110737
1,7899,242.23613529056297
1,7900,51.72316633654539
1,7901,128.29166834086956
1,7902,276.9617549291943
1,7903,250.8527380840728
1,7904,172.7387065299832
1,7905,252.9683272591635
1,7906,250.5197128324489
1,7907,99.55857601406774
1,7908,250.33185558063695
1,7909,256.2181199106592
1,7910,68.92275711012256
1,7911,314.80389437676143
1,7912,275.69814742846745
1,7913,258.01876727503657
1,7914,243.6032230312997
1,7915,247.64157035648293
1,7916,48.16681370414466
1,7917,257.8422913433179
1,7918,53.91116562349218
1,7919,281.1118291168102
1,7920,45.97396085057679
1,7921,250.76549176113537
1,7922,265.87968589359883
1,7923,271.58701702957626
1,7924,49.751732655002534
1,7925,252.22690387723645
1,7926,251.02216015431998
1,7927,270.1264905596663
1,7928,306.57767491439563
1,7929,220.25352916184073
1,7930,33.99051599218528
1,7931,229.48778367440752
1,7932,240.33273289445162
1,7933,251.69034414838006
1,7934,291.7459519392769
1,7935,263.3620126501536
1,7936,53.86996556715569
1,7937,63.88824856077932
1,7938,271.16536425092806
1,7939,243.93600142463544
1,7940,229.07095599966092
1,7941,234.63698288474274
1,7942,249.22051984829722
1,7943,245.76373172462095
1,7944,242.0003681930129
1,7945,250.29039221059782
1,7946,249.66002868798358
1,7947,242.02300790507448
1,7948,240.08152317430157
1,7949,254.64200375563368
1,7950,298.1000089295767
1,7951,248.6085885197374
1,7952,50.37946125725342
1,7953,240.00433067654052
1,7954,255.4511319658414
1,7955,245.0171311052748
1,7956,263.71763138226095
1,7957,194.09114971463245
1,7958,243.4241228653239
1,7959,251.1780922579194
1,7960,35.388635764886
1,7961,142.5945512024771
1,7962,232.97625488484374
1,7963,249.17382694137427
1,7964,262.243480083304
1,7965,245.39192285962832
1,7966,247.67309842646188
1,7967,246.05653149849104
1,7968,50.850772308085915
1,7969,59.36870627228295
1,7970,261.110762936634
1,7971,261.5002063703007
1,7972,254.58454652148794
1,7973,255.26216301261275
1,7974,50.386836913127894
1,7975,242.43837100856672
1,7976,51.1493733809845
1,7977,142.88423655347032
1,7978,297.2624248609195
1,7979,256.5778723134332
1,7980,246.05382356555765
1,7981,37.89140780777133
1,7982,291.56923291859187
1,7983,52.487347419500935
1,7984,305.8297642089358
1,7985,256.7200880214007
1,7986,51.9558128815145
1,7987,55.760431499402316
1,7988,246.70245797777346
1,7989,248.4170477683629
1,7990,57.92423854690601
1,7991,235.23551173570797
1,7992,243.28751167744235
1,7993,239.0106987638108
1,7994,49.348380755564214
1,7995,245.67211707503958
1,7996,58.19266391033513
1,7997,250.83637839239842
1,7998,142.15619580025776
1,7999,251.80277481155616
1,8000,243.57771020031902
1,8001,242.79699978160244
1,8002,239.63710214745595
1,8003,608.8928949842168
1,8004,246.48602940118707
1,8005,234.52759651167838
1,8006,247.33792075905183
1,8007,205.3791875404097
1,8008,50.44956026582428
1,8009,246.1691318364028
1,8010,59.2739259676902
1,8011,239.10424455332162
1,8012,250.39133492862936
1,8013,27.729113490825426
1,8014,242.931685185449
1,8015,55.467818733413196
1,8016,241.8518384323308
1,8017,145.31357140811704
1,8018,253.82701807065746
1,8019,48.33924735951662
1,8020,249.7787953932383
1,8021,48.39536747281114
1,8022,249.46996991366638
1,8023,50.14552931300964
1,8024,48.1633237004489
1,8025,259.5064262502104
1,8026,170.37477066971684
1,8027,249.53428719735473
1,8028,297.41301516913023
1,8029,273.49342401210373
1,8030,266.4489452846269
1,8031,243.2533177670077
1,8032,259.6643224135873
1,8033,44.42787167888061
1,8034,241.45907787035262
1,8035,44.95735464605555
1,8036,57.903502472215585
1,8037,309.46018271567664
1,8038,87.04829479365767
1,8039,242.05262723476494
1,8040,243.03928710834538
1,8041,55.358600296943
1,8042,242.39896840588173
1,8043,280.0747367914622
1,8044,47.31438042155945
1,8045,249.3825500769974
1,8046,46.77029769850125
1,8047,250.39641776335515
1,8048,239.85740274201018
1,8049,263.35973195764404
1,8050,241.2890562394494
1,8051,168.48234389059678
1,8052,261.42086442116465
1,8053,249.29528747985017
1,8054,235.37609153224145
1,8055,246.66769573681069
1,8056,306.71592036610446
1,8057,230.16668247599551
1,8058,9.939146147768692
1,8059,177.63457681087215
1,8060,237.665338846557
1,8061,247.7741969373297
1,8062,59.524087548169014
1,8063,186.65989037569594
1,8064,256.8271710759541
1,8065,50.469308638533136
1,8066,263.7634817606866
1,8067,87.34885728534013
1,8068,383.4699892752318
1,8069,282.0306108448458
1,8070,151.63794121662502
1,8071,47.99901967100945
1,8072,252.78741245206956
1,8073,50.14182627172758
1,8074,304.79350477224875
1,8075,254.2467461649003
1,8076,289.7493222374864
1,8077,288.00871114649306
1,8078,94.108571484966
1,8079,263.0259243067516
1,8080,232.12372499551776
1,8081,316.40539027055195
1,8082,252.4635666144332
1,8083,85.46933586923073
1,8084,310.9653160040924
1,8085,264.05592059602975
1,8086,226.05873662236303
1,8087,245.90898456689212
1,8088,45.77952569629086
1,8089,266.14460545681584
1,8090,187.486112677787
1,8091,46.814357086783275
1,8092,247.25582350853645
1,8093,47.19765098779895
1,8094,46.82172196707927
1,8095,243.467248800637
1,8096,255.63726386281436
1,8097,50.04391033318318
1,8098,50.39839994400336
1,8099,216.9076760724566
1,8100,142.78812659930315
1,8101,47.36394480570847
1,8102,349.39033246040617
1,8103,266.11128400559755
1,8104,49.85124316833319
1,8105,246.70372300986526
1,8106,18.031670005000095
1,8107,49.941201831020486
1,8108,248.92023374774752
1,8109,51.92775829327738
1,8110,257.39391978110484
1,8111,229.14404784496492
1,8112,151.35339562997456
1,8113,247.13911361500948
1,8114,48.221814283440025
1,8115,252.7331379472524
1,8116,247.4499535271998
1,8117,228.10464213576034
1,8118,192.97403974188438
1,8119,245.31531369667397
1,8120,265.50401387487693
1,8121,146.08868619512708
1,8122,246.86370067184936
1,8123,48.34257204810007
1,8124,245.7583719192058
1,8125,52.392392591850864
1,8126,48.65036251931641
1,8127,246.4780466905424
1,8128,256.81420172678173
1,8129,155.7625899939514
1,8130,304.9609186288137
1,8131,237.8304352241788
1,8132,247.05878941890148
1,8133,51.00616727890848
1,8134,241.7696992459954
1,8135,89.07327994712392
1,8136,385.12301783869657
1,8137,288.6777584257802
1,8138,145.1303467628959
1,8139,256.17683156189287
1,8140,308.7627371577514
1,8141,237.60151510220692
1,8142,270.73853854658023
1,8143,166.2671714123727
1,8144,255.71623029117748
1,8145,274.5715189173373
1,8146,250.2492256679409
1,8147,705.6725954040417
1,8148,266.0724290229927
1,8149,48.08110186859961
1,8150,259.9240959341747
1,8151,261.5242839184117
1,8152,259.8908660469718
1,8153,246.99181493513817
1,8154,58.728745313029776
1,8155,266.6687793349037
1,8156,262.28628011953936
1,8157,256.47016690845845
1,8158,270.1721427023597
1,8159,261.7663561262718
1,8160,165.96044173651774
1,8161,266.30517802929836
1,8162,261.63493461713995
1,8163,260.8194381676976
1,8164,251.69669755461774
1,8165,254.06143407845042
1,8166,289.98502624318644
1,8167,271.0809439599226
1,8168,50.71993611098446
1,8169,270.99409827444083
1,8170,263.25918165166513
1,8171,197.6620621181829
1,8172,252.8741469138568
1,8173,45.144572910869684
1,8174,37.46975118558676
1,8175,80.22151144159592
1,8176,126.13160187050299
1,8177,236.48765010592373
1,8178,234.4032138493977
1,8179,45.62202040435723
1,8180,242.0635896597411
1,8181,46.368189084444
1,8182,242.2859095910755
1,8183,252.94699609359242
1,8184,240.78240136951388
1,8185,11.05913916502991
1,8186,244.12856079306206
1,8187,59.07124181725875
1,8188,244.70935113086665
1,8189,47.02580346732839
1,8190,244.00630734853718
1,8191,38.117078762578934
1,8192,243.23680650512665
1,8193,234.7093181196915
1,8194,243.597197332861
1,8195,244.4530049586263
1,8196,100.48503027864072
1,8197,178.09817208283107
1,8198,59.380084455049875
1,8199,278.93652373490295
1,8200,243.62860648656618
1,8201,11.666158663839472
1,8202,245.71344730460623
1,8203,70.36717931672348
1,8204,61.34652720372627
1,8205,182.80355968588174
1,8206,50.341090330699835
1,8207,242.25416272068105
1,8208,48.020378353322144
1,8209,250.33971723545218
1,8210,50.10524843814163
1,8211,277.0163828657762
1,8212,165.62780739285347
1,8213,255.40596560323257
1,8214,48.0878695189533
1,8215,259.08878564665054
1,8216,243.56326139177747
1,8217,245.31408100630392
1,8218,88.58425582966395
1,8219,260.37103316372645
1,8220,60.600610892012256
1,8221,88.70870203667121
1,8222,252.67575624134767
1,8223,132.77805043605395
1,8224,249.8500762879161
1,8225,144.3716320156308
1,8226,52.064207673089896
1,8227,276.4685234926035
1,8228,256.2349052415115
1,8229,257.3849668209163
1,8230,266.09369066518514
1,8231,271.7768150014266
1,8232,54.8345532753884
1,8233,271.65065622114173
1,8234,254.4578584031188
1,8235,344.47655050428307
1,8236,250.79027327540675
1,8237,48.335770637550276
1,8238,245.43588822000703
1,8239,52.468064242855064
1,8240,251.5083657917134
1,8241,252.497678558355
1,8242,22.374266289601007
1,8243,272.12107742373394
1,8244,48.0140007459668
1,8245,249.32843292587074
1,8246,324.49658010967494
1,8247,259.11352752449113
1,8248,234.57881665211607
1,8249,256.51906163866823
1,8250,251.944325176513
1,8251,245.422676847375
1,8252,246.85528513738302
1,8253,221.9031409447735
1,8254,241.1874395347403
1,8255,45.15074147661619
1,8256,249.86639699532913
1,8257,242.94122109282387
1,8258,206.62229813115312
1,8259,240.4473483548186
1,8260,45.49714255493117
1,8261,241.36988125598464
1,8262,289.05700191276713
1,8263,50.588817566727045
1,8264,269.8027717452329
1,8265,260.7129212936327
1,8266,43.712528358406004
1,8267,246.40452772919517
1,8268,246.41559952268335
1,8269,34.00838565620702
1,8270,356.690400112337
1,8271,230.82371344986404
1,8272,262.67117487069083
1,8273,259.2008428658391
1,8274,244.3316484133827
1,8275,43.97557395563149
1,8276,242.9023807175335
1,8277,57.52581141749114
1,8278,224.60828879519732
1,8279,252.23939625926448
1,8280,249.62309571162962
1,8281,236.63522584509045
1,8282,236.40656523674818
1,8283,48.91496658183583
1,8284,239.10073534663624
1,8285,255.39843380309168
1,8286,45.42627370880337
1,8287,247.07733632607363
1,8288,253.1050001370587
1,8289,90.30088837820858
1,8290,249.7063801081056
1,8291,54.12634717163961
1,8292,250.9333935415272
1,8293,259.51394058318044
1,8294,92.21561854534269
1,8295,273.3030021291977
1,8296,49.61319335746488
1,8297,272.719550870397
1,8298,258.5436901647057
1,8299,264.870705044786
1,8300,50.1732076618552
1,8301,252.16914072791408
1,8302,259.843894492343
1,8303,47.688392663723874
1,8304,255.0088010480843
1,8305,256.80303657145635
1,8306,49.926398075653864
1,8307,261.84832986944957
1,8308,255.9539702908134
1,8309,253.98969301955202
1,8310,52.97043827251834
1,8311,223.38790929154146
1,8312,272.1931771434422
1,8313,274.07636048446625
1,8314,142.40862476944972
1,8315,198.97246363658383
1,8316,262.6975236111102
1,8317,250.8597350765963
1,8318,62.96122149743292
1,8319,270.14407454124284
1,8320,85.8887730251403
1,8321,155.04904787948195
1,8322,269.80210654960865
1,8323,50.7612457818676
1,8324,278.14377601687477
1,8325,52.7467739880733
1,8326,155.45098315398707
1,8327,143.20070921503145
1,8328,273.84113856255806
1,8329,55.19580225976565
1,8330,162.472663494127
1,8331,267.8846720013829
1,8332,269.35427899208
1,8333,262.5375068994599
1,8334,236.2332912347524
1,8335,235.67181857805565
1,8336,222.81530316181224
1,8337,222.43708845372618
1,8338,218.6327916616856
1,8339,224.15095057964044
1,8340,315.7803135328927
1,8341,195.54362014504196
1,8342,306.538128363562
1,8343,41.69301169079197
1,8344,294.7876779401819
1,8345,44.66402546715164
1,8346,190.00373729709202
1,8347,35.973467933295524
1,8348,191.5653571732085
1,8349,151.7671578131782
1,8350,203.1231683820968
1,8351,38.87118335706289
1,8352,199.19283749875376
1,8353,211.4995234298617
1,8354,208.8365644043583
1,8355,243.2462788711637
1,8356,206.76772760416344
1,8357,200.61677107484505
1,8358,21.264295291322092
1,8359,215.40194536076328
1,8360,200.52758468301036
1,8361,209.53840160041918
1,8362,41.28866671398573
1,8363,197.55074167267378
1,8364,222.12087846237046
1,8365,221.69775869928117
1,8366,41.46705584723723
1,8367,209.64794739937435
1,8368,268.5599236973302
1,8369,222.99943655904207
1,8370,46.72858834389446
1,8371,215.32214185370566
1,8372,41.309547150889934
1,8373,199.5831651014601
1,8374,229.66164421749068
1,8375,240.59720770301513
1,8376,226.52260151225005
1,8377,39.15406123500576
1,8378,209.9406293659447
1,8379,214.39418672501014
1,8380,41.22662214890465
1,8381,240.9284522959528
1,8382,213.43474953260244
1,8383,227.49547517397482
1,8384,215.72511665868274
1,8385,213.47316336724546
1,8386,42.24763779837589
1,8387,187.86973494124447
1,8388,180.7714986728406
1,8389,234.10167154821403
1,8390,202.41155175719027
1,8391,237.72115164841173
1,8392,43.204760155379006
1,8393,209.0008621590831
1,8394,513.7052285501712
1,8395,45.50414301150627
1,8396,241.321062450333
1,8397,211.93531736475774
1,8398,87.40298873985775
1,8399,211.60715981287296
1,8400,229.80004983736228
1,8401,229.382889231158
1,8402,45.282011548983846
1,8403,233.3464299564392
1,8404,130.70717298730983
1,8405,311.49378765908295
1,8406,42.11658034463568
1,8407,207.2635409067331
1,8408,139.31659282996193
1,8409,42.650965314990245
1,8410,99.56953502290116
1,8411,205.06056624719545
1,8412,43.17292773956147
1,8413,29.20194451285398
1,8414,189.81909482394758
1,8415,222.61106685858232
1,8416,157.6722267514255
1,8417,217.26429248067322
1,8418,45.01108047070092
1,8419,214.24112463046436
1,8420,47.24184432912206
1,8421,218.11539395177277
1,8422,139.91126890687133
1,8423,198.26140480283982
1,8424,43.52970449089263
1,8425,227.85857719207002
1,8426,45.19309966644329
1,8427,218.86654335327137
1,8428,154.1635791440341
1,8429,218.2238814608391
1,8430,44.75154522086326
1,8431,252.0691746825098
1,8432,75.11530402394656
1,8433,232.73258285288188
1,8434,45.25453541201006
1,8435,223.86093474206788
1,8436,171.1884770754122
1,8437,230.41640632128207
1,8438,240.78048869413962
1,8439,224.12883563353327
1,8440,47.470021838853725
1,8441,202.91647784124018
1,8442,254.87724693608806
1,8443,30.02395430170628
1,8444,216.60773524084
1,8445,304.43610827555904
1,8446,223.18455110078503
1,8447,228.7156354735966
1,8448,44.348586173403746
1,8449,226.92929668899507
1,8450,399.5660702150616
1,8451,161.10516399428053
1,8452,238.20936586387165
1,8453,49.408249012202305
1,8454,206.12334297237447
1,8455,247.20162572321073
1,8456,50.8660193435893
1,8457,142.54199647512763
1,8458,225.8902757002977
1,8459,230.20710834355796
1,8460,231.37082383271365
1,8461,259.66614025341505
1,8462,249.99136497516477
1,8463,90.94600918569846
1,8464,236.5515478080854
1,8465,354.9730549566493
1,8466,78.32181510431931
1,8467,213.7590272107821
1,8468,42.37864878433327
1,8469,198.25940529444415
1,8470,157.50563544294533
1,8471,212.65024219659193
1,8472,43.12622256912472
1,8473,204.81124100553
1,8474,238.15165895220247
1,8475,234.67206547446492
1,8476,221.98199956721734
1,8477,229.1091223596993
1,8478,43.930205053966546
1,8479,224.2832982512997
1,8480,81.17087915012492
1,8481,282.0219898142145
1,8482,232.57202829475938
1,8483,161.0525648823952
1,8484,55.11205002620973
1,8485,242.14701658171447
1,8486,223.14492728315577
1,8487,218.37078491701675
1,8488,48.69931282079479
1,8489,220.79269856092398
1,8490,202.51547806323106
1,8491,46.151831248995954
1,8492,131.56044648864412
1,8493,241.07987072662928
1,8494,31.324530961905822
1,8495,233.61346825652384
1,8496,241.40465189439976
1,8497,45.32816003965011
1,8498,227.13368099643913
1,8499,354.9846439619562
1,8500,226.91621314122912
1,8501,48.586831474357126
1,8502,203.59121897291445
1,8503,255.3128355840236
1,8504,250.78135301320629
1,8505,241.76337038354347
1,8506,76.48932275731268
1,8507,244.87927661691998
1,8508,242.51226065618567
1,8509,50.258024993625966
1,8510,395.07959244533066
1,8511,176.22792383668772
1,8512,46.049600600683604
1,8513,249.66040454898413
1,8514,259.12394097004756
1,8515,235.20201565418387
1,8516,129.07073703984977
1,8517,198.01750799720065
1,8518,191.22251839195025
1,8519,48.8994595275401
1,8520,212.91274863478225
1,8521,355.9629871602069
1,8522,227.31302499859356
1,8523,182.45893464382274
1,8524,32.19826023381459
1,8525,224.79830889202145
1,8526,51.26566621291697
1,8527,32.19216305217965
1,8528,225.87281672710486
1,8529,266.7360293075508
1,8530,78.43032231184108
1,8531,212.3607186482949
1,8532,225.77244980336667
1,8533,241.57824632176766
1,8534,46.25573947805199
1,8535,31.972593255724302
1,8536,429.5418211567952
1,8537,245.58735917351012
1,8538,230.5175651737022
1,8539,55.72796791991563
1,8540,324.385493653636
1,8541,56.01268174823261
1,8542,280.9112625841083
1,8543,242.1467416508142
1,8544,222.8942396150257
1,8545,145.85749752005057
1,8546,224.87551041077802
1,8547,128.227618968976
1,8548,50.68670014757713
1,8549,225.93775302472454
1,8550,50.62864212867329
1,8551,233.1149277272457
1,8552,235.10764596282357
1,8553,243.39875949284396
1,8554,54.657702916081675
1,8555,238.49540679157613
1,8556,249.63957928927488
1,8557,241.8638860501321
1,8558,249.0489966013091
1,8559,86.20782422991672
1,8560,228.15577005685276
1,8561,133.9821328426232
1,8562,218.46310357764366
1,8563,39.99298660646923
1,8564,230.3818594266029
1,8565,194.2460438718018
1,8566,152.83762252058034
1,8567,316.5854395952143
1,8568,271.2687792517228
1,8569,43.55174280657384
1,8570,376.9407920087624
1,8571,240.4034970454457
1,8572,45.47845929733366
1,8573,218.9129414294802
1,8574,222.52287676615964
1,8575,225.15061178758413
1,8576,223.93433304297383
1,8577,143.73419979228817
1,8578,134.90896673187
1,8579,232.8626560772575
1,8580,134.86212038121278
1,8581,231.51690139070556
1,8582,40.839689194122485
1,8583,227.86915654108282
1,8584,45.62417845454994
1,8585,221.59626416491557
1,8586,351.2046036756516
1,8587,81.79301800203922
1,8588,228.92135758734935
1,8589,44.25618615871829
1,8590,223.64524485783545
1,8591,48.73348794074652
1,8592,226.86335637873452
1,8593,235.6671918604851
1,8594,159.75131720829623
1,8595,55.72222824117097
1,8596,243.26569898903676
1,8597,227.45215569797426
1,8598,220.85197059051166
1,8599,232.80491558266164
1,8600,229.81911754077544
1,8601,49.59250474566442
1,8602,237.71765718280417
1,8603,232.74591201339916
1,8604,194.15649701588177
1,8605,234.53251444922816
1,8606,50.65997836472709
1,8607,380.10417627493837
1,8608,242.45644461090484
1,8609,241.7220033341194
1,8610,10.01388571946995
1,8611,253.52016532336523
1,8612,245.85967316636848
1,8613,66.10788627434644
1,8614,178.75001135990436
1,8615,217.0071372846624
1,8616,46.535385703277356
1,8617,232.99747519884272
1,8618,46.63152682379774
1,8619,162.32090215026096
1,8620,52.56417844532975
1,8621,246.52909091155502
1,8622,239.5862865597653
1,8623,81.31165808562852
1,8624,241.15958137939305
1,8625,128.88057420186072
1,8626,229.39395757146542
1,8627,352.45381219514843
1,8628,222.24863490615118
1,8629,160.85905392562788
1,8630,223.07058103165738
1,8631,46.39232493889998
1,8632,228.4726645736419
1,8633,235.91824404394106
1,8634,57.21465253182372
1,8635,245.33252058727652
1,8636,158.99210359742546
1,8637,237.06001763544742
1,8638,46.51446589390139
1,8639,228.80837449118724
1,8640,248.08182683224777
1,8641,48.623262702624245
1,8642,57.42173943000425
1,8643,242.6512815411915
1,8644,50.905112630919746
1,8645,212.35976495247542
1,8646,263.5963558059099
1,8647,239.0075445183003
1,8648,225.96287104182977
1,8649,240.62016405429546
1,8650,280.4359230687228
1,8651,226.23555329896413
1,8652,226.45983761873453
1,8653,43.208308741962625
1,8654,31.89497554721256
1,8655,227.15685417327163
1,8656,225.70981515154355
1,8657,48.887540623982915
1,8658,307.36841042374726
1,8659,47.89447916953746
1,8660,209.9119468849688
1,8661,213.89491914184407
1,8662,42.02950213891448
1,8663,195.37164939708876
1,8664,45.85583019502714
1,8665,281.59986337267173
1,8666,224.54805275935956
1,8667,42.12948124262189
1,8668,222.12652530918112
1,8669,157.81001916544125
1,8670,227.06159889858708
1,8671,47.56115357186816
1,8672,224.93890144976203
1,8673,233.07215518494024
1,8674,232.97974452602284
1,8675,156.6481978876487
1,8676,44.94338830753148
1,8677,222.65146838533224
1,8678,234.36517921994127
1,8679,47.548535844494985
1,8680,220.8068588515838
1,8681,353.6398572878961
1,8682,220.13497813399138
1,8683,41.114504438031574
1,8684,206.30159150619855
1,8685,216.42436462274367
1,8686,208.12508746357548
1,8687,210.09030100768706
1,8688,205.61615700576255
1,8689,44.470305966054276
1,8690,133.6867663988744
1,8691,214.0983475504976
1,8692,43.249569799915605
1,8693,211.21760659359444
1,8694,51.655821430810775
1,8695,234.3510955333236
1,8696,79.11987421185873
1,8697,218.0528417647938
1,8698,129.93250910325162
1,8699,137.99084195449785
1,8700,298.1943013032414
1,8701,6.329877081780462
1,8702,125.21736386939371
1,8703,44.55681837218552
1,8704,220.96895848239566
1,8705,44.595644354398104
1,8706,213.92007428806318
1,8707,53.024087109923094
1,8708,227.8692228137807
1,8709,224.40324323061682
1,8710,44.3430503389884
1,8711,164.00412778871066
1,8712,263.7837043370636
1,8713,235.78316805751473
1,8714,79.71494148121886
1,8715,254.1150594176155
1,8716,44.153708449314735
1,8717,238.6601162649073
1,8718,229.2300645683042
1,8719,45.62870966141081
1,8720,230.33318329704446
1,8721,41.46077119832644
1,8722,103.96390676826853
1,8723,234.19966001376997
1,8724,45.24526601010011
1,8725,46.76571519433173
1,8726,299.27126820815846
1,8727,46.0049335982756
1,8728,238.6899060780613
1,8729,104.70509750527344
1,8730,46.75035899048768
1,8731,296.37969361235656
1,8732,301.94497279550814
1,8733,221.97783141680898
1,8734,227.29953153448264
1,8735,248.72985051193393
1,8736,247.44384337997928
1,8737,50.24742949670062
1,8738,234.23477468245414
1,8739,462.7741904372559
1,8740,46.059598374741256
1,8741,235.53565708668015
1,8742,232.24567225889388
1,8743,231.9124811211724
1,8744,163.34118683755761
1,8745,267.0619973277297
1,8746,229.68184932744322
1,8747,232.98065021760948
1,8748,215.40242973617597
1,8749,104.92209675026956
1,8750,225.9060031705995
1,8751,46.48624313554056
1,8752,244.36445667732366
1,8753,45.8199037970596
1,8754,161.81336760782386
1,8755,267.53318433547986
1,8756,144.63754424370933
1,8757,234.92323187750287
1,8758,13.448129050269278
1,8759,128.45566485272766
1,8760,46.20520983183232
1,8761,237.2271664946545
1,8762,44.027154810164916
1,8763,218.36544870808166
1,8764,51.17153181093832
1,8765,211.29088690491082
1,8766,223.42830090550353
1,8767,42.6428601635492
1,8768,151.81031046193596
1,8769,263.9349805355073
1,8770,222.48650915717226
1,8771,77.90097609329263
1,8772,206.02159676942586
1,8773,42.36384957395228
1,8774,218.08001640658236
1,8775,206.74563918965538
1,8776,42.33200320084505
1,8777,117.31499205441557
1,8778,226.95933523571154
1,8779,43.5333835283778
1,8780,214.81622607595466
1,8781,43.49628013165537
1,8782,236.63897443574126
1,8783,249.55178909054467
1,8784,46.08406249415087
1,8785,225.06919847888042
1,8786,230.4932242826197
1,8787,43.906806203339514
1,8788,229.28324246093314
1,8789,41.177465438074336
1,8790,103.47880198956256
1,8791,229.15373231330204
1,8792,44.03776614685508
1,8793,44.50239814139003
1,8794,303.7877780556262
1,8795,44.22876375325641
1,8796,230.13943036584814
1,8797,102.95589213013761
1,8798,44.148224555537745
1,8799,289.90816531195577
1,8800,444.6684290632687
1,8801,45.369275777837686
1,8802,234.35102145230337
1,8803,249.40475710937645
1,8804,50.56920962993542
1,8805,232.1924681875123
1,8806,240.0171100692737
1,8807,303.11364950496613
1,8808,224.66155220474428
1,8809,228.1462643629567
1,8810,245.0967792510328
1,8811,249.051805101149
1,8812,50.80545165474173
1,8813,233.12609938447514
1,8814,54.47636843344009
1,8815,47.85364134248961
1,8816,238.3613197339781
1,8817,45.973065327881315
1,8818,161.89886477555467
1,8819,267.8263186758302
1,8820,220.31275270160728
1,8821,163.7343010061544
1,8822,105.20227647224488
1,8823,124.86235213785507
1,8824,268.5197364159062
1,8825,139.89587271054714
1,8826,138.68102789443265
1,8827,243.02343357369966
1,8828,46.172625067610596
1,8829,83.10047553994372
1,8830,236.46057365429263
1,8831,230.42967638010177
1,8832,237.6007229707938
1,8833,48.577645359252685
1,8834,226.43715239759223
1,8835,94.2479556503175
1,8836,206.31830397609227
1,8837,246.8441074557573
1,8838,213.91340379497052
1,8839,151.90362783749913
1,8840,203.34388390543916
1,8841,49.00943699651424
1,8842,253.817529921547
1,8843,241.05338426813097
1,8844,34.177877159927775
1,8845,222.95945575086807
1,8846,42.745982977744276
1,8847,133.75969287836358
1,8848,514.8350125087666
1,8849,225.80018062256445
1,8850,226.70310038457694
1,8851,45.12682815045472
1,8852,222.99262728513548
1,8853,157.70447995734517
1,8854,32.93037385732875
1,8855,221.68312411608014
1,8856,226.4770324899281
1,8857,43.70204936920873
1,8858,533.1789698898201
1,8859,45.097924602367
1,8860,220.9576551605626
1,8861,26.675614876864433
1,8862,216.75635822037316
1,8863,226.92645983951343
1,8864,229.61912736047773
1,8865,235.44439317907145
1,8866,139.08607802333592
1,8867,190.90740541354427
1,8868,44.95196478408501
1,8869,229.29724049156448
1,8870,45.16447055249069
1,8871,208.7737776440756
1,8872,56.227154964629335
1,8873,233.50096594694224
1,8874,240.37304255193504
1,8875,45.06253129237777
1,8876,229.33774041548764
1,8877,230.8450133435445
1,8878,35.82315088364825
1,8879,236.5953559430775
1,8880,47.96566130463279
1,8881,46.37658640941471
1,8882,570.6409384102469
1,8883,46.86134048812542
1,8884,37.1058492284114
1,8885,232.03338421886878
1,8886,236.67363136922094
1,8887,51.194771367766066
1,8888,279.71114508680466
1,8889,224.42801278685016
1,8890,233.65642017314823
1,8891,235.97769740895632
1,8892,47.515900318104514
1,8893,221.85942726771086
1,8894,55.86683598745316
1,8895,242.8665329840345
1,8896,487.5806022033916
1,8897,230.38059049804127
1,8898,40.39725462039935
1,8899,228.9396329206626
1,8900,133.49648303866826
1,8901,61.155994665918556
1,8902,173.12494885970347
1,8903,200.2167422745891
1,8904,43.34642459298812
1,8905,230.21426001513987
1,8906,216.66149283911028
1,8907,42.34538892149658
1,8908,133.24307613624717
1,8909,178.1586560207863
1,8910,249.06745508267164
1,8911,45.94492318754893
1,8912,198.07859265142866
1,8913,225.1456563463896
1,8914,43.0599140354433
1,8915,63.66239745791863
1,8916,240.5637792022358
1,8917,226.58785597936935
1,8918,28.015941164223342
1,8919,75.82698348356624
1,8920,140.39326947232388
1,8921,192.8920860120652
1,8922,48.89987250233713
1,8923,144.50439993651577
1,8924,204.24892291913338
1,8925,47.02900889266766
1,8926,44.95310609689558
1,8927,237.67993997281633
1,8928,246.55443821890873
1,8929,249.61546483747568
1,8930,252.72917010148478
1,8931,87.20436273268606
1,8932,232.8468522390067
1,8933,241.11290205666523
1,8934,57.528895443626475
1,8935,261.87755473688674
1,8936,48.742980450023666
1,8937,209.68331757690356
1,8938,258.9504666941322
1,8939,145.8994635943193
1,8940,255.4453655414927
1,8941,87.06118243023765
1,8942,247.29826709942245
1,8943,243.36421866115734
1,8944,49.092881019505086
1,8945,194.02047441859682
1,8946,241.64016024865379
1,8947,48.99962499581041
1,8948,260.8892821415433
1,8949,52.528364798601984
1,8950,230.20445700926226
1,8951,236.14661722703403
1,8952,238.34768531338833
1,8953,239.23723174509036
1,8954,48.56839504428046
1,8955,234.96399179751398
1,8956,166.34545174156668
1,8957,254.63965586485202
1,8958,206.09346442059942
1,8959,143.70090127067016
1,8960,248.1233953743868
1,8961,52.16894338589113
1,8962,241.75332447339483
1,8963,48.52818404835791
1,8964,250.47759801659822
1,8965,245.97721348951177
1,8966,51.97030173028732
1,8967,239.5736190851722
1,8968,44.050150974038225
1,8969,239.24794972826004
1,8970,51.95314298223501
1,8971,242.77086138784722
1,8972,235.40134343123302
1,8973,45.06979290131973
1,8974,250.56977898875954
1,8975,233.55877289035914
1,8976,352.87116421008534
1,8977,49.68080846454262
1,8978,237.44649918856823
1,8979,53.75037965162059
1,8980,268.7328089765167
1,8981,49.324999173892024
1,8982,226.24812755581362
1,8983,245.9974816218908
1,8984,49.514534192253706
1,8985,233.9103623943283
1,8986,360.4499256562766
1,8987,267.77596157493286
1,8988,53.64228940988426
1,8989,243.64826911458402
1,8990,249.80322953116564
1,8991,77.33966984804339
1,8992,140.105938538984
1,8993,260.1619077878539
1,8994,226.22325014991097
1,8995,10.875402434554662
1,8996,255.7070582657219
1,8997,217.92107133918694
1,8998,231.81072104246704
1,8999,89.17112146764588
1,9000,218.02760812827944
1,9001,224.96797113277407
1,9002,221.07691118397491
1,9003,189.26510906446208
1,9004,380.20221180974517
1,9005,209.59753780680927
1,9006,204.24538303694027
1,9007,42.609606990667864
1,9008,211.02475995492108
1,9009,98.03168612459261
1,9010,39.41803400083879
1,9011,240.36132807201474
1,9012,132.33370765258502
1,9013,209.28161932273412
1,9014,206.3362828812005
1,9015,203.73292208232147
1,9016,213.24840205178458
1,9017,91.64168710370754
1,9018,215.06594897642253
1,9019,39.407638389369865
1,9020,200.36789097074697
1,9021,41.659132318700586
1,9022,42.932756455505725
1,9023,241.22327319071005
1,9024,267.3764691222236
1,9025,43.87526723605257
1,9026,210.78125104180535
1,9027,92.44389087359426
1,9028,202.4026011031076
1,9029,203.27078430849332
1,9030,214.08242137122534
1,9031,137.01733926136842
1,9032,77.63942029310593
1,9033,204.3945819438221
1,9034,210.60426232607983
1,9035,219.90603638641096
1,9036,39.33319611141364
1,9037,400.8765236153613
1,9038,210.56526324831182
1,9039,242.28897679820045
1,9040,222.33465810142928
1,9041,219.88615757660622
1,9042,288.5625662978779
1,9043,235.6274239983133
1,9044,140.81778145738852
1,9045,221.33803483073146
1,9046,231.90390331047166
1,9047,43.27994744473931
1,9048,173.13391563106921
1,9049,210.94205178837728
1,9050,212.20751723612102
1,9051,231.81867581123333
1,9052,156.0051104073596
1,9053,81.22806475857642
1,9054,206.82649465274739
1,9055,42.539312378235195
1,9056,74.59298933403379
1,9057,214.58585834722595
1,9058,45.94506388308276
1,9059,268.1865626315892
1,9060,224.57334871896535
1,9061,20.22173709128411
1,9062,126.67071956211915
1,9063,259.0280649141788
1,9064,52.599320527498975
1,9065,146.319372530072
1,9066,61.78622056823342
1,9067,198.56463373421292
1,9068,49.943035269218946
1,9069,210.7939610446412
1,9070,235.25444175477583
1,9071,44.11363248295326
1,9072,263.15609899105584
1,9073,221.79349952151122
1,9074,45.56545562070262
1,9075,30.709088949778586
1,9076,195.24816874714116
1,9077,142.24214205797244
1,9078,218.37940174377428
1,9079,227.82356156868906
1,9080,226.14268120334935
1,9081,223.20293288072946
1,9082,162.34139652478305
1,9083,31.11537271777967
1,9084,194.078770231857
1,9085,215.0059198882155
1,9086,232.9277442238602
1,9087,229.54581750569173
1,9088,235.16647431905702
1,9089,235.92424147362487
1,9090,47.209396066246654
1,9091,132.24997223328467
1,9092,46.54925012214123
1,9093,97.77826908460526
1,9094,213.35040499350174
1,9095,371.3602187219467
1,9096,222.25775216384704
1,9097,46.90901000954965
1,9098,136.0475554180591
1,9099,44.33611783524981
1,9100,229.88686178494515
1,9101,46.28874130960945
1,9102,162.29202356583232
1,9103,229.33765521214434
1,9104,226.1143879735601
1,9105,230.51290609043434
1,9106,512.4906256814329
1,9107,344.81393271304864
1,9108,46.29609971713915
1,9109,32.46631314400011
1,9110,235.04532798609745
1,9111,57.28642792594776
1,9112,47.452504217495466
1,9113,227.9919158621366
1,9114,46.12940818196316
1,9115,567.6712978757246
1,9116,46.33610242318342
1,9117,231.59971501839692
1,9118,227.08148283254098
1,9119,301.83762821744824
1,9120,127.15558059307943
1,9121,232.0971665894224
1,9122,8.993550240106103
1,9123,207.9767736749405
1,9124,128.43119569321348
1,9125,222.55602789171024
1,9126,168.01547577108673
1,9127,99.12627040910456
1,9128,232.48801834803407
1,9129,49.8914647014019
1,9130,128.75189162287742
1,9131,234.34574580252405
1,9132,129.3383365329364
1,9133,237.1947812726565
1,9134,49.78355894890677
1,9135,278.18520751804533
1,9136,233.24276136878524
1,9137,219.77259171386902
1,9138,191.58821582256186
1,9139,216.01408147594452
1,9140,224.615021820756
1,9141,98.32863986860306
1,9142,220.2263501016848
1,9143,224.58291438045978
1,9144,42.31669326600257
1,9145,238.22243875347175
1,9146,46.38826200583711
1,9147,206.55922896616858
1,9148,212.7258704020349
1,9149,134.6715263150195
1,9150,205.91879399297994
1,9151,143.3967511424185
1,9152,223.02639684287047
1,9153,356.14183418790924
1,9154,200.37616775396992
1,9155,229.41074638019208
1,9156,44.95754669939328
1,9157,122.59256267744331
1,9158,239.54532594562795
1,9159,229.17558918533842
1,9160,96.29633390763209
1,9161,225.85681736312785
1,9162,136.39082203069046
1,9163,289.14075969103965
1,9164,231.22729119600552
1,9165,245.43872179763562
1,9166,85.41187172829439
1,9167,47.04328244788556
1,9168,376.92457133824536
1,9169,227.82977809050314
1,9170,48.286622411686594
1,9171,236.05797787141472
1,9172,96.57169799084502
1,9173,215.7131049355701
1,9174,355.2114800157681
1,9175,46.74825509884715
1,9176,231.1373703607185
1,9177,218.93796976455184
1,9178,238.04212670628007
1,9179,46.71586585323121
1,9180,239.87658265907407
1,9181,45.58114372506801
1,9182,218.77989733511077
1,9183,49.667945661029506
1,9184,245.43614313709162
1,9185,227.88027446115711
1,9186,152.85949849822495
1,9187,246.88232005727303
1,9188,231.59029036808218
1,9189,51.491453010012094
1,9190,225.3803442011626
1,9191,143.61109645707944
1,9192,231.9705277147052
1,9193,240.53070117624438
1,9194,137.9043448750828
1,9195,182.04509306149043
1,9196,128.58828518168838
1,9197,221.2027365695321
1,9198,227.69283003363572
1,9199,57.13478949816192
1,9200,340.4908472673841
1,9201,51.02586478913531
1,9202,99.281246526541
1,9203,224.63487352331956
1,9204,139.96459700640108
1,9205,135.92746846253533
1,9206,129.26891988903301
1,9207,188.39298325333826
1,9208,233.97812501744392
1,9209,33.28587022191594
1,9210,230.34694899584835
1,9211,98.86167298655383
1,9212,219.36742478405188
1,9213,50.0656389896981
1,9214,80.83963132263963
1,9215,150.31029391198126
1,9216,50.09690702235838
1,9217,141.90311511220574
1,9218,45.40831041832238
1,9219,102.8604114784689
1,9220,238.25104467272536
1,9221,44.09683428662147
1,9222,234.77769697532256
1,9223,238.43473866039568
1,9224,137.2691734078631
1,9225,47.50949064058426
1,9226,219.8593604383709
1,9227,268.1699366787605
1,9228,46.3670907647026
1,9229,376.7252225515716
1,9230,35.578649086125836
1,9231,234.70987820527805
1,9232,53.56070266095557
1,9233,137.01681691127175
1,9234,235.80594383421112
1,9235,294.7557329078529
1,9236,46.34188849038009
1,9237,228.29716601371285
1,9238,121.39580901654583
1,9239,229.27070309043006
1,9240,46.47066525416052
1,9241,219.42412593317516
1,9242,43.62114600544305
1,9243,232.11271994762012
1,9244,46.382368380870105
1,9245,239.59065573427804
1,9246,246.6243673901168
1,9247,251.34757330828535
1,9248,245.5557046342181
1,9249,52.0661901834461
1,9250,238.13120327784878
1,9251,221.0561790905714
1,9252,228.10677728663973
1,9253,209.80776021503266
1,9254,145.12987809450308
1,9255,472.54089113212603
1,9256,43.19441254462264
1,9257,534.3761057168542
1,9258,48.56057053734391
1,9259,199.98491364134608
1,9260,45.36807253177325
1,9261,226.52404701785866
1,9262,46.307271187743225
1,9263,95.01884924242805
1,9264,225.49368682972533
1,9265,53.979400228556244
1,9266,43.45883662384538
1,9267,104.16629745608722
1,9268,175.53817826593203
1,9269,41.63842475491154
1,9270,129.1667931864481
1,9271,46.87989998546283
1,9272,226.02067939063127
1,9273,114.49024614459714
1,9274,105.12590155997617
1,9275,238.4227492976999
1,9276,137.3565280082233
1,9277,51.36146506003338
1,9278,234.30289052118758
1,9279,233.97767916993666
1,9280,50.24646858103
1,9281,131.1132460408831
1,9282,46.908603302402724
1,9283,236.14365976047284
1,9284,240.28691310215885
1,9285,140.73249524857894
1,9286,228.3071314911283
1,9287,42.2779718376525
1,9288,96.23357608002704
1,9289,211.15366459496147
1,9290,233.05100007855287
1,9291,77.13843772292213
1,9292,236.17396894237748
1,9293,50.5686607493703
1,9294,240.62477928053406
1,9295,53.9601054907161
1,9296,238.68140951533712
1,9297,243.37046009192085
1,9298,50.94454883991632
1,9299,393.03547280161115
1,9300,51.04785483853644
1,9301,284.8595515559898
1,9302,227.7423333579962
1,9303,209.4157458351298
1,9304,57.08919549583777
1,9305,240.2049504731226
1,9306,150.1426291189834
1,9307,51.152707318567536
1,9308,422.1273741879355
1,9309,43.417221159343526
1,9310,224.8606732926085
1,9311,50.281277131141294
1,9312,231.97760015228056
1,9313,139.1724492804201
1,9314,10.225397752957301
1,9315,372.7276060407256
1,9316,242.06644167857797
1,9317,226.0182265858856
1,9318,43.38768875458422
1,9319,76.41525086364484
1,9320,226.83023520314399
1,9321,286.40387388831226
1,9322,79.31281017136445
1,9323,240.26743061060068
1,9324,138.42902031582892
1,9325,134.44269256741882
1,9326,202.84870205518035
1,9327,102.40976712418525
1,9328,46.011924168612325
1,9329,231.48032284080483
1,9330,201.2503881235121
1,9331,240.75041769390506
1,9332,47.34817963408349
1,9333,241.04808378360735
1,9334,177.59609258160086
1,9335,240.26856676863176
1,9336,50.65936574574097
1,9337,342.766272966421
1,9338,252.71155451393167
1,9339,260.3056549979084
1,9340,371.25385358492554
1,9341,245.9543708885039
1,9342,52.65624661353949
1,9343,136.60161302131542
1,9344,71.09540279484764
1,9345,195.13200792865035
1,9346,144.01315630323847
1,9347,229.71767674380874
1,9348,43.660461410143384
1,9349,274.5580425751857
1,9350,90.16335749235982
1,9351,234.7185822441526
1,9352,41.01946150884528
1,9353,218.93127154320587
1,9354,235.50051322947232
1,9355,43.51665944791827
1,9356,360.5398960583282
1,9357,213.80407651111898
1,9358,254.30582471089193
1,9359,386.4906916165912
1,9360,44.14012957932991
1,9361,332.54436534776295
1,9362,407.1240956007317
1,9363,229.05116745350938
1,9364,233.16762753929248
1,9365,139.52336767636973
1,9366,231.10433731034226
1,9367,46.724764086164484
1,9368,228.63831622034644
1,9369,276.14844245677443
1,9370,127.83111866626257
1,9371,42.38949828818947
1,9372,230.02658413193183
1,9373,278.27314838470454
1,9374,306.6752530774246
1,9375,258.1688617423448
1,9376,20.986036103220883
1,9377,341.60434908988964
1,9378,247.5106292085547
1,9379,45.912326662807956
1,9380,333.15180061898593
1,9381,400.96683372838135
1,9382,157.76718841967931
1,9383,205.12097708866588
1,9384,400.2172313499608
1,9385,246.54694848234863
1,9386,127.7123031165442
1,9387,47.49373894954644
1,9388,233.17044613841563
1,9389,46.39848312262046
1,9390,215.02475435573143
1,9391,51.56587088932564
1,9392,235.70355643250417
1,9393,51.773446316626234
1,9394,55.16294071252372
1,9395,225.9499152811828
1,9396,228.1061315163899
1,9397,45.96163866482658
1,9398,157.76286373949551
1,9399,54.1943732952294
1,9400,300.1687393578144
1,9401,112.30649417054966
1,9402,143.1212475593224
1,9403,152.63670485095003
1,9404,257.0449843273156
1,9405,215.68356796344332
1,9406,81.13359908182701
1,9407,43.33676599121962
1,9408,94.98430881030542
1,9409,239.88403672588137
1,9410,46.48968209797954
1,9411,232.77823729923065
1,9412,228.06221352346242
1,9413,233.3027299577168
1,9414,81.11679990628329
1,9415,239.4314903659614
1,9416,209.16723845958032
1,9417,227.04510793206344
1,9418,105.2901514307148
1,9419,56.82602153940364
1,9420,241.06427437631842
1,9421,153.3384625130534
1,9422,216.8734482449015
1,9423,256.27566600874377
1,9424,156.7426022033166
