subtaskID,datapointID,answer
1,0,388.6451202324139
1,1,74.21566074414525
1,2,372.35136841112626
1,3,22.258935342008243
1,4,427.6331462506192
1,5,31.595074016508256
1,6,371.5733073002283
1,7,262.69286030856455
1,8,254.83774714138417
1,9,351.02810721891126
1,10,240.14553485465967
1,11,27.030803787034184
1,12,243.22148573505524
1,13,271.67807460778477
1,14,50.51003396816867
1,15,272.79207457730024
1,16,150.63383673817003
1,17,151.19749461027249
1,18,297.7429853159895
1,19,386.48487220009815
1,20,50.35841821349059
1,21,148.1124715428213
1,22,274.51328131510354
1,23,215.60268001266914
1,24,260.02679690975265
1,25,25.877976652225964
1,26,247.7044958050924
1,27,134.48059760622144
1,28,40.00514728448569
1,29,34.97152668931404
1,30,294.58037460426124
1,31,40.02992137992911
1,32,227.26917616986773
1,33,363.8595729203586
1,34,18.724340195528033
1,35,277.01297491170374
1,36,41.726380489449426
1,37,328.97125589734173
1,38,63.13377849832533
1,39,268.51764542574523
1,40,40.01412608222235
1,41,327.21574761189356
1,42,134.33885843410684
1,43,229.83533507744733
1,44,304.06260276379066
1,45,32.64997771313956
1,46,230.17890470707593
1,47,278.10699325988236
1,48,59.87028928931519
1,49,225.76192612663453
1,50,103.63145266704036
1,51,279.62599838385484
1,52,259.1860035499551
1,53,42.39791066263827
1,54,256.9723886616016
1,55,196.15631432248014
1,56,218.82431457635954
1,57,265.45791633973766
1,58,69.0180554917355
1,59,350.6673192964474
1,60,43.26683780944065
1,61,217.03280289312903
1,62,42.63213141663992
1,63,308.6099960158016
1,64,234.8304123526254
1,65,276.8670954167186
1,66,27.08666722926944
1,67,268.98254215508217
1,68,129.0888429913671
1,69,337.63424124188595
1,70,40.719072186776536
1,71,371.36045119638715
1,72,32.64637151081404
1,73,326.87267121083335
1,74,305.57734804124266
1,75,351.9563228543302
1,76,226.91469212911952
1,77,76.81053943079499
1,78,42.13945754837739
1,79,280.92806045633506
1,80,42.95136092148776
1,81,439.75432960505304
1,82,190.50931557628826
1,83,262.03507985780766
1,84,42.61735246510733
1,85,273.3867595077319
1,86,104.93607380197051
1,87,148.52198825818286
1,88,275.08657252334365
1,89,230.52823502445278
1,90,418.4369174684706
1,91,26.54831286873234
1,92,113.51710463975738
1,93,328.0570963702566
1,94,332.9647971710675
1,95,439.78358489893833
1,96,373.78633687414276
1,97,423.856825709287
1,98,342.63418433121967
1,99,37.94784164934032
1,100,322.82226478826885
1,101,51.52825714175681
1,102,327.5364759492235
1,103,196.53452614208823
1,104,311.6255568996823
1,105,74.49830154711455
1,106,212.7764347524822
1,107,254.53212722634123
1,108,37.130171814825026
1,109,251.12523905415725
1,110,327.1480806618109
1,111,53.0230221834708
1,112,319.97064779481315
1,113,48.78559448193745
1,114,146.22220192110126
1,115,317.3497149321745
1,116,371.83865427768785
1,117,318.1538448234706
1,118,171.32919365774552
1,119,41.51212235624109
1,120,103.5609322747413
1,121,41.42899237662719
1,122,234.4789347300556
1,123,278.7258759933467
1,124,298.6369759294299
1,125,137.404145353122
1,126,343.4989448819981
1,127,37.08788040712933
1,128,230.08453600602087
1,129,149.00463334957527
1,130,299.5312886648395
1,131,41.47119151231213
1,132,268.1198895694985
1,133,44.086843521132764
1,134,197.98784007235128
1,135,27.84078273020142
1,136,282.85664645430353
1,137,293.1059221473259
1,138,369.61653820136854
1,139,376.03358043774995
1,140,341.3054863722133
1,141,236.75173609674943
1,142,91.84452122148522
1,143,278.2178884637344
1,144,366.11451843413295
1,145,338.7041977081361
1,146,42.184815517159905
1,147,355.85881618713836
1,148,22.932617090731327
1,149,303.4147855504151
1,150,240.96132786271676
1,151,29.27032802218162
1,152,252.54716640731306
1,153,412.4627671166575
1,154,192.1893767138804
1,155,320.76167227300505
1,156,353.2282412635701
1,157,323.00004438981443
1,158,331.08100208857877
1,159,155.35500478945644
1,160,164.75171453498064
1,161,363.97402418614143
1,162,220.50255319483145
1,163,295.87632207685556
1,164,260.28990889296017
1,165,128.63155112588868
1,166,326.4277366532033
1,167,38.011380364934624
1,168,307.52074209881226
1,169,276.464438442334
1,170,278.1009637745814
1,171,354.22245534169224
1,172,340.04032305362637
1,173,50.934077170382494
1,174,272.44372898039524
1,175,78.99753463194389
1,176,317.01640139526796
1,177,49.72160620410891
1,178,291.9535567602623
1,179,74.2655870726328
1,180,317.93487452990996
1,181,261.44440688637314
1,182,54.56821139953429
1,183,374.0966828623304
1,184,282.1975242256686
1,185,302.97088078867944
1,186,324.1559221599824
1,187,343.6361173486086
1,188,45.07309087110866
1,189,278.8512447634353
1,190,39.449356744327446
1,191,275.69615957205446
1,192,342.21518909600184
1,193,41.426768436802405
1,194,178.69521916344107
1,195,266.1391202027353
1,196,47.65966323510503
1,197,208.56563337346273
1,198,41.480439495242294
1,199,428.0318793125988
1,200,41.40199766054057
1,201,300.01342844186433
1,202,67.79139920910637
1,203,369.2234474500453
1,204,45.813258485171296
1,205,179.1113036210889
1,206,365.88915658859
1,207,353.3993311019572
1,208,44.69670283490896
1,209,42.886865811182325
1,210,322.34505985766503
1,211,42.349627167155674
1,212,275.3085310072312
1,213,42.326619297435215
1,214,107.67741873100883
1,215,403.17727359014395
1,216,46.500993264546295
1,217,418.69480490612557
1,218,45.765946027662956
1,219,309.29586763299665
1,220,136.10769442529025
1,221,279.25575244167885
1,222,269.87400931233645
1,223,276.57192447598993
1,224,103.68656632224193
1,225,214.88448033908452
1,226,320.91999621035325
1,227,41.85043504245965
1,228,304.4213423650332
1,229,246.80927706703912
1,230,335.7411164963372
1,231,134.92835270635535
1,232,63.37585102959776
1,233,351.57132241875
1,234,267.77583758331457
1,235,26.508368131445426
1,236,196.03656107665455
1,237,243.18847070215656
1,238,306.3632001109454
1,239,145.30791524742025
1,240,29.13631024678311
1,241,342.54601062908444
1,242,134.7868237518669
1,243,277.9234827391728
1,244,269.0078642308399
1,245,274.83492811651433
1,246,209.1835828702574
1,247,333.668445413059
1,248,104.46310654439566
1,249,180.86213809043076
1,250,42.103022875073464
1,251,249.05821378206946
1,252,42.055107631081924
1,253,317.7594643942398
1,254,29.116259499109393
1,255,42.018860377663955
1,256,283.5220515340951
1,257,288.85734434647964
1,258,264.11839295752054
1,259,356.7246737088293
1,260,129.6801927260079
1,261,302.15059966115916
1,262,37.05323296288754
1,263,335.7370511886771
1,264,72.25884176367725
1,265,251.32083099619848
1,266,265.12796019798424
1,267,308.46719846446246
1,268,245.83200811386132
1,269,369.09830480570577
1,270,432.9550760175577
1,271,270.84438107998295
1,272,386.69308663933646
1,273,468.0565575538318
1,274,308.9181029316001
1,275,256.28585926610685
1,276,51.43281465302606
1,277,319.12091047555714
1,278,50.71973028470134
1,279,272.1494550092046
1,280,279.8323179334508
1,281,311.74420852320213
1,282,37.24491765753057
1,283,340.5636840318152
1,284,309.2102893618926
1,285,248.30095010031988
1,286,329.9891473907369
1,287,361.92233696014415
1,288,82.26318553221853
1,289,60.630536658088914
1,290,44.92633813358997
1,291,258.95779963112085
1,292,252.70847046607986
1,293,293.0068662911631
1,294,260.58578646192257
1,295,368.99038772592036
1,296,284.1151221534011
1,297,241.75420886656406
1,298,354.22853074233285
1,299,28.68104056663025
1,300,276.684343606871
1,301,309.79337618606434
1,302,348.534872788502
1,303,298.7449202908423
1,304,329.1005057389624
1,305,41.16515550508403
1,306,262.15367229444183
1,307,369.1978380441109
1,308,67.56673547467034
1,309,262.81354053336486
1,310,397.6930303264967
1,311,378.4920550417901
1,312,374.2505737322783
1,313,385.75349382271725
1,314,68.45916871922869
1,315,344.82098652135335
1,316,343.7519723348327
1,317,310.88276902662403
1,318,70.33338329041042
1,319,254.9093006370437
1,320,264.5500707215787
1,321,336.7983747130208
1,322,301.16272283636056
1,323,29.38625483205506
1,324,325.65534652051986
1,325,42.13380137944461
1,326,328.14957407086627
1,327,344.61865870478385
1,328,364.3691145189116
1,329,28.591721196131246
1,330,21.414622076203226
1,331,302.4705155638569
1,332,41.61359241016595
1,333,286.5158086862537
1,334,262.3617181796145
1,335,366.1593928758333
1,336,189.03033979548943
1,337,397.9623793854841
1,338,191.86431617148935
1,339,276.5281361487892
1,340,37.53038480864638
1,341,150.03516395108818
1,342,324.3734100707318
1,343,109.45996507559369
1,344,220.48142266202765
1,345,265.5472884222041
1,346,140.3906920213198
1,347,43.703847949001265
1,348,329.5326498587872
1,349,329.7395961635317
1,350,266.88396772614686
1,351,146.02717697287343
1,352,213.78523644519558
1,353,109.0618540944061
1,354,218.97754989155777
1,355,274.8341776381968
1,356,44.28940064477842
1,357,298.1844268216697
1,358,41.12767517072497
1,359,260.6805372503442
1,360,42.39074455380871
1,361,100.66076469460484
1,362,260.7692790057179
1,363,299.2069095196454
1,364,187.784344844861
1,365,304.1363442822086
1,366,244.94203189875424
1,367,69.13801779501408
1,368,263.0514445265279
1,369,292.84629121082764
1,370,75.73448033665679
1,371,288.13496097488644
1,372,274.4589411345458
1,373,343.68133680628273
1,374,263.74813610291676
1,375,273.529829469071
1,376,41.69725127892198
1,377,430.3029319064722
1,378,45.532084229396
1,379,268.7002453157798
1,380,37.190248623642056
1,381,247.7767546706342
1,382,217.7084677614207
1,383,321.15388778302923
1,384,41.988439502165306
1,385,265.0450798051099
1,386,644.2763256882845
1,387,524.912142529334
1,388,373.76435214732805
1,389,419.14497193048703
1,390,23.800760190464274
1,391,486.9507824273553
1,392,354.4689512594413
1,393,375.2653101066548
1,394,318.9684876004907
1,395,385.3727261192773
1,396,74.72763816565119
1,397,51.88939404390847
1,398,517.3906158927566
1,399,285.3388263958891
1,400,370.18674737623326
1,401,360.31234599595257
1,402,303.5025057554747
1,403,310.53982173549423
1,404,327.679380301425
1,405,201.87752872990393
1,406,328.7452909620729
1,407,242.38135681828126
1,408,487.43400404643376
1,409,298.2884763458749
1,410,285.00077576529014
1,411,345.850497898142
1,412,36.032423139924454
1,413,315.52865099184606
1,414,310.0603294670017
1,415,318.4808312875674
1,416,502.41541414059867
1,417,209.07164375707254
1,418,231.0388265214063
1,419,330.17163079513335
1,420,20.5052176789728
1,421,149.40721842445018
1,422,278.3269388480352
1,423,344.3799425266046
1,424,371.3299132580123
1,425,271.2325083578467
1,426,314.16907405546596
1,427,294.3463666758621
1,428,43.41227377726743
1,429,39.565421908680904
1,430,486.5599109898062
1,431,180.8488744549121
1,432,295.696790465169
1,433,388.115247377291
1,434,28.778553362800327
1,435,362.68260894810703
1,436,44.02202371364267
1,437,136.15917946253316
1,438,251.76975970706192
1,439,254.86310958293853
1,440,266.03208490767975
1,441,44.48486193759522
1,442,316.66804276050607
1,443,74.23371465693748
1,444,354.88724142445847
1,445,343.03744179382386
1,446,51.309194196182816
1,447,50.81209833470077
1,448,534.0006175613138
1,449,310.7238860257361
1,450,50.20018032964108
1,451,326.24835767103946
1,452,305.5616133873234
1,453,361.77034112506544
1,454,37.09440473952599
1,455,293.66414419130047
1,456,47.83805520340295
1,457,366.36853648802236
1,458,158.4665526362021
1,459,315.12771800999343
1,460,314.3357208908078
1,461,311.6121874519215
1,462,272.84522880633523
1,463,486.811821961162
1,464,344.18119677616636
1,465,419.55518982235077
1,466,326.43346667760693
1,467,523.7954088843726
1,468,28.852269517409926
1,469,268.9260425603818
1,470,39.594059746915235
1,471,335.1650627414111
1,472,337.57123651149595
1,473,26.43207225346638
1,474,274.86659323177236
1,475,36.40991819960787
1,476,263.69808557837035
1,477,146.18185037554485
1,478,250.58081891762413
1,479,42.11997777509298
1,480,324.4736046886538
1,481,42.02171121519912
1,482,303.0656727463572
1,483,29.028951552978313
1,484,42.7489876411252
1,485,382.93694875101954
1,486,190.22167027597266
1,487,357.3464171169585
1,488,253.98898620936615
1,489,270.72520216253093
1,490,318.4822513714207
1,491,326.9461552568069
1,492,433.7424386514142
1,493,51.65156739752595
1,494,382.08225873707727
1,495,51.90771722977851
1,496,50.45683268483517
1,497,375.3117667293286
1,498,74.95755975970569
1,499,360.66964208993693
1,500,329.9975290694149
1,501,53.9862550301582
1,502,311.8885430091564
1,503,302.8736714943541
1,504,43.17799533128275
1,505,265.3589601017499
1,506,50.32101084507052
1,507,376.92685018944803
1,508,341.21652426374084
1,509,343.96710757119354
1,510,360.94529133164156
1,511,185.73101057908985
1,512,353.24593872098364
1,513,335.43187821167123
1,514,279.3060540086792
1,515,316.42918487655504
1,516,323.5597801974873
1,517,222.13635247161943
1,518,10.955536701812461
1,519,170.66430331653697
1,520,283.89775242458603
1,521,325.6616959640727
1,522,45.448962541180265
1,523,205.83853245207402
1,524,356.01463212194153
1,525,29.245785309772057
1,526,325.03864286125236
1,527,67.17848213268704
1,528,330.92190231525626
1,529,278.16470399307434
1,530,145.3580879216819
1,531,42.87874692653655
1,532,260.0153441065885
1,533,45.134713713891784
1,534,326.8921106349993
1,535,271.346044896416
1,536,355.08385105318985
1,537,343.65296302129565
1,538,105.72926751549147
1,539,330.6815724961076
1,540,538.874982349761
1,541,303.08853063736944
1,542,268.9844028685934
1,543,75.02738444859997
1,544,262.0215332480604
1,545,309.18766468385115
1,546,335.09480235262555
1,547,331.56845959361266
1,548,42.324292040163684
1,549,258.7469438895384
1,550,272.739482985877
1,551,50.997539578023265
1,552,291.2183024287093
1,553,36.64960282047315
1,554,49.69497004180984
1,555,324.52668780913916
1,556,199.54330683785713
1,557,28.582492925330527
1,558,40.873908565594945
1,559,195.99584277309992
1,560,143.9831619937383
1,561,35.29796327667068
1,562,268.427785989294
1,563,248.3603478020051
1,564,41.68163581206899
1,565,312.29330856259025
1,566,14.699930622702345
1,567,41.672909994508146
1,568,299.7792248442455
1,569,28.583006587657632
1,570,296.9353166264357
1,571,386.06684494668536
1,572,137.60747727028996
1,573,353.2238985909145
1,574,41.74408803564529
1,575,275.65597640208574
1,576,259.19387934471473
1,577,411.31425654037923
1,578,209.0238381059788
1,579,284.91532700218954
1,580,354.4763386606326
1,581,146.42281556729307
1,582,320.79090773875
1,583,42.35843039530393
1,584,465.2128479718655
1,585,29.501123672952897
1,586,42.67078741630195
1,587,328.14050872560665
1,588,390.0024361592327
1,589,164.20443855425899
1,590,288.4888642578857
1,591,251.69645517167322
1,592,358.24697175485414
1,593,42.89226829261996
1,594,273.14521477273405
1,595,68.88653886733451
1,596,332.85873952901306
1,597,277.62304854753893
1,598,136.11260547928765
1,599,315.4380477893786
1,600,327.97439327075574
1,601,223.09802520903662
1,602,300.991400962757
1,603,194.04218656257916
1,604,464.50413146899655
1,605,345.17371597081126
1,606,461.0884428529886
1,607,473.558218347689
1,608,347.0216512477152
1,609,43.08080616436381
1,610,334.63700993845123
1,611,299.12757777900777
1,612,322.80530364626776
1,613,400.91953601655393
1,614,49.109746161766374
1,615,349.44542053405365
1,616,300.5045815876882
1,617,309.82341271442203
1,618,346.15073364328714
1,619,362.04430719255083
1,620,192.35594043191335
1,621,346.03964131959106
1,622,342.72887731759096
1,623,218.91007774474247
1,624,334.33992810025825
1,625,264.3137649604669
1,626,225.4481036534005
1,627,336.6830556025232
1,628,59.193910576986845
1,629,276.24978442994876
1,630,356.97435770086383
1,631,224.43141780223743
1,632,315.6274036619277
1,633,51.48277319254164
1,634,30.202740247887753
1,635,71.11175438218713
1,636,109.78221803537525
1,637,292.3985119986087
1,638,289.7758453686213
1,639,50.73023972143493
1,640,277.8173019237918
1,641,49.76798456325659
1,642,311.58143665227533
1,643,240.91349823649375
1,644,239.45421327805926
1,645,17.8394993921129
1,646,296.85610200086956
1,647,44.916716972804025
1,648,297.7418649928072
1,649,41.477261385236375
1,650,262.0606027901292
1,651,22.08773629877995
1,652,276.7111108628693
1,653,231.86331387766148
1,654,275.23588584211984
1,655,268.5752288051053
1,656,82.28258941299089
1,657,172.3942320704503
1,658,39.539205203252756
1,659,359.1581625214799
1,660,347.14546656498277
1,661,12.384276306114709
1,662,290.72234367893606
1,663,56.02090139621127
1,664,47.59889062320263
1,665,157.17000337185902
1,666,29.02652799346398
1,667,200.78036955272842
1,668,41.16675213348458
1,669,286.9016762988067
1,670,44.74243638159659
1,671,279.0236743805451
1,672,188.69715502530033
1,673,344.33811360804737
1,674,41.93612562803584
1,675,269.9766204045783
1,676,195.9113575114744
1,677,282.49891491450376
1,678,70.94434702583602
1,679,269.77888306726834
1,680,42.50980944535268
1,681,70.94717180916122
1,682,294.73144547155596
1,683,104.28522202152479
1,684,269.20113159022435
1,685,136.57893349409122
1,686,38.46504092031251
1,687,281.3988058900485
1,688,291.0042654405127
1,689,287.5415141601799
1,690,393.6201925895738
1,691,259.56187808537686
1,692,29.736064804580806
1,693,236.65155127853424
1,694,297.7608616733411
1,695,403.375514007163
1,696,259.6293511688684
1,697,42.778340038404366
1,698,262.98989421116676
1,699,30.053714521780133
1,700,268.793578814395
1,701,255.07636500927174
1,702,24.90756859206304
1,703,318.7255879593009
1,704,42.723401760495165
1,705,275.610354332616
1,706,829.2334621545031
1,707,456.16421766352295
1,708,253.21791078966749
1,709,451.40303924495987
1,710,265.2683306172466
1,711,224.03541507084168
1,712,338.96036919840435
1,713,214.7455305415287
1,714,272.81720226165316
1,715,51.6151766463568
1,716,206.89871337169652
1,717,196.7746755774491
1,718,389.2224481623093
1,719,323.2430652032516
1,720,50.747946115630484
1,721,335.8109664233832
1,722,347.2215374390187
1,723,74.26025367223335
1,724,334.981190495409
1,725,349.96310713446815
1,726,41.235272869955054
1,727,253.1290390075134
1,728,341.7208572983257
1,729,30.229244425447487
1,730,312.396771132068
1,731,375.8531989810748
1,732,373.93530365849466
1,733,313.6040531322719
1,734,316.52435312034004
1,735,50.71291232595682
1,736,272.23579517559205
1,737,48.09472918772894
1,738,348.9354520564697
1,739,267.4786356989973
1,740,313.34390580316074
1,741,315.36794736739637
1,742,352.5538734573513
1,743,40.57416908792544
1,744,260.8694748236277
1,745,301.9028564707146
1,746,28.669503414000452
1,747,295.93864770317805
1,748,285.4535888731796
1,749,64.80517963944003
1,750,267.6410923450616
1,751,36.22165477029739
1,752,260.9142025720097
1,753,200.42876694290158
1,754,66.51512128338192
1,755,216.99636172287813
1,756,40.734114902818696
1,757,225.60605669084492
1,758,199.2639077837874
1,759,297.7996203640372
1,760,41.32993785607998
1,761,261.43818632293505
1,762,308.05138782904464
1,763,40.06450400118746
1,764,242.91510398629288
1,765,365.16630300169874
1,766,41.04866557093424
1,767,280.04076177337595
1,768,276.585553135562
1,769,351.19783846788494
1,770,41.05444007952229
1,771,205.38584688948112
1,772,262.5793727594065
1,773,219.75484829624105
1,774,103.51742275585832
1,775,215.67066626617412
1,776,322.62093603555724
1,777,350.31866067908834
1,778,45.47627621030254
1,779,348.3666717758909
1,780,63.49843322394993
1,781,145.98329312117278
1,782,341.21840207446587
1,783,41.96171417730615
1,784,314.72536403504614
1,785,44.142448920142655
1,786,134.75779808932086
1,787,115.49767060486568
1,788,360.0263329689618
1,789,40.874574002384335
1,790,139.36151547803104
1,791,300.05646902121055
1,792,372.6064863791597
1,793,306.06340781368203
1,794,594.8543855794305
1,795,87.9568022978307
1,796,283.40329489701753
1,797,316.18091086695995
1,798,330.79394135853533
1,799,86.13174838545211
1,800,277.4764894987512
1,801,323.24432529329107
1,802,159.23309041277048
1,803,388.513831953043
1,804,292.0291111958613
1,805,206.32635712178472
1,806,324.9820648918261
1,807,36.96497146735998
1,808,270.63036542481433
1,809,90.60274393939329
1,810,44.68745506984047
1,811,206.70767082560008
1,812,139.7464536299645
1,813,238.6704136632706
1,814,301.99786437196315
1,815,323.7828946976467
1,816,298.64873295564144
1,817,77.45547040744341
1,818,399.77056042290883
1,819,41.97586763585406
1,820,210.37607141555384
1,821,26.7494760257923
1,822,36.89088251171292
1,823,231.1362267682039
1,824,228.48535244975287
1,825,39.23818859014956
1,826,268.63412565879923
1,827,77.86724065038922
1,828,227.42023117726745
1,829,403.61447376079485
1,830,272.50049552373605
1,831,139.1206818330842
1,832,60.26260246146725
1,833,353.1632614374128
1,834,238.64658804413085
1,835,306.7409257601754
1,836,34.1166151336833
1,837,377.949062118258
1,838,254.64354437530028
1,839,217.56515292033058
1,840,168.54271718610764
1,841,212.14811408837812
1,842,275.71628340518413
1,843,255.05899859186047
1,844,137.20185113291313
1,845,275.07645782550765
1,846,270.6717549596734
1,847,27.14024387949356
1,848,154.02279517060836
1,849,218.68539810637216
1,850,241.80224209228362
1,851,315.68882645087837
1,852,172.209842678156
1,853,57.33158076217208
1,854,260.3014939832768
1,855,30.994828430521434
1,856,55.7687144163186
1,857,241.68655330760373
1,858,36.990441276538014
1,859,246.74118508471562
1,860,252.4088561664754
1,861,23.985128344324515
1,862,175.282014250572
1,863,319.51740871602044
1,864,44.97646773515743
1,865,207.51920959331127
1,866,57.905354004679644
1,867,238.64049832397467
1,868,56.999055869757925
1,869,370.6177404400438
1,870,199.68272661363926
1,871,45.36353751531484
1,872,266.13210443842496
1,873,263.0108995093035
1,874,35.346031991594515
1,875,26.43964439014791
1,876,233.48458816077658
1,877,162.26258096364674
1,878,263.66800283974777
1,879,244.12417457609712
1,880,217.89038547910556
1,881,312.4668186641124
1,882,170.18255543456084
1,883,18.607398091778677
1,884,177.5693191735233
1,885,253.3224256488178
1,886,337.2568126820404
1,887,172.19905302297607
1,888,299.1684036812634
1,889,240.24617394698794
1,890,40.33847736154255
1,891,110.97786435365109
1,892,28.04172442043384
1,893,78.70165330148826
1,894,352.4158732202104
1,895,377.44597255797873
1,896,223.69966811341072
1,897,40.75282313967043
1,898,124.98372434042548
1,899,26.431395118887796
1,900,356.50763002163546
1,901,42.98811558927804
1,902,174.82455686679975
1,903,231.08730051783982
1,904,278.37671358628154
1,905,172.5286775547222
1,906,318.49505382166285
1,907,310.74938201095847
1,908,42.94377006367749
1,909,20.129559097994893
1,910,306.1072638026569
1,911,43.127346619403134
1,912,34.23127844020239
1,913,236.2339029389123
1,914,31.394543791694176
1,915,378.40662153838235
1,916,31.39736905185653
1,917,296.10520556036374
1,918,246.78267826149312
1,919,248.13335881452076
1,920,102.23187424811688
1,921,281.8645986388543
1,922,4.939991356153819
1,923,328.468124089889
1,924,102.02373180371801
1,925,198.92722298281143
1,926,151.4211493813978
1,927,78.94586863898445
1,928,331.5236359627998
1,929,28.326676193300962
1,930,125.62739051973738
1,931,293.59973779062256
1,932,102.00756416303197
1,933,385.3005355043965
1,934,37.80818035492768
1,935,248.91737921151105
1,936,253.67819031056135
1,937,159.7439733831502
1,938,215.5587733298043
1,939,352.314542635179
1,940,245.92032421998354
1,941,87.01180830496806
1,942,268.2954540583123
1,943,259.52274878570427
1,944,46.00495124091792
1,945,194.70046202406354
1,946,36.06520092701552
1,947,291.9761127981475
1,948,291.29922121474175
1,949,127.27597192233304
1,950,431.32995575675966
1,951,146.77099149812955
1,952,325.79045045357105
1,953,337.7465800538838
1,954,346.0687277640026
1,955,256.12021612890635
1,956,43.07839775167272
1,957,106.59295321950003
1,958,239.41841928077002
1,959,233.76278081698678
1,960,77.44504239456224
1,961,245.66295412657482
1,962,116.81118389008448
1,963,285.2054886311382
1,964,258.04249357644335
1,965,201.85058215849023
1,966,58.411677989346
1,967,28.599938918874557
1,968,383.21129319887086
1,969,271.9767461978239
1,970,28.94952281911134
1,971,282.73514809192176
1,972,78.37813696926237
1,973,352.36997135454794
1,974,311.8471941356446
1,975,43.43011797566666
1,976,251.78802597601202
1,977,151.4567170484426
1,978,273.95548489782686
1,979,29.0666859413482
1,980,240.18047269063837
1,981,26.589315699171383
1,982,463.6703561197789
1,983,43.23679721298649
1,984,195.4680369725083
1,985,193.1495444032273
1,986,131.9236816032571
1,987,240.5637774769319
1,988,303.67011747877376
1,989,29.00863936198724
1,990,349.6923723832001
1,991,157.71205728676017
1,992,326.8123385704519
1,993,258.4218926539047
1,994,126.59470164039655
1,995,160.17581676436055
1,996,102.07686693178466
1,997,306.9623087099809
1,998,392.91790738988067
1,999,43.42511889274063
1,1000,315.4491681040586
1,1001,30.82170192520848
1,1002,78.61089058138029
1,1003,322.00884195589094
1,1004,118.66876789283523
1,1005,113.07666514954968
1,1006,102.44039223105904
1,1007,163.71386151429914
1,1008,233.6822059555453
1,1009,20.019431270026764
1,1010,276.1246236879665
1,1011,78.58866520143644
1,1012,396.7458338515757
1,1013,28.856595651611062
1,1014,73.77837374253387
1,1015,120.27666395967827
1,1016,28.813783342634967
1,1017,117.06307742532312
1,1018,34.155409727897904
1,1019,77.99155911098518
1,1020,270.7559571558456
1,1021,27.803054615092687
1,1022,277.9591446997871
1,1023,353.675678649862
1,1024,118.06177290266035
1,1025,49.71635757313547
1,1026,262.2616138284649
1,1027,250.33231549672422
1,1028,43.1563846472278
1,1029,282.34535472077596
1,1030,20.081288658387273
1,1031,315.015435446296
1,1032,32.074079947973324
1,1033,115.47684922940343
1,1034,404.0241751432553
1,1035,356.29513303331316
1,1036,42.38293136354026
1,1037,183.53667883177786
1,1038,106.63752971698091
1,1039,281.7342395593166
1,1040,37.03217240369615
1,1041,264.1014771907437
1,1042,42.4776197790676
1,1043,277.30081656279174
1,1044,27.99793057309511
1,1045,203.05057252534982
1,1046,225.8429945549803
1,1047,374.46699761094044
1,1048,357.3945472231485
1,1049,43.3099038429076
1,1050,278.6445439965988
1,1051,254.09385227270815
1,1052,269.6183187445366
1,1053,354.18749368081325
1,1054,140.89351333087671
1,1055,323.95029344384835
1,1056,46.32527727008142
1,1057,384.3141845268873
1,1058,54.61656720577962
1,1059,321.37127962556474
1,1060,33.6156086868387
1,1061,250.04349754212228
1,1062,36.541524278376976
1,1063,87.13340433824726
1,1064,260.56370947289975
1,1065,49.51405084244912
1,1066,42.57041288047467
1,1067,77.79187327650966
1,1068,184.7793949196883
1,1069,36.98517277534753
1,1070,113.14689659189054
1,1071,28.667889728648024
1,1072,267.4122517815348
1,1073,92.38199448953151
1,1074,77.81229099552175
1,1075,290.0380245605974
1,1076,117.77095652284092
1,1077,32.52319938760482
1,1078,317.42034197719886
1,1079,289.42126390457014
1,1080,46.50017144799476
1,1081,118.24626115933512
1,1082,29.15344293572656
1,1083,258.2218530111553
1,1084,228.52830284474564
1,1085,129.89195045922875
1,1086,382.9448297143091
1,1087,37.08456050260129
1,1088,79.5854998212525
1,1089,336.92947955930674
1,1090,273.29594269441486
1,1091,61.947490127752175
1,1092,264.5960076273013
1,1093,41.050711449240225
1,1094,209.8420228902109
1,1095,37.194429509330725
1,1096,286.53075470002534
1,1097,333.1896515507787
1,1098,40.802478681039474
1,1099,375.88309303896665
1,1100,40.80530298752751
1,1101,200.2747042906658
1,1102,290.347316643771
1,1103,354.234134966748
1,1104,44.28461565230462
1,1105,249.7606431519513
1,1106,129.90814662273598
1,1107,41.36415849767914
1,1108,325.5943260880935
1,1109,33.10642219065649
1,1110,305.093840332001
1,1111,30.911953281467866
1,1112,285.4308403826358
1,1113,119.04547260045734
1,1114,7.989657199205301
1,1115,287.15630099479085
1,1116,314.3527897390752
1,1117,277.9772124035618
1,1118,37.187617532345456
1,1119,61.35213024786371
1,1120,305.9194617264396
1,1121,273.66894270731495
1,1122,64.37289387656497
1,1123,278.58289102131107
1,1124,128.536567929759
1,1125,110.93120737777915
1,1126,441.7697644717076
1,1127,79.28955005575803
1,1128,32.77760967606344
1,1129,302.60665579901325
1,1130,186.05389342520664
1,1131,347.21205468036374
1,1132,28.63165367777142
1,1133,288.4530403050431
1,1134,159.2485080277225
1,1135,284.0191384996598
1,1136,40.67310224435188
1,1137,281.34419901133685
1,1138,267.20579537145784
1,1139,359.87600780797203
1,1140,437.3584313785816
1,1141,351.51398064959346
1,1142,46.0611991636298
1,1143,133.6407714512009
1,1144,70.78143385908285
1,1145,215.59017401439382
1,1146,150.90851813972444
1,1147,301.01803613936596
1,1148,48.37056677692067
1,1149,244.89835186834065
1,1150,82.48765966756108
1,1151,287.07645184055957
1,1152,40.09722528623258
1,1153,272.944797089505
1,1154,244.42912187915067
1,1155,46.78113355013909
1,1156,388.96230492220286
1,1157,219.1066402040164
1,1158,239.63936085919062
1,1159,355.31495731369114
1,1160,27.741314198675337
1,1161,293.74090804004
1,1162,314.83438754129867
1,1163,226.9075071357654
1,1164,486.82342160834355
1,1165,130.67230001012143
1,1166,304.60328435780707
1,1167,38.690324674471604
1,1168,280.4979065589664
1,1169,235.63813477930233
1,1170,115.75666028279961
1,1171,36.76610414272808
1,1172,289.8660835345677
1,1173,244.2477793193811
1,1174,269.7493484515628
1,1175,230.15824003146375
1,1176,17.99071980694367
1,1177,330.00055505891737
1,1178,240.0060165653537
1,1179,28.071653529445534
1,1180,298.2732142783975
1,1181,289.7300431601849
1,1182,188.44258113739798
1,1183,201.8597760788815
1,1184,313.4011065154117
1,1185,395.4563644810837
1,1186,122.48856200016904
1,1187,28.993540588042958
1,1188,370.3341502877905
1,1189,43.09572997515575
1,1190,325.8971747195436
1,1191,29.250535105194377
1,1192,333.83235289645165
1,1193,29.25336036535673
1,1194,50.99023716175799
1,1195,287.5054878612775
1,1196,287.6676802181232
1,1197,33.28547352761834
1,1198,159.62369530026112
1,1199,33.58161665428069
1,1200,266.97714692030854
1,1201,89.44770006434555
1,1202,118.3498260764224
1,1203,136.270322287695
1,1204,287.55026708310174
1,1205,325.1176429070557
1,1206,60.24012269830953
1,1207,33.246993941953605
1,1208,76.94344977052945
1,1209,362.9601678197363
1,1210,43.17448190618006
1,1211,293.1519881334825
1,1212,173.58837061049047
1,1213,323.28511463127165
1,1214,64.51233600011287
1,1215,273.6524859943052
1,1216,189.7537814742763
1,1217,376.49980391618845
1,1218,119.5014712021833
1,1219,41.28562428487166
1,1220,357.54137777526694
1,1221,132.5803010289612
1,1222,400.0800486949522
1,1223,298.32007492607454
1,1224,188.1784065648623
1,1225,262.26911716826237
1,1226,267.6227405045246
1,1227,369.49456514566134
1,1228,281.2186741987556
1,1229,364.104484673714
1,1230,283.2213526160786
1,1231,313.5471051214339
1,1232,378.1625040731603
1,1233,407.8144987449281
1,1234,38.74256369366906
1,1235,297.86698314789567
1,1236,45.04814762422561
1,1237,362.18189686431464
1,1238,49.04300597532823
1,1239,306.41282741776865
1,1240,184.32847473218962
1,1241,341.52776742277166
1,1242,44.771870004602064
1,1243,189.18265758682685
1,1244,325.64647385225135
1,1245,155.78159437784677
1,1246,293.36876093243524
1,1247,297.79993517669783
1,1248,268.7791883389509
1,1249,19.635655000932616
1,1250,265.71620069602693
1,1251,273.5253547458575
1,1252,344.6616860674132
1,1253,38.04883950280565
1,1254,261.8722454450549
1,1255,294.5723053475954
1,1256,203.791486199615
1,1257,38.385842426027125
1,1258,282.99240978454895
1,1259,290.4357620645899
1,1260,268.7851788107597
1,1261,39.62510782840069
1,1262,398.22592938504295
1,1263,38.45022952177904
1,1264,178.27519642240674
1,1265,332.0900594023691
1,1266,252.55765833826746
1,1267,303.48951177312915
1,1268,43.239439348937196
1,1269,338.23906066668815
1,1270,304.31755376030526
1,1271,29.13243936342824
1,1272,252.192018459736
1,1273,339.2169323021065
1,1274,274.8582388538031
1,1275,326.7564694844942
1,1276,292.9024967387802
1,1277,29.071328628488665
1,1278,281.7318396090242
1,1279,187.55732262585792
1,1280,191.5038292880338
1,1281,210.0580818416368
1,1282,284.4201836086311
1,1283,29.052607333885987
1,1284,311.2345236620107
1,1285,335.06370282308643
1,1286,32.43117940999892
1,1287,276.4693118418522
1,1288,269.45072139386923
1,1289,70.97884299697694
1,1290,317.501223426451
1,1291,331.2240752056136
1,1292,410.590182199154
1,1293,61.99392624000198
1,1294,316.59266513505156
1,1295,146.711989454488
1,1296,323.427196460927
1,1297,50.46997046260254
1,1298,335.48366128799023
1,1299,118.29223988557561
1,1300,39.04724716232715
1,1301,83.91331468550743
1,1302,303.6076252595871
1,1303,49.271086614453566
1,1304,27.1128141286699
1,1305,184.42923309088073
1,1306,281.01594161091384
1,1307,611.6656424017458
1,1308,335.5319170537664
1,1309,36.09318927781576
1,1310,314.5209329341454
1,1311,45.7724695429109
1,1312,218.71906842882657
1,1313,114.8964864132817
1,1314,363.8091733479573
1,1315,43.39903280348041
1,1316,344.43020159895354
1,1317,29.459158041028324
1,1318,300.9734835181058
1,1319,173.61197313661347
1,1320,312.2709210023261
1,1321,43.85379804541175
1,1322,239.67461128731793
1,1323,101.90243604694231
1,1324,292.5914361664122
1,1325,30.416259285778246
1,1326,318.3719463905842
1,1327,149.1802584679897
1,1328,270.08069795832455
1,1329,329.0410237637823
1,1330,331.0003006304579
1,1331,39.05496217042647
1,1332,179.45385044851193
1,1333,322.0613287538521
1,1334,21.915260295639715
1,1335,309.7489931097723
1,1336,304.35067378445535
1,1337,274.17738894375736
1,1338,297.51508560738455
1,1339,44.001579403909595
1,1340,297.23946217901005
1,1341,353.594733192953
1,1342,176.62777480204352
1,1343,337.3457149417683
1,1344,38.76238554555523
1,1345,179.50954312124142
1,1346,319.09742375427555
1,1347,30.393391982540138
1,1348,138.19728572156447
1,1349,320.04731922029055
1,1350,327.36818755235663
1,1351,318.45695339104293
1,1352,298.47871687046063
1,1353,419.11445564740916
1,1354,96.66126534586202
1,1355,282.80409564387907
1,1356,324.26605135813713
1,1357,69.87754794023814
1,1358,310.823210073778
1,1359,50.47884943032302
1,1360,309.1680674698575
1,1361,187.78824670279405
1,1362,342.13656296378394
1,1363,45.42880763844873
1,1364,192.03621408180004
1,1365,321.54398780986685
1,1366,627.0512365749066
1,1367,288.34755898465784
1,1368,279.22917730608657
1,1369,41.34250565714925
1,1370,290.7005790567612
1,1371,71.00223476837854
1,1372,266.9091959953084
1,1373,321.3918204595793
1,1374,152.05127973238342
1,1375,38.913339596448495
1,1376,289.7395161345867
1,1377,257.89385367932437
1,1378,215.1376621574637
1,1379,41.53672208872198
1,1380,261.6964540388509
1,1381,455.261124643833
1,1382,30.53102366786966
1,1383,116.97004189302524
1,1384,189.23713676472994
1,1385,21.810621386311354
1,1386,448.16086925569215
1,1387,514.9887729929246
1,1388,44.61586512990564
1,1389,297.50450545457716
1,1390,298.5338020466876
1,1391,331.68353103928223
1,1392,42.2961702864742
1,1393,180.32207120813237
1,1394,375.3034956596353
1,1395,342.00756652333337
1,1396,319.24577982547055
1,1397,63.03528175084103
1,1398,294.88898083219743
1,1399,292.89555017567295
1,1400,31.066528701207567
1,1401,359.04171120278147
1,1402,202.0864246198684
1,1403,37.3213922617911
1,1404,322.0044081563114
1,1405,237.23442669625769
1,1406,278.73383679887297
1,1407,103.39615776815228
1,1408,190.39366932623858
1,1409,191.37613179132012
1,1410,46.42655929942704
1,1411,428.90008472218864
1,1412,292.2093731156348
1,1413,336.6557626854052
1,1414,322.56744760255674
1,1415,21.865513403340533
1,1416,286.1996597468916
1,1417,30.815977109666832
1,1418,21.865513403340533
1,1419,333.14553852343636
1,1420,238.8705499253856
1,1421,59.46471169046164
1,1422,261.9934921216942
1,1423,237.97687858994408
1,1424,323.3666649467875
1,1425,46.38828141588021
1,1426,21.843288500233843
1,1427,346.89135862478463
1,1428,343.8687362190572
1,1429,276.3570852349009
1,1430,35.225635205546794
1,1431,291.3449578942829
1,1432,39.602398063384754
1,1433,314.5670129482051
1,1434,322.4130790832728
1,1435,257.0056182561614
1,1436,121.72756177474476
1,1437,294.28794423088834
1,1438,103.93761857529256
1,1439,40.37268252895036
1,1440,278.3645648634569
1,1441,40.26720275174832
1,1442,311.45846706327717
1,1443,321.7174355999939
1,1444,294.16929840292863
1,1445,49.995087835149796
1,1446,296.92147114270637
1,1447,262.9346768828516
1,1448,573.4412440902814
1,1449,425.3117787988982
1,1450,74.82019614333505
1,1451,290.3842825538959
1,1452,154.16840559651996
1,1453,331.3182238787999
1,1454,52.835651246937886
1,1455,305.65037399590676
1,1456,329.97054585830847
1,1457,193.57651276600816
1,1458,407.8263942080561
1,1459,329.50428060868614
1,1460,49.04901997787441
1,1461,386.9250654493742
1,1462,325.61103206590286
1,1463,40.253891022999916
1,1464,320.59308860900626
1,1465,369.6251982947542
1,1466,252.56683642198203
1,1467,258.9974219497234
1,1468,146.27857705376442
1,1469,139.15073510415274
1,1470,299.83890922481316
1,1471,144.0264477037736
1,1472,304.7001150177912
1,1473,40.759453144793
1,1474,360.2775132271388
1,1475,31.138891759859316
1,1476,300.5714233962026
1,1477,304.78485862539844
1,1478,66.63635167670523
1,1479,314.67327340720374
1,1480,46.51904850720767
1,1481,294.0610922134127
1,1482,45.411865968404115
1,1483,219.89834964566165
1,1484,280.78563259973237
1,1485,167.23816905221256
1,1486,42.78788532103093
1,1487,317.3343116957178
1,1488,259.30710204985024
1,1489,243.4340791425451
1,1490,436.3185219457881
1,1491,266.8418102547551
1,1492,44.90181927840011
1,1493,351.7759487005966
1,1494,268.3507085534597
1,1495,200.7226279752249
1,1496,219.1943254230658
1,1497,45.14544106840571
1,1498,373.7737666439847
1,1499,315.13175246558126
1,1500,419.10295545200273
1,1501,8.314363356224916
1,1502,347.7475135005719
1,1503,327.8415735374963
1,1504,52.79395530925742
1,1505,172.85724468311867
1,1506,420.32230303053467
1,1507,48.56018711581194
1,1508,338.71268097980186
1,1509,48.251205564279346
1,1510,184.12870793785575
1,1511,48.34062239048666
1,1512,343.8985964299054
1,1513,308.0405716510801
1,1514,66.34873625410658
1,1515,187.27901908775792
1,1516,111.15693209622933
1,1517,247.52206395341562
1,1518,304.60317850172976
1,1519,305.0811343440133
1,1520,163.798397508157
1,1521,319.46200798873986
1,1522,48.324845910806445
1,1523,325.4751529036337
1,1524,325.63450564607115
1,1525,43.22576140646636
1,1526,299.2851581676219
1,1527,181.27118130629236
1,1528,309.5969279452668
1,1529,48.02012607046878
1,1530,319.5351231919105
1,1531,310.35948706422016
1,1532,33.094563467772154
1,1533,42.18919995503458
1,1534,385.0871192382409
1,1535,43.33846557504028
1,1536,181.1502878595978
1,1537,347.9938013662171
1,1538,290.9641801417358
1,1539,538.9704208389991
1,1540,274.98622248031603
1,1541,304.0648146891458
1,1542,375.7823761540419
1,1543,489.42486937296974
1,1544,51.10590450389196
1,1545,29.823411516588955
1,1546,323.2572481013284
1,1547,342.7420565372469
1,1548,41.89232023559629
1,1549,308.846432764262
1,1550,47.54340830066138
1,1551,405.60306454313945
1,1552,309.70699747064185
1,1553,46.76180876389918
1,1554,210.05978779368684
1,1555,39.567893877226695
1,1556,301.0095620999149
1,1557,337.934408483698
1,1558,50.03567252288915
1,1559,315.9259230630118
1,1560,187.28575040470548
1,1561,347.4887899377218
1,1562,40.08493496888858
1,1563,276.2305210790613
1,1564,356.9556024846594
1,1565,321.52517244465076
1,1566,155.45330682702365
1,1567,39.886201044521066
1,1568,240.99788604467932
1,1569,263.01387673575397
1,1570,72.72044387837616
1,1571,376.67220156690746
1,1572,322.0417312862782
1,1573,396.2149973792588
1,1574,47.4824274197686
1,1575,209.04692888373916
1,1576,343.48780624234416
1,1577,307.66688310946535
1,1578,198.69062436562479
1,1579,336.86791501503404
1,1580,37.6562005320284
1,1581,143.75841287650672
1,1582,285.9655296734728
1,1583,46.63269900142547
1,1584,326.65268846451954
1,1585,46.669245207182115
1,1586,373.41723422731263
1,1587,69.12040872051762
1,1588,226.01794221544878
1,1589,129.36654059965835
1,1590,113.73544958130324
1,1591,310.3221259173614
1,1592,5.775613776436164
1,1593,141.35098473729093
1,1594,39.24003482342632
1,1595,234.52256731992765
1,1596,27.60679873191741
1,1597,212.58194269641484
1,1598,39.40750068167458
1,1599,275.28675585026303
1,1600,175.87870862642657
1,1601,43.62325646721598
1,1602,133.26802057408426
1,1603,253.62554581841638
1,1604,192.27086362383625
1,1605,62.92973072561154
1,1606,363.8493022092623
1,1607,43.69409969967139
1,1608,316.7123312771487
1,1609,292.8791185808859
1,1610,35.2507272281518
1,1611,235.39119327408073
1,1612,37.15217946765394
1,1613,81.9506225290674
1,1614,317.51133281973745
1,1615,43.50077846015404
1,1616,28.587426316452586
1,1617,294.08354702611354
1,1618,43.76088799423346
1,1619,254.95901600532497
1,1620,80.01040682539464
1,1621,43.63192738479742
1,1622,305.05811175352915
1,1623,298.5082728613577
1,1624,271.6109149656555
1,1625,252.34981643459594
1,1626,231.0382915477477
1,1627,327.36495387521535
1,1628,41.212546388280536
1,1629,322.5473559974499
1,1630,307.9248780029416
1,1631,45.39173489978403
1,1632,330.9870814854296
1,1633,292.14364476503056
1,1634,328.37324582432785
1,1635,134.30055176853375
1,1636,257.8387914923538
1,1637,165.19864121477517
1,1638,292.84036608654606
1,1639,275.10644661325597
1,1640,79.75263096239856
1,1641,211.72475401415028
1,1642,33.30554407001305
1,1643,274.18876768489326
1,1644,45.465374769473975
1,1645,134.93566421894872
1,1646,258.6293315708602
1,1647,137.78804345676258
1,1648,236.91058811486573
1,1649,55.41454726755171
1,1650,186.53043154371272
1,1651,64.55356806636846
1,1652,267.4281894533292
1,1653,33.424463373278385
1,1654,242.06911352524997
1,1655,48.566704529353416
1,1656,298.7694875434287
1,1657,188.40776182262658
1,1658,50.5995732674638
1,1659,139.88614542942315
1,1660,265.219016631243
1,1661,178.7353387707658
1,1662,70.07631100257751
1,1663,248.0055039213957
1,1664,49.60078815589678
1,1665,275.0216094874471
1,1666,265.77075807325366
1,1667,49.487124704123104
1,1668,112.84891928060506
1,1669,220.54114848730535
1,1670,29.045556777562787
1,1671,292.7132152535622
1,1672,43.32155870996807
1,1673,306.6033708244123
1,1674,337.3213004925856
1,1675,31.28470815262758
1,1676,246.2503628998995
1,1677,276.7887337738755
1,1678,35.369742620040526
1,1679,235.72557011285522
1,1680,37.871906306480774
1,1681,80.88388618727494
1,1682,325.88420177765715
1,1683,43.77716212788051
1,1684,28.634647432123725
1,1685,293.3245945981076
1,1686,43.75193526215808
1,1687,260.1103928438491
1,1688,80.2794069907129
1,1689,43.65366870226421
1,1690,309.97781639780015
1,1691,308.1121481947192
1,1692,43.53628962004125
1,1693,336.4306467393458
1,1694,337.5828936623452
1,1695,31.842579787721725
1,1696,259.1819661986266
1,1697,274.17289710035595
1,1698,309.5621473596973
1,1699,272.2483770516045
1,1700,253.0951776004048
1,1701,231.11140836706437
1,1702,320.2925302421494
1,1703,39.38175271171942
1,1704,322.5437431959094
1,1705,36.18609302496869
1,1706,30.349057243451107
1,1707,275.39678946578067
1,1708,45.58566005902438
1,1709,135.1857955254303
1,1710,258.3313561815112
1,1711,207.75001371008062
1,1712,231.73482990628165
1,1713,80.45979497768606
1,1714,105.98379353424087
1,1715,257.85988057926147
1,1716,119.27447993674818
1,1717,138.08798176944936
1,1718,326.29820748964585
1,1719,45.54618865207058
1,1720,67.28552623329698
1,1721,272.89494254414495
1,1722,431.28569473471
1,1723,263.3376225795995
1,1724,73.59102315788809
1,1725,376.9662883906316
1,1726,87.45801254477428
1,1727,399.75006729267733
1,1728,287.39762801749566
1,1729,409.18560394698966
1,1730,157.61200088289326
1,1731,302.57449834359244
1,1732,42.15916782730941
1,1733,244.08722126008945
1,1734,275.1518819927135
1,1735,29.462971637932686
1,1736,327.1496759614261
1,1737,46.44499051212004
1,1738,133.5821820586675
1,1739,424.9172339747074
1,1740,311.4877946498407
1,1741,232.6890015278835
1,1742,46.50648577907033
1,1743,331.23218724945644
1,1744,175.26646955922212
1,1745,22.8089105915634
1,1746,305.91366971391847
1,1747,326.2164424483178
1,1748,42.32735454561095
1,1749,392.46981478857697
1,1750,31.098518698386663
1,1751,291.4577892438913
1,1752,24.753050599732454
1,1753,319.31934104781624
1,1754,175.7516713245913
1,1755,214.30999537418
1,1756,292.9336059423736
1,1757,138.1771683391949
1,1758,192.17244555257741
1,1759,42.744347232444554
1,1760,324.6723953511971
1,1761,42.73784498738913
1,1762,182.4686801019141
1,1763,52.165506741041874
1,1764,176.19790377186584
1,1765,324.8185781896643
1,1766,42.528702067164886
1,1767,298.49966651486386
1,1768,317.0740466288912
1,1769,23.79573274072959
1,1770,305.6088270369669
1,1771,31.619062941454636
1,1772,42.80462565255666
1,1773,397.03499020701065
1,1774,42.781616829161884
1,1775,23.734622005790015
1,1776,271.6140865348018
1,1777,279.98876428296677
1,1778,39.092543917515336
1,1779,259.5729594821689
1,1780,257.0264267535657
1,1781,272.2995823560219
1,1782,263.06405092628364
1,1783,73.57063312416616
1,1784,376.25050070041345
1,1785,51.28890295973508
1,1786,232.0344481391544
1,1787,365.2990283606704
1,1788,284.7584744715647
1,1789,50.21627334673525
1,1790,368.72796381598937
1,1791,131.1792254322404
1,1792,53.327979530974034
1,1793,160.79641026822847
1,1794,379.9038884487708
1,1795,48.46657345505126
1,1796,276.8704518966638
1,1797,308.24502610223095
1,1798,37.87907656539357
1,1799,127.88230619115167
1,1800,209.06147230953445
1,1801,284.8471127382661
1,1802,42.591342110103426
1,1803,203.64868602879847
1,1804,281.80434722029264
1,1805,31.04788166289204
1,1806,46.824291353211756
1,1807,294.14672841181505
1,1808,292.0674351300215
1,1809,34.904499969644505
1,1810,60.356625538653105
1,1811,136.15093829830792
1,1812,191.75690673315046
1,1813,39.040589318640976
1,1814,129.70269457422933
1,1815,235.3255120853029
1,1816,42.74918406444506
1,1817,28.26753813556037
1,1818,247.43489063702228
1,1819,341.1700459297074
1,1820,221.9837726525132
1,1821,351.3600067510557
1,1822,63.98698513862281
1,1823,228.1971799653462
1,1824,333.807882132534
1,1825,45.22883766051095
1,1826,330.9935998741662
1,1827,39.18840944943282
1,1828,181.50448221524147
1,1829,319.9902198008482
1,1830,138.2463025878884
1,1831,310.42787866741713
1,1832,61.93934300972565
1,1833,305.86187800753765
1,1834,262.0749364898465
1,1835,31.39993015837267
1,1836,170.2819781166035
1,1837,232.43504885988858
1,1838,43.45536610171771
1,1839,334.50887521452046
1,1840,40.87310076871012
1,1841,274.04710936026265
1,1842,232.05408984522012
1,1843,330.0082433248357
1,1844,466.2370965749131
1,1845,45.155598911561256
1,1846,288.45228959681367
1,1847,177.23915661274106
1,1848,316.2583035458065
1,1849,256.5092795973171
1,1850,137.72392380549846
1,1851,290.962052788566
1,1852,40.83920120394991
1,1853,279.86615418794827
1,1854,45.137562069215065
1,1855,337.5380927239546
1,1856,285.7449526737255
1,1857,40.827173940308555
1,1858,307.77268123115533
1,1859,33.421846710615476
1,1860,288.75744232948267
1,1861,40.77829101747138
1,1862,331.3943538636073
1,1863,277.6282844961613
1,1864,33.4123557438186
1,1865,260.4386623123121
1,1866,276.14785875459694
1,1867,346.5313925615292
1,1868,43.72919021104393
1,1869,262.1216127654645
1,1870,40.14512423260966
1,1871,240.64556247714148
1,1872,33.05801920718121
1,1873,246.61456086412164
1,1874,462.9507912443589
1,1875,43.64730103478615
1,1876,288.5079431069214
1,1877,301.1369168146091
1,1878,346.69556153976396
1,1879,39.14936942971902
1,1880,331.1463810908341
1,1881,286.27026593382953
1,1882,60.32379489593134
1,1883,136.4432804639328
1,1884,349.90423047984524
1,1885,594.8543855794305
1,1886,87.9568022978307
1,1887,283.40329489701753
1,1888,316.18091086695995
1,1889,330.79394135853533
1,1890,86.13174838545211
1,1891,277.4764894987512
1,1892,323.24432529329107
1,1893,159.23309041277048
1,1894,388.513831953043
1,1895,292.0291111958613
1,1896,206.32635712178472
1,1897,324.9820648918261
1,1898,36.96497146735998
1,1899,270.63036542481433
1,1900,90.60274393939329
1,1901,44.68745506984047
1,1902,206.70767082560008
1,1903,139.7464536299645
1,1904,238.6704136632706
1,1905,301.99786437196315
1,1906,323.7828946976467
1,1907,298.64873295564144
1,1908,77.45547040744341
1,1909,399.77056042290883
1,1910,41.97586763585406
1,1911,210.37607141555384
1,1912,26.7494760257923
1,1913,36.89088251171292
1,1914,231.1362267682039
1,1915,228.48535244975287
1,1916,39.23818859014956
1,1917,268.63412565879923
1,1918,77.86724065038922
1,1919,227.42023117726745
1,1920,403.61447376079485
1,1921,272.50049552373605
1,1922,139.1206818330842
1,1923,60.26260246146725
1,1924,353.1632614374128
1,1925,238.64658804413085
1,1926,306.7409257601754
1,1927,34.1166151336833
1,1928,377.949062118258
1,1929,254.64354437530028
1,1930,217.56515292033058
1,1931,168.54271718610764
1,1932,212.14811408837812
1,1933,275.71628340518413
1,1934,255.05899859186047
1,1935,137.20185113291313
1,1936,275.07645782550765
1,1937,270.6717549596734
1,1938,27.14024387949356
1,1939,154.02279517060836
1,1940,218.68539810637216
1,1941,241.80224209228362
1,1942,315.68882645087837
1,1943,172.209842678156
1,1944,57.33158076217208
1,1945,260.3014939832768
1,1946,30.994828430521434
1,1947,55.7687144163186
1,1948,241.68655330760373
1,1949,36.990441276538014
1,1950,246.74118508471562
1,1951,252.4088561664754
1,1952,23.985128344324515
1,1953,175.282014250572
1,1954,319.51740871602044
1,1955,44.97646773515743
1,1956,207.51920959331127
1,1957,57.905354004679644
1,1958,238.64049832397467
1,1959,56.999055869757925
1,1960,370.6177404400438
1,1961,199.68272661363926
1,1962,45.36353751531484
1,1963,266.13210443842496
1,1964,263.0108995093035
1,1965,35.346031991594515
1,1966,26.43964439014791
1,1967,233.48458816077658
1,1968,162.26258096364674
1,1969,263.66800283974777
1,1970,244.12417457609712
1,1971,217.89038547910556
1,1972,312.4668186641124
1,1973,170.18255543456084
1,1974,18.607398091778677
1,1975,177.5693191735233
1,1976,253.3224256488178
1,1977,337.2568126820404
1,1978,172.19905302297607
1,1979,299.1684036812634
1,1980,240.24617394698794
1,1981,40.33847736154255
1,1982,110.97786435365109
1,1983,28.04172442043384
1,1984,78.70165330148826
1,1985,352.4158732202104
1,1986,377.44597255797873
1,1987,223.69966811341072
1,1988,40.75282313967043
1,1989,124.98372434042548
1,1990,26.431395118887796
1,1991,356.50763002163546
1,1992,42.98811558927804
1,1993,174.82455686679975
1,1994,231.08730051783982
1,1995,278.37671358628154
1,1996,172.5286775547222
1,1997,318.49505382166285
1,1998,310.74938201095847
1,1999,42.94377006367749
1,2000,20.129559097994893
1,2001,306.1072638026569
1,2002,43.127346619403134
1,2003,34.23127844020239
1,2004,236.2339029389123
1,2005,31.394543791694176
1,2006,378.40662153838235
1,2007,31.39736905185653
1,2008,296.10520556036374
1,2009,246.78267826149312
1,2010,248.13335881452076
1,2011,102.23187424811688
1,2012,281.8645986388543
1,2013,4.939991356153819
1,2014,328.468124089889
1,2015,102.02373180371801
1,2016,198.92722298281143
1,2017,151.4211493813978
1,2018,78.94586863898445
1,2019,331.5236359627998
1,2020,28.326676193300962
1,2021,125.62739051973738
1,2022,293.59973779062256
1,2023,102.00756416303197
1,2024,385.3005355043965
1,2025,37.80818035492768
1,2026,248.91737921151105
1,2027,253.67819031056135
1,2028,159.7439733831502
1,2029,215.5587733298043
1,2030,352.314542635179
1,2031,245.92032421998354
1,2032,87.01180830496806
1,2033,268.2954540583123
1,2034,259.52274878570427
1,2035,46.00495124091792
1,2036,194.70046202406354
1,2037,36.06520092701552
1,2038,291.9761127981475
1,2039,291.29922121474175
1,2040,127.27597192233304
1,2041,431.32995575675966
1,2042,146.77099149812955
1,2043,325.79045045357105
1,2044,337.7465800538838
1,2045,346.0687277640026
1,2046,256.12021612890635
1,2047,43.07839775167272
1,2048,106.59295321950003
1,2049,239.41841928077002
1,2050,233.76278081698678
1,2051,77.44504239456224
1,2052,245.66295412657482
1,2053,116.81118389008448
1,2054,285.2054886311382
1,2055,258.04249357644335
1,2056,201.85058215849023
1,2057,58.411677989346
1,2058,28.599938918874557
1,2059,383.21129319887086
1,2060,271.9767461978239
1,2061,28.94952281911134
1,2062,282.73514809192176
1,2063,78.37813696926237
1,2064,352.36997135454794
1,2065,311.8471941356446
1,2066,43.43011797566666
1,2067,251.78802597601202
1,2068,151.4567170484426
1,2069,273.95548489782686
1,2070,29.0666859413482
1,2071,240.18047269063837
1,2072,26.589315699171383
1,2073,463.6703561197789
1,2074,43.23679721298649
1,2075,195.4680369725083
1,2076,193.1495444032273
1,2077,131.9236816032571
1,2078,240.5637774769319
1,2079,303.67011747877376
1,2080,29.00863936198724
1,2081,349.6923723832001
1,2082,157.71205728676017
1,2083,326.8123385704519
1,2084,258.4218926539047
1,2085,126.59470164039655
1,2086,160.17581676436055
1,2087,102.07686693178466
1,2088,306.9623087099809
1,2089,392.91790738988067
1,2090,43.42511889274063
1,2091,315.4491681040586
1,2092,30.82170192520848
1,2093,78.61089058138029
1,2094,322.00884195589094
1,2095,118.66876789283523
1,2096,113.07666514954968
1,2097,102.44039223105904
1,2098,163.71386151429914
1,2099,233.6822059555453
1,2100,20.019431270026764
1,2101,276.1246236879665
1,2102,78.58866520143644
1,2103,396.7458338515757
1,2104,28.856595651611062
1,2105,73.77837374253387
1,2106,120.27666395967827
1,2107,28.813783342634967
1,2108,117.06307742532312
1,2109,34.155409727897904
1,2110,77.99155911098518
1,2111,270.7559571558456
1,2112,27.803054615092687
1,2113,277.9591446997871
1,2114,353.675678649862
1,2115,118.06177290266035
1,2116,49.71635757313547
1,2117,262.2616138284649
1,2118,250.33231549672422
1,2119,43.1563846472278
1,2120,282.34535472077596
1,2121,20.081288658387273
1,2122,315.015435446296
1,2123,32.074079947973324
1,2124,115.47684922940343
1,2125,404.0241751432553
1,2126,356.29513303331316
1,2127,42.38293136354026
1,2128,183.53667883177786
1,2129,106.63752971698091
1,2130,281.7342395593166
1,2131,37.03217240369615
1,2132,264.1014771907437
1,2133,42.4776197790676
1,2134,277.30081656279174
1,2135,27.99793057309511
1,2136,203.05057252534982
1,2137,225.8429945549803
1,2138,374.46699761094044
1,2139,357.3945472231485
1,2140,43.3099038429076
1,2141,278.6445439965988
1,2142,254.09385227270815
1,2143,269.6183187445366
1,2144,354.18749368081325
1,2145,140.89351333087671
1,2146,323.95029344384835
1,2147,46.32527727008142
1,2148,384.3141845268873
1,2149,54.61656720577962
1,2150,321.37127962556474
1,2151,33.6156086868387
1,2152,250.04349754212228
1,2153,36.541524278376976
1,2154,87.13340433824726
1,2155,260.56370947289975
1,2156,49.51405084244912
1,2157,42.57041288047467
1,2158,77.79187327650966
1,2159,184.7793949196883
1,2160,36.98517277534753
1,2161,113.14689659189054
1,2162,28.667889728648024
1,2163,267.4122517815348
1,2164,92.38199448953151
1,2165,77.81229099552175
1,2166,290.0380245605974
1,2167,117.77095652284092
1,2168,32.52319938760482
1,2169,317.42034197719886
1,2170,289.42126390457014
1,2171,46.50017144799476
1,2172,118.24626115933512
1,2173,29.15344293572656
1,2174,258.2218530111553
1,2175,228.52830284474564
1,2176,129.89195045922875
1,2177,382.9448297143091
1,2178,37.08456050260129
1,2179,79.5854998212525
1,2180,336.92947955930674
1,2181,273.29594269441486
1,2182,61.947490127752175
1,2183,264.5960076273013
1,2184,41.050711449240225
1,2185,209.8420228902109
1,2186,37.194429509330725
1,2187,286.53075470002534
1,2188,333.1896515507787
1,2189,40.802478681039474
1,2190,375.88309303896665
1,2191,40.80530298752751
1,2192,200.2747042906658
1,2193,290.347316643771
1,2194,354.234134966748
1,2195,44.28461565230462
1,2196,249.7606431519513
1,2197,129.90814662273598
1,2198,41.36415849767914
1,2199,325.5943260880935
1,2200,33.10642219065649
1,2201,305.093840332001
1,2202,30.911953281467866
1,2203,285.4308403826358
1,2204,119.04547260045734
1,2205,7.989657199205301
1,2206,287.15630099479085
1,2207,314.3527897390752
1,2208,277.9772124035618
1,2209,37.187617532345456
1,2210,61.35213024786371
1,2211,305.9194617264396
1,2212,273.66894270731495
1,2213,64.37289387656497
1,2214,278.58289102131107
1,2215,128.536567929759
1,2216,110.93120737777915
1,2217,441.7697644717076
1,2218,79.28955005575803
1,2219,32.77760967606344
1,2220,302.60665579901325
1,2221,186.05389342520664
1,2222,347.21205468036374
1,2223,28.63165367777142
1,2224,288.4530403050431
1,2225,159.2485080277225
1,2226,284.0191384996598
1,2227,40.67310224435188
1,2228,281.34419901133685
1,2229,267.20579537145784
1,2230,359.87600780797203
1,2231,437.3584313785816
1,2232,351.51398064959346
1,2233,46.0611991636298
1,2234,133.6407714512009
1,2235,70.78143385908285
1,2236,215.59017401439382
1,2237,150.90851813972444
1,2238,301.01803613936596
1,2239,48.37056677692067
1,2240,244.89835186834065
1,2241,82.48765966756108
1,2242,287.07645184055957
1,2243,40.09722528623258
1,2244,272.944797089505
1,2245,244.42912187915067
1,2246,46.78113355013909
1,2247,388.96230492220286
1,2248,219.1066402040164
1,2249,239.63936085919062
1,2250,355.31495731369114
1,2251,27.741314198675337
1,2252,293.74090804004
1,2253,314.83438754129867
1,2254,226.9075071357654
1,2255,486.82342160834355
1,2256,130.67230001012143
1,2257,304.60328435780707
1,2258,38.690324674471604
1,2259,280.4979065589664
1,2260,235.63813477930233
1,2261,115.75666028279961
1,2262,36.76610414272808
1,2263,289.8660835345677
1,2264,244.2477793193811
1,2265,269.7493484515628
1,2266,230.15824003146375
1,2267,17.99071980694367
1,2268,330.00055505891737
1,2269,240.0060165653537
1,2270,28.071653529445534
1,2271,298.2732142783975
1,2272,289.7300431601849
1,2273,188.44258113739798
1,2274,201.8597760788815
1,2275,313.4011065154117
1,2276,395.4563644810837
1,2277,122.48856200016904
1,2278,28.993540588042958
1,2279,370.3341502877905
1,2280,43.09572997515575
1,2281,325.8971747195436
1,2282,29.250535105194377
1,2283,333.83235289645165
1,2284,29.25336036535673
1,2285,50.99023716175799
1,2286,287.5054878612775
1,2287,287.6676802181232
1,2288,33.28547352761834
1,2289,159.62369530026112
1,2290,33.58161665428069
1,2291,266.97714692030854
1,2292,89.44770006434555
1,2293,118.3498260764224
1,2294,136.270322287695
1,2295,287.55026708310174
1,2296,325.1176429070557
1,2297,60.24012269830953
1,2298,33.246993941953605
1,2299,76.94344977052945
1,2300,362.9601678197363
1,2301,43.17448190618006
1,2302,293.1519881334825
1,2303,173.58837061049047
1,2304,323.28511463127165
1,2305,64.51233600011287
1,2306,273.6524859943052
1,2307,189.7537814742763
1,2308,376.49980391618845
1,2309,119.5014712021833
1,2310,41.28562428487166
1,2311,357.54137777526694
1,2312,132.5803010289612
1,2313,400.0800486949522
1,2314,298.32007492607454
1,2315,188.1784065648623
1,2316,262.26911716826237
1,2317,267.6227405045246
1,2318,369.49456514566134
1,2319,281.2186741987556
1,2320,364.104484673714
1,2321,283.2213526160786
1,2322,313.5471051214339
1,2323,378.1625040731603
1,2324,407.8144987449281
1,2325,38.74256369366906
1,2326,297.86698314789567
1,2327,45.04814762422561
1,2328,362.18189686431464
1,2329,49.04300597532823
1,2330,306.41282741776865
1,2331,184.32847473218962
1,2332,341.52776742277166
1,2333,44.771870004602064
1,2334,189.18265758682685
1,2335,325.64647385225135
1,2336,155.78159437784677
1,2337,293.36876093243524
1,2338,297.79993517669783
1,2339,268.7791883389509
1,2340,19.635655000932616
1,2341,265.71620069602693
1,2342,273.5253547458575
1,2343,344.6616860674132
1,2344,38.04883950280565
1,2345,261.8722454450549
1,2346,294.5723053475954
1,2347,203.791486199615
1,2348,38.385842426027125
1,2349,282.99240978454895
1,2350,290.4357620645899
1,2351,268.7851788107597
1,2352,39.62510782840069
1,2353,398.22592938504295
1,2354,38.45022952177904
1,2355,178.27519642240674
1,2356,332.0900594023691
1,2357,252.55765833826746
1,2358,303.48951177312915
1,2359,43.239439348937196
1,2360,338.23906066668815
1,2361,304.31755376030526
1,2362,29.13243936342824
1,2363,252.192018459736
1,2364,339.2169323021065
1,2365,274.8582388538031
1,2366,326.7564694844942
1,2367,292.9024967387802
1,2368,29.071328628488665
1,2369,281.7318396090242
1,2370,187.55732262585792
1,2371,191.5038292880338
1,2372,210.0580818416368
1,2373,284.4201836086311
1,2374,29.052607333885987
1,2375,311.2345236620107
1,2376,335.06370282308643
1,2377,32.43117940999892
1,2378,276.4693118418522
1,2379,269.45072139386923
1,2380,70.97884299697694
1,2381,317.501223426451
1,2382,331.2240752056136
1,2383,410.590182199154
1,2384,61.99392624000198
1,2385,316.59266513505156
1,2386,146.711989454488
1,2387,323.427196460927
1,2388,50.46997046260254
1,2389,335.48366128799023
1,2390,118.29223988557561
1,2391,39.04724716232715
1,2392,83.91331468550743
1,2393,303.6076252595871
1,2394,49.271086614453566
1,2395,27.1128141286699
1,2396,184.42923309088073
1,2397,281.01594161091384
1,2398,611.6656424017458
1,2399,335.5319170537664
1,2400,36.09318927781576
1,2401,314.5209329341454
1,2402,45.7724695429109
1,2403,218.71906842882657
1,2404,114.8964864132817
1,2405,363.8091733479573
1,2406,43.39903280348041
1,2407,344.43020159895354
1,2408,29.459158041028324
1,2409,300.9734835181058
1,2410,173.61197313661347
1,2411,312.2709210023261
1,2412,43.85379804541175
1,2413,239.67461128731793
1,2414,101.90243604694231
1,2415,292.5914361664122
1,2416,30.416259285778246
1,2417,318.3719463905842
1,2418,149.1802584679897
1,2419,270.08069795832455
1,2420,329.0410237637823
1,2421,331.0003006304579
1,2422,39.05496217042647
1,2423,179.45385044851193
1,2424,322.0613287538521
1,2425,21.915260295639715
1,2426,309.7489931097723
1,2427,304.35067378445535
1,2428,274.17738894375736
1,2429,297.51508560738455
1,2430,44.001579403909595
1,2431,297.23946217901005
1,2432,353.594733192953
1,2433,176.62777480204352
1,2434,337.3457149417683
1,2435,38.76238554555523
1,2436,179.50954312124142
1,2437,319.09742375427555
1,2438,30.393391982540138
1,2439,138.19728572156447
1,2440,320.04731922029055
1,2441,327.36818755235663
1,2442,318.45695339104293
1,2443,298.47871687046063
1,2444,419.11445564740916
1,2445,96.66126534586202
1,2446,282.80409564387907
1,2447,324.26605135813713
1,2448,69.87754794023814
1,2449,310.823210073778
1,2450,50.47884943032302
1,2451,309.1680674698575
1,2452,187.78824670279405
1,2453,342.13656296378394
1,2454,45.42880763844873
1,2455,192.03621408180004
1,2456,321.54398780986685
1,2457,627.0512365749066
1,2458,288.34755898465784
1,2459,279.22917730608657
1,2460,41.34250565714925
1,2461,290.7005790567612
1,2462,71.00223476837854
1,2463,266.9091959953084
1,2464,321.3918204595793
1,2465,152.05127973238342
1,2466,38.913339596448495
1,2467,289.7395161345867
1,2468,257.89385367932437
1,2469,215.1376621574637
1,2470,41.53672208872198
1,2471,261.6964540388509
1,2472,455.261124643833
1,2473,30.53102366786966
1,2474,116.97004189302524
1,2475,189.23713676472994
1,2476,21.810621386311354
1,2477,448.16086925569215
1,2478,514.9887729929246
1,2479,44.61586512990564
1,2480,297.50450545457716
1,2481,298.5338020466876
1,2482,331.68353103928223
1,2483,42.2961702864742
1,2484,180.32207120813237
1,2485,375.3034956596353
1,2486,342.00756652333337
1,2487,319.24577982547055
1,2488,63.03528175084103
1,2489,294.88898083219743
1,2490,292.89555017567295
1,2491,31.066528701207567
1,2492,359.04171120278147
1,2493,202.0864246198684
1,2494,37.3213922617911
1,2495,322.0044081563114
1,2496,237.23442669625769
1,2497,278.73383679887297
1,2498,103.39615776815228
1,2499,190.39366932623858
1,2500,191.37613179132012
1,2501,46.42655929942704
1,2502,428.90008472218864
1,2503,292.2093731156348
1,2504,336.6557626854052
1,2505,322.56744760255674
1,2506,21.865513403340533
1,2507,286.1996597468916
1,2508,30.815977109666832
1,2509,21.865513403340533
1,2510,333.14553852343636
1,2511,238.8705499253856
1,2512,59.46471169046164
1,2513,261.9934921216942
1,2514,237.97687858994408
1,2515,323.3666649467875
1,2516,46.38828141588021
1,2517,21.843288500233843
1,2518,346.89135862478463
1,2519,343.8687362190572
1,2520,276.3570852349009
1,2521,35.225635205546794
1,2522,291.3449578942829
1,2523,39.602398063384754
1,2524,314.5670129482051
1,2525,322.4130790832728
1,2526,257.0056182561614
1,2527,121.72756177474476
1,2528,294.28794423088834
1,2529,103.93761857529256
1,2530,40.37268252895036
1,2531,278.3645648634569
1,2532,40.26720275174832
1,2533,311.45846706327717
1,2534,321.7174355999939
1,2535,294.16929840292863
1,2536,49.995087835149796
1,2537,296.92147114270637
1,2538,262.9346768828516
1,2539,573.4412440902814
1,2540,425.3117787988982
1,2541,74.82019614333505
1,2542,290.3842825538959
1,2543,154.16840559651996
1,2544,331.3182238787999
1,2545,52.835651246937886
1,2546,305.65037399590676
1,2547,329.97054585830847
1,2548,193.57651276600816
1,2549,407.8263942080561
1,2550,329.50428060868614
1,2551,49.04901997787441
1,2552,386.9250654493742
1,2553,325.61103206590286
1,2554,40.253891022999916
1,2555,320.59308860900626
1,2556,369.6251982947542
1,2557,252.56683642198203
1,2558,258.9974219497234
1,2559,146.27857705376442
1,2560,139.15073510415274
1,2561,299.83890922481316
1,2562,144.0264477037736
1,2563,304.7001150177912
1,2564,40.759453144793
1,2565,360.2775132271388
1,2566,31.138891759859316
1,2567,300.5714233962026
1,2568,304.78485862539844
1,2569,66.63635167670523
1,2570,314.67327340720374
1,2571,46.51904850720767
1,2572,294.0610922134127
1,2573,45.411865968404115
1,2574,219.89834964566165
1,2575,280.78563259973237
1,2576,167.23816905221256
1,2577,42.78788532103093
1,2578,317.3343116957178
1,2579,259.30710204985024
1,2580,243.4340791425451
1,2581,436.3185219457881
1,2582,266.8418102547551
1,2583,44.90181927840011
1,2584,351.7759487005966
1,2585,268.3507085534597
1,2586,200.7226279752249
1,2587,219.1943254230658
1,2588,45.14544106840571
1,2589,373.7737666439847
1,2590,315.13175246558126
1,2591,419.10295545200273
1,2592,8.314363356224916
1,2593,347.7475135005719
1,2594,327.8415735374963
1,2595,52.79395530925742
1,2596,172.85724468311867
1,2597,420.32230303053467
1,2598,48.56018711581194
1,2599,338.71268097980186
1,2600,48.251205564279346
1,2601,184.12870793785575
1,2602,48.34062239048666
1,2603,343.8985964299054
1,2604,308.0405716510801
1,2605,66.34873625410658
1,2606,187.27901908775792
1,2607,111.15693209622933
1,2608,247.52206395341562
1,2609,304.60317850172976
1,2610,305.0811343440133
1,2611,163.798397508157
1,2612,319.46200798873986
1,2613,48.324845910806445
1,2614,325.4751529036337
1,2615,325.63450564607115
1,2616,43.22576140646636
1,2617,299.2851581676219
1,2618,181.27118130629236
1,2619,309.5969279452668
1,2620,48.02012607046878
1,2621,319.5351231919105
1,2622,310.35948706422016
1,2623,33.094563467772154
1,2624,42.18919995503458
1,2625,385.0871192382409
1,2626,43.33846557504028
1,2627,181.1502878595978
1,2628,347.9938013662171
1,2629,290.9641801417358
1,2630,538.9704208389991
1,2631,274.98622248031603
1,2632,304.0648146891458
1,2633,375.7823761540419
1,2634,489.42486937296974
1,2635,51.10590450389196
1,2636,29.823411516588955
1,2637,323.2572481013284
1,2638,342.7420565372469
1,2639,41.89232023559629
1,2640,308.846432764262
1,2641,47.54340830066138
1,2642,405.60306454313945
1,2643,309.70699747064185
1,2644,46.76180876389918
1,2645,210.05978779368684
1,2646,39.567893877226695
1,2647,301.0095620999149
1,2648,337.934408483698
1,2649,50.03567252288915
1,2650,315.9259230630118
1,2651,187.28575040470548
1,2652,347.4887899377218
1,2653,40.08493496888858
1,2654,276.2305210790613
1,2655,356.9556024846594
1,2656,321.52517244465076
1,2657,155.45330682702365
1,2658,39.886201044521066
1,2659,240.99788604467932
1,2660,263.01387673575397
1,2661,72.72044387837616
1,2662,376.67220156690746
1,2663,322.0417312862782
1,2664,396.2149973792588
1,2665,47.4824274197686
1,2666,209.04692888373916
1,2667,343.48780624234416
1,2668,307.66688310946535
1,2669,198.69062436562479
1,2670,336.86791501503404
1,2671,37.6562005320284
1,2672,143.75841287650672
1,2673,285.9655296734728
1,2674,46.63269900142547
1,2675,326.65268846451954
1,2676,46.669245207182115
1,2677,373.41723422731263
1,2678,69.12040872051762
1,2679,226.01794221544878
1,2680,129.36654059965835
1,2681,113.73544958130324
1,2682,310.3221259173614
1,2683,5.775613776436164
1,2684,141.35098473729093
1,2685,39.24003482342632
1,2686,234.52256731992765
1,2687,27.60679873191741
1,2688,212.58194269641484
1,2689,39.40750068167458
1,2690,275.28675585026303
1,2691,175.87870862642657
1,2692,43.62325646721598
1,2693,133.26802057408426
1,2694,253.62554581841638
1,2695,192.27086362383625
1,2696,62.92973072561154
1,2697,363.8493022092623
1,2698,43.69409969967139
1,2699,316.7123312771487
1,2700,292.8791185808859
1,2701,35.2507272281518
1,2702,235.39119327408073
1,2703,37.15217946765394
1,2704,81.9506225290674
1,2705,317.51133281973745
1,2706,43.50077846015404
1,2707,28.587426316452586
1,2708,294.08354702611354
1,2709,43.76088799423346
1,2710,254.95901600532497
1,2711,80.01040682539464
1,2712,43.63192738479742
1,2713,305.05811175352915
1,2714,298.5082728613577
1,2715,271.6109149656555
1,2716,252.34981643459594
1,2717,231.0382915477477
1,2718,327.36495387521535
1,2719,41.212546388280536
1,2720,322.5473559974499
1,2721,307.9248780029416
1,2722,45.39173489978403
1,2723,330.9870814854296
1,2724,292.14364476503056
1,2725,328.37324582432785
1,2726,134.30055176853375
1,2727,257.8387914923538
1,2728,165.19864121477517
1,2729,292.84036608654606
1,2730,275.10644661325597
1,2731,79.75263096239856
1,2732,211.72475401415028
1,2733,33.30554407001305
1,2734,274.18876768489326
1,2735,45.465374769473975
1,2736,134.93566421894872
1,2737,258.6293315708602
1,2738,137.78804345676258
1,2739,236.91058811486573
1,2740,55.41454726755171
1,2741,186.53043154371272
1,2742,64.55356806636846
1,2743,267.4281894533292
1,2744,33.424463373278385
1,2745,242.06911352524997
1,2746,48.566704529353416
1,2747,298.7694875434287
1,2748,188.40776182262658
1,2749,50.5995732674638
1,2750,139.88614542942315
1,2751,265.219016631243
1,2752,178.7353387707658
1,2753,70.07631100257751
1,2754,248.0055039213957
1,2755,49.60078815589678
1,2756,275.0216094874471
1,2757,265.77075807325366
1,2758,49.487124704123104
1,2759,112.84891928060506
1,2760,220.54114848730535
1,2761,29.045556777562787
1,2762,292.7132152535622
1,2763,43.32155870996807
1,2764,306.6033708244123
1,2765,337.3213004925856
1,2766,31.28470815262758
1,2767,246.2503628998995
1,2768,276.7887337738755
1,2769,35.369742620040526
1,2770,235.72557011285522
1,2771,37.871906306480774
1,2772,80.88388618727494
1,2773,325.88420177765715
1,2774,43.77716212788051
1,2775,28.634647432123725
1,2776,293.3245945981076
1,2777,43.75193526215808
1,2778,260.1103928438491
1,2779,80.2794069907129
1,2780,43.65366870226421
1,2781,309.97781639780015
1,2782,308.1121481947192
1,2783,43.53628962004125
1,2784,336.4306467393458
1,2785,337.5828936623452
1,2786,31.842579787721725
1,2787,259.1819661986266
1,2788,274.17289710035595
1,2789,309.5621473596973
1,2790,272.2483770516045
1,2791,253.0951776004048
1,2792,231.11140836706437
1,2793,320.2925302421494
1,2794,39.38175271171942
1,2795,322.5437431959094
1,2796,36.18609302496869
1,2797,30.349057243451107
1,2798,275.39678946578067
1,2799,45.58566005902438
1,2800,135.1857955254303
1,2801,258.3313561815112
1,2802,207.75001371008062
1,2803,231.73482990628165
1,2804,80.45979497768606
1,2805,105.98379353424087
1,2806,257.85988057926147
1,2807,119.27447993674818
1,2808,138.08798176944936
1,2809,326.29820748964585
1,2810,45.54618865207058
1,2811,67.28552623329698
1,2812,272.89494254414495
1,2813,431.28569473471
1,2814,263.3376225795995
1,2815,73.59102315788809
1,2816,376.9662883906316
1,2817,87.45801254477428
1,2818,399.75006729267733
1,2819,287.39762801749566
1,2820,409.18560394698966
1,2821,157.61200088289326
1,2822,302.57449834359244
1,2823,42.15916782730941
1,2824,244.08722126008945
1,2825,275.1518819927135
1,2826,29.462971637932686
1,2827,327.1496759614261
1,2828,46.44499051212004
1,2829,133.5821820586675
1,2830,424.9172339747074
1,2831,311.4877946498407
1,2832,232.6890015278835
1,2833,46.50648577907033
1,2834,331.23218724945644
1,2835,175.26646955922212
1,2836,22.8089105915634
1,2837,305.91366971391847
1,2838,326.2164424483178
1,2839,42.32735454561095
1,2840,392.46981478857697
1,2841,31.098518698386663
1,2842,291.4577892438913
1,2843,24.753050599732454
1,2844,319.31934104781624
1,2845,175.7516713245913
1,2846,214.30999537418
1,2847,292.9336059423736
1,2848,138.1771683391949
1,2849,192.17244555257741
1,2850,42.744347232444554
1,2851,324.6723953511971
1,2852,42.73784498738913
1,2853,182.4686801019141
1,2854,52.165506741041874
1,2855,176.19790377186584
1,2856,324.8185781896643
1,2857,42.528702067164886
1,2858,298.49966651486386
1,2859,317.0740466288912
1,2860,23.79573274072959
1,2861,305.6088270369669
1,2862,31.619062941454636
1,2863,42.80462565255666
1,2864,397.03499020701065
1,2865,42.781616829161884
1,2866,23.734622005790015
1,2867,271.6140865348018
1,2868,279.98876428296677
1,2869,39.092543917515336
1,2870,259.5729594821689
1,2871,257.0264267535657
1,2872,272.2995823560219
1,2873,263.06405092628364
1,2874,73.57063312416616
1,2875,376.25050070041345
1,2876,51.28890295973508
1,2877,232.0344481391544
1,2878,365.2990283606704
1,2879,284.7584744715647
1,2880,50.21627334673525
1,2881,368.72796381598937
1,2882,131.1792254322404
1,2883,53.327979530974034
1,2884,160.79641026822847
1,2885,379.9038884487708
1,2886,48.46657345505126
1,2887,276.8704518966638
1,2888,308.24502610223095
1,2889,37.87907656539357
1,2890,127.88230619115167
1,2891,209.06147230953445
1,2892,284.8471127382661
1,2893,42.591342110103426
1,2894,203.64868602879847
1,2895,281.80434722029264
1,2896,31.04788166289204
1,2897,46.824291353211756
1,2898,294.14672841181505
1,2899,292.0674351300215
1,2900,34.904499969644505
1,2901,60.356625538653105
1,2902,136.15093829830792
1,2903,191.75690673315046
1,2904,39.040589318640976
1,2905,129.70269457422933
1,2906,235.3255120853029
1,2907,42.74918406444506
1,2908,28.26753813556037
1,2909,247.43489063702228
1,2910,341.1700459297074
1,2911,221.9837726525132
1,2912,351.3600067510557
1,2913,63.98698513862281
1,2914,228.1971799653462
1,2915,333.807882132534
1,2916,45.22883766051095
1,2917,330.9935998741662
1,2918,39.18840944943282
1,2919,181.50448221524147
1,2920,319.9902198008482
1,2921,138.2463025878884
1,2922,310.42787866741713
1,2923,61.93934300972565
1,2924,305.86187800753765
1,2925,262.0749364898465
1,2926,31.39993015837267
1,2927,170.2819781166035
1,2928,232.43504885988858
1,2929,43.45536610171771
1,2930,334.50887521452046
1,2931,40.87310076871012
1,2932,274.04710936026265
1,2933,232.05408984522012
1,2934,330.0082433248357
1,2935,466.2370965749131
1,2936,45.155598911561256
1,2937,288.45228959681367
1,2938,177.23915661274106
1,2939,316.2583035458065
1,2940,256.5092795973171
1,2941,137.72392380549846
1,2942,290.962052788566
1,2943,40.83920120394991
1,2944,279.86615418794827
1,2945,45.137562069215065
1,2946,337.5380927239546
1,2947,285.7449526737255
1,2948,40.827173940308555
1,2949,307.77268123115533
1,2950,33.421846710615476
1,2951,288.75744232948267
1,2952,40.77829101747138
1,2953,331.3943538636073
1,2954,277.6282844961613
1,2955,33.4123557438186
1,2956,260.4386623123121
1,2957,276.14785875459694
1,2958,346.5313925615292
1,2959,43.72919021104393
1,2960,262.1216127654645
1,2961,40.14512423260966
1,2962,240.64556247714148
1,2963,33.05801920718121
1,2964,246.61456086412164
1,2965,462.9507912443589
1,2966,43.64730103478615
1,2967,288.5079431069214
1,2968,301.1369168146091
1,2969,346.69556153976396
1,2970,39.14936942971902
1,2971,331.1463810908341
1,2972,286.27026593382953
1,2973,60.32379489593134
1,2974,136.4432804639328
1,2975,349.90423047984524
1,2976,388.6451202324139
1,2977,74.21566074414525
1,2978,372.35136841112626
1,2979,22.258935342008243
1,2980,427.6331462506192
1,2981,31.595074016508256
1,2982,371.5733073002283
1,2983,262.69286030856455
1,2984,254.83774714138417
1,2985,351.02810721891126
1,2986,240.14553485465967
1,2987,27.030803787034184
1,2988,243.22148573505524
1,2989,271.67807460778477
1,2990,50.51003396816867
1,2991,272.79207457730024
1,2992,150.63383673817003
1,2993,151.19749461027249
1,2994,297.7429853159895
1,2995,386.48487220009815
1,2996,50.35841821349059
1,2997,148.1124715428213
1,2998,274.51328131510354
1,2999,215.60268001266914
1,3000,260.02679690975265
1,3001,25.877976652225964
1,3002,247.7044958050924
1,3003,134.48059760622144
1,3004,40.00514728448569
1,3005,34.97152668931404
1,3006,294.58037460426124
1,3007,40.02992137992911
1,3008,227.26917616986773
1,3009,363.8595729203586
1,3010,18.724340195528033
1,3011,277.01297491170374
1,3012,41.726380489449426
1,3013,328.97125589734173
1,3014,63.13377849832533
1,3015,268.51764542574523
1,3016,40.01412608222235
1,3017,327.21574761189356
1,3018,134.33885843410684
1,3019,229.83533507744733
1,3020,304.06260276379066
1,3021,32.64997771313956
1,3022,230.17890470707593
1,3023,278.10699325988236
1,3024,59.87028928931519
1,3025,225.76192612663453
1,3026,103.63145266704036
1,3027,279.62599838385484
1,3028,259.1860035499551
1,3029,42.39791066263827
1,3030,256.9723886616016
1,3031,196.15631432248014
1,3032,218.82431457635954
1,3033,265.45791633973766
1,3034,69.0180554917355
1,3035,350.6673192964474
1,3036,43.26683780944065
1,3037,217.03280289312903
1,3038,42.63213141663992
1,3039,308.6099960158016
1,3040,234.8304123526254
1,3041,276.8670954167186
1,3042,27.08666722926944
1,3043,268.98254215508217
1,3044,129.0888429913671
1,3045,337.63424124188595
1,3046,40.719072186776536
1,3047,371.36045119638715
1,3048,32.64637151081404
1,3049,326.87267121083335
1,3050,305.57734804124266
1,3051,351.9563228543302
1,3052,226.91469212911952
1,3053,76.81053943079499
1,3054,42.13945754837739
1,3055,280.92806045633506
1,3056,42.95136092148776
1,3057,439.75432960505304
1,3058,190.50931557628826
1,3059,262.03507985780766
1,3060,42.61735246510733
1,3061,273.3867595077319
1,3062,104.93607380197051
1,3063,148.52198825818286
1,3064,275.08657252334365
1,3065,230.52823502445278
1,3066,418.4369174684706
1,3067,26.54831286873234
1,3068,113.51710463975738
1,3069,328.0570963702566
1,3070,332.9647971710675
1,3071,439.78358489893833
1,3072,373.78633687414276
1,3073,423.856825709287
1,3074,342.63418433121967
1,3075,37.94784164934032
1,3076,322.82226478826885
1,3077,51.52825714175681
1,3078,327.5364759492235
1,3079,196.53452614208823
1,3080,311.6255568996823
1,3081,74.49830154711455
1,3082,212.7764347524822
1,3083,254.53212722634123
1,3084,37.130171814825026
1,3085,251.12523905415725
1,3086,327.1480806618109
1,3087,53.0230221834708
1,3088,319.97064779481315
1,3089,48.78559448193745
1,3090,146.22220192110126
1,3091,317.3497149321745
1,3092,371.83865427768785
1,3093,318.1538448234706
1,3094,171.32919365774552
1,3095,41.51212235624109
1,3096,103.5609322747413
1,3097,41.42899237662719
1,3098,234.4789347300556
1,3099,278.7258759933467
1,3100,298.6369759294299
1,3101,137.404145353122
1,3102,343.4989448819981
1,3103,37.08788040712933
1,3104,230.08453600602087
1,3105,149.00463334957527
1,3106,299.5312886648395
1,3107,41.47119151231213
1,3108,268.1198895694985
1,3109,44.086843521132764
1,3110,197.98784007235128
1,3111,27.84078273020142
1,3112,282.85664645430353
1,3113,293.1059221473259
1,3114,369.61653820136854
1,3115,376.03358043774995
1,3116,341.3054863722133
1,3117,236.75173609674943
1,3118,91.84452122148522
1,3119,278.2178884637344
1,3120,366.11451843413295
1,3121,338.7041977081361
1,3122,42.184815517159905
1,3123,355.85881618713836
1,3124,22.932617090731327
1,3125,303.4147855504151
1,3126,240.96132786271676
1,3127,29.27032802218162
1,3128,252.54716640731306
1,3129,412.4627671166575
1,3130,192.1893767138804
1,3131,320.76167227300505
1,3132,353.2282412635701
1,3133,323.00004438981443
1,3134,331.08100208857877
1,3135,155.35500478945644
1,3136,164.75171453498064
1,3137,363.97402418614143
1,3138,220.50255319483145
1,3139,295.87632207685556
1,3140,260.28990889296017
1,3141,128.63155112588868
1,3142,326.4277366532033
1,3143,38.011380364934624
1,3144,307.52074209881226
1,3145,276.464438442334
1,3146,278.1009637745814
1,3147,354.22245534169224
1,3148,340.04032305362637
1,3149,50.934077170382494
1,3150,272.44372898039524
1,3151,78.99753463194389
1,3152,317.01640139526796
1,3153,49.72160620410891
1,3154,291.9535567602623
1,3155,74.2655870726328
1,3156,317.93487452990996
1,3157,261.44440688637314
1,3158,54.56821139953429
1,3159,374.0966828623304
1,3160,282.1975242256686
1,3161,302.97088078867944
1,3162,324.1559221599824
1,3163,343.6361173486086
1,3164,45.07309087110866
1,3165,278.8512447634353
1,3166,39.449356744327446
1,3167,275.69615957205446
1,3168,342.21518909600184
1,3169,41.426768436802405
1,3170,178.69521916344107
1,3171,266.1391202027353
1,3172,47.65966323510503
1,3173,208.56563337346273
1,3174,41.480439495242294
1,3175,428.0318793125988
1,3176,41.40199766054057
1,3177,300.01342844186433
1,3178,67.79139920910637
1,3179,369.2234474500453
1,3180,45.813258485171296
1,3181,179.1113036210889
1,3182,365.88915658859
1,3183,353.3993311019572
1,3184,44.69670283490896
1,3185,42.886865811182325
1,3186,322.34505985766503
1,3187,42.349627167155674
1,3188,275.3085310072312
1,3189,42.326619297435215
1,3190,107.67741873100883
1,3191,403.17727359014395
1,3192,46.500993264546295
1,3193,418.69480490612557
1,3194,45.765946027662956
1,3195,309.29586763299665
1,3196,136.10769442529025
1,3197,279.25575244167885
1,3198,269.87400931233645
1,3199,276.57192447598993
1,3200,103.68656632224193
1,3201,214.88448033908452
1,3202,320.91999621035325
1,3203,41.85043504245965
1,3204,304.4213423650332
1,3205,246.80927706703912
1,3206,335.7411164963372
1,3207,134.92835270635535
1,3208,63.37585102959776
1,3209,351.57132241875
1,3210,267.77583758331457
1,3211,26.508368131445426
1,3212,196.03656107665455
1,3213,243.18847070215656
1,3214,306.3632001109454
1,3215,145.30791524742025
1,3216,29.13631024678311
1,3217,342.54601062908444
1,3218,134.7868237518669
1,3219,277.9234827391728
1,3220,269.0078642308399
1,3221,274.83492811651433
1,3222,209.1835828702574
1,3223,333.668445413059
1,3224,104.46310654439566
1,3225,180.86213809043076
1,3226,42.103022875073464
1,3227,249.05821378206946
1,3228,42.055107631081924
1,3229,317.7594643942398
1,3230,29.116259499109393
1,3231,42.018860377663955
1,3232,283.5220515340951
1,3233,288.85734434647964
1,3234,264.11839295752054
1,3235,356.7246737088293
1,3236,129.6801927260079
1,3237,302.15059966115916
1,3238,37.05323296288754
1,3239,335.7370511886771
1,3240,72.25884176367725
1,3241,251.32083099619848
1,3242,265.12796019798424
1,3243,308.46719846446246
1,3244,245.83200811386132
1,3245,369.09830480570577
1,3246,432.9550760175577
1,3247,270.84438107998295
1,3248,386.69308663933646
1,3249,468.0565575538318
1,3250,308.9181029316001
1,3251,256.28585926610685
1,3252,51.43281465302606
1,3253,319.12091047555714
1,3254,50.71973028470134
1,3255,272.1494550092046
1,3256,279.8323179334508
1,3257,311.74420852320213
1,3258,37.24491765753057
1,3259,340.5636840318152
1,3260,309.2102893618926
1,3261,248.30095010031988
1,3262,329.9891473907369
1,3263,361.92233696014415
1,3264,82.26318553221853
1,3265,60.630536658088914
1,3266,44.92633813358997
1,3267,258.95779963112085
1,3268,252.70847046607986
1,3269,293.0068662911631
1,3270,260.58578646192257
1,3271,368.99038772592036
1,3272,284.1151221534011
1,3273,241.75420886656406
1,3274,354.22853074233285
1,3275,28.68104056663025
1,3276,276.684343606871
1,3277,309.79337618606434
1,3278,348.534872788502
1,3279,298.7449202908423
1,3280,329.1005057389624
1,3281,41.16515550508403
1,3282,262.15367229444183
1,3283,369.1978380441109
1,3284,67.56673547467034
1,3285,262.81354053336486
1,3286,397.6930303264967
1,3287,378.4920550417901
1,3288,374.2505737322783
1,3289,385.75349382271725
1,3290,68.45916871922869
1,3291,344.82098652135335
1,3292,343.7519723348327
1,3293,310.88276902662403
1,3294,70.33338329041042
1,3295,254.9093006370437
1,3296,264.5500707215787
1,3297,336.7983747130208
1,3298,301.16272283636056
1,3299,29.38625483205506
1,3300,325.65534652051986
1,3301,42.13380137944461
1,3302,328.14957407086627
1,3303,344.61865870478385
1,3304,364.3691145189116
1,3305,28.591721196131246
1,3306,21.414622076203226
1,3307,302.4705155638569
1,3308,41.61359241016595
1,3309,286.5158086862537
1,3310,262.3617181796145
1,3311,366.1593928758333
1,3312,189.03033979548943
1,3313,397.9623793854841
1,3314,191.86431617148935
1,3315,276.5281361487892
1,3316,37.53038480864638
1,3317,150.03516395108818
1,3318,324.3734100707318
1,3319,109.45996507559369
1,3320,220.48142266202765
1,3321,265.5472884222041
1,3322,140.3906920213198
1,3323,43.703847949001265
1,3324,329.5326498587872
1,3325,329.7395961635317
1,3326,266.88396772614686
1,3327,146.02717697287343
1,3328,213.78523644519558
1,3329,109.0618540944061
1,3330,218.97754989155777
1,3331,274.8341776381968
1,3332,44.28940064477842
1,3333,298.1844268216697
1,3334,41.12767517072497
1,3335,260.6805372503442
1,3336,42.39074455380871
1,3337,100.66076469460484
1,3338,260.7692790057179
1,3339,299.2069095196454
1,3340,187.784344844861
1,3341,304.1363442822086
1,3342,244.94203189875424
1,3343,69.13801779501408
1,3344,263.0514445265279
1,3345,292.84629121082764
1,3346,75.73448033665679
1,3347,288.13496097488644
1,3348,274.4589411345458
1,3349,343.68133680628273
1,3350,263.74813610291676
1,3351,273.529829469071
1,3352,41.69725127892198
1,3353,430.3029319064722
1,3354,45.532084229396
1,3355,268.7002453157798
1,3356,37.190248623642056
1,3357,247.7767546706342
1,3358,217.7084677614207
1,3359,321.15388778302923
1,3360,41.988439502165306
1,3361,265.0450798051099
1,3362,644.2763256882845
1,3363,524.912142529334
1,3364,373.76435214732805
1,3365,419.14497193048703
1,3366,23.800760190464274
1,3367,486.9507824273553
1,3368,354.4689512594413
1,3369,375.2653101066548
1,3370,318.9684876004907
1,3371,385.3727261192773
1,3372,74.72763816565119
1,3373,51.88939404390847
1,3374,517.3906158927566
1,3375,285.3388263958891
1,3376,370.18674737623326
1,3377,360.31234599595257
1,3378,303.5025057554747
1,3379,310.53982173549423
1,3380,327.679380301425
1,3381,201.87752872990393
1,3382,328.7452909620729
1,3383,242.38135681828126
1,3384,487.43400404643376
1,3385,298.2884763458749
1,3386,285.00077576529014
1,3387,345.850497898142
1,3388,36.032423139924454
1,3389,315.52865099184606
1,3390,310.0603294670017
1,3391,318.4808312875674
1,3392,502.41541414059867
1,3393,209.07164375707254
1,3394,231.0388265214063
1,3395,330.17163079513335
1,3396,20.5052176789728
1,3397,149.40721842445018
1,3398,278.3269388480352
1,3399,344.3799425266046
1,3400,371.3299132580123
1,3401,271.2325083578467
1,3402,314.16907405546596
1,3403,294.3463666758621
1,3404,43.41227377726743
1,3405,39.565421908680904
1,3406,486.5599109898062
1,3407,180.8488744549121
1,3408,295.696790465169
1,3409,388.115247377291
1,3410,28.778553362800327
1,3411,362.68260894810703
1,3412,44.02202371364267
1,3413,136.15917946253316
1,3414,251.76975970706192
1,3415,254.86310958293853
1,3416,266.03208490767975
1,3417,44.48486193759522
1,3418,316.66804276050607
1,3419,74.23371465693748
1,3420,354.88724142445847
1,3421,343.03744179382386
1,3422,51.309194196182816
1,3423,50.81209833470077
1,3424,534.0006175613138
1,3425,310.7238860257361
1,3426,50.20018032964108
1,3427,326.24835767103946
1,3428,305.5616133873234
1,3429,361.77034112506544
1,3430,37.09440473952599
1,3431,293.66414419130047
1,3432,47.83805520340295
1,3433,366.36853648802236
1,3434,158.4665526362021
1,3435,315.12771800999343
1,3436,314.3357208908078
1,3437,311.6121874519215
1,3438,272.84522880633523
1,3439,486.811821961162
1,3440,344.18119677616636
1,3441,419.55518982235077
1,3442,326.43346667760693
1,3443,523.7954088843726
1,3444,28.852269517409926
1,3445,268.9260425603818
1,3446,39.594059746915235
1,3447,335.1650627414111
1,3448,337.57123651149595
1,3449,26.43207225346638
1,3450,274.86659323177236
1,3451,36.40991819960787
1,3452,263.69808557837035
1,3453,146.18185037554485
1,3454,250.58081891762413
1,3455,42.11997777509298
1,3456,324.4736046886538
1,3457,42.02171121519912
1,3458,303.0656727463572
1,3459,29.028951552978313
1,3460,42.7489876411252
1,3461,382.93694875101954
1,3462,190.22167027597266
1,3463,357.3464171169585
1,3464,253.98898620936615
1,3465,270.72520216253093
1,3466,318.4822513714207
1,3467,326.9461552568069
1,3468,433.7424386514142
1,3469,51.65156739752595
1,3470,382.08225873707727
1,3471,51.90771722977851
1,3472,50.45683268483517
1,3473,375.3117667293286
1,3474,74.95755975970569
1,3475,360.66964208993693
1,3476,329.9975290694149
1,3477,53.9862550301582
1,3478,311.8885430091564
1,3479,302.8736714943541
1,3480,43.17799533128275
1,3481,265.3589601017499
1,3482,50.32101084507052
1,3483,376.92685018944803
1,3484,341.21652426374084
1,3485,343.96710757119354
1,3486,360.94529133164156
1,3487,185.73101057908985
1,3488,353.24593872098364
1,3489,335.43187821167123
1,3490,279.3060540086792
1,3491,316.42918487655504
1,3492,323.5597801974873
1,3493,222.13635247161943
1,3494,10.955536701812461
1,3495,170.66430331653697
1,3496,283.89775242458603
1,3497,325.6616959640727
1,3498,45.448962541180265
1,3499,205.83853245207402
1,3500,356.01463212194153
1,3501,29.245785309772057
1,3502,325.03864286125236
1,3503,67.17848213268704
1,3504,330.92190231525626
1,3505,278.16470399307434
1,3506,145.3580879216819
1,3507,42.87874692653655
1,3508,260.0153441065885
1,3509,45.134713713891784
1,3510,326.8921106349993
1,3511,271.346044896416
1,3512,355.08385105318985
1,3513,343.65296302129565
1,3514,105.72926751549147
1,3515,330.6815724961076
1,3516,538.874982349761
1,3517,303.08853063736944
1,3518,268.9844028685934
1,3519,75.02738444859997
1,3520,262.0215332480604
1,3521,309.18766468385115
1,3522,335.09480235262555
1,3523,331.56845959361266
1,3524,42.324292040163684
1,3525,258.7469438895384
1,3526,272.739482985877
1,3527,50.997539578023265
1,3528,291.2183024287093
1,3529,36.64960282047315
1,3530,49.69497004180984
1,3531,324.52668780913916
1,3532,199.54330683785713
1,3533,28.582492925330527
1,3534,40.873908565594945
1,3535,195.99584277309992
1,3536,143.9831619937383
1,3537,35.29796327667068
1,3538,268.427785989294
1,3539,248.3603478020051
1,3540,41.68163581206899
1,3541,312.29330856259025
1,3542,14.699930622702345
1,3543,41.672909994508146
1,3544,299.7792248442455
1,3545,28.583006587657632
1,3546,296.9353166264357
1,3547,386.06684494668536
1,3548,137.60747727028996
1,3549,353.2238985909145
1,3550,41.74408803564529
1,3551,275.65597640208574
1,3552,259.19387934471473
1,3553,411.31425654037923
1,3554,209.0238381059788
1,3555,284.91532700218954
1,3556,354.4763386606326
1,3557,146.42281556729307
1,3558,320.79090773875
1,3559,42.35843039530393
1,3560,465.2128479718655
1,3561,29.501123672952897
1,3562,42.67078741630195
1,3563,328.14050872560665
1,3564,390.0024361592327
1,3565,164.20443855425899
1,3566,288.4888642578857
1,3567,251.69645517167322
1,3568,358.24697175485414
1,3569,42.89226829261996
1,3570,273.14521477273405
1,3571,68.88653886733451
1,3572,332.85873952901306
1,3573,277.62304854753893
1,3574,136.11260547928765
1,3575,315.4380477893786
1,3576,327.97439327075574
1,3577,223.09802520903662
1,3578,300.991400962757
1,3579,194.04218656257916
1,3580,464.50413146899655
1,3581,345.17371597081126
1,3582,461.0884428529886
1,3583,473.558218347689
1,3584,347.0216512477152
1,3585,43.08080616436381
1,3586,334.63700993845123
1,3587,299.12757777900777
1,3588,322.80530364626776
1,3589,400.91953601655393
1,3590,49.109746161766374
1,3591,349.44542053405365
1,3592,300.5045815876882
1,3593,309.82341271442203
1,3594,346.15073364328714
1,3595,362.04430719255083
1,3596,192.35594043191335
1,3597,346.03964131959106
1,3598,342.72887731759096
1,3599,218.91007774474247
1,3600,334.33992810025825
1,3601,264.3137649604669
1,3602,225.4481036534005
1,3603,336.6830556025232
1,3604,59.193910576986845
1,3605,276.24978442994876
1,3606,356.97435770086383
1,3607,224.43141780223743
1,3608,315.6274036619277
1,3609,51.48277319254164
1,3610,30.202740247887753
1,3611,71.11175438218713
1,3612,109.78221803537525
1,3613,292.3985119986087
1,3614,289.7758453686213
1,3615,50.73023972143493
1,3616,277.8173019237918
1,3617,49.76798456325659
1,3618,311.58143665227533
1,3619,240.91349823649375
1,3620,239.45421327805926
1,3621,17.8394993921129
1,3622,296.85610200086956
1,3623,44.916716972804025
1,3624,297.7418649928072
1,3625,41.477261385236375
1,3626,262.0606027901292
1,3627,22.08773629877995
1,3628,276.7111108628693
1,3629,231.86331387766148
1,3630,275.23588584211984
1,3631,268.5752288051053
1,3632,82.28258941299089
1,3633,172.3942320704503
1,3634,39.539205203252756
1,3635,359.1581625214799
1,3636,347.14546656498277
1,3637,12.384276306114709
1,3638,290.72234367893606
1,3639,56.02090139621127
1,3640,47.59889062320263
1,3641,157.17000337185902
1,3642,29.02652799346398
1,3643,200.78036955272842
1,3644,41.16675213348458
1,3645,286.9016762988067
1,3646,44.74243638159659
1,3647,279.0236743805451
1,3648,188.69715502530033
1,3649,344.33811360804737
1,3650,41.93612562803584
1,3651,269.9766204045783
1,3652,195.9113575114744
1,3653,282.49891491450376
1,3654,70.94434702583602
1,3655,269.77888306726834
1,3656,42.50980944535268
1,3657,70.94717180916122
1,3658,294.73144547155596
1,3659,104.28522202152479
1,3660,269.20113159022435
1,3661,136.57893349409122
1,3662,38.46504092031251
1,3663,281.3988058900485
1,3664,291.0042654405127
1,3665,287.5415141601799
1,3666,393.6201925895738
1,3667,259.56187808537686
1,3668,29.736064804580806
1,3669,236.65155127853424
1,3670,297.7608616733411
1,3671,403.375514007163
1,3672,259.6293511688684
1,3673,42.778340038404366
1,3674,262.98989421116676
1,3675,30.053714521780133
1,3676,268.793578814395
1,3677,255.07636500927174
1,3678,24.90756859206304
1,3679,318.7255879593009
1,3680,42.723401760495165
1,3681,275.610354332616
1,3682,829.2334621545031
1,3683,456.16421766352295
1,3684,253.21791078966749
1,3685,451.40303924495987
1,3686,265.2683306172466
1,3687,224.03541507084168
1,3688,338.96036919840435
1,3689,214.7455305415287
1,3690,272.81720226165316
1,3691,51.6151766463568
1,3692,206.89871337169652
1,3693,196.7746755774491
1,3694,389.2224481623093
1,3695,323.2430652032516
1,3696,50.747946115630484
1,3697,335.8109664233832
1,3698,347.2215374390187
1,3699,74.26025367223335
1,3700,334.981190495409
1,3701,349.96310713446815
1,3702,41.235272869955054
1,3703,253.1290390075134
1,3704,341.7208572983257
1,3705,30.229244425447487
1,3706,312.396771132068
1,3707,375.8531989810748
1,3708,373.93530365849466
1,3709,313.6040531322719
1,3710,316.52435312034004
1,3711,50.71291232595682
1,3712,272.23579517559205
1,3713,48.09472918772894
1,3714,348.9354520564697
1,3715,267.4786356989973
1,3716,313.34390580316074
1,3717,315.36794736739637
1,3718,352.5538734573513
1,3719,40.57416908792544
1,3720,260.8694748236277
1,3721,301.9028564707146
1,3722,28.669503414000452
1,3723,295.93864770317805
1,3724,285.4535888731796
1,3725,64.80517963944003
1,3726,267.6410923450616
1,3727,36.22165477029739
1,3728,260.9142025720097
1,3729,200.42876694290158
1,3730,66.51512128338192
1,3731,216.99636172287813
1,3732,40.734114902818696
1,3733,225.60605669084492
1,3734,199.2639077837874
1,3735,297.7996203640372
1,3736,41.32993785607998
1,3737,261.43818632293505
1,3738,308.05138782904464
1,3739,40.06450400118746
1,3740,242.91510398629288
1,3741,365.16630300169874
1,3742,41.04866557093424
1,3743,280.04076177337595
1,3744,276.585553135562
1,3745,351.19783846788494
1,3746,41.05444007952229
1,3747,205.38584688948112
1,3748,262.5793727594065
1,3749,219.75484829624105
1,3750,103.51742275585832
1,3751,215.67066626617412
1,3752,322.62093603555724
1,3753,350.31866067908834
1,3754,45.47627621030254
1,3755,348.3666717758909
1,3756,63.49843322394993
1,3757,145.98329312117278
1,3758,341.21840207446587
1,3759,41.96171417730615
1,3760,314.72536403504614
1,3761,44.142448920142655
1,3762,134.75779808932086
1,3763,115.49767060486568
1,3764,360.0263329689618
1,3765,40.874574002384335
1,3766,139.36151547803104
1,3767,300.05646902121055
1,3768,372.6064863791597
1,3769,306.06340781368203
1,3770,262.26911716826237
1,3771,267.6227405045246
1,3772,369.49456514566134
1,3773,281.2186741987556
1,3774,364.104484673714
1,3775,283.2213526160786
1,3776,313.5471051214339
1,3777,378.1625040731603
1,3778,407.8144987449281
1,3779,38.74256369366906
1,3780,297.86698314789567
1,3781,45.04814762422561
1,3782,362.18189686431464
1,3783,49.04300597532823
1,3784,306.41282741776865
1,3785,184.32847473218962
1,3786,341.52776742277166
1,3787,44.771870004602064
1,3788,189.18265758682685
1,3789,325.64647385225135
1,3790,155.78159437784677
1,3791,293.36876093243524
1,3792,297.79993517669783
1,3793,268.7791883389509
1,3794,19.635655000932616
1,3795,265.71620069602693
1,3796,273.5253547458575
1,3797,344.6616860674132
1,3798,38.04883950280565
1,3799,261.8722454450549
1,3800,294.5723053475954
1,3801,203.791486199615
1,3802,38.385842426027125
1,3803,282.99240978454895
1,3804,290.4357620645899
1,3805,268.7851788107597
1,3806,39.62510782840069
1,3807,398.22592938504295
1,3808,38.45022952177904
1,3809,178.27519642240674
1,3810,332.0900594023691
1,3811,252.55765833826746
1,3812,303.48951177312915
1,3813,43.239439348937196
1,3814,338.23906066668815
1,3815,304.31755376030526
1,3816,29.13243936342824
1,3817,252.192018459736
1,3818,339.2169323021065
1,3819,274.8582388538031
1,3820,326.7564694844942
1,3821,292.9024967387802
1,3822,29.071328628488665
1,3823,281.7318396090242
1,3824,187.55732262585792
1,3825,191.5038292880338
1,3826,210.0580818416368
1,3827,284.4201836086311
1,3828,29.052607333885987
1,3829,311.2345236620107
1,3830,335.06370282308643
1,3831,32.43117940999892
1,3832,276.4693118418522
1,3833,269.45072139386923
1,3834,70.97884299697694
1,3835,317.501223426451
1,3836,331.2240752056136
1,3837,410.590182199154
1,3838,61.99392624000198
1,3839,316.59266513505156
1,3840,146.711989454488
1,3841,323.427196460927
1,3842,50.46997046260254
1,3843,335.48366128799023
1,3844,118.29223988557561
1,3845,39.04724716232715
1,3846,83.91331468550743
1,3847,303.6076252595871
1,3848,49.271086614453566
1,3849,27.1128141286699
1,3850,184.42923309088073
1,3851,281.01594161091384
1,3852,611.6656424017458
1,3853,335.5319170537664
1,3854,36.09318927781576
1,3855,314.5209329341454
1,3856,45.7724695429109
1,3857,218.71906842882657
1,3858,114.8964864132817
1,3859,363.8091733479573
1,3860,43.39903280348041
1,3861,344.43020159895354
1,3862,29.459158041028324
1,3863,300.9734835181058
1,3864,173.61197313661347
1,3865,312.2709210023261
1,3866,43.85379804541175
1,3867,239.67461128731793
1,3868,101.90243604694231
1,3869,292.5914361664122
1,3870,30.416259285778246
1,3871,318.3719463905842
1,3872,149.1802584679897
1,3873,270.08069795832455
1,3874,329.0410237637823
1,3875,331.0003006304579
1,3876,39.05496217042647
1,3877,179.45385044851193
1,3878,322.0613287538521
1,3879,21.915260295639715
1,3880,309.7489931097723
1,3881,304.35067378445535
1,3882,274.17738894375736
1,3883,297.51508560738455
1,3884,44.001579403909595
1,3885,297.23946217901005
1,3886,353.594733192953
1,3887,176.62777480204352
1,3888,337.3457149417683
1,3889,38.76238554555523
1,3890,179.50954312124142
1,3891,319.09742375427555
1,3892,30.393391982540138
1,3893,138.19728572156447
1,3894,320.04731922029055
1,3895,327.36818755235663
1,3896,318.45695339104293
1,3897,298.47871687046063
1,3898,419.11445564740916
1,3899,96.66126534586202
1,3900,282.80409564387907
1,3901,324.26605135813713
1,3902,69.87754794023814
1,3903,310.823210073778
1,3904,50.47884943032302
1,3905,309.1680674698575
1,3906,187.78824670279405
1,3907,342.13656296378394
1,3908,45.42880763844873
1,3909,192.03621408180004
1,3910,321.54398780986685
1,3911,627.0512365749066
1,3912,288.34755898465784
1,3913,279.22917730608657
1,3914,41.34250565714925
1,3915,290.7005790567612
1,3916,71.00223476837854
1,3917,266.9091959953084
1,3918,321.3918204595793
1,3919,152.05127973238342
1,3920,38.913339596448495
1,3921,289.7395161345867
1,3922,257.89385367932437
1,3923,215.1376621574637
1,3924,41.53672208872198
1,3925,261.6964540388509
1,3926,455.261124643833
1,3927,30.53102366786966
1,3928,116.97004189302524
1,3929,189.23713676472994
1,3930,21.810621386311354
1,3931,448.16086925569215
1,3932,514.9887729929246
1,3933,44.61586512990564
1,3934,297.50450545457716
1,3935,298.5338020466876
1,3936,331.68353103928223
1,3937,42.2961702864742
1,3938,180.32207120813237
1,3939,375.3034956596353
1,3940,342.00756652333337
1,3941,319.24577982547055
1,3942,63.03528175084103
1,3943,294.88898083219743
1,3944,292.89555017567295
1,3945,31.066528701207567
1,3946,359.04171120278147
1,3947,202.0864246198684
1,3948,37.3213922617911
1,3949,322.0044081563114
1,3950,237.23442669625769
1,3951,278.73383679887297
1,3952,103.39615776815228
1,3953,190.39366932623858
1,3954,191.37613179132012
1,3955,46.42655929942704
1,3956,428.90008472218864
1,3957,292.2093731156348
1,3958,336.6557626854052
1,3959,322.56744760255674
1,3960,21.865513403340533
1,3961,286.1996597468916
1,3962,30.815977109666832
1,3963,21.865513403340533
1,3964,333.14553852343636
1,3965,238.8705499253856
1,3966,59.46471169046164
1,3967,261.9934921216942
1,3968,237.97687858994408
1,3969,323.3666649467875
1,3970,46.38828141588021
1,3971,21.843288500233843
1,3972,346.89135862478463
1,3973,343.8687362190572
1,3974,276.3570852349009
1,3975,35.225635205546794
1,3976,291.3449578942829
1,3977,39.602398063384754
1,3978,314.5670129482051
1,3979,322.4130790832728
1,3980,257.0056182561614
1,3981,121.72756177474476
1,3982,294.28794423088834
1,3983,103.93761857529256
1,3984,40.37268252895036
1,3985,278.3645648634569
1,3986,40.26720275174832
1,3987,311.45846706327717
1,3988,321.7174355999939
1,3989,294.16929840292863
1,3990,49.995087835149796
1,3991,296.92147114270637
1,3992,262.9346768828516
1,3993,573.4412440902814
1,3994,425.3117787988982
1,3995,74.82019614333505
1,3996,290.3842825538959
1,3997,154.16840559651996
1,3998,331.3182238787999
1,3999,52.835651246937886
1,4000,305.65037399590676
1,4001,329.97054585830847
1,4002,193.57651276600816
1,4003,407.8263942080561
1,4004,329.50428060868614
1,4005,49.04901997787441
1,4006,386.9250654493742
1,4007,325.61103206590286
1,4008,40.253891022999916
1,4009,320.59308860900626
1,4010,369.6251982947542
1,4011,252.56683642198203
1,4012,258.9974219497234
1,4013,146.27857705376442
1,4014,139.15073510415274
1,4015,299.83890922481316
1,4016,144.0264477037736
1,4017,304.7001150177912
1,4018,40.759453144793
1,4019,360.2775132271388
1,4020,31.138891759859316
1,4021,300.5714233962026
1,4022,304.78485862539844
1,4023,66.63635167670523
1,4024,314.67327340720374
1,4025,46.51904850720767
1,4026,294.0610922134127
1,4027,45.411865968404115
1,4028,219.89834964566165
1,4029,280.78563259973237
1,4030,167.23816905221256
1,4031,42.78788532103093
1,4032,317.3343116957178
1,4033,259.30710204985024
1,4034,243.4340791425451
1,4035,436.3185219457881
1,4036,266.8418102547551
1,4037,44.90181927840011
1,4038,351.7759487005966
1,4039,268.3507085534597
1,4040,200.7226279752249
1,4041,219.1943254230658
1,4042,45.14544106840571
1,4043,373.7737666439847
1,4044,315.13175246558126
1,4045,419.10295545200273
1,4046,8.314363356224916
1,4047,347.7475135005719
1,4048,327.8415735374963
1,4049,52.79395530925742
1,4050,172.85724468311867
1,4051,420.32230303053467
1,4052,48.56018711581194
1,4053,338.71268097980186
1,4054,48.251205564279346
1,4055,184.12870793785575
1,4056,48.34062239048666
1,4057,343.8985964299054
1,4058,308.0405716510801
1,4059,66.34873625410658
1,4060,187.27901908775792
1,4061,111.15693209622933
1,4062,247.52206395341562
1,4063,304.60317850172976
1,4064,305.0811343440133
1,4065,163.798397508157
1,4066,319.46200798873986
1,4067,48.324845910806445
1,4068,325.4751529036337
1,4069,325.63450564607115
1,4070,43.22576140646636
1,4071,299.2851581676219
1,4072,181.27118130629236
1,4073,309.5969279452668
1,4074,48.02012607046878
1,4075,319.5351231919105
1,4076,310.35948706422016
1,4077,33.094563467772154
1,4078,42.18919995503458
1,4079,385.0871192382409
1,4080,43.33846557504028
1,4081,181.1502878595978
1,4082,347.9938013662171
1,4083,290.9641801417358
1,4084,538.9704208389991
1,4085,274.98622248031603
1,4086,304.0648146891458
1,4087,375.7823761540419
1,4088,489.42486937296974
1,4089,51.10590450389196
1,4090,29.823411516588955
1,4091,323.2572481013284
1,4092,342.7420565372469
1,4093,41.89232023559629
1,4094,308.846432764262
1,4095,47.54340830066138
1,4096,405.60306454313945
1,4097,309.70699747064185
1,4098,46.76180876389918
1,4099,210.05978779368684
1,4100,39.567893877226695
1,4101,301.0095620999149
1,4102,337.934408483698
1,4103,50.03567252288915
1,4104,315.9259230630118
1,4105,187.28575040470548
1,4106,347.4887899377218
1,4107,40.08493496888858
1,4108,276.2305210790613
1,4109,356.9556024846594
1,4110,321.52517244465076
1,4111,155.45330682702365
1,4112,39.886201044521066
1,4113,240.99788604467932
1,4114,263.01387673575397
1,4115,72.72044387837616
1,4116,376.67220156690746
1,4117,322.0417312862782
1,4118,396.2149973792588
1,4119,47.4824274197686
1,4120,209.04692888373916
1,4121,343.48780624234416
1,4122,307.66688310946535
1,4123,198.69062436562479
1,4124,336.86791501503404
1,4125,37.6562005320284
1,4126,143.75841287650672
1,4127,285.9655296734728
1,4128,46.63269900142547
1,4129,326.65268846451954
1,4130,46.669245207182115
1,4131,373.41723422731263
1,4132,69.12040872051762
1,4133,226.01794221544878
1,4134,129.36654059965835
1,4135,113.73544958130324
1,4136,310.3221259173614
1,4137,5.775613776436164
1,4138,141.35098473729093
1,4139,39.24003482342632
1,4140,234.52256731992765
1,4141,27.60679873191741
1,4142,212.58194269641484
1,4143,39.40750068167458
1,4144,275.28675585026303
1,4145,175.87870862642657
1,4146,43.62325646721598
1,4147,133.26802057408426
1,4148,253.62554581841638
1,4149,192.27086362383625
1,4150,62.92973072561154
1,4151,363.8493022092623
1,4152,43.69409969967139
1,4153,316.7123312771487
1,4154,292.8791185808859
1,4155,35.2507272281518
1,4156,235.39119327408073
1,4157,37.15217946765394
1,4158,81.9506225290674
1,4159,317.51133281973745
1,4160,43.50077846015404
1,4161,28.587426316452586
1,4162,294.08354702611354
1,4163,43.76088799423346
1,4164,254.95901600532497
1,4165,80.01040682539464
1,4166,43.63192738479742
1,4167,305.05811175352915
1,4168,298.5082728613577
1,4169,271.6109149656555
1,4170,252.34981643459594
1,4171,231.0382915477477
1,4172,327.36495387521535
1,4173,41.212546388280536
1,4174,322.5473559974499
1,4175,307.9248780029416
1,4176,45.39173489978403
1,4177,330.9870814854296
1,4178,292.14364476503056
1,4179,328.37324582432785
1,4180,134.30055176853375
1,4181,257.8387914923538
1,4182,165.19864121477517
1,4183,292.84036608654606
1,4184,275.10644661325597
1,4185,79.75263096239856
1,4186,211.72475401415028
1,4187,33.30554407001305
1,4188,274.18876768489326
1,4189,45.465374769473975
1,4190,134.93566421894872
1,4191,258.6293315708602
1,4192,137.78804345676258
1,4193,236.91058811486573
1,4194,55.41454726755171
1,4195,186.53043154371272
1,4196,64.55356806636846
1,4197,267.4281894533292
1,4198,33.424463373278385
1,4199,242.06911352524997
1,4200,48.566704529353416
1,4201,298.7694875434287
1,4202,188.40776182262658
1,4203,50.5995732674638
1,4204,139.88614542942315
1,4205,265.219016631243
1,4206,178.7353387707658
1,4207,70.07631100257751
1,4208,248.0055039213957
1,4209,49.60078815589678
1,4210,275.0216094874471
1,4211,265.77075807325366
1,4212,49.487124704123104
1,4213,112.84891928060506
1,4214,220.54114848730535
1,4215,29.045556777562787
1,4216,292.7132152535622
1,4217,43.32155870996807
1,4218,306.6033708244123
1,4219,337.3213004925856
1,4220,31.28470815262758
1,4221,246.2503628998995
1,4222,276.7887337738755
1,4223,35.369742620040526
1,4224,235.72557011285522
1,4225,37.871906306480774
1,4226,80.88388618727494
1,4227,325.88420177765715
1,4228,43.77716212788051
1,4229,28.634647432123725
1,4230,293.3245945981076
1,4231,43.75193526215808
1,4232,260.1103928438491
1,4233,80.2794069907129
1,4234,43.65366870226421
1,4235,309.97781639780015
1,4236,308.1121481947192
1,4237,43.53628962004125
1,4238,336.4306467393458
1,4239,337.5828936623452
1,4240,31.842579787721725
1,4241,259.1819661986266
1,4242,274.17289710035595
1,4243,309.5621473596973
1,4244,272.2483770516045
1,4245,253.0951776004048
1,4246,231.11140836706437
1,4247,320.2925302421494
1,4248,39.38175271171942
1,4249,322.5437431959094
1,4250,36.18609302496869
1,4251,30.349057243451107
1,4252,275.39678946578067
1,4253,45.58566005902438
1,4254,135.1857955254303
1,4255,258.3313561815112
1,4256,207.75001371008062
1,4257,231.73482990628165
1,4258,80.45979497768606
1,4259,105.98379353424087
1,4260,257.85988057926147
1,4261,119.27447993674818
1,4262,138.08798176944936
1,4263,326.29820748964585
1,4264,45.54618865207058
1,4265,67.28552623329698
1,4266,272.89494254414495
1,4267,431.28569473471
1,4268,263.3376225795995
1,4269,73.59102315788809
1,4270,376.9662883906316
1,4271,87.45801254477428
1,4272,399.75006729267733
1,4273,287.39762801749566
1,4274,409.18560394698966
1,4275,157.61200088289326
1,4276,302.57449834359244
1,4277,42.15916782730941
1,4278,244.08722126008945
1,4279,275.1518819927135
1,4280,29.462971637932686
1,4281,327.1496759614261
1,4282,46.44499051212004
1,4283,133.5821820586675
1,4284,424.9172339747074
1,4285,311.4877946498407
1,4286,232.6890015278835
1,4287,46.50648577907033
1,4288,331.23218724945644
1,4289,175.26646955922212
1,4290,22.8089105915634
1,4291,305.91366971391847
1,4292,326.2164424483178
1,4293,42.32735454561095
1,4294,392.46981478857697
1,4295,31.098518698386663
1,4296,291.4577892438913
1,4297,24.753050599732454
1,4298,319.31934104781624
1,4299,175.7516713245913
1,4300,214.30999537418
1,4301,292.9336059423736
1,4302,138.1771683391949
1,4303,192.17244555257741
1,4304,42.744347232444554
1,4305,324.6723953511971
1,4306,42.73784498738913
1,4307,182.4686801019141
1,4308,52.165506741041874
1,4309,176.19790377186584
1,4310,324.8185781896643
1,4311,42.528702067164886
1,4312,298.49966651486386
1,4313,317.0740466288912
1,4314,23.79573274072959
1,4315,305.6088270369669
1,4316,31.619062941454636
1,4317,42.80462565255666
1,4318,397.03499020701065
1,4319,42.781616829161884
1,4320,23.734622005790015
1,4321,271.6140865348018
1,4322,279.98876428296677
1,4323,39.092543917515336
1,4324,259.5729594821689
1,4325,257.0264267535657
1,4326,272.2995823560219
1,4327,263.06405092628364
1,4328,73.57063312416616
1,4329,376.25050070041345
1,4330,51.28890295973508
1,4331,232.0344481391544
1,4332,365.2990283606704
1,4333,284.7584744715647
1,4334,50.21627334673525
1,4335,368.72796381598937
1,4336,131.1792254322404
1,4337,53.327979530974034
1,4338,160.79641026822847
1,4339,379.9038884487708
1,4340,48.46657345505126
1,4341,276.8704518966638
1,4342,308.24502610223095
1,4343,37.87907656539357
1,4344,127.88230619115167
1,4345,209.06147230953445
1,4346,284.8471127382661
1,4347,42.591342110103426
1,4348,203.64868602879847
1,4349,281.80434722029264
1,4350,31.04788166289204
1,4351,46.824291353211756
1,4352,294.14672841181505
1,4353,292.0674351300215
1,4354,34.904499969644505
1,4355,60.356625538653105
1,4356,136.15093829830792
1,4357,191.75690673315046
1,4358,39.040589318640976
1,4359,129.70269457422933
1,4360,235.3255120853029
1,4361,42.74918406444506
1,4362,28.26753813556037
1,4363,247.43489063702228
1,4364,341.1700459297074
1,4365,221.9837726525132
1,4366,351.3600067510557
1,4367,63.98698513862281
1,4368,228.1971799653462
1,4369,333.807882132534
1,4370,45.22883766051095
1,4371,330.9935998741662
1,4372,39.18840944943282
1,4373,181.50448221524147
1,4374,319.9902198008482
1,4375,138.2463025878884
1,4376,310.42787866741713
1,4377,61.93934300972565
1,4378,305.86187800753765
1,4379,262.0749364898465
1,4380,31.39993015837267
1,4381,170.2819781166035
1,4382,232.43504885988858
1,4383,43.45536610171771
1,4384,334.50887521452046
1,4385,40.87310076871012
1,4386,274.04710936026265
1,4387,232.05408984522012
1,4388,330.0082433248357
1,4389,466.2370965749131
1,4390,45.155598911561256
1,4391,288.45228959681367
1,4392,177.23915661274106
1,4393,316.2583035458065
1,4394,256.5092795973171
1,4395,137.72392380549846
1,4396,290.962052788566
1,4397,40.83920120394991
1,4398,279.86615418794827
1,4399,45.137562069215065
1,4400,337.5380927239546
1,4401,285.7449526737255
1,4402,40.827173940308555
1,4403,307.77268123115533
1,4404,33.421846710615476
1,4405,288.75744232948267
1,4406,40.77829101747138
1,4407,331.3943538636073
1,4408,277.6282844961613
1,4409,33.4123557438186
1,4410,260.4386623123121
1,4411,276.14785875459694
1,4412,346.5313925615292
1,4413,43.72919021104393
1,4414,262.1216127654645
1,4415,40.14512423260966
1,4416,240.64556247714148
1,4417,33.05801920718121
1,4418,246.61456086412164
1,4419,462.9507912443589
1,4420,43.64730103478615
1,4421,288.5079431069214
1,4422,301.1369168146091
1,4423,346.69556153976396
1,4424,39.14936942971902
1,4425,331.1463810908341
1,4426,286.27026593382953
1,4427,60.32379489593134
1,4428,136.4432804639328
1,4429,349.90423047984524
1,4430,388.6451202324139
1,4431,74.21566074414525
1,4432,372.35136841112626
1,4433,22.258935342008243
1,4434,427.6331462506192
1,4435,31.595074016508256
1,4436,371.5733073002283
1,4437,262.69286030856455
1,4438,254.83774714138417
1,4439,351.02810721891126
1,4440,240.14553485465967
1,4441,27.030803787034184
1,4442,243.22148573505524
1,4443,271.67807460778477
1,4444,50.51003396816867
1,4445,272.79207457730024
1,4446,150.63383673817003
1,4447,151.19749461027249
1,4448,297.7429853159895
1,4449,386.48487220009815
1,4450,50.35841821349059
1,4451,148.1124715428213
1,4452,274.51328131510354
1,4453,215.60268001266914
1,4454,260.02679690975265
1,4455,25.877976652225964
1,4456,247.7044958050924
1,4457,134.48059760622144
1,4458,40.00514728448569
1,4459,34.97152668931404
1,4460,294.58037460426124
1,4461,40.02992137992911
1,4462,227.26917616986773
1,4463,363.8595729203586
1,4464,18.724340195528033
1,4465,277.01297491170374
1,4466,41.726380489449426
1,4467,328.97125589734173
1,4468,63.13377849832533
1,4469,268.51764542574523
1,4470,40.01412608222235
1,4471,327.21574761189356
1,4472,134.33885843410684
1,4473,229.83533507744733
1,4474,304.06260276379066
1,4475,32.64997771313956
1,4476,230.17890470707593
1,4477,278.10699325988236
1,4478,59.87028928931519
1,4479,225.76192612663453
1,4480,103.63145266704036
1,4481,279.62599838385484
1,4482,259.1860035499551
1,4483,42.39791066263827
1,4484,256.9723886616016
1,4485,196.15631432248014
1,4486,218.82431457635954
1,4487,265.45791633973766
1,4488,69.0180554917355
1,4489,350.6673192964474
1,4490,43.26683780944065
1,4491,217.03280289312903
1,4492,42.63213141663992
1,4493,308.6099960158016
1,4494,234.8304123526254
1,4495,276.8670954167186
1,4496,27.08666722926944
1,4497,268.98254215508217
1,4498,129.0888429913671
1,4499,337.63424124188595
1,4500,40.719072186776536
1,4501,371.36045119638715
1,4502,32.64637151081404
1,4503,326.87267121083335
1,4504,305.57734804124266
1,4505,351.9563228543302
1,4506,226.91469212911952
1,4507,76.81053943079499
1,4508,42.13945754837739
1,4509,280.92806045633506
1,4510,42.95136092148776
1,4511,439.75432960505304
1,4512,190.50931557628826
1,4513,262.03507985780766
1,4514,42.61735246510733
1,4515,273.3867595077319
1,4516,104.93607380197051
1,4517,148.52198825818286
1,4518,275.08657252334365
1,4519,230.52823502445278
1,4520,418.4369174684706
1,4521,26.54831286873234
1,4522,113.51710463975738
1,4523,328.0570963702566
1,4524,332.9647971710675
1,4525,439.78358489893833
1,4526,373.78633687414276
1,4527,423.856825709287
1,4528,342.63418433121967
1,4529,37.94784164934032
1,4530,322.82226478826885
1,4531,51.52825714175681
1,4532,327.5364759492235
1,4533,196.53452614208823
1,4534,311.6255568996823
1,4535,74.49830154711455
1,4536,212.7764347524822
1,4537,254.53212722634123
1,4538,37.130171814825026
1,4539,251.12523905415725
1,4540,327.1480806618109
1,4541,53.0230221834708
1,4542,319.97064779481315
1,4543,48.78559448193745
1,4544,146.22220192110126
1,4545,317.3497149321745
1,4546,371.83865427768785
1,4547,318.1538448234706
1,4548,171.32919365774552
1,4549,41.51212235624109
1,4550,103.5609322747413
1,4551,41.42899237662719
1,4552,234.4789347300556
1,4553,278.7258759933467
1,4554,298.6369759294299
1,4555,137.404145353122
1,4556,343.4989448819981
1,4557,37.08788040712933
1,4558,230.08453600602087
1,4559,149.00463334957527
1,4560,299.5312886648395
1,4561,41.47119151231213
1,4562,268.1198895694985
1,4563,44.086843521132764
1,4564,197.98784007235128
1,4565,27.84078273020142
1,4566,282.85664645430353
1,4567,293.1059221473259
1,4568,369.61653820136854
1,4569,376.03358043774995
1,4570,341.3054863722133
1,4571,236.75173609674943
1,4572,91.84452122148522
1,4573,278.2178884637344
1,4574,366.11451843413295
1,4575,338.7041977081361
1,4576,42.184815517159905
1,4577,355.85881618713836
1,4578,22.932617090731327
1,4579,303.4147855504151
1,4580,240.96132786271676
1,4581,29.27032802218162
1,4582,252.54716640731306
1,4583,412.4627671166575
1,4584,192.1893767138804
1,4585,320.76167227300505
1,4586,353.2282412635701
1,4587,323.00004438981443
1,4588,331.08100208857877
1,4589,155.35500478945644
1,4590,164.75171453498064
1,4591,363.97402418614143
1,4592,220.50255319483145
1,4593,295.87632207685556
1,4594,260.28990889296017
1,4595,128.63155112588868
1,4596,326.4277366532033
1,4597,38.011380364934624
1,4598,307.52074209881226
1,4599,276.464438442334
1,4600,278.1009637745814
1,4601,354.22245534169224
1,4602,340.04032305362637
1,4603,50.934077170382494
1,4604,272.44372898039524
1,4605,78.99753463194389
1,4606,317.01640139526796
1,4607,49.72160620410891
1,4608,291.9535567602623
1,4609,74.2655870726328
1,4610,317.93487452990996
1,4611,261.44440688637314
1,4612,54.56821139953429
1,4613,374.0966828623304
1,4614,282.1975242256686
1,4615,302.97088078867944
1,4616,324.1559221599824
1,4617,343.6361173486086
1,4618,45.07309087110866
1,4619,278.8512447634353
1,4620,39.449356744327446
1,4621,275.69615957205446
1,4622,342.21518909600184
1,4623,41.426768436802405
1,4624,178.69521916344107
1,4625,266.1391202027353
1,4626,47.65966323510503
1,4627,208.56563337346273
1,4628,41.480439495242294
1,4629,428.0318793125988
1,4630,41.40199766054057
1,4631,300.01342844186433
1,4632,67.79139920910637
1,4633,369.2234474500453
1,4634,45.813258485171296
1,4635,179.1113036210889
1,4636,365.88915658859
1,4637,353.3993311019572
1,4638,44.69670283490896
1,4639,42.886865811182325
1,4640,322.34505985766503
1,4641,42.349627167155674
1,4642,275.3085310072312
1,4643,42.326619297435215
1,4644,107.67741873100883
1,4645,403.17727359014395
1,4646,46.500993264546295
1,4647,418.69480490612557
1,4648,45.765946027662956
1,4649,309.29586763299665
1,4650,136.10769442529025
1,4651,279.25575244167885
1,4652,269.87400931233645
1,4653,276.57192447598993
1,4654,103.68656632224193
1,4655,214.88448033908452
1,4656,320.91999621035325
1,4657,41.85043504245965
1,4658,304.4213423650332
1,4659,246.80927706703912
1,4660,335.7411164963372
1,4661,134.92835270635535
1,4662,63.37585102959776
1,4663,351.57132241875
1,4664,267.77583758331457
1,4665,26.508368131445426
1,4666,196.03656107665455
1,4667,243.18847070215656
1,4668,306.3632001109454
1,4669,145.30791524742025
1,4670,29.13631024678311
1,4671,342.54601062908444
1,4672,134.7868237518669
1,4673,277.9234827391728
1,4674,269.0078642308399
1,4675,274.83492811651433
1,4676,209.1835828702574
1,4677,333.668445413059
1,4678,104.46310654439566
1,4679,180.86213809043076
1,4680,42.103022875073464
1,4681,249.05821378206946
1,4682,42.055107631081924
1,4683,317.7594643942398
1,4684,29.116259499109393
1,4685,42.018860377663955
1,4686,283.5220515340951
1,4687,288.85734434647964
1,4688,264.11839295752054
1,4689,356.7246737088293
1,4690,129.6801927260079
1,4691,302.15059966115916
1,4692,37.05323296288754
1,4693,335.7370511886771
1,4694,72.25884176367725
1,4695,251.32083099619848
1,4696,265.12796019798424
1,4697,308.46719846446246
1,4698,245.83200811386132
1,4699,369.09830480570577
1,4700,432.9550760175577
1,4701,270.84438107998295
1,4702,386.69308663933646
1,4703,468.0565575538318
1,4704,308.9181029316001
1,4705,256.28585926610685
1,4706,51.43281465302606
1,4707,319.12091047555714
1,4708,50.71973028470134
1,4709,272.1494550092046
1,4710,279.8323179334508
1,4711,311.74420852320213
1,4712,37.24491765753057
1,4713,340.5636840318152
1,4714,309.2102893618926
1,4715,248.30095010031988
1,4716,329.9891473907369
1,4717,361.92233696014415
1,4718,82.26318553221853
1,4719,60.630536658088914
1,4720,44.92633813358997
1,4721,258.95779963112085
1,4722,252.70847046607986
1,4723,293.0068662911631
1,4724,260.58578646192257
1,4725,368.99038772592036
1,4726,284.1151221534011
1,4727,241.75420886656406
1,4728,354.22853074233285
1,4729,28.68104056663025
1,4730,276.684343606871
1,4731,309.79337618606434
1,4732,348.534872788502
1,4733,298.7449202908423
1,4734,329.1005057389624
1,4735,41.16515550508403
1,4736,262.15367229444183
1,4737,369.1978380441109
1,4738,67.56673547467034
1,4739,262.81354053336486
1,4740,397.6930303264967
1,4741,378.4920550417901
1,4742,374.2505737322783
1,4743,385.75349382271725
1,4744,68.45916871922869
1,4745,344.82098652135335
1,4746,343.7519723348327
1,4747,310.88276902662403
1,4748,70.33338329041042
1,4749,254.9093006370437
1,4750,264.5500707215787
1,4751,336.7983747130208
1,4752,301.16272283636056
1,4753,29.38625483205506
1,4754,325.65534652051986
1,4755,42.13380137944461
1,4756,328.14957407086627
1,4757,344.61865870478385
1,4758,364.3691145189116
1,4759,28.591721196131246
1,4760,21.414622076203226
1,4761,302.4705155638569
1,4762,41.61359241016595
1,4763,286.5158086862537
1,4764,262.3617181796145
1,4765,366.1593928758333
1,4766,189.03033979548943
1,4767,397.9623793854841
1,4768,191.86431617148935
1,4769,276.5281361487892
1,4770,37.53038480864638
1,4771,150.03516395108818
1,4772,324.3734100707318
1,4773,109.45996507559369
1,4774,220.48142266202765
1,4775,265.5472884222041
1,4776,140.3906920213198
1,4777,43.703847949001265
1,4778,329.5326498587872
1,4779,329.7395961635317
1,4780,266.88396772614686
1,4781,146.02717697287343
1,4782,213.78523644519558
1,4783,109.0618540944061
1,4784,218.97754989155777
1,4785,274.8341776381968
1,4786,44.28940064477842
1,4787,298.1844268216697
1,4788,41.12767517072497
1,4789,260.6805372503442
1,4790,42.39074455380871
1,4791,100.66076469460484
1,4792,260.7692790057179
1,4793,299.2069095196454
1,4794,187.784344844861
1,4795,304.1363442822086
1,4796,244.94203189875424
1,4797,69.13801779501408
1,4798,263.0514445265279
1,4799,292.84629121082764
1,4800,75.73448033665679
1,4801,288.13496097488644
1,4802,274.4589411345458
1,4803,343.68133680628273
1,4804,263.74813610291676
1,4805,273.529829469071
1,4806,41.69725127892198
1,4807,430.3029319064722
1,4808,45.532084229396
1,4809,268.7002453157798
1,4810,37.190248623642056
1,4811,247.7767546706342
1,4812,217.7084677614207
1,4813,321.15388778302923
1,4814,41.988439502165306
1,4815,265.0450798051099
1,4816,644.2763256882845
1,4817,524.912142529334
1,4818,373.76435214732805
1,4819,419.14497193048703
1,4820,23.800760190464274
1,4821,486.9507824273553
1,4822,354.4689512594413
1,4823,375.2653101066548
1,4824,318.9684876004907
1,4825,385.3727261192773
1,4826,74.72763816565119
1,4827,51.88939404390847
1,4828,517.3906158927566
1,4829,285.3388263958891
1,4830,370.18674737623326
1,4831,360.31234599595257
1,4832,303.5025057554747
1,4833,310.53982173549423
1,4834,327.679380301425
1,4835,201.87752872990393
1,4836,328.7452909620729
1,4837,242.38135681828126
1,4838,487.43400404643376
1,4839,298.2884763458749
1,4840,285.00077576529014
1,4841,345.850497898142
1,4842,36.032423139924454
1,4843,315.52865099184606
1,4844,310.0603294670017
1,4845,318.4808312875674
1,4846,502.41541414059867
1,4847,209.07164375707254
1,4848,231.0388265214063
1,4849,330.17163079513335
1,4850,20.5052176789728
1,4851,149.40721842445018
1,4852,278.3269388480352
1,4853,344.3799425266046
1,4854,371.3299132580123
1,4855,271.2325083578467
1,4856,314.16907405546596
1,4857,294.3463666758621
1,4858,43.41227377726743
1,4859,39.565421908680904
1,4860,486.5599109898062
1,4861,180.8488744549121
1,4862,295.696790465169
1,4863,388.115247377291
1,4864,28.778553362800327
1,4865,362.68260894810703
1,4866,44.02202371364267
1,4867,136.15917946253316
1,4868,251.76975970706192
1,4869,254.86310958293853
1,4870,266.03208490767975
1,4871,44.48486193759522
1,4872,316.66804276050607
1,4873,74.23371465693748
1,4874,354.88724142445847
1,4875,343.03744179382386
1,4876,51.309194196182816
1,4877,50.81209833470077
1,4878,534.0006175613138
1,4879,310.7238860257361
1,4880,50.20018032964108
1,4881,326.24835767103946
1,4882,305.5616133873234
1,4883,361.77034112506544
1,4884,37.09440473952599
1,4885,293.66414419130047
1,4886,47.83805520340295
1,4887,366.36853648802236
1,4888,158.4665526362021
1,4889,315.12771800999343
1,4890,314.3357208908078
1,4891,311.6121874519215
1,4892,272.84522880633523
1,4893,486.811821961162
1,4894,344.18119677616636
1,4895,419.55518982235077
1,4896,326.43346667760693
1,4897,523.7954088843726
1,4898,28.852269517409926
1,4899,268.9260425603818
1,4900,39.594059746915235
1,4901,335.1650627414111
1,4902,337.57123651149595
1,4903,26.43207225346638
1,4904,274.86659323177236
1,4905,36.40991819960787
1,4906,263.69808557837035
1,4907,146.18185037554485
1,4908,250.58081891762413
1,4909,42.11997777509298
1,4910,324.4736046886538
1,4911,42.02171121519912
1,4912,303.0656727463572
1,4913,29.028951552978313
1,4914,42.7489876411252
1,4915,382.93694875101954
1,4916,190.22167027597266
1,4917,357.3464171169585
1,4918,253.98898620936615
1,4919,270.72520216253093
1,4920,318.4822513714207
1,4921,326.9461552568069
1,4922,433.7424386514142
1,4923,51.65156739752595
1,4924,382.08225873707727
1,4925,51.90771722977851
1,4926,50.45683268483517
1,4927,375.3117667293286
1,4928,74.95755975970569
1,4929,360.66964208993693
1,4930,329.9975290694149
1,4931,53.9862550301582
1,4932,311.8885430091564
1,4933,302.8736714943541
1,4934,43.17799533128275
1,4935,265.3589601017499
1,4936,50.32101084507052
1,4937,376.92685018944803
1,4938,341.21652426374084
1,4939,343.96710757119354
1,4940,360.94529133164156
1,4941,185.73101057908985
1,4942,353.24593872098364
1,4943,335.43187821167123
1,4944,279.3060540086792
1,4945,316.42918487655504
1,4946,323.5597801974873
1,4947,222.13635247161943
1,4948,10.955536701812461
1,4949,170.66430331653697
1,4950,283.89775242458603
1,4951,325.6616959640727
1,4952,45.448962541180265
1,4953,205.83853245207402
1,4954,356.01463212194153
1,4955,29.245785309772057
1,4956,325.03864286125236
1,4957,67.17848213268704
1,4958,330.92190231525626
1,4959,278.16470399307434
1,4960,145.3580879216819
1,4961,42.87874692653655
1,4962,260.0153441065885
1,4963,45.134713713891784
1,4964,326.8921106349993
1,4965,271.346044896416
1,4966,355.08385105318985
1,4967,343.65296302129565
1,4968,105.72926751549147
1,4969,330.6815724961076
1,4970,538.874982349761
1,4971,303.08853063736944
1,4972,268.9844028685934
1,4973,75.02738444859997
1,4974,262.0215332480604
1,4975,309.18766468385115
1,4976,335.09480235262555
1,4977,331.56845959361266
1,4978,42.324292040163684
1,4979,258.7469438895384
1,4980,272.739482985877
1,4981,50.997539578023265
1,4982,291.2183024287093
1,4983,36.64960282047315
1,4984,49.69497004180984
1,4985,324.52668780913916
1,4986,199.54330683785713
1,4987,28.582492925330527
1,4988,40.873908565594945
1,4989,195.99584277309992
1,4990,143.9831619937383
1,4991,35.29796327667068
1,4992,268.427785989294
1,4993,248.3603478020051
1,4994,41.68163581206899
1,4995,312.29330856259025
1,4996,14.699930622702345
1,4997,41.672909994508146
1,4998,299.7792248442455
1,4999,28.583006587657632
1,5000,296.9353166264357
1,5001,386.06684494668536
1,5002,137.60747727028996
1,5003,353.2238985909145
1,5004,41.74408803564529
1,5005,275.65597640208574
1,5006,259.19387934471473
1,5007,411.31425654037923
1,5008,209.0238381059788
1,5009,284.91532700218954
1,5010,354.4763386606326
1,5011,146.42281556729307
1,5012,320.79090773875
1,5013,42.35843039530393
1,5014,465.2128479718655
1,5015,29.501123672952897
1,5016,42.67078741630195
1,5017,328.14050872560665
1,5018,390.0024361592327
1,5019,164.20443855425899
1,5020,288.4888642578857
1,5021,251.69645517167322
1,5022,358.24697175485414
1,5023,42.89226829261996
1,5024,273.14521477273405
1,5025,68.88653886733451
1,5026,332.85873952901306
1,5027,277.62304854753893
1,5028,136.11260547928765
1,5029,315.4380477893786
1,5030,327.97439327075574
1,5031,223.09802520903662
1,5032,300.991400962757
1,5033,194.04218656257916
1,5034,464.50413146899655
1,5035,345.17371597081126
1,5036,461.0884428529886
1,5037,473.558218347689
1,5038,347.0216512477152
1,5039,43.08080616436381
1,5040,334.63700993845123
1,5041,299.12757777900777
1,5042,322.80530364626776
1,5043,400.91953601655393
1,5044,49.109746161766374
1,5045,349.44542053405365
1,5046,300.5045815876882
1,5047,309.82341271442203
1,5048,346.15073364328714
1,5049,362.04430719255083
1,5050,192.35594043191335
1,5051,346.03964131959106
1,5052,342.72887731759096
1,5053,218.91007774474247
1,5054,334.33992810025825
1,5055,264.3137649604669
1,5056,225.4481036534005
1,5057,336.6830556025232
1,5058,59.193910576986845
1,5059,276.24978442994876
1,5060,356.97435770086383
1,5061,224.43141780223743
1,5062,315.6274036619277
1,5063,51.48277319254164
1,5064,30.202740247887753
1,5065,71.11175438218713
1,5066,109.78221803537525
1,5067,292.3985119986087
1,5068,289.7758453686213
1,5069,50.73023972143493
1,5070,277.8173019237918
1,5071,49.76798456325659
1,5072,311.58143665227533
1,5073,240.91349823649375
1,5074,239.45421327805926
1,5075,17.8394993921129
1,5076,296.85610200086956
1,5077,44.916716972804025
1,5078,297.7418649928072
1,5079,41.477261385236375
1,5080,262.0606027901292
1,5081,22.08773629877995
1,5082,276.7111108628693
1,5083,231.86331387766148
1,5084,275.23588584211984
1,5085,268.5752288051053
1,5086,82.28258941299089
1,5087,172.3942320704503
1,5088,39.539205203252756
1,5089,359.1581625214799
1,5090,347.14546656498277
1,5091,12.384276306114709
1,5092,290.72234367893606
1,5093,56.02090139621127
1,5094,47.59889062320263
1,5095,157.17000337185902
1,5096,29.02652799346398
1,5097,200.78036955272842
1,5098,41.16675213348458
1,5099,286.9016762988067
1,5100,44.74243638159659
1,5101,279.0236743805451
1,5102,188.69715502530033
1,5103,344.33811360804737
1,5104,41.93612562803584
1,5105,269.9766204045783
1,5106,195.9113575114744
1,5107,282.49891491450376
1,5108,70.94434702583602
1,5109,269.77888306726834
1,5110,42.50980944535268
1,5111,70.94717180916122
1,5112,294.73144547155596
1,5113,104.28522202152479
1,5114,269.20113159022435
1,5115,136.57893349409122
1,5116,38.46504092031251
1,5117,281.3988058900485
1,5118,291.0042654405127
1,5119,287.5415141601799
1,5120,393.6201925895738
1,5121,259.56187808537686
1,5122,29.736064804580806
1,5123,236.65155127853424
1,5124,297.7608616733411
1,5125,403.375514007163
1,5126,259.6293511688684
1,5127,42.778340038404366
1,5128,262.98989421116676
1,5129,30.053714521780133
1,5130,268.793578814395
1,5131,255.07636500927174
1,5132,24.90756859206304
1,5133,318.7255879593009
1,5134,42.723401760495165
1,5135,275.610354332616
1,5136,829.2334621545031
1,5137,456.16421766352295
1,5138,253.21791078966749
1,5139,451.40303924495987
1,5140,265.2683306172466
1,5141,224.03541507084168
1,5142,338.96036919840435
1,5143,214.7455305415287
1,5144,272.81720226165316
1,5145,51.6151766463568
1,5146,206.89871337169652
1,5147,196.7746755774491
1,5148,389.2224481623093
1,5149,323.2430652032516
1,5150,50.747946115630484
1,5151,335.8109664233832
1,5152,347.2215374390187
1,5153,74.26025367223335
1,5154,334.981190495409
1,5155,349.96310713446815
1,5156,41.235272869955054
1,5157,253.1290390075134
1,5158,341.7208572983257
1,5159,30.229244425447487
1,5160,312.396771132068
1,5161,375.8531989810748
1,5162,373.93530365849466
1,5163,313.6040531322719
1,5164,316.52435312034004
1,5165,50.71291232595682
1,5166,272.23579517559205
1,5167,48.09472918772894
1,5168,348.9354520564697
1,5169,267.4786356989973
1,5170,313.34390580316074
1,5171,315.36794736739637
1,5172,352.5538734573513
1,5173,40.57416908792544
1,5174,260.8694748236277
1,5175,301.9028564707146
1,5176,28.669503414000452
1,5177,295.93864770317805
1,5178,285.4535888731796
1,5179,64.80517963944003
1,5180,267.6410923450616
1,5181,36.22165477029739
1,5182,260.9142025720097
1,5183,200.42876694290158
1,5184,66.51512128338192
1,5185,216.99636172287813
1,5186,40.734114902818696
1,5187,225.60605669084492
1,5188,199.2639077837874
1,5189,297.7996203640372
1,5190,41.32993785607998
1,5191,261.43818632293505
1,5192,308.05138782904464
1,5193,40.06450400118746
1,5194,242.91510398629288
1,5195,365.16630300169874
1,5196,41.04866557093424
1,5197,280.04076177337595
1,5198,276.585553135562
1,5199,351.19783846788494
1,5200,41.05444007952229
1,5201,205.38584688948112
1,5202,262.5793727594065
1,5203,219.75484829624105
1,5204,103.51742275585832
1,5205,215.67066626617412
1,5206,322.62093603555724
1,5207,350.31866067908834
1,5208,45.47627621030254
1,5209,348.3666717758909
1,5210,63.49843322394993
1,5211,145.98329312117278
1,5212,341.21840207446587
1,5213,41.96171417730615
1,5214,314.72536403504614
1,5215,44.142448920142655
1,5216,134.75779808932086
1,5217,115.49767060486568
1,5218,360.0263329689618
1,5219,40.874574002384335
1,5220,139.36151547803104
1,5221,300.05646902121055
1,5222,372.6064863791597
1,5223,306.06340781368203
1,5224,594.8543855794305
1,5225,87.9568022978307
1,5226,283.40329489701753
1,5227,316.18091086695995
1,5228,330.79394135853533
1,5229,86.13174838545211
1,5230,277.4764894987512
1,5231,323.24432529329107
1,5232,159.23309041277048
1,5233,388.513831953043
1,5234,292.0291111958613
1,5235,206.32635712178472
1,5236,324.9820648918261
1,5237,36.96497146735998
1,5238,270.63036542481433
1,5239,90.60274393939329
1,5240,44.68745506984047
1,5241,206.70767082560008
1,5242,139.7464536299645
1,5243,238.6704136632706
1,5244,301.99786437196315
1,5245,323.7828946976467
1,5246,298.64873295564144
1,5247,77.45547040744341
1,5248,399.77056042290883
1,5249,41.97586763585406
1,5250,210.37607141555384
1,5251,26.7494760257923
1,5252,36.89088251171292
1,5253,231.1362267682039
1,5254,228.48535244975287
1,5255,39.23818859014956
1,5256,268.63412565879923
1,5257,77.86724065038922
1,5258,227.42023117726745
1,5259,403.61447376079485
1,5260,272.50049552373605
1,5261,139.1206818330842
1,5262,60.26260246146725
1,5263,353.1632614374128
1,5264,238.64658804413085
1,5265,306.7409257601754
1,5266,34.1166151336833
1,5267,377.949062118258
1,5268,254.64354437530028
1,5269,217.56515292033058
1,5270,168.54271718610764
1,5271,212.14811408837812
1,5272,275.71628340518413
1,5273,255.05899859186047
1,5274,137.20185113291313
1,5275,275.07645782550765
1,5276,270.6717549596734
1,5277,27.14024387949356
1,5278,154.02279517060836
1,5279,218.68539810637216
1,5280,241.80224209228362
1,5281,315.68882645087837
1,5282,172.209842678156
1,5283,57.33158076217208
1,5284,260.3014939832768
1,5285,30.994828430521434
1,5286,55.7687144163186
1,5287,241.68655330760373
1,5288,36.990441276538014
1,5289,246.74118508471562
1,5290,252.4088561664754
1,5291,23.985128344324515
1,5292,175.282014250572
1,5293,319.51740871602044
1,5294,44.97646773515743
1,5295,207.51920959331127
1,5296,57.905354004679644
1,5297,238.64049832397467
1,5298,56.999055869757925
1,5299,370.6177404400438
1,5300,199.68272661363926
1,5301,45.36353751531484
1,5302,266.13210443842496
1,5303,263.0108995093035
1,5304,35.346031991594515
1,5305,26.43964439014791
1,5306,233.48458816077658
1,5307,162.26258096364674
1,5308,263.66800283974777
1,5309,244.12417457609712
1,5310,217.89038547910556
1,5311,312.4668186641124
1,5312,170.18255543456084
1,5313,18.607398091778677
1,5314,177.5693191735233
1,5315,253.3224256488178
1,5316,337.2568126820404
1,5317,172.19905302297607
1,5318,299.1684036812634
1,5319,240.24617394698794
1,5320,40.33847736154255
1,5321,110.97786435365109
1,5322,28.04172442043384
1,5323,78.70165330148826
1,5324,352.4158732202104
1,5325,377.44597255797873
1,5326,223.69966811341072
1,5327,40.75282313967043
1,5328,124.98372434042548
1,5329,26.431395118887796
1,5330,356.50763002163546
1,5331,42.98811558927804
1,5332,174.82455686679975
1,5333,231.08730051783982
1,5334,278.37671358628154
1,5335,172.5286775547222
1,5336,318.49505382166285
1,5337,310.74938201095847
1,5338,42.94377006367749
1,5339,20.129559097994893
1,5340,306.1072638026569
1,5341,43.127346619403134
1,5342,34.23127844020239
1,5343,236.2339029389123
1,5344,31.394543791694176
1,5345,378.40662153838235
1,5346,31.39736905185653
1,5347,296.10520556036374
1,5348,246.78267826149312
1,5349,248.13335881452076
1,5350,102.23187424811688
1,5351,281.8645986388543
1,5352,4.939991356153819
1,5353,328.468124089889
1,5354,102.02373180371801
1,5355,198.92722298281143
1,5356,151.4211493813978
1,5357,78.94586863898445
1,5358,331.5236359627998
1,5359,28.326676193300962
1,5360,125.62739051973738
1,5361,293.59973779062256
1,5362,102.00756416303197
1,5363,385.3005355043965
1,5364,37.80818035492768
1,5365,248.91737921151105
1,5366,253.67819031056135
1,5367,159.7439733831502
1,5368,215.5587733298043
1,5369,352.314542635179
1,5370,245.92032421998354
1,5371,87.01180830496806
1,5372,268.2954540583123
1,5373,259.52274878570427
1,5374,46.00495124091792
1,5375,194.70046202406354
1,5376,36.06520092701552
1,5377,291.9761127981475
1,5378,291.29922121474175
1,5379,127.27597192233304
1,5380,431.32995575675966
1,5381,146.77099149812955
1,5382,325.79045045357105
1,5383,337.7465800538838
1,5384,346.0687277640026
1,5385,256.12021612890635
1,5386,43.07839775167272
1,5387,106.59295321950003
1,5388,239.41841928077002
1,5389,233.76278081698678
1,5390,77.44504239456224
1,5391,245.66295412657482
1,5392,116.81118389008448
1,5393,285.2054886311382
1,5394,258.04249357644335
1,5395,201.85058215849023
1,5396,58.411677989346
1,5397,28.599938918874557
1,5398,383.21129319887086
1,5399,271.9767461978239
1,5400,28.94952281911134
1,5401,282.73514809192176
1,5402,78.37813696926237
1,5403,352.36997135454794
1,5404,311.8471941356446
1,5405,43.43011797566666
1,5406,251.78802597601202
1,5407,151.4567170484426
1,5408,273.95548489782686
1,5409,29.0666859413482
1,5410,240.18047269063837
1,5411,26.589315699171383
1,5412,463.6703561197789
1,5413,43.23679721298649
1,5414,195.4680369725083
1,5415,193.1495444032273
1,5416,131.9236816032571
1,5417,240.5637774769319
1,5418,303.67011747877376
1,5419,29.00863936198724
1,5420,349.6923723832001
1,5421,157.71205728676017
1,5422,326.8123385704519
1,5423,258.4218926539047
1,5424,126.59470164039655
1,5425,160.17581676436055
1,5426,102.07686693178466
1,5427,306.9623087099809
1,5428,392.91790738988067
1,5429,43.42511889274063
1,5430,315.4491681040586
1,5431,30.82170192520848
1,5432,78.61089058138029
1,5433,322.00884195589094
1,5434,118.66876789283523
1,5435,113.07666514954968
1,5436,102.44039223105904
1,5437,163.71386151429914
1,5438,233.6822059555453
1,5439,20.019431270026764
1,5440,276.1246236879665
1,5441,78.58866520143644
1,5442,396.7458338515757
1,5443,28.856595651611062
1,5444,73.77837374253387
1,5445,120.27666395967827
1,5446,28.813783342634967
1,5447,117.06307742532312
1,5448,34.155409727897904
1,5449,77.99155911098518
1,5450,270.7559571558456
1,5451,27.803054615092687
1,5452,277.9591446997871
1,5453,353.675678649862
1,5454,118.06177290266035
1,5455,49.71635757313547
1,5456,262.2616138284649
1,5457,250.33231549672422
1,5458,43.1563846472278
1,5459,282.34535472077596
1,5460,20.081288658387273
1,5461,315.015435446296
1,5462,32.074079947973324
1,5463,115.47684922940343
1,5464,404.0241751432553
1,5465,356.29513303331316
1,5466,42.38293136354026
1,5467,183.53667883177786
1,5468,106.63752971698091
1,5469,281.7342395593166
1,5470,37.03217240369615
1,5471,264.1014771907437
1,5472,42.4776197790676
1,5473,277.30081656279174
1,5474,27.99793057309511
1,5475,203.05057252534982
1,5476,225.8429945549803
1,5477,374.46699761094044
1,5478,357.3945472231485
1,5479,43.3099038429076
1,5480,278.6445439965988
1,5481,254.09385227270815
1,5482,269.6183187445366
1,5483,354.18749368081325
1,5484,140.89351333087671
1,5485,323.95029344384835
1,5486,46.32527727008142
1,5487,384.3141845268873
1,5488,54.61656720577962
1,5489,321.37127962556474
1,5490,33.6156086868387
1,5491,250.04349754212228
1,5492,36.541524278376976
1,5493,87.13340433824726
1,5494,260.56370947289975
1,5495,49.51405084244912
1,5496,42.57041288047467
1,5497,77.79187327650966
1,5498,184.7793949196883
1,5499,36.98517277534753
1,5500,113.14689659189054
1,5501,28.667889728648024
1,5502,267.4122517815348
1,5503,92.38199448953151
1,5504,77.81229099552175
1,5505,290.0380245605974
1,5506,117.77095652284092
1,5507,32.52319938760482
1,5508,317.42034197719886
1,5509,289.42126390457014
1,5510,46.50017144799476
1,5511,118.24626115933512
1,5512,29.15344293572656
1,5513,258.2218530111553
1,5514,228.52830284474564
1,5515,129.89195045922875
1,5516,382.9448297143091
1,5517,37.08456050260129
1,5518,79.5854998212525
1,5519,336.92947955930674
1,5520,273.29594269441486
1,5521,61.947490127752175
1,5522,264.5960076273013
1,5523,41.050711449240225
1,5524,209.8420228902109
1,5525,37.194429509330725
1,5526,286.53075470002534
1,5527,333.1896515507787
1,5528,40.802478681039474
1,5529,375.88309303896665
1,5530,40.80530298752751
1,5531,200.2747042906658
1,5532,290.347316643771
1,5533,354.234134966748
1,5534,44.28461565230462
1,5535,249.7606431519513
1,5536,129.90814662273598
1,5537,41.36415849767914
1,5538,325.5943260880935
1,5539,33.10642219065649
1,5540,305.093840332001
1,5541,30.911953281467866
1,5542,285.4308403826358
1,5543,119.04547260045734
1,5544,7.989657199205301
1,5545,287.15630099479085
1,5546,314.3527897390752
1,5547,277.9772124035618
1,5548,37.187617532345456
1,5549,61.35213024786371
1,5550,305.9194617264396
1,5551,273.66894270731495
1,5552,64.37289387656497
1,5553,278.58289102131107
1,5554,128.536567929759
1,5555,110.93120737777915
1,5556,441.7697644717076
1,5557,79.28955005575803
1,5558,32.77760967606344
1,5559,302.60665579901325
1,5560,186.05389342520664
1,5561,347.21205468036374
1,5562,28.63165367777142
1,5563,288.4530403050431
1,5564,159.2485080277225
1,5565,284.0191384996598
1,5566,40.67310224435188
1,5567,281.34419901133685
1,5568,267.20579537145784
1,5569,359.87600780797203
1,5570,437.3584313785816
1,5571,351.51398064959346
1,5572,46.0611991636298
1,5573,133.6407714512009
1,5574,70.78143385908285
1,5575,215.59017401439382
1,5576,150.90851813972444
1,5577,301.01803613936596
1,5578,48.37056677692067
1,5579,244.89835186834065
1,5580,82.48765966756108
1,5581,287.07645184055957
1,5582,40.09722528623258
1,5583,272.944797089505
1,5584,244.42912187915067
1,5585,46.78113355013909
1,5586,388.96230492220286
1,5587,219.1066402040164
1,5588,239.63936085919062
1,5589,355.31495731369114
1,5590,27.741314198675337
1,5591,293.74090804004
1,5592,314.83438754129867
1,5593,226.9075071357654
1,5594,486.82342160834355
1,5595,130.67230001012143
1,5596,304.60328435780707
1,5597,38.690324674471604
1,5598,280.4979065589664
1,5599,235.63813477930233
1,5600,115.75666028279961
1,5601,36.76610414272808
1,5602,289.8660835345677
1,5603,244.2477793193811
1,5604,269.7493484515628
1,5605,230.15824003146375
1,5606,17.99071980694367
1,5607,330.00055505891737
1,5608,240.0060165653537
1,5609,28.071653529445534
1,5610,298.2732142783975
1,5611,289.7300431601849
1,5612,188.44258113739798
1,5613,201.8597760788815
1,5614,313.4011065154117
1,5615,395.4563644810837
1,5616,122.48856200016904
1,5617,28.993540588042958
1,5618,370.3341502877905
1,5619,43.09572997515575
1,5620,325.8971747195436
1,5621,29.250535105194377
1,5622,333.83235289645165
1,5623,29.25336036535673
1,5624,50.99023716175799
1,5625,287.5054878612775
1,5626,287.6676802181232
1,5627,33.28547352761834
1,5628,159.62369530026112
1,5629,33.58161665428069
1,5630,266.97714692030854
1,5631,89.44770006434555
1,5632,118.3498260764224
1,5633,136.270322287695
1,5634,287.55026708310174
1,5635,325.1176429070557
1,5636,60.24012269830953
1,5637,33.246993941953605
1,5638,76.94344977052945
1,5639,362.9601678197363
1,5640,43.17448190618006
1,5641,293.1519881334825
1,5642,173.58837061049047
1,5643,323.28511463127165
1,5644,64.51233600011287
1,5645,273.6524859943052
1,5646,189.7537814742763
1,5647,376.49980391618845
1,5648,119.5014712021833
1,5649,41.28562428487166
1,5650,357.54137777526694
1,5651,132.5803010289612
1,5652,400.0800486949522
1,5653,298.32007492607454
1,5654,188.1784065648623
1,5655,388.6451202324139
1,5656,74.21566074414525
1,5657,372.35136841112626
1,5658,22.258935342008243
1,5659,427.6331462506192
1,5660,31.595074016508256
1,5661,371.5733073002283
1,5662,262.69286030856455
1,5663,254.83774714138417
1,5664,351.02810721891126
1,5665,240.14553485465967
1,5666,27.030803787034184
1,5667,243.22148573505524
1,5668,271.67807460778477
1,5669,50.51003396816867
1,5670,272.79207457730024
1,5671,150.63383673817003
1,5672,151.19749461027249
1,5673,297.7429853159895
1,5674,386.48487220009815
1,5675,50.35841821349059
1,5676,148.1124715428213
1,5677,274.51328131510354
1,5678,215.60268001266914
1,5679,260.02679690975265
1,5680,25.877976652225964
1,5681,247.7044958050924
1,5682,134.48059760622144
1,5683,40.00514728448569
1,5684,34.97152668931404
1,5685,294.58037460426124
1,5686,40.02992137992911
1,5687,227.26917616986773
1,5688,363.8595729203586
1,5689,18.724340195528033
1,5690,277.01297491170374
1,5691,41.726380489449426
1,5692,328.97125589734173
1,5693,63.13377849832533
1,5694,268.51764542574523
1,5695,40.01412608222235
1,5696,327.21574761189356
1,5697,134.33885843410684
1,5698,229.83533507744733
1,5699,304.06260276379066
1,5700,32.64997771313956
1,5701,230.17890470707593
1,5702,278.10699325988236
1,5703,59.87028928931519
1,5704,225.76192612663453
1,5705,103.63145266704036
1,5706,279.62599838385484
1,5707,259.1860035499551
1,5708,42.39791066263827
1,5709,256.9723886616016
1,5710,196.15631432248014
1,5711,218.82431457635954
1,5712,265.45791633973766
1,5713,69.0180554917355
1,5714,350.6673192964474
1,5715,43.26683780944065
1,5716,217.03280289312903
1,5717,42.63213141663992
1,5718,308.6099960158016
1,5719,234.8304123526254
1,5720,276.8670954167186
1,5721,27.08666722926944
1,5722,268.98254215508217
1,5723,129.0888429913671
1,5724,337.63424124188595
1,5725,40.719072186776536
1,5726,371.36045119638715
1,5727,32.64637151081404
1,5728,326.87267121083335
1,5729,305.57734804124266
1,5730,351.9563228543302
1,5731,226.91469212911952
1,5732,76.81053943079499
1,5733,42.13945754837739
1,5734,280.92806045633506
1,5735,42.95136092148776
1,5736,439.75432960505304
1,5737,190.50931557628826
1,5738,262.03507985780766
1,5739,42.61735246510733
1,5740,273.3867595077319
1,5741,104.93607380197051
1,5742,148.52198825818286
1,5743,275.08657252334365
1,5744,230.52823502445278
1,5745,418.4369174684706
1,5746,26.54831286873234
1,5747,113.51710463975738
1,5748,328.0570963702566
1,5749,332.9647971710675
1,5750,439.78358489893833
1,5751,373.78633687414276
1,5752,423.856825709287
1,5753,342.63418433121967
1,5754,37.94784164934032
1,5755,322.82226478826885
1,5756,51.52825714175681
1,5757,327.5364759492235
1,5758,196.53452614208823
1,5759,311.6255568996823
1,5760,74.49830154711455
1,5761,212.7764347524822
1,5762,254.53212722634123
1,5763,37.130171814825026
1,5764,251.12523905415725
1,5765,327.1480806618109
1,5766,53.0230221834708
1,5767,319.97064779481315
1,5768,48.78559448193745
1,5769,146.22220192110126
1,5770,317.3497149321745
1,5771,371.83865427768785
1,5772,318.1538448234706
1,5773,171.32919365774552
1,5774,41.51212235624109
1,5775,103.5609322747413
1,5776,41.42899237662719
1,5777,234.4789347300556
1,5778,278.7258759933467
1,5779,298.6369759294299
1,5780,137.404145353122
1,5781,343.4989448819981
1,5782,37.08788040712933
1,5783,230.08453600602087
1,5784,149.00463334957527
1,5785,299.5312886648395
1,5786,41.47119151231213
1,5787,268.1198895694985
1,5788,44.086843521132764
1,5789,197.98784007235128
1,5790,27.84078273020142
1,5791,282.85664645430353
1,5792,293.1059221473259
1,5793,369.61653820136854
1,5794,376.03358043774995
1,5795,341.3054863722133
1,5796,236.75173609674943
1,5797,91.84452122148522
1,5798,278.2178884637344
1,5799,366.11451843413295
1,5800,338.7041977081361
1,5801,42.184815517159905
1,5802,355.85881618713836
1,5803,22.932617090731327
1,5804,303.4147855504151
1,5805,240.96132786271676
1,5806,29.27032802218162
1,5807,252.54716640731306
1,5808,412.4627671166575
1,5809,192.1893767138804
1,5810,320.76167227300505
1,5811,353.2282412635701
1,5812,323.00004438981443
1,5813,331.08100208857877
1,5814,155.35500478945644
1,5815,164.75171453498064
1,5816,363.97402418614143
1,5817,220.50255319483145
1,5818,295.87632207685556
1,5819,260.28990889296017
1,5820,128.63155112588868
1,5821,326.4277366532033
1,5822,38.011380364934624
1,5823,307.52074209881226
1,5824,276.464438442334
1,5825,278.1009637745814
1,5826,354.22245534169224
1,5827,340.04032305362637
1,5828,50.934077170382494
1,5829,272.44372898039524
1,5830,78.99753463194389
1,5831,317.01640139526796
1,5832,49.72160620410891
1,5833,291.9535567602623
1,5834,74.2655870726328
1,5835,317.93487452990996
1,5836,261.44440688637314
1,5837,54.56821139953429
1,5838,374.0966828623304
1,5839,282.1975242256686
1,5840,302.97088078867944
1,5841,324.1559221599824
1,5842,343.6361173486086
1,5843,45.07309087110866
1,5844,278.8512447634353
1,5845,39.449356744327446
1,5846,275.69615957205446
1,5847,342.21518909600184
1,5848,41.426768436802405
1,5849,178.69521916344107
1,5850,266.1391202027353
1,5851,47.65966323510503
1,5852,208.56563337346273
1,5853,41.480439495242294
1,5854,428.0318793125988
1,5855,41.40199766054057
1,5856,300.01342844186433
1,5857,67.79139920910637
1,5858,369.2234474500453
1,5859,45.813258485171296
1,5860,179.1113036210889
1,5861,365.88915658859
1,5862,353.3993311019572
1,5863,44.69670283490896
1,5864,42.886865811182325
1,5865,322.34505985766503
1,5866,42.349627167155674
1,5867,275.3085310072312
1,5868,42.326619297435215
1,5869,107.67741873100883
1,5870,403.17727359014395
1,5871,46.500993264546295
1,5872,418.69480490612557
1,5873,45.765946027662956
1,5874,309.29586763299665
1,5875,136.10769442529025
1,5876,279.25575244167885
1,5877,269.87400931233645
1,5878,276.57192447598993
1,5879,103.68656632224193
1,5880,214.88448033908452
1,5881,320.91999621035325
1,5882,41.85043504245965
1,5883,304.4213423650332
1,5884,246.80927706703912
1,5885,335.7411164963372
1,5886,134.92835270635535
1,5887,63.37585102959776
1,5888,351.57132241875
1,5889,267.77583758331457
1,5890,26.508368131445426
1,5891,196.03656107665455
1,5892,243.18847070215656
1,5893,306.3632001109454
1,5894,145.30791524742025
1,5895,29.13631024678311
1,5896,342.54601062908444
1,5897,134.7868237518669
1,5898,277.9234827391728
1,5899,269.0078642308399
1,5900,274.83492811651433
1,5901,209.1835828702574
1,5902,333.668445413059
1,5903,104.46310654439566
1,5904,180.86213809043076
1,5905,42.103022875073464
1,5906,249.05821378206946
1,5907,42.055107631081924
1,5908,317.7594643942398
1,5909,29.116259499109393
1,5910,42.018860377663955
1,5911,283.5220515340951
1,5912,288.85734434647964
1,5913,264.11839295752054
1,5914,356.7246737088293
1,5915,129.6801927260079
1,5916,302.15059966115916
1,5917,37.05323296288754
1,5918,335.7370511886771
1,5919,72.25884176367725
1,5920,251.32083099619848
1,5921,265.12796019798424
1,5922,308.46719846446246
1,5923,245.83200811386132
1,5924,369.09830480570577
1,5925,432.9550760175577
1,5926,270.84438107998295
1,5927,386.69308663933646
1,5928,468.0565575538318
1,5929,308.9181029316001
1,5930,256.28585926610685
1,5931,51.43281465302606
1,5932,319.12091047555714
1,5933,50.71973028470134
1,5934,272.1494550092046
1,5935,279.8323179334508
1,5936,311.74420852320213
1,5937,37.24491765753057
1,5938,340.5636840318152
1,5939,309.2102893618926
1,5940,248.30095010031988
1,5941,329.9891473907369
1,5942,361.92233696014415
1,5943,82.26318553221853
1,5944,60.630536658088914
1,5945,44.92633813358997
1,5946,258.95779963112085
1,5947,252.70847046607986
1,5948,293.0068662911631
1,5949,260.58578646192257
1,5950,368.99038772592036
1,5951,284.1151221534011
1,5952,241.75420886656406
1,5953,354.22853074233285
1,5954,28.68104056663025
1,5955,276.684343606871
1,5956,309.79337618606434
1,5957,348.534872788502
1,5958,298.7449202908423
1,5959,329.1005057389624
1,5960,41.16515550508403
1,5961,262.15367229444183
1,5962,369.1978380441109
1,5963,67.56673547467034
1,5964,262.81354053336486
1,5965,397.6930303264967
1,5966,378.4920550417901
1,5967,374.2505737322783
1,5968,385.75349382271725
1,5969,68.45916871922869
1,5970,344.82098652135335
1,5971,343.7519723348327
1,5972,310.88276902662403
1,5973,70.33338329041042
1,5974,254.9093006370437
1,5975,264.5500707215787
1,5976,336.7983747130208
1,5977,301.16272283636056
1,5978,29.38625483205506
1,5979,325.65534652051986
1,5980,42.13380137944461
1,5981,328.14957407086627
1,5982,344.61865870478385
1,5983,364.3691145189116
1,5984,28.591721196131246
1,5985,21.414622076203226
1,5986,302.4705155638569
1,5987,41.61359241016595
1,5988,286.5158086862537
1,5989,262.3617181796145
1,5990,366.1593928758333
1,5991,189.03033979548943
1,5992,397.9623793854841
1,5993,191.86431617148935
1,5994,276.5281361487892
1,5995,37.53038480864638
1,5996,150.03516395108818
1,5997,324.3734100707318
1,5998,109.45996507559369
1,5999,220.48142266202765
1,6000,265.5472884222041
1,6001,140.3906920213198
1,6002,43.703847949001265
1,6003,329.5326498587872
1,6004,329.7395961635317
1,6005,266.88396772614686
1,6006,146.02717697287343
1,6007,213.78523644519558
1,6008,109.0618540944061
1,6009,218.97754989155777
1,6010,274.8341776381968
1,6011,44.28940064477842
1,6012,298.1844268216697
1,6013,41.12767517072497
1,6014,260.6805372503442
1,6015,42.39074455380871
1,6016,100.66076469460484
1,6017,260.7692790057179
1,6018,299.2069095196454
1,6019,187.784344844861
1,6020,304.1363442822086
1,6021,244.94203189875424
1,6022,69.13801779501408
1,6023,263.0514445265279
1,6024,292.84629121082764
1,6025,75.73448033665679
1,6026,288.13496097488644
1,6027,274.4589411345458
1,6028,343.68133680628273
1,6029,263.74813610291676
1,6030,273.529829469071
1,6031,41.69725127892198
1,6032,430.3029319064722
1,6033,45.532084229396
1,6034,268.7002453157798
1,6035,37.190248623642056
1,6036,247.7767546706342
1,6037,217.7084677614207
1,6038,321.15388778302923
1,6039,41.988439502165306
1,6040,265.0450798051099
1,6041,644.2763256882845
1,6042,524.912142529334
1,6043,373.76435214732805
1,6044,419.14497193048703
1,6045,23.800760190464274
1,6046,486.9507824273553
1,6047,354.4689512594413
1,6048,375.2653101066548
1,6049,318.9684876004907
1,6050,385.3727261192773
1,6051,74.72763816565119
1,6052,51.88939404390847
1,6053,517.3906158927566
1,6054,285.3388263958891
1,6055,370.18674737623326
1,6056,360.31234599595257
1,6057,303.5025057554747
1,6058,310.53982173549423
1,6059,327.679380301425
1,6060,201.87752872990393
1,6061,328.7452909620729
1,6062,242.38135681828126
1,6063,487.43400404643376
1,6064,298.2884763458749
1,6065,285.00077576529014
1,6066,345.850497898142
1,6067,36.032423139924454
1,6068,315.52865099184606
1,6069,310.0603294670017
1,6070,318.4808312875674
1,6071,502.41541414059867
1,6072,209.07164375707254
1,6073,231.0388265214063
1,6074,330.17163079513335
1,6075,20.5052176789728
1,6076,149.40721842445018
1,6077,278.3269388480352
1,6078,344.3799425266046
1,6079,371.3299132580123
1,6080,271.2325083578467
1,6081,314.16907405546596
1,6082,294.3463666758621
1,6083,43.41227377726743
1,6084,39.565421908680904
1,6085,486.5599109898062
1,6086,180.8488744549121
1,6087,295.696790465169
1,6088,388.115247377291
1,6089,28.778553362800327
1,6090,362.68260894810703
1,6091,44.02202371364267
1,6092,136.15917946253316
1,6093,251.76975970706192
1,6094,254.86310958293853
1,6095,266.03208490767975
1,6096,44.48486193759522
1,6097,316.66804276050607
1,6098,74.23371465693748
1,6099,354.88724142445847
1,6100,343.03744179382386
1,6101,51.309194196182816
1,6102,50.81209833470077
1,6103,534.0006175613138
1,6104,310.7238860257361
1,6105,50.20018032964108
1,6106,326.24835767103946
1,6107,305.5616133873234
1,6108,361.77034112506544
1,6109,37.09440473952599
1,6110,293.66414419130047
1,6111,47.83805520340295
1,6112,366.36853648802236
1,6113,158.4665526362021
1,6114,315.12771800999343
1,6115,314.3357208908078
1,6116,311.6121874519215
1,6117,272.84522880633523
1,6118,486.811821961162
1,6119,344.18119677616636
1,6120,419.55518982235077
1,6121,326.43346667760693
1,6122,523.7954088843726
1,6123,28.852269517409926
1,6124,268.9260425603818
1,6125,39.594059746915235
1,6126,335.1650627414111
1,6127,337.57123651149595
1,6128,26.43207225346638
1,6129,274.86659323177236
1,6130,36.40991819960787
1,6131,263.69808557837035
1,6132,146.18185037554485
1,6133,250.58081891762413
1,6134,42.11997777509298
1,6135,324.4736046886538
1,6136,42.02171121519912
1,6137,303.0656727463572
1,6138,29.028951552978313
1,6139,42.7489876411252
1,6140,382.93694875101954
1,6141,190.22167027597266
1,6142,357.3464171169585
1,6143,253.98898620936615
1,6144,270.72520216253093
1,6145,318.4822513714207
1,6146,326.9461552568069
1,6147,433.7424386514142
1,6148,51.65156739752595
1,6149,382.08225873707727
1,6150,51.90771722977851
1,6151,50.45683268483517
1,6152,375.3117667293286
1,6153,74.95755975970569
1,6154,360.66964208993693
1,6155,329.9975290694149
1,6156,53.9862550301582
1,6157,311.8885430091564
1,6158,302.8736714943541
1,6159,43.17799533128275
1,6160,265.3589601017499
1,6161,50.32101084507052
1,6162,376.92685018944803
1,6163,341.21652426374084
1,6164,343.96710757119354
1,6165,360.94529133164156
1,6166,185.73101057908985
1,6167,353.24593872098364
1,6168,335.43187821167123
1,6169,279.3060540086792
1,6170,316.42918487655504
1,6171,323.5597801974873
1,6172,222.13635247161943
1,6173,10.955536701812461
1,6174,170.66430331653697
1,6175,283.89775242458603
1,6176,325.6616959640727
1,6177,45.448962541180265
1,6178,205.83853245207402
1,6179,356.01463212194153
1,6180,29.245785309772057
1,6181,325.03864286125236
1,6182,67.17848213268704
1,6183,330.92190231525626
1,6184,278.16470399307434
1,6185,145.3580879216819
1,6186,42.87874692653655
1,6187,260.0153441065885
1,6188,45.134713713891784
1,6189,326.8921106349993
1,6190,271.346044896416
1,6191,355.08385105318985
1,6192,343.65296302129565
1,6193,105.72926751549147
1,6194,330.6815724961076
1,6195,538.874982349761
1,6196,303.08853063736944
1,6197,268.9844028685934
1,6198,75.02738444859997
1,6199,262.0215332480604
1,6200,309.18766468385115
1,6201,335.09480235262555
1,6202,331.56845959361266
1,6203,42.324292040163684
1,6204,258.7469438895384
1,6205,272.739482985877
1,6206,50.997539578023265
1,6207,291.2183024287093
1,6208,36.64960282047315
1,6209,49.69497004180984
1,6210,324.52668780913916
1,6211,199.54330683785713
1,6212,28.582492925330527
1,6213,40.873908565594945
1,6214,195.99584277309992
1,6215,143.9831619937383
1,6216,35.29796327667068
1,6217,268.427785989294
1,6218,248.3603478020051
1,6219,41.68163581206899
1,6220,312.29330856259025
1,6221,14.699930622702345
1,6222,41.672909994508146
1,6223,299.7792248442455
1,6224,28.583006587657632
1,6225,296.9353166264357
1,6226,386.06684494668536
1,6227,137.60747727028996
1,6228,353.2238985909145
1,6229,41.74408803564529
1,6230,275.65597640208574
1,6231,259.19387934471473
1,6232,411.31425654037923
1,6233,209.0238381059788
1,6234,284.91532700218954
1,6235,354.4763386606326
1,6236,146.42281556729307
1,6237,320.79090773875
1,6238,42.35843039530393
1,6239,465.2128479718655
1,6240,29.501123672952897
1,6241,42.67078741630195
1,6242,328.14050872560665
1,6243,390.0024361592327
1,6244,164.20443855425899
1,6245,288.4888642578857
1,6246,251.69645517167322
1,6247,358.24697175485414
1,6248,42.89226829261996
1,6249,273.14521477273405
1,6250,68.88653886733451
1,6251,332.85873952901306
1,6252,277.62304854753893
1,6253,136.11260547928765
1,6254,315.4380477893786
1,6255,327.97439327075574
1,6256,223.09802520903662
1,6257,300.991400962757
1,6258,194.04218656257916
1,6259,464.50413146899655
1,6260,345.17371597081126
1,6261,461.0884428529886
1,6262,473.558218347689
1,6263,347.0216512477152
1,6264,43.08080616436381
1,6265,334.63700993845123
1,6266,299.12757777900777
1,6267,322.80530364626776
1,6268,400.91953601655393
1,6269,49.109746161766374
1,6270,349.44542053405365
1,6271,300.5045815876882
1,6272,309.82341271442203
1,6273,346.15073364328714
1,6274,362.04430719255083
1,6275,192.35594043191335
1,6276,346.03964131959106
1,6277,342.72887731759096
1,6278,218.91007774474247
1,6279,334.33992810025825
1,6280,264.3137649604669
1,6281,225.4481036534005
1,6282,336.6830556025232
1,6283,59.193910576986845
1,6284,276.24978442994876
1,6285,356.97435770086383
1,6286,224.43141780223743
1,6287,315.6274036619277
1,6288,51.48277319254164
1,6289,30.202740247887753
1,6290,71.11175438218713
1,6291,109.78221803537525
1,6292,292.3985119986087
1,6293,289.7758453686213
1,6294,50.73023972143493
1,6295,277.8173019237918
1,6296,49.76798456325659
1,6297,311.58143665227533
1,6298,240.91349823649375
1,6299,239.45421327805926
1,6300,17.8394993921129
1,6301,296.85610200086956
1,6302,44.916716972804025
1,6303,297.7418649928072
1,6304,41.477261385236375
1,6305,262.0606027901292
1,6306,22.08773629877995
1,6307,276.7111108628693
1,6308,231.86331387766148
1,6309,275.23588584211984
1,6310,268.5752288051053
1,6311,82.28258941299089
1,6312,172.3942320704503
1,6313,39.539205203252756
1,6314,359.1581625214799
1,6315,347.14546656498277
1,6316,12.384276306114709
1,6317,290.72234367893606
1,6318,56.02090139621127
1,6319,47.59889062320263
1,6320,157.17000337185902
1,6321,29.02652799346398
1,6322,200.78036955272842
1,6323,41.16675213348458
1,6324,286.9016762988067
1,6325,44.74243638159659
1,6326,279.0236743805451
1,6327,188.69715502530033
1,6328,344.33811360804737
1,6329,41.93612562803584
1,6330,269.9766204045783
1,6331,195.9113575114744
1,6332,282.49891491450376
1,6333,70.94434702583602
1,6334,269.77888306726834
1,6335,42.50980944535268
1,6336,70.94717180916122
1,6337,294.73144547155596
1,6338,104.28522202152479
1,6339,269.20113159022435
1,6340,136.57893349409122
1,6341,38.46504092031251
1,6342,281.3988058900485
1,6343,291.0042654405127
1,6344,287.5415141601799
1,6345,393.6201925895738
1,6346,259.56187808537686
1,6347,29.736064804580806
1,6348,236.65155127853424
1,6349,297.7608616733411
1,6350,403.375514007163
1,6351,259.6293511688684
1,6352,42.778340038404366
1,6353,262.98989421116676
1,6354,30.053714521780133
1,6355,268.793578814395
1,6356,255.07636500927174
1,6357,24.90756859206304
1,6358,318.7255879593009
1,6359,42.723401760495165
1,6360,275.610354332616
1,6361,829.2334621545031
1,6362,456.16421766352295
1,6363,253.21791078966749
1,6364,451.40303924495987
1,6365,265.2683306172466
1,6366,224.03541507084168
1,6367,338.96036919840435
1,6368,214.7455305415287
1,6369,272.81720226165316
1,6370,51.6151766463568
1,6371,206.89871337169652
1,6372,196.7746755774491
1,6373,389.2224481623093
1,6374,323.2430652032516
1,6375,50.747946115630484
1,6376,335.8109664233832
1,6377,347.2215374390187
1,6378,74.26025367223335
1,6379,334.981190495409
1,6380,349.96310713446815
1,6381,41.235272869955054
1,6382,253.1290390075134
1,6383,341.7208572983257
1,6384,30.229244425447487
1,6385,312.396771132068
1,6386,375.8531989810748
1,6387,373.93530365849466
1,6388,313.6040531322719
1,6389,316.52435312034004
1,6390,50.71291232595682
1,6391,272.23579517559205
1,6392,48.09472918772894
1,6393,348.9354520564697
1,6394,267.4786356989973
1,6395,313.34390580316074
1,6396,315.36794736739637
1,6397,352.5538734573513
1,6398,40.57416908792544
1,6399,260.8694748236277
1,6400,301.9028564707146
1,6401,28.669503414000452
1,6402,295.93864770317805
1,6403,285.4535888731796
1,6404,64.80517963944003
1,6405,267.6410923450616
1,6406,36.22165477029739
1,6407,260.9142025720097
1,6408,200.42876694290158
1,6409,66.51512128338192
1,6410,216.99636172287813
1,6411,40.734114902818696
1,6412,225.60605669084492
1,6413,199.2639077837874
1,6414,297.7996203640372
1,6415,41.32993785607998
1,6416,261.43818632293505
1,6417,308.05138782904464
1,6418,40.06450400118746
1,6419,242.91510398629288
1,6420,365.16630300169874
1,6421,41.04866557093424
1,6422,280.04076177337595
1,6423,276.585553135562
1,6424,351.19783846788494
1,6425,41.05444007952229
1,6426,205.38584688948112
1,6427,262.5793727594065
1,6428,219.75484829624105
1,6429,103.51742275585832
1,6430,215.67066626617412
1,6431,322.62093603555724
1,6432,350.31866067908834
1,6433,45.47627621030254
1,6434,348.3666717758909
1,6435,63.49843322394993
1,6436,145.98329312117278
1,6437,341.21840207446587
1,6438,41.96171417730615
1,6439,314.72536403504614
1,6440,44.142448920142655
1,6441,134.75779808932086
1,6442,115.49767060486568
1,6443,360.0263329689618
1,6444,40.874574002384335
1,6445,139.36151547803104
1,6446,300.05646902121055
1,6447,372.6064863791597
1,6448,306.06340781368203
1,6449,262.26911716826237
1,6450,267.6227405045246
1,6451,369.49456514566134
1,6452,281.2186741987556
1,6453,364.104484673714
1,6454,283.2213526160786
1,6455,313.5471051214339
1,6456,378.1625040731603
1,6457,407.8144987449281
1,6458,38.74256369366906
1,6459,297.86698314789567
1,6460,45.04814762422561
1,6461,362.18189686431464
1,6462,49.04300597532823
1,6463,306.41282741776865
1,6464,184.32847473218962
1,6465,341.52776742277166
1,6466,44.771870004602064
1,6467,189.18265758682685
1,6468,325.64647385225135
1,6469,155.78159437784677
1,6470,293.36876093243524
1,6471,297.79993517669783
1,6472,268.7791883389509
1,6473,19.635655000932616
1,6474,265.71620069602693
1,6475,273.5253547458575
1,6476,344.6616860674132
1,6477,38.04883950280565
1,6478,261.8722454450549
1,6479,294.5723053475954
1,6480,203.791486199615
1,6481,38.385842426027125
1,6482,282.99240978454895
1,6483,290.4357620645899
1,6484,268.7851788107597
1,6485,39.62510782840069
1,6486,398.22592938504295
1,6487,38.45022952177904
1,6488,178.27519642240674
1,6489,332.0900594023691
1,6490,252.55765833826746
1,6491,303.48951177312915
1,6492,43.239439348937196
1,6493,338.23906066668815
1,6494,304.31755376030526
1,6495,29.13243936342824
1,6496,252.192018459736
1,6497,339.2169323021065
1,6498,274.8582388538031
1,6499,326.7564694844942
1,6500,292.9024967387802
1,6501,29.071328628488665
1,6502,281.7318396090242
1,6503,187.55732262585792
1,6504,191.5038292880338
1,6505,210.0580818416368
1,6506,284.4201836086311
1,6507,29.052607333885987
1,6508,311.2345236620107
1,6509,335.06370282308643
1,6510,32.43117940999892
1,6511,276.4693118418522
1,6512,269.45072139386923
1,6513,70.97884299697694
1,6514,317.501223426451
1,6515,331.2240752056136
1,6516,410.590182199154
1,6517,61.99392624000198
1,6518,316.59266513505156
1,6519,146.711989454488
1,6520,323.427196460927
1,6521,50.46997046260254
1,6522,335.48366128799023
1,6523,118.29223988557561
1,6524,39.04724716232715
1,6525,83.91331468550743
1,6526,303.6076252595871
1,6527,49.271086614453566
1,6528,27.1128141286699
1,6529,184.42923309088073
1,6530,281.01594161091384
1,6531,611.6656424017458
1,6532,335.5319170537664
1,6533,36.09318927781576
1,6534,314.5209329341454
1,6535,45.7724695429109
1,6536,218.71906842882657
1,6537,114.8964864132817
1,6538,363.8091733479573
1,6539,43.39903280348041
1,6540,344.43020159895354
1,6541,29.459158041028324
1,6542,300.9734835181058
1,6543,173.61197313661347
1,6544,312.2709210023261
1,6545,43.85379804541175
1,6546,239.67461128731793
1,6547,101.90243604694231
1,6548,292.5914361664122
1,6549,30.416259285778246
1,6550,318.3719463905842
1,6551,149.1802584679897
1,6552,270.08069795832455
1,6553,329.0410237637823
1,6554,331.0003006304579
1,6555,39.05496217042647
1,6556,179.45385044851193
1,6557,322.0613287538521
1,6558,21.915260295639715
1,6559,309.7489931097723
1,6560,304.35067378445535
1,6561,274.17738894375736
1,6562,297.51508560738455
1,6563,44.001579403909595
1,6564,297.23946217901005
1,6565,353.594733192953
1,6566,176.62777480204352
1,6567,337.3457149417683
1,6568,38.76238554555523
1,6569,179.50954312124142
1,6570,319.09742375427555
1,6571,30.393391982540138
1,6572,138.19728572156447
1,6573,320.04731922029055
1,6574,327.36818755235663
1,6575,318.45695339104293
1,6576,298.47871687046063
1,6577,419.11445564740916
1,6578,96.66126534586202
1,6579,282.80409564387907
1,6580,324.26605135813713
1,6581,69.87754794023814
1,6582,310.823210073778
1,6583,50.47884943032302
1,6584,309.1680674698575
1,6585,187.78824670279405
1,6586,342.13656296378394
1,6587,45.42880763844873
1,6588,192.03621408180004
1,6589,321.54398780986685
1,6590,627.0512365749066
1,6591,288.34755898465784
1,6592,279.22917730608657
1,6593,41.34250565714925
1,6594,290.7005790567612
1,6595,71.00223476837854
1,6596,266.9091959953084
1,6597,321.3918204595793
1,6598,152.05127973238342
1,6599,38.913339596448495
1,6600,289.7395161345867
1,6601,257.89385367932437
1,6602,215.1376621574637
1,6603,41.53672208872198
1,6604,261.6964540388509
1,6605,455.261124643833
1,6606,30.53102366786966
1,6607,116.97004189302524
1,6608,189.23713676472994
1,6609,21.810621386311354
1,6610,448.16086925569215
1,6611,514.9887729929246
1,6612,44.61586512990564
1,6613,297.50450545457716
1,6614,298.5338020466876
1,6615,331.68353103928223
1,6616,42.2961702864742
1,6617,180.32207120813237
1,6618,375.3034956596353
1,6619,342.00756652333337
1,6620,319.24577982547055
1,6621,63.03528175084103
1,6622,294.88898083219743
1,6623,292.89555017567295
1,6624,31.066528701207567
1,6625,359.04171120278147
1,6626,202.0864246198684
1,6627,37.3213922617911
1,6628,322.0044081563114
1,6629,237.23442669625769
1,6630,278.73383679887297
1,6631,103.39615776815228
1,6632,190.39366932623858
1,6633,191.37613179132012
1,6634,46.42655929942704
1,6635,428.90008472218864
1,6636,292.2093731156348
1,6637,336.6557626854052
1,6638,322.56744760255674
1,6639,21.865513403340533
1,6640,286.1996597468916
1,6641,30.815977109666832
1,6642,21.865513403340533
1,6643,333.14553852343636
1,6644,238.8705499253856
1,6645,59.46471169046164
1,6646,261.9934921216942
1,6647,237.97687858994408
1,6648,323.3666649467875
1,6649,46.38828141588021
1,6650,21.843288500233843
1,6651,346.89135862478463
1,6652,343.8687362190572
1,6653,276.3570852349009
1,6654,35.225635205546794
1,6655,291.3449578942829
1,6656,39.602398063384754
1,6657,314.5670129482051
1,6658,322.4130790832728
1,6659,257.0056182561614
1,6660,121.72756177474476
1,6661,294.28794423088834
1,6662,103.93761857529256
1,6663,40.37268252895036
1,6664,278.3645648634569
1,6665,40.26720275174832
1,6666,311.45846706327717
1,6667,321.7174355999939
1,6668,294.16929840292863
1,6669,49.995087835149796
1,6670,296.92147114270637
1,6671,262.9346768828516
1,6672,573.4412440902814
1,6673,425.3117787988982
1,6674,74.82019614333505
1,6675,290.3842825538959
1,6676,154.16840559651996
1,6677,331.3182238787999
1,6678,52.835651246937886
1,6679,305.65037399590676
1,6680,329.97054585830847
1,6681,193.57651276600816
1,6682,407.8263942080561
1,6683,329.50428060868614
1,6684,49.04901997787441
1,6685,386.9250654493742
1,6686,325.61103206590286
1,6687,40.253891022999916
1,6688,320.59308860900626
1,6689,369.6251982947542
1,6690,252.56683642198203
1,6691,258.9974219497234
1,6692,146.27857705376442
1,6693,139.15073510415274
1,6694,299.83890922481316
1,6695,144.0264477037736
1,6696,304.7001150177912
1,6697,40.759453144793
1,6698,360.2775132271388
1,6699,31.138891759859316
1,6700,300.5714233962026
1,6701,304.78485862539844
1,6702,66.63635167670523
1,6703,314.67327340720374
1,6704,46.51904850720767
1,6705,294.0610922134127
1,6706,45.411865968404115
1,6707,219.89834964566165
1,6708,280.78563259973237
1,6709,167.23816905221256
1,6710,42.78788532103093
1,6711,317.3343116957178
1,6712,259.30710204985024
1,6713,243.4340791425451
1,6714,436.3185219457881
1,6715,266.8418102547551
1,6716,44.90181927840011
1,6717,351.7759487005966
1,6718,268.3507085534597
1,6719,200.7226279752249
1,6720,219.1943254230658
1,6721,45.14544106840571
1,6722,373.7737666439847
1,6723,315.13175246558126
1,6724,419.10295545200273
1,6725,8.314363356224916
1,6726,347.7475135005719
1,6727,327.8415735374963
1,6728,52.79395530925742
1,6729,172.85724468311867
1,6730,420.32230303053467
1,6731,48.56018711581194
1,6732,338.71268097980186
1,6733,48.251205564279346
1,6734,184.12870793785575
1,6735,48.34062239048666
1,6736,343.8985964299054
1,6737,308.0405716510801
1,6738,66.34873625410658
1,6739,187.27901908775792
1,6740,111.15693209622933
1,6741,247.52206395341562
1,6742,304.60317850172976
1,6743,305.0811343440133
1,6744,163.798397508157
1,6745,319.46200798873986
1,6746,48.324845910806445
1,6747,325.4751529036337
1,6748,325.63450564607115
1,6749,43.22576140646636
1,6750,299.2851581676219
1,6751,181.27118130629236
1,6752,309.5969279452668
1,6753,48.02012607046878
1,6754,319.5351231919105
1,6755,310.35948706422016
1,6756,33.094563467772154
1,6757,42.18919995503458
1,6758,385.0871192382409
1,6759,43.33846557504028
1,6760,181.1502878595978
1,6761,347.9938013662171
1,6762,290.9641801417358
1,6763,538.9704208389991
1,6764,274.98622248031603
1,6765,304.0648146891458
1,6766,375.7823761540419
1,6767,489.42486937296974
1,6768,51.10590450389196
1,6769,29.823411516588955
1,6770,323.2572481013284
1,6771,342.7420565372469
1,6772,41.89232023559629
1,6773,308.846432764262
1,6774,47.54340830066138
1,6775,405.60306454313945
1,6776,309.70699747064185
1,6777,46.76180876389918
1,6778,210.05978779368684
1,6779,39.567893877226695
1,6780,301.0095620999149
1,6781,337.934408483698
1,6782,50.03567252288915
1,6783,315.9259230630118
1,6784,187.28575040470548
1,6785,347.4887899377218
1,6786,40.08493496888858
1,6787,276.2305210790613
1,6788,356.9556024846594
1,6789,321.52517244465076
1,6790,155.45330682702365
1,6791,39.886201044521066
1,6792,240.99788604467932
1,6793,263.01387673575397
1,6794,72.72044387837616
1,6795,376.67220156690746
1,6796,322.0417312862782
1,6797,396.2149973792588
1,6798,47.4824274197686
1,6799,209.04692888373916
1,6800,343.48780624234416
1,6801,307.66688310946535
1,6802,198.69062436562479
1,6803,336.86791501503404
1,6804,37.6562005320284
1,6805,143.75841287650672
1,6806,285.9655296734728
1,6807,46.63269900142547
1,6808,326.65268846451954
1,6809,46.669245207182115
1,6810,373.41723422731263
1,6811,69.12040872051762
1,6812,226.01794221544878
1,6813,129.36654059965835
1,6814,113.73544958130324
1,6815,310.3221259173614
1,6816,5.775613776436164
1,6817,141.35098473729093
1,6818,39.24003482342632
1,6819,234.52256731992765
1,6820,27.60679873191741
1,6821,212.58194269641484
1,6822,39.40750068167458
1,6823,275.28675585026303
1,6824,175.87870862642657
1,6825,43.62325646721598
1,6826,133.26802057408426
1,6827,253.62554581841638
1,6828,192.27086362383625
1,6829,62.92973072561154
1,6830,363.8493022092623
1,6831,43.69409969967139
1,6832,316.7123312771487
1,6833,292.8791185808859
1,6834,35.2507272281518
1,6835,235.39119327408073
1,6836,37.15217946765394
1,6837,81.9506225290674
1,6838,317.51133281973745
1,6839,43.50077846015404
1,6840,28.587426316452586
1,6841,294.08354702611354
1,6842,43.76088799423346
1,6843,254.95901600532497
1,6844,80.01040682539464
1,6845,43.63192738479742
1,6846,305.05811175352915
1,6847,298.5082728613577
1,6848,271.6109149656555
1,6849,252.34981643459594
1,6850,231.0382915477477
1,6851,327.36495387521535
1,6852,41.212546388280536
1,6853,322.5473559974499
1,6854,307.9248780029416
1,6855,45.39173489978403
1,6856,330.9870814854296
1,6857,292.14364476503056
1,6858,328.37324582432785
1,6859,134.30055176853375
1,6860,257.8387914923538
1,6861,165.19864121477517
1,6862,292.84036608654606
1,6863,275.10644661325597
1,6864,79.75263096239856
1,6865,211.72475401415028
1,6866,33.30554407001305
1,6867,274.18876768489326
1,6868,45.465374769473975
1,6869,134.93566421894872
1,6870,258.6293315708602
1,6871,137.78804345676258
1,6872,236.91058811486573
1,6873,55.41454726755171
1,6874,186.53043154371272
1,6875,64.55356806636846
1,6876,267.4281894533292
1,6877,33.424463373278385
1,6878,242.06911352524997
1,6879,48.566704529353416
1,6880,298.7694875434287
1,6881,188.40776182262658
1,6882,50.5995732674638
1,6883,139.88614542942315
1,6884,265.219016631243
1,6885,178.7353387707658
1,6886,70.07631100257751
1,6887,248.0055039213957
1,6888,49.60078815589678
1,6889,275.0216094874471
1,6890,265.77075807325366
1,6891,49.487124704123104
1,6892,112.84891928060506
1,6893,220.54114848730535
1,6894,29.045556777562787
1,6895,292.7132152535622
1,6896,43.32155870996807
1,6897,306.6033708244123
1,6898,337.3213004925856
1,6899,31.28470815262758
1,6900,246.2503628998995
1,6901,276.7887337738755
1,6902,35.369742620040526
1,6903,235.72557011285522
1,6904,37.871906306480774
1,6905,80.88388618727494
1,6906,325.88420177765715
1,6907,43.77716212788051
1,6908,28.634647432123725
1,6909,293.3245945981076
1,6910,43.75193526215808
1,6911,260.1103928438491
1,6912,80.2794069907129
1,6913,43.65366870226421
1,6914,309.97781639780015
1,6915,308.1121481947192
1,6916,43.53628962004125
1,6917,336.4306467393458
1,6918,337.5828936623452
1,6919,31.842579787721725
1,6920,259.1819661986266
1,6921,274.17289710035595
1,6922,309.5621473596973
1,6923,272.2483770516045
1,6924,253.0951776004048
1,6925,231.11140836706437
1,6926,320.2925302421494
1,6927,39.38175271171942
1,6928,322.5437431959094
1,6929,36.18609302496869
1,6930,30.349057243451107
1,6931,275.39678946578067
1,6932,45.58566005902438
1,6933,135.1857955254303
1,6934,258.3313561815112
1,6935,207.75001371008062
1,6936,231.73482990628165
1,6937,80.45979497768606
1,6938,105.98379353424087
1,6939,257.85988057926147
1,6940,119.27447993674818
1,6941,138.08798176944936
1,6942,326.29820748964585
1,6943,45.54618865207058
1,6944,67.28552623329698
1,6945,272.89494254414495
1,6946,431.28569473471
1,6947,263.3376225795995
1,6948,73.59102315788809
1,6949,376.9662883906316
1,6950,87.45801254477428
1,6951,399.75006729267733
1,6952,287.39762801749566
1,6953,409.18560394698966
1,6954,157.61200088289326
1,6955,302.57449834359244
1,6956,42.15916782730941
1,6957,244.08722126008945
1,6958,275.1518819927135
1,6959,29.462971637932686
1,6960,327.1496759614261
1,6961,46.44499051212004
1,6962,133.5821820586675
1,6963,424.9172339747074
1,6964,311.4877946498407
1,6965,232.6890015278835
1,6966,46.50648577907033
1,6967,331.23218724945644
1,6968,175.26646955922212
1,6969,22.8089105915634
1,6970,305.91366971391847
1,6971,326.2164424483178
1,6972,42.32735454561095
1,6973,392.46981478857697
1,6974,31.098518698386663
1,6975,291.4577892438913
1,6976,24.753050599732454
1,6977,319.31934104781624
1,6978,175.7516713245913
1,6979,214.30999537418
1,6980,292.9336059423736
1,6981,138.1771683391949
1,6982,192.17244555257741
1,6983,42.744347232444554
1,6984,324.6723953511971
1,6985,42.73784498738913
1,6986,182.4686801019141
1,6987,52.165506741041874
1,6988,176.19790377186584
1,6989,324.8185781896643
1,6990,42.528702067164886
1,6991,298.49966651486386
1,6992,317.0740466288912
1,6993,23.79573274072959
1,6994,305.6088270369669
1,6995,31.619062941454636
1,6996,42.80462565255666
1,6997,397.03499020701065
1,6998,42.781616829161884
1,6999,23.734622005790015
1,7000,271.6140865348018
1,7001,279.98876428296677
1,7002,39.092543917515336
1,7003,259.5729594821689
1,7004,257.0264267535657
1,7005,272.2995823560219
1,7006,263.06405092628364
1,7007,73.57063312416616
1,7008,376.25050070041345
1,7009,51.28890295973508
1,7010,232.0344481391544
1,7011,365.2990283606704
1,7012,284.7584744715647
1,7013,50.21627334673525
1,7014,368.72796381598937
1,7015,131.1792254322404
1,7016,53.327979530974034
1,7017,160.79641026822847
1,7018,379.9038884487708
1,7019,48.46657345505126
1,7020,276.8704518966638
1,7021,308.24502610223095
1,7022,37.87907656539357
1,7023,127.88230619115167
1,7024,209.06147230953445
1,7025,284.8471127382661
1,7026,42.591342110103426
1,7027,203.64868602879847
1,7028,281.80434722029264
1,7029,31.04788166289204
1,7030,46.824291353211756
1,7031,294.14672841181505
1,7032,292.0674351300215
1,7033,34.904499969644505
1,7034,60.356625538653105
1,7035,136.15093829830792
1,7036,191.75690673315046
1,7037,39.040589318640976
1,7038,129.70269457422933
1,7039,235.3255120853029
1,7040,42.74918406444506
1,7041,28.26753813556037
1,7042,247.43489063702228
1,7043,341.1700459297074
1,7044,221.9837726525132
1,7045,351.3600067510557
1,7046,63.98698513862281
1,7047,228.1971799653462
1,7048,333.807882132534
1,7049,45.22883766051095
1,7050,330.9935998741662
1,7051,39.18840944943282
1,7052,181.50448221524147
1,7053,319.9902198008482
1,7054,138.2463025878884
1,7055,310.42787866741713
1,7056,61.93934300972565
1,7057,305.86187800753765
1,7058,262.0749364898465
1,7059,31.39993015837267
1,7060,170.2819781166035
1,7061,232.43504885988858
1,7062,43.45536610171771
1,7063,334.50887521452046
1,7064,40.87310076871012
1,7065,274.04710936026265
1,7066,232.05408984522012
1,7067,330.0082433248357
1,7068,466.2370965749131
1,7069,45.155598911561256
1,7070,288.45228959681367
1,7071,177.23915661274106
1,7072,316.2583035458065
1,7073,256.5092795973171
1,7074,137.72392380549846
1,7075,290.962052788566
1,7076,40.83920120394991
1,7077,279.86615418794827
1,7078,45.137562069215065
1,7079,337.5380927239546
1,7080,285.7449526737255
1,7081,40.827173940308555
1,7082,307.77268123115533
1,7083,33.421846710615476
1,7084,288.75744232948267
1,7085,40.77829101747138
1,7086,331.3943538636073
1,7087,277.6282844961613
1,7088,33.4123557438186
1,7089,260.4386623123121
1,7090,276.14785875459694
1,7091,346.5313925615292
1,7092,43.72919021104393
1,7093,262.1216127654645
1,7094,40.14512423260966
1,7095,240.64556247714148
1,7096,33.05801920718121
1,7097,246.61456086412164
1,7098,462.9507912443589
1,7099,43.64730103478615
1,7100,288.5079431069214
1,7101,301.1369168146091
1,7102,346.69556153976396
1,7103,39.14936942971902
1,7104,331.1463810908341
1,7105,286.27026593382953
1,7106,60.32379489593134
1,7107,136.4432804639328
1,7108,349.90423047984524
1,7109,594.8543855794305
1,7110,87.9568022978307
1,7111,283.40329489701753
1,7112,316.18091086695995
1,7113,330.79394135853533
1,7114,86.13174838545211
1,7115,277.4764894987512
1,7116,323.24432529329107
1,7117,159.23309041277048
1,7118,388.513831953043
1,7119,292.0291111958613
1,7120,206.32635712178472
1,7121,324.9820648918261
1,7122,36.96497146735998
1,7123,270.63036542481433
1,7124,90.60274393939329
1,7125,44.68745506984047
1,7126,206.70767082560008
1,7127,139.7464536299645
1,7128,238.6704136632706
1,7129,301.99786437196315
1,7130,323.7828946976467
1,7131,298.64873295564144
1,7132,77.45547040744341
1,7133,399.77056042290883
1,7134,41.97586763585406
1,7135,210.37607141555384
1,7136,26.7494760257923
1,7137,36.89088251171292
1,7138,231.1362267682039
1,7139,228.48535244975287
1,7140,39.23818859014956
1,7141,268.63412565879923
1,7142,77.86724065038922
1,7143,227.42023117726745
1,7144,403.61447376079485
1,7145,272.50049552373605
1,7146,139.1206818330842
1,7147,60.26260246146725
1,7148,353.1632614374128
1,7149,238.64658804413085
1,7150,306.7409257601754
1,7151,34.1166151336833
1,7152,377.949062118258
1,7153,254.64354437530028
1,7154,217.56515292033058
1,7155,168.54271718610764
1,7156,212.14811408837812
1,7157,275.71628340518413
1,7158,255.05899859186047
1,7159,137.20185113291313
1,7160,275.07645782550765
1,7161,270.6717549596734
1,7162,27.14024387949356
1,7163,154.02279517060836
1,7164,218.68539810637216
1,7165,241.80224209228362
1,7166,315.68882645087837
1,7167,172.209842678156
1,7168,57.33158076217208
1,7169,260.3014939832768
1,7170,30.994828430521434
1,7171,55.7687144163186
1,7172,241.68655330760373
1,7173,36.990441276538014
1,7174,246.74118508471562
1,7175,252.4088561664754
1,7176,23.985128344324515
1,7177,175.282014250572
1,7178,319.51740871602044
1,7179,44.97646773515743
1,7180,207.51920959331127
1,7181,57.905354004679644
1,7182,238.64049832397467
1,7183,56.999055869757925
1,7184,370.6177404400438
1,7185,199.68272661363926
1,7186,45.36353751531484
1,7187,266.13210443842496
1,7188,263.0108995093035
1,7189,35.346031991594515
1,7190,26.43964439014791
1,7191,233.48458816077658
1,7192,162.26258096364674
1,7193,263.66800283974777
1,7194,244.12417457609712
1,7195,217.89038547910556
1,7196,312.4668186641124
1,7197,170.18255543456084
1,7198,18.607398091778677
1,7199,177.5693191735233
1,7200,253.3224256488178
1,7201,337.2568126820404
1,7202,172.19905302297607
1,7203,299.1684036812634
1,7204,240.24617394698794
1,7205,40.33847736154255
1,7206,110.97786435365109
1,7207,28.04172442043384
1,7208,78.70165330148826
1,7209,352.4158732202104
1,7210,377.44597255797873
1,7211,223.69966811341072
1,7212,40.75282313967043
1,7213,124.98372434042548
1,7214,26.431395118887796
1,7215,356.50763002163546
1,7216,42.98811558927804
1,7217,174.82455686679975
1,7218,231.08730051783982
1,7219,278.37671358628154
1,7220,172.5286775547222
1,7221,318.49505382166285
1,7222,310.74938201095847
1,7223,42.94377006367749
1,7224,20.129559097994893
1,7225,306.1072638026569
1,7226,43.127346619403134
1,7227,34.23127844020239
1,7228,236.2339029389123
1,7229,31.394543791694176
1,7230,378.40662153838235
1,7231,31.39736905185653
1,7232,296.10520556036374
1,7233,246.78267826149312
1,7234,248.13335881452076
1,7235,102.23187424811688
1,7236,281.8645986388543
1,7237,4.939991356153819
1,7238,328.468124089889
1,7239,102.02373180371801
1,7240,198.92722298281143
1,7241,151.4211493813978
1,7242,78.94586863898445
1,7243,331.5236359627998
1,7244,28.326676193300962
1,7245,125.62739051973738
1,7246,293.59973779062256
1,7247,102.00756416303197
1,7248,385.3005355043965
1,7249,37.80818035492768
1,7250,248.91737921151105
1,7251,253.67819031056135
1,7252,159.7439733831502
1,7253,215.5587733298043
1,7254,352.314542635179
1,7255,245.92032421998354
1,7256,87.01180830496806
1,7257,268.2954540583123
1,7258,259.52274878570427
1,7259,46.00495124091792
1,7260,194.70046202406354
1,7261,36.06520092701552
1,7262,291.9761127981475
1,7263,291.29922121474175
1,7264,127.27597192233304
1,7265,431.32995575675966
1,7266,146.77099149812955
1,7267,325.79045045357105
1,7268,337.7465800538838
1,7269,346.0687277640026
1,7270,256.12021612890635
1,7271,43.07839775167272
1,7272,106.59295321950003
1,7273,239.41841928077002
1,7274,233.76278081698678
1,7275,77.44504239456224
1,7276,245.66295412657482
1,7277,116.81118389008448
1,7278,285.2054886311382
1,7279,258.04249357644335
1,7280,201.85058215849023
1,7281,58.411677989346
1,7282,28.599938918874557
1,7283,383.21129319887086
1,7284,271.9767461978239
1,7285,28.94952281911134
1,7286,282.73514809192176
1,7287,78.37813696926237
1,7288,352.36997135454794
1,7289,311.8471941356446
1,7290,43.43011797566666
1,7291,251.78802597601202
1,7292,151.4567170484426
1,7293,273.95548489782686
1,7294,29.0666859413482
1,7295,240.18047269063837
1,7296,26.589315699171383
1,7297,463.6703561197789
1,7298,43.23679721298649
1,7299,195.4680369725083
1,7300,193.1495444032273
1,7301,131.9236816032571
1,7302,240.5637774769319
1,7303,303.67011747877376
1,7304,29.00863936198724
1,7305,349.6923723832001
1,7306,157.71205728676017
1,7307,326.8123385704519
1,7308,258.4218926539047
1,7309,126.59470164039655
1,7310,160.17581676436055
1,7311,102.07686693178466
1,7312,306.9623087099809
1,7313,392.91790738988067
1,7314,43.42511889274063
1,7315,315.4491681040586
1,7316,30.82170192520848
1,7317,78.61089058138029
1,7318,322.00884195589094
1,7319,118.66876789283523
1,7320,113.07666514954968
1,7321,102.44039223105904
1,7322,163.71386151429914
1,7323,233.6822059555453
1,7324,20.019431270026764
1,7325,276.1246236879665
1,7326,78.58866520143644
1,7327,396.7458338515757
1,7328,28.856595651611062
1,7329,73.77837374253387
1,7330,120.27666395967827
1,7331,28.813783342634967
1,7332,117.06307742532312
1,7333,34.155409727897904
1,7334,77.99155911098518
1,7335,270.7559571558456
1,7336,27.803054615092687
1,7337,277.9591446997871
1,7338,353.675678649862
1,7339,118.06177290266035
1,7340,49.71635757313547
1,7341,262.2616138284649
1,7342,250.33231549672422
1,7343,43.1563846472278
1,7344,282.34535472077596
1,7345,20.081288658387273
1,7346,315.015435446296
1,7347,32.074079947973324
1,7348,115.47684922940343
1,7349,404.0241751432553
1,7350,356.29513303331316
1,7351,42.38293136354026
1,7352,183.53667883177786
1,7353,106.63752971698091
1,7354,281.7342395593166
1,7355,37.03217240369615
1,7356,264.1014771907437
1,7357,42.4776197790676
1,7358,277.30081656279174
1,7359,27.99793057309511
1,7360,203.05057252534982
1,7361,225.8429945549803
1,7362,374.46699761094044
1,7363,357.3945472231485
1,7364,43.3099038429076
1,7365,278.6445439965988
1,7366,254.09385227270815
1,7367,269.6183187445366
1,7368,354.18749368081325
1,7369,140.89351333087671
1,7370,323.95029344384835
1,7371,46.32527727008142
1,7372,384.3141845268873
1,7373,54.61656720577962
1,7374,321.37127962556474
1,7375,33.6156086868387
1,7376,250.04349754212228
1,7377,36.541524278376976
1,7378,87.13340433824726
1,7379,260.56370947289975
1,7380,49.51405084244912
1,7381,42.57041288047467
1,7382,77.79187327650966
1,7383,184.7793949196883
1,7384,36.98517277534753
1,7385,113.14689659189054
1,7386,28.667889728648024
1,7387,267.4122517815348
1,7388,92.38199448953151
1,7389,77.81229099552175
1,7390,290.0380245605974
1,7391,117.77095652284092
1,7392,32.52319938760482
1,7393,317.42034197719886
1,7394,289.42126390457014
1,7395,46.50017144799476
1,7396,118.24626115933512
1,7397,29.15344293572656
1,7398,258.2218530111553
1,7399,228.52830284474564
1,7400,129.89195045922875
1,7401,382.9448297143091
1,7402,37.08456050260129
1,7403,79.5854998212525
1,7404,336.92947955930674
1,7405,273.29594269441486
1,7406,61.947490127752175
1,7407,264.5960076273013
1,7408,41.050711449240225
1,7409,209.8420228902109
1,7410,37.194429509330725
1,7411,286.53075470002534
1,7412,333.1896515507787
1,7413,40.802478681039474
1,7414,375.88309303896665
1,7415,40.80530298752751
1,7416,200.2747042906658
1,7417,290.347316643771
1,7418,354.234134966748
1,7419,44.28461565230462
1,7420,249.7606431519513
1,7421,129.90814662273598
1,7422,41.36415849767914
1,7423,325.5943260880935
1,7424,33.10642219065649
1,7425,305.093840332001
1,7426,30.911953281467866
1,7427,285.4308403826358
1,7428,119.04547260045734
1,7429,7.989657199205301
1,7430,287.15630099479085
1,7431,314.3527897390752
1,7432,277.9772124035618
1,7433,37.187617532345456
1,7434,61.35213024786371
1,7435,305.9194617264396
1,7436,273.66894270731495
1,7437,64.37289387656497
1,7438,278.58289102131107
1,7439,128.536567929759
1,7440,110.93120737777915
1,7441,441.7697644717076
1,7442,79.28955005575803
1,7443,32.77760967606344
1,7444,302.60665579901325
1,7445,186.05389342520664
1,7446,347.21205468036374
1,7447,28.63165367777142
1,7448,288.4530403050431
1,7449,159.2485080277225
1,7450,284.0191384996598
1,7451,40.67310224435188
1,7452,281.34419901133685
1,7453,267.20579537145784
1,7454,359.87600780797203
1,7455,437.3584313785816
1,7456,351.51398064959346
1,7457,46.0611991636298
1,7458,133.6407714512009
1,7459,70.78143385908285
1,7460,215.59017401439382
1,7461,150.90851813972444
1,7462,301.01803613936596
1,7463,48.37056677692067
1,7464,244.89835186834065
1,7465,82.48765966756108
1,7466,287.07645184055957
1,7467,40.09722528623258
1,7468,272.944797089505
1,7469,244.42912187915067
1,7470,46.78113355013909
1,7471,388.96230492220286
1,7472,219.1066402040164
1,7473,239.63936085919062
1,7474,355.31495731369114
1,7475,27.741314198675337
1,7476,293.74090804004
1,7477,314.83438754129867
1,7478,226.9075071357654
1,7479,486.82342160834355
1,7480,130.67230001012143
1,7481,304.60328435780707
1,7482,38.690324674471604
1,7483,280.4979065589664
1,7484,235.63813477930233
1,7485,115.75666028279961
1,7486,36.76610414272808
1,7487,289.8660835345677
1,7488,244.2477793193811
1,7489,269.7493484515628
1,7490,230.15824003146375
1,7491,17.99071980694367
1,7492,330.00055505891737
1,7493,240.0060165653537
1,7494,28.071653529445534
1,7495,298.2732142783975
1,7496,289.7300431601849
1,7497,188.44258113739798
1,7498,201.8597760788815
1,7499,313.4011065154117
1,7500,395.4563644810837
1,7501,122.48856200016904
1,7502,28.993540588042958
1,7503,370.3341502877905
1,7504,43.09572997515575
1,7505,325.8971747195436
1,7506,29.250535105194377
1,7507,333.83235289645165
1,7508,29.25336036535673
1,7509,50.99023716175799
1,7510,287.5054878612775
1,7511,287.6676802181232
1,7512,33.28547352761834
1,7513,159.62369530026112
1,7514,33.58161665428069
1,7515,266.97714692030854
1,7516,89.44770006434555
1,7517,118.3498260764224
1,7518,136.270322287695
1,7519,287.55026708310174
1,7520,325.1176429070557
1,7521,60.24012269830953
1,7522,33.246993941953605
1,7523,76.94344977052945
1,7524,362.9601678197363
1,7525,43.17448190618006
1,7526,293.1519881334825
1,7527,173.58837061049047
1,7528,323.28511463127165
1,7529,64.51233600011287
1,7530,273.6524859943052
1,7531,189.7537814742763
1,7532,376.49980391618845
1,7533,119.5014712021833
1,7534,41.28562428487166
1,7535,357.54137777526694
1,7536,132.5803010289612
1,7537,400.0800486949522
1,7538,298.32007492607454
1,7539,188.1784065648623
1,7540,388.6451202324139
1,7541,74.21566074414525
1,7542,372.35136841112626
1,7543,22.258935342008243
1,7544,427.6331462506192
1,7545,31.595074016508256
1,7546,371.5733073002283
1,7547,262.69286030856455
1,7548,254.83774714138417
1,7549,351.02810721891126
1,7550,240.14553485465967
1,7551,27.030803787034184
1,7552,243.22148573505524
1,7553,271.67807460778477
1,7554,50.51003396816867
1,7555,272.79207457730024
1,7556,150.63383673817003
1,7557,151.19749461027249
1,7558,297.7429853159895
1,7559,386.48487220009815
1,7560,50.35841821349059
1,7561,148.1124715428213
1,7562,274.51328131510354
1,7563,215.60268001266914
1,7564,260.02679690975265
1,7565,25.877976652225964
1,7566,247.7044958050924
1,7567,134.48059760622144
1,7568,40.00514728448569
1,7569,34.97152668931404
1,7570,294.58037460426124
1,7571,40.02992137992911
1,7572,227.26917616986773
1,7573,363.8595729203586
1,7574,18.724340195528033
1,7575,277.01297491170374
1,7576,41.726380489449426
1,7577,328.97125589734173
1,7578,63.13377849832533
1,7579,268.51764542574523
1,7580,40.01412608222235
1,7581,327.21574761189356
1,7582,134.33885843410684
1,7583,229.83533507744733
1,7584,304.06260276379066
1,7585,32.64997771313956
1,7586,230.17890470707593
1,7587,278.10699325988236
1,7588,59.87028928931519
1,7589,225.76192612663453
1,7590,103.63145266704036
1,7591,279.62599838385484
1,7592,259.1860035499551
1,7593,42.39791066263827
1,7594,256.9723886616016
1,7595,196.15631432248014
1,7596,218.82431457635954
1,7597,265.45791633973766
1,7598,69.0180554917355
1,7599,350.6673192964474
1,7600,43.26683780944065
1,7601,217.03280289312903
1,7602,42.63213141663992
1,7603,308.6099960158016
1,7604,234.8304123526254
1,7605,276.8670954167186
1,7606,27.08666722926944
1,7607,268.98254215508217
1,7608,129.0888429913671
1,7609,337.63424124188595
1,7610,40.719072186776536
1,7611,371.36045119638715
1,7612,32.64637151081404
1,7613,326.87267121083335
1,7614,305.57734804124266
1,7615,351.9563228543302
1,7616,226.91469212911952
1,7617,76.81053943079499
1,7618,42.13945754837739
1,7619,280.92806045633506
1,7620,42.95136092148776
1,7621,439.75432960505304
1,7622,190.50931557628826
1,7623,262.03507985780766
1,7624,42.61735246510733
1,7625,273.3867595077319
1,7626,104.93607380197051
1,7627,148.52198825818286
1,7628,275.08657252334365
1,7629,230.52823502445278
1,7630,418.4369174684706
1,7631,26.54831286873234
1,7632,113.51710463975738
1,7633,328.0570963702566
1,7634,332.9647971710675
1,7635,439.78358489893833
1,7636,373.78633687414276
1,7637,423.856825709287
1,7638,342.63418433121967
1,7639,37.94784164934032
1,7640,322.82226478826885
1,7641,51.52825714175681
1,7642,327.5364759492235
1,7643,196.53452614208823
1,7644,311.6255568996823
1,7645,74.49830154711455
1,7646,212.7764347524822
1,7647,254.53212722634123
1,7648,37.130171814825026
1,7649,251.12523905415725
1,7650,327.1480806618109
1,7651,53.0230221834708
1,7652,319.97064779481315
1,7653,48.78559448193745
1,7654,146.22220192110126
1,7655,317.3497149321745
1,7656,371.83865427768785
1,7657,318.1538448234706
1,7658,171.32919365774552
1,7659,41.51212235624109
1,7660,103.5609322747413
1,7661,41.42899237662719
1,7662,234.4789347300556
1,7663,278.7258759933467
1,7664,298.6369759294299
1,7665,137.404145353122
1,7666,343.4989448819981
1,7667,37.08788040712933
1,7668,230.08453600602087
1,7669,149.00463334957527
1,7670,299.5312886648395
1,7671,41.47119151231213
1,7672,268.1198895694985
1,7673,44.086843521132764
1,7674,197.98784007235128
1,7675,27.84078273020142
1,7676,282.85664645430353
1,7677,293.1059221473259
1,7678,369.61653820136854
1,7679,376.03358043774995
1,7680,341.3054863722133
1,7681,236.75173609674943
1,7682,91.84452122148522
1,7683,278.2178884637344
1,7684,366.11451843413295
1,7685,338.7041977081361
1,7686,42.184815517159905
1,7687,355.85881618713836
1,7688,22.932617090731327
1,7689,303.4147855504151
1,7690,240.96132786271676
1,7691,29.27032802218162
1,7692,252.54716640731306
1,7693,412.4627671166575
1,7694,192.1893767138804
1,7695,320.76167227300505
1,7696,353.2282412635701
1,7697,323.00004438981443
1,7698,331.08100208857877
1,7699,155.35500478945644
1,7700,164.75171453498064
1,7701,363.97402418614143
1,7702,220.50255319483145
1,7703,295.87632207685556
1,7704,260.28990889296017
1,7705,128.63155112588868
1,7706,326.4277366532033
1,7707,38.011380364934624
1,7708,307.52074209881226
1,7709,276.464438442334
1,7710,278.1009637745814
1,7711,354.22245534169224
1,7712,340.04032305362637
1,7713,50.934077170382494
1,7714,272.44372898039524
1,7715,78.99753463194389
1,7716,317.01640139526796
1,7717,49.72160620410891
1,7718,291.9535567602623
1,7719,74.2655870726328
1,7720,317.93487452990996
1,7721,261.44440688637314
1,7722,54.56821139953429
1,7723,374.0966828623304
1,7724,282.1975242256686
1,7725,302.97088078867944
1,7726,324.1559221599824
1,7727,343.6361173486086
1,7728,45.07309087110866
1,7729,278.8512447634353
1,7730,39.449356744327446
1,7731,275.69615957205446
1,7732,342.21518909600184
1,7733,41.426768436802405
1,7734,178.69521916344107
1,7735,266.1391202027353
1,7736,47.65966323510503
1,7737,208.56563337346273
1,7738,41.480439495242294
1,7739,428.0318793125988
1,7740,41.40199766054057
1,7741,300.01342844186433
1,7742,67.79139920910637
1,7743,369.2234474500453
1,7744,45.813258485171296
1,7745,179.1113036210889
1,7746,365.88915658859
1,7747,353.3993311019572
1,7748,44.69670283490896
1,7749,42.886865811182325
1,7750,322.34505985766503
1,7751,42.349627167155674
1,7752,275.3085310072312
1,7753,42.326619297435215
1,7754,107.67741873100883
1,7755,403.17727359014395
1,7756,46.500993264546295
1,7757,418.69480490612557
1,7758,45.765946027662956
1,7759,309.29586763299665
1,7760,136.10769442529025
1,7761,279.25575244167885
1,7762,269.87400931233645
1,7763,276.57192447598993
1,7764,103.68656632224193
1,7765,214.88448033908452
1,7766,320.91999621035325
1,7767,41.85043504245965
1,7768,304.4213423650332
1,7769,246.80927706703912
1,7770,335.7411164963372
1,7771,134.92835270635535
1,7772,63.37585102959776
1,7773,351.57132241875
1,7774,267.77583758331457
1,7775,26.508368131445426
1,7776,196.03656107665455
1,7777,243.18847070215656
1,7778,306.3632001109454
1,7779,145.30791524742025
1,7780,29.13631024678311
1,7781,342.54601062908444
1,7782,134.7868237518669
1,7783,277.9234827391728
1,7784,269.0078642308399
1,7785,274.83492811651433
1,7786,209.1835828702574
1,7787,333.668445413059
1,7788,104.46310654439566
1,7789,180.86213809043076
1,7790,42.103022875073464
1,7791,249.05821378206946
1,7792,42.055107631081924
1,7793,317.7594643942398
1,7794,29.116259499109393
1,7795,42.018860377663955
1,7796,283.5220515340951
1,7797,288.85734434647964
1,7798,264.11839295752054
1,7799,356.7246737088293
1,7800,129.6801927260079
1,7801,302.15059966115916
1,7802,37.05323296288754
1,7803,335.7370511886771
1,7804,72.25884176367725
1,7805,251.32083099619848
1,7806,265.12796019798424
1,7807,308.46719846446246
1,7808,245.83200811386132
1,7809,369.09830480570577
1,7810,432.9550760175577
1,7811,270.84438107998295
1,7812,386.69308663933646
1,7813,468.0565575538318
1,7814,308.9181029316001
1,7815,256.28585926610685
1,7816,51.43281465302606
1,7817,319.12091047555714
1,7818,50.71973028470134
1,7819,272.1494550092046
1,7820,279.8323179334508
1,7821,311.74420852320213
1,7822,37.24491765753057
1,7823,340.5636840318152
1,7824,309.2102893618926
1,7825,248.30095010031988
1,7826,329.9891473907369
1,7827,361.92233696014415
1,7828,82.26318553221853
1,7829,60.630536658088914
1,7830,44.92633813358997
1,7831,258.95779963112085
1,7832,252.70847046607986
1,7833,293.0068662911631
1,7834,260.58578646192257
1,7835,368.99038772592036
1,7836,284.1151221534011
1,7837,241.75420886656406
1,7838,354.22853074233285
1,7839,28.68104056663025
1,7840,276.684343606871
1,7841,309.79337618606434
1,7842,348.534872788502
1,7843,298.7449202908423
1,7844,329.1005057389624
1,7845,41.16515550508403
1,7846,262.15367229444183
1,7847,369.1978380441109
1,7848,67.56673547467034
1,7849,262.81354053336486
1,7850,397.6930303264967
1,7851,378.4920550417901
1,7852,374.2505737322783
1,7853,385.75349382271725
1,7854,68.45916871922869
1,7855,344.82098652135335
1,7856,343.7519723348327
1,7857,310.88276902662403
1,7858,70.33338329041042
1,7859,254.9093006370437
1,7860,264.5500707215787
1,7861,336.7983747130208
1,7862,301.16272283636056
1,7863,29.38625483205506
1,7864,325.65534652051986
1,7865,42.13380137944461
1,7866,328.14957407086627
1,7867,344.61865870478385
1,7868,364.3691145189116
1,7869,28.591721196131246
1,7870,21.414622076203226
1,7871,302.4705155638569
1,7872,41.61359241016595
1,7873,286.5158086862537
1,7874,262.3617181796145
1,7875,366.1593928758333
1,7876,189.03033979548943
1,7877,397.9623793854841
1,7878,191.86431617148935
1,7879,276.5281361487892
1,7880,37.53038480864638
1,7881,150.03516395108818
1,7882,324.3734100707318
1,7883,109.45996507559369
1,7884,220.48142266202765
1,7885,265.5472884222041
1,7886,140.3906920213198
1,7887,43.703847949001265
1,7888,329.5326498587872
1,7889,329.7395961635317
1,7890,266.88396772614686
1,7891,146.02717697287343
1,7892,213.78523644519558
1,7893,109.0618540944061
1,7894,218.97754989155777
1,7895,274.8341776381968
1,7896,44.28940064477842
1,7897,298.1844268216697
1,7898,41.12767517072497
1,7899,260.6805372503442
1,7900,42.39074455380871
1,7901,100.66076469460484
1,7902,260.7692790057179
1,7903,299.2069095196454
1,7904,187.784344844861
1,7905,304.1363442822086
1,7906,244.94203189875424
1,7907,69.13801779501408
1,7908,263.0514445265279
1,7909,292.84629121082764
1,7910,75.73448033665679
1,7911,288.13496097488644
1,7912,274.4589411345458
1,7913,343.68133680628273
1,7914,263.74813610291676
1,7915,273.529829469071
1,7916,41.69725127892198
1,7917,430.3029319064722
1,7918,45.532084229396
1,7919,268.7002453157798
1,7920,37.190248623642056
1,7921,247.7767546706342
1,7922,217.7084677614207
1,7923,321.15388778302923
1,7924,41.988439502165306
1,7925,265.0450798051099
1,7926,644.2763256882845
1,7927,524.912142529334
1,7928,373.76435214732805
1,7929,419.14497193048703
1,7930,23.800760190464274
1,7931,486.9507824273553
1,7932,354.4689512594413
1,7933,375.2653101066548
1,7934,318.9684876004907
1,7935,385.3727261192773
1,7936,74.72763816565119
1,7937,51.88939404390847
1,7938,517.3906158927566
1,7939,285.3388263958891
1,7940,370.18674737623326
1,7941,360.31234599595257
1,7942,303.5025057554747
1,7943,310.53982173549423
1,7944,327.679380301425
1,7945,201.87752872990393
1,7946,328.7452909620729
1,7947,242.38135681828126
1,7948,487.43400404643376
1,7949,298.2884763458749
1,7950,285.00077576529014
1,7951,345.850497898142
1,7952,36.032423139924454
1,7953,315.52865099184606
1,7954,310.0603294670017
1,7955,318.4808312875674
1,7956,502.41541414059867
1,7957,209.07164375707254
1,7958,231.0388265214063
1,7959,330.17163079513335
1,7960,20.5052176789728
1,7961,149.40721842445018
1,7962,278.3269388480352
1,7963,344.3799425266046
1,7964,371.3299132580123
1,7965,271.2325083578467
1,7966,314.16907405546596
1,7967,294.3463666758621
1,7968,43.41227377726743
1,7969,39.565421908680904
1,7970,486.5599109898062
1,7971,180.8488744549121
1,7972,295.696790465169
1,7973,388.115247377291
1,7974,28.778553362800327
1,7975,362.68260894810703
1,7976,44.02202371364267
1,7977,136.15917946253316
1,7978,251.76975970706192
1,7979,254.86310958293853
1,7980,266.03208490767975
1,7981,44.48486193759522
1,7982,316.66804276050607
1,7983,74.23371465693748
1,7984,354.88724142445847
1,7985,343.03744179382386
1,7986,51.309194196182816
1,7987,50.81209833470077
1,7988,534.0006175613138
1,7989,310.7238860257361
1,7990,50.20018032964108
1,7991,326.24835767103946
1,7992,305.5616133873234
1,7993,361.77034112506544
1,7994,37.09440473952599
1,7995,293.66414419130047
1,7996,47.83805520340295
1,7997,366.36853648802236
1,7998,158.4665526362021
1,7999,315.12771800999343
1,8000,314.3357208908078
1,8001,311.6121874519215
1,8002,272.84522880633523
1,8003,486.811821961162
1,8004,344.18119677616636
1,8005,419.55518982235077
1,8006,326.43346667760693
1,8007,523.7954088843726
1,8008,28.852269517409926
1,8009,268.9260425603818
1,8010,39.594059746915235
1,8011,335.1650627414111
1,8012,337.57123651149595
1,8013,26.43207225346638
1,8014,274.86659323177236
1,8015,36.40991819960787
1,8016,263.69808557837035
1,8017,146.18185037554485
1,8018,250.58081891762413
1,8019,42.11997777509298
1,8020,324.4736046886538
1,8021,42.02171121519912
1,8022,303.0656727463572
1,8023,29.028951552978313
1,8024,42.7489876411252
1,8025,382.93694875101954
1,8026,190.22167027597266
1,8027,357.3464171169585
1,8028,253.98898620936615
1,8029,270.72520216253093
1,8030,318.4822513714207
1,8031,326.9461552568069
1,8032,433.7424386514142
1,8033,51.65156739752595
1,8034,382.08225873707727
1,8035,51.90771722977851
1,8036,50.45683268483517
1,8037,375.3117667293286
1,8038,74.95755975970569
1,8039,360.66964208993693
1,8040,329.9975290694149
1,8041,53.9862550301582
1,8042,311.8885430091564
1,8043,302.8736714943541
1,8044,43.17799533128275
1,8045,265.3589601017499
1,8046,50.32101084507052
1,8047,376.92685018944803
1,8048,341.21652426374084
1,8049,343.96710757119354
1,8050,360.94529133164156
1,8051,185.73101057908985
1,8052,353.24593872098364
1,8053,335.43187821167123
1,8054,279.3060540086792
1,8055,316.42918487655504
1,8056,323.5597801974873
1,8057,222.13635247161943
1,8058,10.955536701812461
1,8059,170.66430331653697
1,8060,283.89775242458603
1,8061,325.6616959640727
1,8062,45.448962541180265
1,8063,205.83853245207402
1,8064,356.01463212194153
1,8065,29.245785309772057
1,8066,325.03864286125236
1,8067,67.17848213268704
1,8068,330.92190231525626
1,8069,278.16470399307434
1,8070,145.3580879216819
1,8071,42.87874692653655
1,8072,260.0153441065885
1,8073,45.134713713891784
1,8074,326.8921106349993
1,8075,271.346044896416
1,8076,355.08385105318985
1,8077,343.65296302129565
1,8078,105.72926751549147
1,8079,330.6815724961076
1,8080,538.874982349761
1,8081,303.08853063736944
1,8082,268.9844028685934
1,8083,75.02738444859997
1,8084,262.0215332480604
1,8085,309.18766468385115
1,8086,335.09480235262555
1,8087,331.56845959361266
1,8088,42.324292040163684
1,8089,258.7469438895384
1,8090,272.739482985877
1,8091,50.997539578023265
1,8092,291.2183024287093
1,8093,36.64960282047315
1,8094,49.69497004180984
1,8095,324.52668780913916
1,8096,199.54330683785713
1,8097,28.582492925330527
1,8098,40.873908565594945
1,8099,195.99584277309992
1,8100,143.9831619937383
1,8101,35.29796327667068
1,8102,268.427785989294
1,8103,248.3603478020051
1,8104,41.68163581206899
1,8105,312.29330856259025
1,8106,14.699930622702345
1,8107,41.672909994508146
1,8108,299.7792248442455
1,8109,28.583006587657632
1,8110,296.9353166264357
1,8111,386.06684494668536
1,8112,137.60747727028996
1,8113,353.2238985909145
1,8114,41.74408803564529
1,8115,275.65597640208574
1,8116,259.19387934471473
1,8117,411.31425654037923
1,8118,209.0238381059788
1,8119,284.91532700218954
1,8120,354.4763386606326
1,8121,146.42281556729307
1,8122,320.79090773875
1,8123,42.35843039530393
1,8124,465.2128479718655
1,8125,29.501123672952897
1,8126,42.67078741630195
1,8127,328.14050872560665
1,8128,390.0024361592327
1,8129,164.20443855425899
1,8130,288.4888642578857
1,8131,251.69645517167322
1,8132,358.24697175485414
1,8133,42.89226829261996
1,8134,273.14521477273405
1,8135,68.88653886733451
1,8136,332.85873952901306
1,8137,277.62304854753893
1,8138,136.11260547928765
1,8139,315.4380477893786
1,8140,327.97439327075574
1,8141,223.09802520903662
1,8142,300.991400962757
1,8143,194.04218656257916
1,8144,464.50413146899655
1,8145,345.17371597081126
1,8146,461.0884428529886
1,8147,473.558218347689
1,8148,347.0216512477152
1,8149,43.08080616436381
1,8150,334.63700993845123
1,8151,299.12757777900777
1,8152,322.80530364626776
1,8153,400.91953601655393
1,8154,49.109746161766374
1,8155,349.44542053405365
1,8156,300.5045815876882
1,8157,309.82341271442203
1,8158,346.15073364328714
1,8159,362.04430719255083
1,8160,192.35594043191335
1,8161,346.03964131959106
1,8162,342.72887731759096
1,8163,218.91007774474247
1,8164,334.33992810025825
1,8165,264.3137649604669
1,8166,225.4481036534005
1,8167,336.6830556025232
1,8168,59.193910576986845
1,8169,276.24978442994876
1,8170,356.97435770086383
1,8171,224.43141780223743
1,8172,315.6274036619277
1,8173,51.48277319254164
1,8174,30.202740247887753
1,8175,71.11175438218713
1,8176,109.78221803537525
1,8177,292.3985119986087
1,8178,289.7758453686213
1,8179,50.73023972143493
1,8180,277.8173019237918
1,8181,49.76798456325659
1,8182,311.58143665227533
1,8183,240.91349823649375
1,8184,239.45421327805926
1,8185,17.8394993921129
1,8186,296.85610200086956
1,8187,44.916716972804025
1,8188,297.7418649928072
1,8189,41.477261385236375
1,8190,262.0606027901292
1,8191,22.08773629877995
1,8192,276.7111108628693
1,8193,231.86331387766148
1,8194,275.23588584211984
1,8195,268.5752288051053
1,8196,82.28258941299089
1,8197,172.3942320704503
1,8198,39.539205203252756
1,8199,359.1581625214799
1,8200,347.14546656498277
1,8201,12.384276306114709
1,8202,290.72234367893606
1,8203,56.02090139621127
1,8204,47.59889062320263
1,8205,157.17000337185902
1,8206,29.02652799346398
1,8207,200.78036955272842
1,8208,41.16675213348458
1,8209,286.9016762988067
1,8210,44.74243638159659
1,8211,279.0236743805451
1,8212,188.69715502530033
1,8213,344.33811360804737
1,8214,41.93612562803584
1,8215,269.9766204045783
1,8216,195.9113575114744
1,8217,282.49891491450376
1,8218,70.94434702583602
1,8219,269.77888306726834
1,8220,42.50980944535268
1,8221,70.94717180916122
1,8222,294.73144547155596
1,8223,104.28522202152479
1,8224,269.20113159022435
1,8225,136.57893349409122
1,8226,38.46504092031251
1,8227,281.3988058900485
1,8228,291.0042654405127
1,8229,287.5415141601799
1,8230,393.6201925895738
1,8231,259.56187808537686
1,8232,29.736064804580806
1,8233,236.65155127853424
1,8234,297.7608616733411
1,8235,403.375514007163
1,8236,259.6293511688684
1,8237,42.778340038404366
1,8238,262.98989421116676
1,8239,30.053714521780133
1,8240,268.793578814395
1,8241,255.07636500927174
1,8242,24.90756859206304
1,8243,318.7255879593009
1,8244,42.723401760495165
1,8245,275.610354332616
1,8246,829.2334621545031
1,8247,456.16421766352295
1,8248,253.21791078966749
1,8249,451.40303924495987
1,8250,265.2683306172466
1,8251,224.03541507084168
1,8252,338.96036919840435
1,8253,214.7455305415287
1,8254,272.81720226165316
1,8255,51.6151766463568
1,8256,206.89871337169652
1,8257,196.7746755774491
1,8258,389.2224481623093
1,8259,323.2430652032516
1,8260,50.747946115630484
1,8261,335.8109664233832
1,8262,347.2215374390187
1,8263,74.26025367223335
1,8264,334.981190495409
1,8265,349.96310713446815
1,8266,41.235272869955054
1,8267,253.1290390075134
1,8268,341.7208572983257
1,8269,30.229244425447487
1,8270,312.396771132068
1,8271,375.8531989810748
1,8272,373.93530365849466
1,8273,313.6040531322719
1,8274,316.52435312034004
1,8275,50.71291232595682
1,8276,272.23579517559205
1,8277,48.09472918772894
1,8278,348.9354520564697
1,8279,267.4786356989973
1,8280,313.34390580316074
1,8281,315.36794736739637
1,8282,352.5538734573513
1,8283,40.57416908792544
1,8284,260.8694748236277
1,8285,301.9028564707146
1,8286,28.669503414000452
1,8287,295.93864770317805
1,8288,285.4535888731796
1,8289,64.80517963944003
1,8290,267.6410923450616
1,8291,36.22165477029739
1,8292,260.9142025720097
1,8293,200.42876694290158
1,8294,66.51512128338192
1,8295,216.99636172287813
1,8296,40.734114902818696
1,8297,225.60605669084492
1,8298,199.2639077837874
1,8299,297.7996203640372
1,8300,41.32993785607998
1,8301,261.43818632293505
1,8302,308.05138782904464
1,8303,40.06450400118746
1,8304,242.91510398629288
1,8305,365.16630300169874
1,8306,41.04866557093424
1,8307,280.04076177337595
1,8308,276.585553135562
1,8309,351.19783846788494
1,8310,41.05444007952229
1,8311,205.38584688948112
1,8312,262.5793727594065
1,8313,219.75484829624105
1,8314,103.51742275585832
1,8315,215.67066626617412
1,8316,322.62093603555724
1,8317,350.31866067908834
1,8318,45.47627621030254
1,8319,348.3666717758909
1,8320,63.49843322394993
1,8321,145.98329312117278
1,8322,341.21840207446587
1,8323,41.96171417730615
1,8324,314.72536403504614
1,8325,44.142448920142655
1,8326,134.75779808932086
1,8327,115.49767060486568
1,8328,360.0263329689618
1,8329,40.874574002384335
1,8330,139.36151547803104
1,8331,300.05646902121055
1,8332,372.6064863791597
1,8333,306.06340781368203
1,8334,262.26911716826237
1,8335,267.6227405045246
1,8336,369.49456514566134
1,8337,281.2186741987556
1,8338,364.104484673714
1,8339,283.2213526160786
1,8340,313.5471051214339
1,8341,378.1625040731603
1,8342,407.8144987449281
1,8343,38.74256369366906
1,8344,297.86698314789567
1,8345,45.04814762422561
1,8346,362.18189686431464
1,8347,49.04300597532823
1,8348,306.41282741776865
1,8349,184.32847473218962
1,8350,341.52776742277166
1,8351,44.771870004602064
1,8352,189.18265758682685
1,8353,325.64647385225135
1,8354,155.78159437784677
1,8355,293.36876093243524
1,8356,297.79993517669783
1,8357,268.7791883389509
1,8358,19.635655000932616
1,8359,265.71620069602693
1,8360,273.5253547458575
1,8361,344.6616860674132
1,8362,38.04883950280565
1,8363,261.8722454450549
1,8364,294.5723053475954
1,8365,203.791486199615
1,8366,38.385842426027125
1,8367,282.99240978454895
1,8368,290.4357620645899
1,8369,268.7851788107597
1,8370,39.62510782840069
1,8371,398.22592938504295
1,8372,38.45022952177904
1,8373,178.27519642240674
1,8374,332.0900594023691
1,8375,252.55765833826746
1,8376,303.48951177312915
1,8377,43.239439348937196
1,8378,338.23906066668815
1,8379,304.31755376030526
1,8380,29.13243936342824
1,8381,252.192018459736
1,8382,339.2169323021065
1,8383,274.8582388538031
1,8384,326.7564694844942
1,8385,292.9024967387802
1,8386,29.071328628488665
1,8387,281.7318396090242
1,8388,187.55732262585792
1,8389,191.5038292880338
1,8390,210.0580818416368
1,8391,284.4201836086311
1,8392,29.052607333885987
1,8393,311.2345236620107
1,8394,335.06370282308643
1,8395,32.43117940999892
1,8396,276.4693118418522
1,8397,269.45072139386923
1,8398,70.97884299697694
1,8399,317.501223426451
1,8400,331.2240752056136
1,8401,410.590182199154
1,8402,61.99392624000198
1,8403,316.59266513505156
1,8404,146.711989454488
1,8405,323.427196460927
1,8406,50.46997046260254
1,8407,335.48366128799023
1,8408,118.29223988557561
1,8409,39.04724716232715
1,8410,83.91331468550743
1,8411,303.6076252595871
1,8412,49.271086614453566
1,8413,27.1128141286699
1,8414,184.42923309088073
1,8415,281.01594161091384
1,8416,611.6656424017458
1,8417,335.5319170537664
1,8418,36.09318927781576
1,8419,314.5209329341454
1,8420,45.7724695429109
1,8421,218.71906842882657
1,8422,114.8964864132817
1,8423,363.8091733479573
1,8424,43.39903280348041
1,8425,344.43020159895354
1,8426,29.459158041028324
1,8427,300.9734835181058
1,8428,173.61197313661347
1,8429,312.2709210023261
1,8430,43.85379804541175
1,8431,239.67461128731793
1,8432,101.90243604694231
1,8433,292.5914361664122
1,8434,30.416259285778246
1,8435,318.3719463905842
1,8436,149.1802584679897
1,8437,270.08069795832455
1,8438,329.0410237637823
1,8439,331.0003006304579
1,8440,39.05496217042647
1,8441,179.45385044851193
1,8442,322.0613287538521
1,8443,21.915260295639715
1,8444,309.7489931097723
1,8445,304.35067378445535
1,8446,274.17738894375736
1,8447,297.51508560738455
1,8448,44.001579403909595
1,8449,297.23946217901005
1,8450,353.594733192953
1,8451,176.62777480204352
1,8452,337.3457149417683
1,8453,38.76238554555523
1,8454,179.50954312124142
1,8455,319.09742375427555
1,8456,30.393391982540138
1,8457,138.19728572156447
1,8458,320.04731922029055
1,8459,327.36818755235663
1,8460,318.45695339104293
1,8461,298.47871687046063
1,8462,419.11445564740916
1,8463,96.66126534586202
1,8464,282.80409564387907
1,8465,324.26605135813713
1,8466,69.87754794023814
1,8467,310.823210073778
1,8468,50.47884943032302
1,8469,309.1680674698575
1,8470,187.78824670279405
1,8471,342.13656296378394
1,8472,45.42880763844873
1,8473,192.03621408180004
1,8474,321.54398780986685
1,8475,627.0512365749066
1,8476,288.34755898465784
1,8477,279.22917730608657
1,8478,41.34250565714925
1,8479,290.7005790567612
1,8480,71.00223476837854
1,8481,266.9091959953084
1,8482,321.3918204595793
1,8483,152.05127973238342
1,8484,38.913339596448495
1,8485,289.7395161345867
1,8486,257.89385367932437
1,8487,215.1376621574637
1,8488,41.53672208872198
1,8489,261.6964540388509
1,8490,455.261124643833
1,8491,30.53102366786966
1,8492,116.97004189302524
1,8493,189.23713676472994
1,8494,21.810621386311354
1,8495,448.16086925569215
1,8496,514.9887729929246
1,8497,44.61586512990564
1,8498,297.50450545457716
1,8499,298.5338020466876
1,8500,331.68353103928223
1,8501,42.2961702864742
1,8502,180.32207120813237
1,8503,375.3034956596353
1,8504,342.00756652333337
1,8505,319.24577982547055
1,8506,63.03528175084103
1,8507,294.88898083219743
1,8508,292.89555017567295
1,8509,31.066528701207567
1,8510,359.04171120278147
1,8511,202.0864246198684
1,8512,37.3213922617911
1,8513,322.0044081563114
1,8514,237.23442669625769
1,8515,278.73383679887297
1,8516,103.39615776815228
1,8517,190.39366932623858
1,8518,191.37613179132012
1,8519,46.42655929942704
1,8520,428.90008472218864
1,8521,292.2093731156348
1,8522,336.6557626854052
1,8523,322.56744760255674
1,8524,21.865513403340533
1,8525,286.1996597468916
1,8526,30.815977109666832
1,8527,21.865513403340533
1,8528,333.14553852343636
1,8529,238.8705499253856
1,8530,59.46471169046164
1,8531,261.9934921216942
1,8532,237.97687858994408
1,8533,323.3666649467875
1,8534,46.38828141588021
1,8535,21.843288500233843
1,8536,346.89135862478463
1,8537,343.8687362190572
1,8538,276.3570852349009
1,8539,35.225635205546794
1,8540,291.3449578942829
1,8541,39.602398063384754
1,8542,314.5670129482051
1,8543,322.4130790832728
1,8544,257.0056182561614
1,8545,121.72756177474476
1,8546,294.28794423088834
1,8547,103.93761857529256
1,8548,40.37268252895036
1,8549,278.3645648634569
1,8550,40.26720275174832
1,8551,311.45846706327717
1,8552,321.7174355999939
1,8553,294.16929840292863
1,8554,49.995087835149796
1,8555,296.92147114270637
1,8556,262.9346768828516
1,8557,573.4412440902814
1,8558,425.3117787988982
1,8559,74.82019614333505
1,8560,290.3842825538959
1,8561,154.16840559651996
1,8562,331.3182238787999
1,8563,52.835651246937886
1,8564,305.65037399590676
1,8565,329.97054585830847
1,8566,193.57651276600816
1,8567,407.8263942080561
1,8568,329.50428060868614
1,8569,49.04901997787441
1,8570,386.9250654493742
1,8571,325.61103206590286
1,8572,40.253891022999916
1,8573,320.59308860900626
1,8574,369.6251982947542
1,8575,252.56683642198203
1,8576,258.9974219497234
1,8577,146.27857705376442
1,8578,139.15073510415274
1,8579,299.83890922481316
1,8580,144.0264477037736
1,8581,304.7001150177912
1,8582,40.759453144793
1,8583,360.2775132271388
1,8584,31.138891759859316
1,8585,300.5714233962026
1,8586,304.78485862539844
1,8587,66.63635167670523
1,8588,314.67327340720374
1,8589,46.51904850720767
1,8590,294.0610922134127
1,8591,45.411865968404115
1,8592,219.89834964566165
1,8593,280.78563259973237
1,8594,167.23816905221256
1,8595,42.78788532103093
1,8596,317.3343116957178
1,8597,259.30710204985024
1,8598,243.4340791425451
1,8599,436.3185219457881
1,8600,266.8418102547551
1,8601,44.90181927840011
1,8602,351.7759487005966
1,8603,268.3507085534597
1,8604,200.7226279752249
1,8605,219.1943254230658
1,8606,45.14544106840571
1,8607,373.7737666439847
1,8608,315.13175246558126
1,8609,419.10295545200273
1,8610,8.314363356224916
1,8611,347.7475135005719
1,8612,327.8415735374963
1,8613,52.79395530925742
1,8614,172.85724468311867
1,8615,420.32230303053467
1,8616,48.56018711581194
1,8617,338.71268097980186
1,8618,48.251205564279346
1,8619,184.12870793785575
1,8620,48.34062239048666
1,8621,343.8985964299054
1,8622,308.0405716510801
1,8623,66.34873625410658
1,8624,187.27901908775792
1,8625,111.15693209622933
1,8626,247.52206395341562
1,8627,304.60317850172976
1,8628,305.0811343440133
1,8629,163.798397508157
1,8630,319.46200798873986
1,8631,48.324845910806445
1,8632,325.4751529036337
1,8633,325.63450564607115
1,8634,43.22576140646636
1,8635,299.2851581676219
1,8636,181.27118130629236
1,8637,309.5969279452668
1,8638,48.02012607046878
1,8639,319.5351231919105
1,8640,310.35948706422016
1,8641,33.094563467772154
1,8642,42.18919995503458
1,8643,385.0871192382409
1,8644,43.33846557504028
1,8645,181.1502878595978
1,8646,347.9938013662171
1,8647,290.9641801417358
1,8648,538.9704208389991
1,8649,274.98622248031603
1,8650,304.0648146891458
1,8651,375.7823761540419
1,8652,489.42486937296974
1,8653,51.10590450389196
1,8654,29.823411516588955
1,8655,323.2572481013284
1,8656,342.7420565372469
1,8657,41.89232023559629
1,8658,308.846432764262
1,8659,47.54340830066138
1,8660,405.60306454313945
1,8661,309.70699747064185
1,8662,46.76180876389918
1,8663,210.05978779368684
1,8664,39.567893877226695
1,8665,301.0095620999149
1,8666,337.934408483698
1,8667,50.03567252288915
1,8668,315.9259230630118
1,8669,187.28575040470548
1,8670,347.4887899377218
1,8671,40.08493496888858
1,8672,276.2305210790613
1,8673,356.9556024846594
1,8674,321.52517244465076
1,8675,155.45330682702365
1,8676,39.886201044521066
1,8677,240.99788604467932
1,8678,263.01387673575397
1,8679,72.72044387837616
1,8680,376.67220156690746
1,8681,322.0417312862782
1,8682,396.2149973792588
1,8683,47.4824274197686
1,8684,209.04692888373916
1,8685,343.48780624234416
1,8686,307.66688310946535
1,8687,198.69062436562479
1,8688,336.86791501503404
1,8689,37.6562005320284
1,8690,143.75841287650672
1,8691,285.9655296734728
1,8692,46.63269900142547
1,8693,326.65268846451954
1,8694,46.669245207182115
1,8695,373.41723422731263
1,8696,69.12040872051762
1,8697,226.01794221544878
1,8698,129.36654059965835
1,8699,113.73544958130324
1,8700,310.3221259173614
1,8701,5.775613776436164
1,8702,141.35098473729093
1,8703,39.24003482342632
1,8704,234.52256731992765
1,8705,27.60679873191741
1,8706,212.58194269641484
1,8707,39.40750068167458
1,8708,275.28675585026303
1,8709,175.87870862642657
1,8710,43.62325646721598
1,8711,133.26802057408426
1,8712,253.62554581841638
1,8713,192.27086362383625
1,8714,62.92973072561154
1,8715,363.8493022092623
1,8716,43.69409969967139
1,8717,316.7123312771487
1,8718,292.8791185808859
1,8719,35.2507272281518
1,8720,235.39119327408073
1,8721,37.15217946765394
1,8722,81.9506225290674
1,8723,317.51133281973745
1,8724,43.50077846015404
1,8725,28.587426316452586
1,8726,294.08354702611354
1,8727,43.76088799423346
1,8728,254.95901600532497
1,8729,80.01040682539464
1,8730,43.63192738479742
1,8731,305.05811175352915
1,8732,298.5082728613577
1,8733,271.6109149656555
1,8734,252.34981643459594
1,8735,231.0382915477477
1,8736,327.36495387521535
1,8737,41.212546388280536
1,8738,322.5473559974499
1,8739,307.9248780029416
1,8740,45.39173489978403
1,8741,330.9870814854296
1,8742,292.14364476503056
1,8743,328.37324582432785
1,8744,134.30055176853375
1,8745,257.8387914923538
1,8746,165.19864121477517
1,8747,292.84036608654606
1,8748,275.10644661325597
1,8749,79.75263096239856
1,8750,211.72475401415028
1,8751,33.30554407001305
1,8752,274.18876768489326
1,8753,45.465374769473975
1,8754,134.93566421894872
1,8755,258.6293315708602
1,8756,137.78804345676258
1,8757,236.91058811486573
1,8758,55.41454726755171
1,8759,186.53043154371272
1,8760,64.55356806636846
1,8761,267.4281894533292
1,8762,33.424463373278385
1,8763,242.06911352524997
1,8764,48.566704529353416
1,8765,298.7694875434287
1,8766,188.40776182262658
1,8767,50.5995732674638
1,8768,139.88614542942315
1,8769,265.219016631243
1,8770,178.7353387707658
1,8771,70.07631100257751
1,8772,248.0055039213957
1,8773,49.60078815589678
1,8774,275.0216094874471
1,8775,265.77075807325366
1,8776,49.487124704123104
1,8777,112.84891928060506
1,8778,220.54114848730535
1,8779,29.045556777562787
1,8780,292.7132152535622
1,8781,43.32155870996807
1,8782,306.6033708244123
1,8783,337.3213004925856
1,8784,31.28470815262758
1,8785,246.2503628998995
1,8786,276.7887337738755
1,8787,35.369742620040526
1,8788,235.72557011285522
1,8789,37.871906306480774
1,8790,80.88388618727494
1,8791,325.88420177765715
1,8792,43.77716212788051
1,8793,28.634647432123725
1,8794,293.3245945981076
1,8795,43.75193526215808
1,8796,260.1103928438491
1,8797,80.2794069907129
1,8798,43.65366870226421
1,8799,309.97781639780015
1,8800,308.1121481947192
1,8801,43.53628962004125
1,8802,336.4306467393458
1,8803,337.5828936623452
1,8804,31.842579787721725
1,8805,259.1819661986266
1,8806,274.17289710035595
1,8807,309.5621473596973
1,8808,272.2483770516045
1,8809,253.0951776004048
1,8810,231.11140836706437
1,8811,320.2925302421494
1,8812,39.38175271171942
1,8813,322.5437431959094
1,8814,36.18609302496869
1,8815,30.349057243451107
1,8816,275.39678946578067
1,8817,45.58566005902438
1,8818,135.1857955254303
1,8819,258.3313561815112
1,8820,207.75001371008062
1,8821,231.73482990628165
1,8822,80.45979497768606
1,8823,105.98379353424087
1,8824,257.85988057926147
1,8825,119.27447993674818
1,8826,138.08798176944936
1,8827,326.29820748964585
1,8828,45.54618865207058
1,8829,67.28552623329698
1,8830,272.89494254414495
1,8831,431.28569473471
1,8832,263.3376225795995
1,8833,73.59102315788809
1,8834,376.9662883906316
1,8835,87.45801254477428
1,8836,399.75006729267733
1,8837,287.39762801749566
1,8838,409.18560394698966
1,8839,157.61200088289326
1,8840,302.57449834359244
1,8841,42.15916782730941
1,8842,244.08722126008945
1,8843,275.1518819927135
1,8844,29.462971637932686
1,8845,327.1496759614261
1,8846,46.44499051212004
1,8847,133.5821820586675
1,8848,424.9172339747074
1,8849,311.4877946498407
1,8850,232.6890015278835
1,8851,46.50648577907033
1,8852,331.23218724945644
1,8853,175.26646955922212
1,8854,22.8089105915634
1,8855,305.91366971391847
1,8856,326.2164424483178
1,8857,42.32735454561095
1,8858,392.46981478857697
1,8859,31.098518698386663
1,8860,291.4577892438913
1,8861,24.753050599732454
1,8862,319.31934104781624
1,8863,175.7516713245913
1,8864,214.30999537418
1,8865,292.9336059423736
1,8866,138.1771683391949
1,8867,192.17244555257741
1,8868,42.744347232444554
1,8869,324.6723953511971
1,8870,42.73784498738913
1,8871,182.4686801019141
1,8872,52.165506741041874
1,8873,176.19790377186584
1,8874,324.8185781896643
1,8875,42.528702067164886
1,8876,298.49966651486386
1,8877,317.0740466288912
1,8878,23.79573274072959
1,8879,305.6088270369669
1,8880,31.619062941454636
1,8881,42.80462565255666
1,8882,397.03499020701065
1,8883,42.781616829161884
1,8884,23.734622005790015
1,8885,271.6140865348018
1,8886,279.98876428296677
1,8887,39.092543917515336
1,8888,259.5729594821689
1,8889,257.0264267535657
1,8890,272.2995823560219
1,8891,263.06405092628364
1,8892,73.57063312416616
1,8893,376.25050070041345
1,8894,51.28890295973508
1,8895,232.0344481391544
1,8896,365.2990283606704
1,8897,284.7584744715647
1,8898,50.21627334673525
1,8899,368.72796381598937
1,8900,131.1792254322404
1,8901,53.327979530974034
1,8902,160.79641026822847
1,8903,379.9038884487708
1,8904,48.46657345505126
1,8905,276.8704518966638
1,8906,308.24502610223095
1,8907,37.87907656539357
1,8908,127.88230619115167
1,8909,209.06147230953445
1,8910,284.8471127382661
1,8911,42.591342110103426
1,8912,203.64868602879847
1,8913,281.80434722029264
1,8914,31.04788166289204
1,8915,46.824291353211756
1,8916,294.14672841181505
1,8917,292.0674351300215
1,8918,34.904499969644505
1,8919,60.356625538653105
1,8920,136.15093829830792
1,8921,191.75690673315046
1,8922,39.040589318640976
1,8923,129.70269457422933
1,8924,235.3255120853029
1,8925,42.74918406444506
1,8926,28.26753813556037
1,8927,247.43489063702228
1,8928,341.1700459297074
1,8929,221.9837726525132
1,8930,351.3600067510557
1,8931,63.98698513862281
1,8932,228.1971799653462
1,8933,333.807882132534
1,8934,45.22883766051095
1,8935,330.9935998741662
1,8936,39.18840944943282
1,8937,181.50448221524147
1,8938,319.9902198008482
1,8939,138.2463025878884
1,8940,310.42787866741713
1,8941,61.93934300972565
1,8942,305.86187800753765
1,8943,262.0749364898465
1,8944,31.39993015837267
1,8945,170.2819781166035
1,8946,232.43504885988858
1,8947,43.45536610171771
1,8948,334.50887521452046
1,8949,40.87310076871012
1,8950,274.04710936026265
1,8951,232.05408984522012
1,8952,330.0082433248357
1,8953,466.2370965749131
1,8954,45.155598911561256
1,8955,288.45228959681367
1,8956,177.23915661274106
1,8957,316.2583035458065
1,8958,256.5092795973171
1,8959,137.72392380549846
1,8960,290.962052788566
1,8961,40.83920120394991
1,8962,279.86615418794827
1,8963,45.137562069215065
1,8964,337.5380927239546
1,8965,285.7449526737255
1,8966,40.827173940308555
1,8967,307.77268123115533
1,8968,33.421846710615476
1,8969,288.75744232948267
1,8970,40.77829101747138
1,8971,331.3943538636073
1,8972,277.6282844961613
1,8973,33.4123557438186
1,8974,260.4386623123121
1,8975,276.14785875459694
1,8976,346.5313925615292
1,8977,43.72919021104393
1,8978,262.1216127654645
1,8979,40.14512423260966
1,8980,240.64556247714148
1,8981,33.05801920718121
1,8982,246.61456086412164
1,8983,462.9507912443589
1,8984,43.64730103478615
1,8985,288.5079431069214
1,8986,301.1369168146091
1,8987,346.69556153976396
1,8988,39.14936942971902
1,8989,331.1463810908341
1,8990,286.27026593382953
1,8991,60.32379489593134
1,8992,136.4432804639328
1,8993,349.90423047984524
1,8994,594.8543855794305
1,8995,87.9568022978307
1,8996,283.40329489701753
1,8997,316.18091086695995
1,8998,330.79394135853533
1,8999,86.13174838545211
1,9000,277.4764894987512
1,9001,323.24432529329107
1,9002,159.23309041277048
1,9003,388.513831953043
1,9004,292.0291111958613
1,9005,206.32635712178472
1,9006,324.9820648918261
1,9007,36.96497146735998
1,9008,270.63036542481433
1,9009,90.60274393939329
1,9010,44.68745506984047
1,9011,206.70767082560008
1,9012,139.7464536299645
1,9013,238.6704136632706
1,9014,301.99786437196315
1,9015,323.7828946976467
1,9016,298.64873295564144
1,9017,77.45547040744341
1,9018,399.77056042290883
1,9019,41.97586763585406
1,9020,210.37607141555384
1,9021,26.7494760257923
1,9022,36.89088251171292
1,9023,231.1362267682039
1,9024,228.48535244975287
1,9025,39.23818859014956
1,9026,268.63412565879923
1,9027,77.86724065038922
1,9028,227.42023117726745
1,9029,403.61447376079485
1,9030,272.50049552373605
1,9031,139.1206818330842
1,9032,60.26260246146725
1,9033,353.1632614374128
1,9034,238.64658804413085
1,9035,306.7409257601754
1,9036,34.1166151336833
1,9037,377.949062118258
1,9038,254.64354437530028
1,9039,217.56515292033058
1,9040,168.54271718610764
1,9041,212.14811408837812
1,9042,275.71628340518413
1,9043,255.05899859186047
1,9044,137.20185113291313
1,9045,275.07645782550765
1,9046,270.6717549596734
1,9047,27.14024387949356
1,9048,154.02279517060836
1,9049,218.68539810637216
1,9050,241.80224209228362
1,9051,315.68882645087837
1,9052,172.209842678156
1,9053,57.33158076217208
1,9054,260.3014939832768
1,9055,30.994828430521434
1,9056,55.7687144163186
1,9057,241.68655330760373
1,9058,36.990441276538014
1,9059,246.74118508471562
1,9060,252.4088561664754
1,9061,23.985128344324515
1,9062,175.282014250572
1,9063,319.51740871602044
1,9064,44.97646773515743
1,9065,207.51920959331127
1,9066,57.905354004679644
1,9067,238.64049832397467
1,9068,56.999055869757925
1,9069,370.6177404400438
1,9070,199.68272661363926
1,9071,45.36353751531484
1,9072,266.13210443842496
1,9073,263.0108995093035
1,9074,35.346031991594515
1,9075,26.43964439014791
1,9076,233.48458816077658
1,9077,162.26258096364674
1,9078,263.66800283974777
1,9079,244.12417457609712
1,9080,217.89038547910556
1,9081,312.4668186641124
1,9082,170.18255543456084
1,9083,18.607398091778677
1,9084,177.5693191735233
1,9085,253.3224256488178
1,9086,337.2568126820404
1,9087,172.19905302297607
1,9088,299.1684036812634
1,9089,240.24617394698794
1,9090,40.33847736154255
1,9091,110.97786435365109
1,9092,28.04172442043384
1,9093,78.70165330148826
1,9094,352.4158732202104
1,9095,377.44597255797873
1,9096,223.69966811341072
1,9097,40.75282313967043
1,9098,124.98372434042548
1,9099,26.431395118887796
1,9100,356.50763002163546
1,9101,42.98811558927804
1,9102,174.82455686679975
1,9103,231.08730051783982
1,9104,278.37671358628154
1,9105,172.5286775547222
1,9106,318.49505382166285
1,9107,310.74938201095847
1,9108,42.94377006367749
1,9109,20.129559097994893
1,9110,306.1072638026569
1,9111,43.127346619403134
1,9112,34.23127844020239
1,9113,236.2339029389123
1,9114,31.394543791694176
1,9115,378.40662153838235
1,9116,31.39736905185653
1,9117,296.10520556036374
1,9118,246.78267826149312
1,9119,248.13335881452076
1,9120,102.23187424811688
1,9121,281.8645986388543
1,9122,4.939991356153819
1,9123,328.468124089889
1,9124,102.02373180371801
1,9125,198.92722298281143
1,9126,151.4211493813978
1,9127,78.94586863898445
1,9128,331.5236359627998
1,9129,28.326676193300962
1,9130,125.62739051973738
1,9131,293.59973779062256
1,9132,102.00756416303197
1,9133,385.3005355043965
1,9134,37.80818035492768
1,9135,248.91737921151105
1,9136,253.67819031056135
1,9137,159.7439733831502
1,9138,215.5587733298043
1,9139,352.314542635179
1,9140,245.92032421998354
1,9141,87.01180830496806
1,9142,268.2954540583123
1,9143,259.52274878570427
1,9144,46.00495124091792
1,9145,194.70046202406354
1,9146,36.06520092701552
1,9147,291.9761127981475
1,9148,291.29922121474175
1,9149,127.27597192233304
1,9150,431.32995575675966
1,9151,146.77099149812955
1,9152,325.79045045357105
1,9153,337.7465800538838
1,9154,346.0687277640026
1,9155,256.12021612890635
1,9156,43.07839775167272
1,9157,106.59295321950003
1,9158,239.41841928077002
1,9159,233.76278081698678
1,9160,77.44504239456224
1,9161,245.66295412657482
1,9162,116.81118389008448
1,9163,285.2054886311382
1,9164,258.04249357644335
1,9165,201.85058215849023
1,9166,58.411677989346
1,9167,28.599938918874557
1,9168,383.21129319887086
1,9169,271.9767461978239
1,9170,28.94952281911134
1,9171,282.73514809192176
1,9172,78.37813696926237
1,9173,352.36997135454794
1,9174,311.8471941356446
1,9175,43.43011797566666
1,9176,251.78802597601202
1,9177,151.4567170484426
1,9178,273.95548489782686
1,9179,29.0666859413482
1,9180,240.18047269063837
1,9181,26.589315699171383
1,9182,463.6703561197789
1,9183,43.23679721298649
1,9184,195.4680369725083
1,9185,193.1495444032273
1,9186,131.9236816032571
1,9187,240.5637774769319
1,9188,303.67011747877376
1,9189,29.00863936198724
1,9190,349.6923723832001
1,9191,157.71205728676017
1,9192,326.8123385704519
1,9193,258.4218926539047
1,9194,126.59470164039655
1,9195,160.17581676436055
1,9196,102.07686693178466
1,9197,306.9623087099809
1,9198,392.91790738988067
1,9199,43.42511889274063
1,9200,315.4491681040586
1,9201,30.82170192520848
1,9202,78.61089058138029
1,9203,322.00884195589094
1,9204,118.66876789283523
1,9205,113.07666514954968
1,9206,102.44039223105904
1,9207,163.71386151429914
1,9208,233.6822059555453
1,9209,20.019431270026764
1,9210,276.1246236879665
1,9211,78.58866520143644
1,9212,396.7458338515757
1,9213,28.856595651611062
1,9214,73.77837374253387
1,9215,120.27666395967827
1,9216,28.813783342634967
1,9217,117.06307742532312
1,9218,34.155409727897904
1,9219,77.99155911098518
1,9220,270.7559571558456
1,9221,27.803054615092687
1,9222,277.9591446997871
1,9223,353.675678649862
1,9224,118.06177290266035
1,9225,49.71635757313547
1,9226,262.2616138284649
1,9227,250.33231549672422
1,9228,43.1563846472278
1,9229,282.34535472077596
1,9230,20.081288658387273
1,9231,315.015435446296
1,9232,32.074079947973324
1,9233,115.47684922940343
1,9234,404.0241751432553
1,9235,356.29513303331316
1,9236,42.38293136354026
1,9237,183.53667883177786
1,9238,106.63752971698091
1,9239,281.7342395593166
1,9240,37.03217240369615
1,9241,264.1014771907437
1,9242,42.4776197790676
1,9243,277.30081656279174
1,9244,27.99793057309511
1,9245,203.05057252534982
1,9246,225.8429945549803
1,9247,374.46699761094044
1,9248,357.3945472231485
1,9249,43.3099038429076
1,9250,278.6445439965988
1,9251,254.09385227270815
1,9252,269.6183187445366
1,9253,354.18749368081325
1,9254,140.89351333087671
1,9255,323.95029344384835
1,9256,46.32527727008142
1,9257,384.3141845268873
1,9258,54.61656720577962
1,9259,321.37127962556474
1,9260,33.6156086868387
1,9261,250.04349754212228
1,9262,36.541524278376976
1,9263,87.13340433824726
1,9264,260.56370947289975
1,9265,49.51405084244912
1,9266,42.57041288047467
1,9267,77.79187327650966
1,9268,184.7793949196883
1,9269,36.98517277534753
1,9270,113.14689659189054
1,9271,28.667889728648024
1,9272,267.4122517815348
1,9273,92.38199448953151
1,9274,77.81229099552175
1,9275,290.0380245605974
1,9276,117.77095652284092
1,9277,32.52319938760482
1,9278,317.42034197719886
1,9279,289.42126390457014
1,9280,46.50017144799476
1,9281,118.24626115933512
1,9282,29.15344293572656
1,9283,258.2218530111553
1,9284,228.52830284474564
1,9285,129.89195045922875
1,9286,382.9448297143091
1,9287,37.08456050260129
1,9288,79.5854998212525
1,9289,336.92947955930674
1,9290,273.29594269441486
1,9291,61.947490127752175
1,9292,264.5960076273013
1,9293,41.050711449240225
1,9294,209.8420228902109
1,9295,37.194429509330725
1,9296,286.53075470002534
1,9297,333.1896515507787
1,9298,40.802478681039474
1,9299,375.88309303896665
1,9300,40.80530298752751
1,9301,200.2747042906658
1,9302,290.347316643771
1,9303,354.234134966748
1,9304,44.28461565230462
1,9305,249.7606431519513
1,9306,129.90814662273598
1,9307,41.36415849767914
1,9308,325.5943260880935
1,9309,33.10642219065649
1,9310,305.093840332001
1,9311,30.911953281467866
1,9312,285.4308403826358
1,9313,119.04547260045734
1,9314,7.989657199205301
1,9315,287.15630099479085
1,9316,314.3527897390752
1,9317,277.9772124035618
1,9318,37.187617532345456
1,9319,61.35213024786371
1,9320,305.9194617264396
1,9321,273.66894270731495
1,9322,64.37289387656497
1,9323,278.58289102131107
1,9324,128.536567929759
1,9325,110.93120737777915
1,9326,441.7697644717076
1,9327,79.28955005575803
1,9328,32.77760967606344
1,9329,302.60665579901325
1,9330,186.05389342520664
1,9331,347.21205468036374
1,9332,28.63165367777142
1,9333,288.4530403050431
1,9334,159.2485080277225
1,9335,284.0191384996598
1,9336,40.67310224435188
1,9337,281.34419901133685
1,9338,267.20579537145784
1,9339,359.87600780797203
1,9340,437.3584313785816
1,9341,351.51398064959346
1,9342,46.0611991636298
1,9343,133.6407714512009
1,9344,70.78143385908285
1,9345,215.59017401439382
1,9346,150.90851813972444
1,9347,301.01803613936596
1,9348,48.37056677692067
1,9349,244.89835186834065
1,9350,82.48765966756108
1,9351,287.07645184055957
1,9352,40.09722528623258
1,9353,272.944797089505
1,9354,244.42912187915067
1,9355,46.78113355013909
1,9356,388.96230492220286
1,9357,219.1066402040164
1,9358,239.63936085919062
1,9359,355.31495731369114
1,9360,27.741314198675337
1,9361,293.74090804004
1,9362,314.83438754129867
1,9363,226.9075071357654
1,9364,486.82342160834355
1,9365,130.67230001012143
1,9366,304.60328435780707
1,9367,38.690324674471604
1,9368,280.4979065589664
1,9369,235.63813477930233
1,9370,115.75666028279961
1,9371,36.76610414272808
1,9372,289.8660835345677
1,9373,244.2477793193811
1,9374,269.7493484515628
1,9375,230.15824003146375
1,9376,17.99071980694367
1,9377,330.00055505891737
1,9378,240.0060165653537
1,9379,28.071653529445534
1,9380,298.2732142783975
1,9381,289.7300431601849
1,9382,188.44258113739798
1,9383,201.8597760788815
1,9384,313.4011065154117
1,9385,395.4563644810837
1,9386,122.48856200016904
1,9387,28.993540588042958
1,9388,370.3341502877905
1,9389,43.09572997515575
1,9390,325.8971747195436
1,9391,29.250535105194377
1,9392,333.83235289645165
1,9393,29.25336036535673
1,9394,50.99023716175799
1,9395,287.5054878612775
1,9396,287.6676802181232
1,9397,33.28547352761834
1,9398,159.62369530026112
1,9399,33.58161665428069
1,9400,266.97714692030854
1,9401,89.44770006434555
1,9402,118.3498260764224
1,9403,136.270322287695
1,9404,287.55026708310174
1,9405,325.1176429070557
1,9406,60.24012269830953
1,9407,33.246993941953605
1,9408,76.94344977052945
1,9409,362.9601678197363
1,9410,43.17448190618006
1,9411,293.1519881334825
1,9412,173.58837061049047
1,9413,323.28511463127165
1,9414,64.51233600011287
1,9415,273.6524859943052
1,9416,189.7537814742763
1,9417,376.49980391618845
1,9418,119.5014712021833
1,9419,41.28562428487166
1,9420,357.54137777526694
1,9421,132.5803010289612
1,9422,400.0800486949522
1,9423,298.32007492607454
1,9424,188.1784065648623
